N,p,seed,number_of_shortcuts,status,total_spikes,last_spike_time,late_spikes,runtime_seconds
250,0.0,0,0,FAILURE,250,135.0,0,6.325934899970889
250,0.0,1,0,FAILURE,250,135.0,0,6.422588999965228
250,0.0,4,0,FAILURE,250,135.0,0,6.4417173999827355
250,0.0,7,0,FAILURE,250,135.0,0,6.456014399998821
250,0.0,5,0,FAILURE,250,135.0,0,6.4899643999524415
250,0.0,6,0,FAILURE,250,135.0,0,6.5243525000987574
250,0.0,9,0,FAILURE,250,135.0,0,6.467382699949667
250,0.0,2,0,FAILURE,250,135.0,0,6.570642900071107
250,0.0,3,0,FAILURE,250,135.0,0,6.579405200085603
250,0.0,8,0,FAILURE,250,135.0,0,6.525711199967191
250,0.0,10,0,FAILURE,250,135.0,0,6.483910099952482
250,0.0,12,0,FAILURE,250,135.0,0,6.167727600084618
250,0.0,11,0,FAILURE,250,135.0,0,6.34454600000754
250,0.0,14,0,FAILURE,250,135.0,0,6.199522799928673
250,0.0,18,0,FAILURE,250,135.0,0,6.213886299985461
250,0.0,13,0,FAILURE,250,135.0,0,6.33259420003742
250,0.0,15,0,FAILURE,250,135.0,0,6.336515699978918
250,0.0,16,0,FAILURE,250,135.0,0,6.361492099938914
250,0.0,20,0,FAILURE,250,135.0,0,6.334945900016464
250,0.0,17,0,FAILURE,250,135.0,0,6.394193699932657
250,0.0,21,0,FAILURE,250,135.0,0,6.388664500089362
250,0.0,19,0,FAILURE,250,135.0,0,6.425099199987017
250,0.0,22,0,FAILURE,250,135.0,0,6.286760299932212
250,0.0,23,0,FAILURE,250,135.0,0,6.3417316999984905
250,0.0,24,0,FAILURE,250,135.0,0,6.34875749994535
250,0.0,26,0,FAILURE,250,135.0,0,6.335474499966949
250,0.0,25,0,FAILURE,250,135.0,0,6.349803499993868
250,0.0,28,0,FAILURE,250,135.0,0,6.271193600026891
250,0.0,27,0,FAILURE,250,135.0,0,6.368391899974085
250,0.0,31,0,FAILURE,250,135.0,0,6.340912100044079
250,0.0,29,0,FAILURE,250,135.0,0,6.409552400000393
250,0.0,30,0,FAILURE,250,135.0,0,6.498687600018457
250,0.0,32,0,FAILURE,250,135.0,0,6.472190200001933
250,0.0,34,0,FAILURE,250,135.0,0,6.225978099973872
250,0.0,33,0,FAILURE,250,135.0,0,6.454527199966833
250,0.0,37,0,FAILURE,250,135.0,0,6.265221600071527
250,0.0,38,0,FAILURE,250,135.0,0,6.249366199946962
250,0.0,35,0,FAILURE,250,135.0,0,6.429418099927716
250,0.0,36,0,FAILURE,250,135.0,0,6.352604100015014
250,0.0,39,0,FAILURE,250,135.0,0,6.347167800064199
250,0.0,43,0,FAILURE,250,135.0,0,6.315593700041063
250,0.0,42,0,FAILURE,250,135.0,0,6.362526400014758
250,0.0,41,0,FAILURE,250,135.0,0,6.473414600011893
250,0.0,40,0,FAILURE,250,135.0,0,6.566844699904323
250,0.0,44,0,FAILURE,250,135.0,0,6.648338799946941
250,0.0,47,0,FAILURE,250,135.0,0,6.617645799997263
250,0.0,46,0,FAILURE,250,135.0,0,6.819564100005664
250,0.0,48,0,FAILURE,250,135.0,0,6.791394399944693
250,0.0,45,0,FAILURE,250,135.0,0,7.037415300030261
250,0.0,49,0,FAILURE,250,135.0,0,6.9252427000319585
250,0.0,51,0,FAILURE,250,135.0,0,6.682447500061244
250,0.0,50,0,FAILURE,250,135.0,0,6.958596599986777
250,0.0,52,0,FAILURE,250,135.0,0,6.957111099967733
250,0.0,53,0,FAILURE,250,135.0,0,7.085738099995069
250,0.0,54,0,FAILURE,250,135.0,0,7.042844999930821
250,0.0,55,0,FAILURE,250,135.0,0,6.77167859999463
250,0.0,56,0,FAILURE,250,135.0,0,6.892465200042352
250,0.0,57,0,FAILURE,250,135.0,0,6.976738600060344
250,0.0,62,0,FAILURE,250,135.0,0,6.675041200011037
250,0.0,60,0,FAILURE,250,135.0,0,7.079067799961194
250,0.0,61,0,FAILURE,250,135.0,0,7.066880999947898
250,0.0,59,0,FAILURE,250,135.0,0,7.217194800032303
250,0.0,58,0,FAILURE,250,135.0,0,7.357476699980907
250,0.0,65,0,FAILURE,250,135.0,0,6.69252340006642
250,0.0,63,0,FAILURE,250,135.0,0,7.42220669996459
250,0.0,64,0,FAILURE,250,135.0,0,7.390998299932107
250,0.0,66,0,FAILURE,250,135.0,0,6.671690600109287
250,0.0,71,0,FAILURE,250,135.0,0,6.323885900084861
250,0.0,67,0,FAILURE,250,135.0,0,6.956698799971491
250,0.0,68,0,FAILURE,250,135.0,0,6.811043899971992
250,0.0,70,0,FAILURE,250,135.0,0,6.544332699966617
250,0.0,69,0,FAILURE,250,135.0,0,6.839672000030987
250,0.0,73,0,FAILURE,250,135.0,0,6.484965999959968
250,0.0,72,0,FAILURE,250,135.0,0,6.683824799954891
250,0.0,74,0,FAILURE,250,135.0,0,6.882055100053549
250,0.0,75,0,FAILURE,250,135.0,0,7.070104299928062
250,0.0,76,0,FAILURE,250,135.0,0,7.0207128000911325
250,0.0,77,0,FAILURE,250,135.0,0,6.719963800045662
250,0.0,78,0,FAILURE,250,135.0,0,6.672434200067073
250,0.0,83,0,FAILURE,250,135.0,0,6.452188599971123
250,0.0,80,0,FAILURE,250,135.0,0,6.599824400036596
250,0.0,84,0,FAILURE,250,135.0,0,6.497614499996416
250,0.0,81,0,FAILURE,250,135.0,0,6.7933706000912935
250,0.0,79,0,FAILURE,250,135.0,0,6.930223500006832
250,0.0,82,0,FAILURE,250,135.0,0,6.939989700098522
250,0.0,85,0,FAILURE,250,135.0,0,6.537718900013715
250,0.0,86,0,FAILURE,250,135.0,0,6.745770499925129
250,0.0,87,0,FAILURE,250,135.0,0,6.907425599987619
250,0.0,88,0,FAILURE,250,135.0,0,6.961118899984285
250,0.0,91,0,FAILURE,250,135.0,0,6.712449199985713
250,0.0,90,0,FAILURE,250,135.0,0,6.943832400022075
250,0.0,89,0,FAILURE,250,135.0,0,6.977010699920356
250,0.0,94,0,FAILURE,250,135.0,0,6.697646699962206
250,0.0,92,0,FAILURE,250,135.0,0,6.8577464000554755
250,0.0,93,0,FAILURE,250,135.0,0,6.908745500026271
250,0.0,95,0,FAILURE,250,135.0,0,6.922554500051774
250,0.0,96,0,FAILURE,250,135.0,0,6.9035621000221
250,0.0,97,0,FAILURE,250,135.0,0,6.616979400045238
250,0.0,98,0,FAILURE,250,135.0,0,6.42671699996572
250,0.0,99,0,FAILURE,250,135.0,0,3.495902800001204
250,0.05,4,12,SUCCESS,20124,3000.0,1341,6.434392900089733
250,0.05,10,12,SUCCESS,26628,3000.0,1787,6.571594299981371
250,0.05,0,12,FAILURE,251,46.0,0,6.752725500031374
250,0.05,9,12,SUCCESS,15536,3000.0,1028,6.777204899932258
250,0.05,1,12,SUCCESS,18907,3000.0,1299,6.911766799981706
250,0.05,8,12,SUCCESS,20944,3000.0,1435,6.89994969998952
250,0.05,3,12,SUCCESS,23316,3000.0,1576,7.1582360999891534
250,0.05,2,12,FAILURE,250,63.0,0,7.195994999958202
250,0.05,5,12,SUCCESS,22897,3000.0,1571,7.277898299973458
250,0.05,6,12,SUCCESS,23137,3000.0,1586,7.305587199982256
250,0.05,7,12,SUCCESS,25601,3000.0,1730,7.385841999901459
250,0.05,12,12,SUCCESS,23151,3000.0,1572,6.679767600027844
250,0.05,13,12,SUCCESS,19486,3000.0,1311,6.8978415000019595
250,0.05,16,12,FAILURE,250,54.0,0,6.828737300005741
250,0.05,11,12,SUCCESS,14959,3000.0,1004,7.350684499950148
250,0.05,15,12,SUCCESS,27519,3000.0,1899,6.930403999984264
250,0.05,14,12,SUCCESS,21163,3000.0,1430,7.171501300064847
250,0.05,19,12,SUCCESS,17589,3000.0,1145,6.7818430999759585
250,0.05,20,12,SUCCESS,20725,3000.0,1391,6.799142700037919
250,0.05,17,12,SUCCESS,17647,3000.0,1216,7.082706799963489
250,0.05,18,12,SUCCESS,20917,3000.0,1423,7.175508000073023
250,0.05,21,12,FAILURE,250,63.0,0,7.003898299997672
250,0.05,23,12,SUCCESS,19604,3000.0,1330,7.017778899986297
250,0.05,27,12,FAILURE,250,59.0,0,6.819112099939957
250,0.05,26,12,SUCCESS,14353,3000.0,972,7.000107900006697
250,0.05,22,12,SUCCESS,23891,3000.0,1608,7.501849799999036
250,0.05,24,12,SUCCESS,16569,3000.0,1118,7.203970299917273
250,0.05,28,12,FAILURE,250,67.0,0,6.97242320002988
250,0.05,32,12,SUCCESS,24708,3000.0,1664,6.920595100033097
250,0.05,31,12,SUCCESS,24443,3000.0,1660,7.006797999958508
250,0.05,30,12,SUCCESS,23681,3000.0,1611,7.190790600026958
250,0.05,25,12,SUCCESS,24666,3000.0,1675,7.713309100014158
250,0.05,29,12,SUCCESS,19188,3000.0,1300,7.573142700013705
250,0.05,38,12,FAILURE,501,107.0,0,6.840041400049813
250,0.05,34,12,SUCCESS,22526,3000.0,1541,7.088146300055087
250,0.05,36,12,FAILURE,250,67.0,0,7.141276899958029
250,0.05,37,12,SUCCESS,19090,3000.0,1298,7.192694799974561
250,0.05,33,12,SUCCESS,28580,3000.0,1946,7.684004500042647
250,0.05,43,12,FAILURE,250,56.0,0,6.810891599976458
250,0.05,41,12,SUCCESS,15868,3000.0,1070,7.141695800004527
250,0.05,35,12,SUCCESS,28542,3000.0,1940,7.746519600041211
250,0.05,39,12,FAILURE,250,54.0,0,7.307510500075296
250,0.05,40,12,SUCCESS,20718,3000.0,1383,7.264288900070824
250,0.05,42,12,FAILURE,250,42.0,0,7.247740799910389
250,0.05,45,12,SUCCESS,23083,3000.0,1543,6.760678100050427
250,0.05,44,12,FAILURE,251,59.0,0,6.79131820006296
250,0.05,46,12,SUCCESS,28220,3000.0,1941,6.827563000028022
250,0.05,47,12,SUCCESS,25353,3000.0,1732,6.929180199978873
250,0.05,51,12,SUCCESS,21216,3000.0,1441,6.577051799977198
250,0.05,48,12,SUCCESS,27396,3000.0,1878,7.030774099985138
250,0.05,54,12,SUCCESS,26592,3000.0,1829,6.865880199940875
250,0.05,49,12,SUCCESS,23921,3000.0,1638,7.109750100062229
250,0.05,50,12,SUCCESS,19534,3000.0,1365,7.123082999954931
250,0.05,53,12,SUCCESS,21782,3000.0,1481,7.0669506000122055
250,0.05,52,12,SUCCESS,28148,3000.0,2011,7.077106100041419
250,0.05,55,12,FAILURE,250,54.0,0,6.86190290004015
250,0.05,56,12,SUCCESS,23811,3000.0,1626,6.872883999953046
250,0.05,57,12,SUCCESS,22401,3000.0,1535,7.04661900002975
250,0.05,59,12,FAILURE,250,70.0,0,6.77940509992186
250,0.05,58,12,SUCCESS,19591,3000.0,1321,7.058008900028653
250,0.05,62,12,FAILURE,250,43.0,0,6.660949399927631
250,0.05,60,12,SUCCESS,21805,3000.0,1475,7.073191100033
250,0.05,65,12,SUCCESS,23802,3000.0,1603,6.831176600069739
250,0.05,63,12,SUCCESS,28150,3000.0,1929,6.91925379994791
250,0.05,61,12,SUCCESS,26556,3000.0,1807,7.032952600042336
250,0.05,64,12,SUCCESS,27410,3000.0,1862,7.083586000022478
250,0.05,67,12,SUCCESS,21904,3000.0,1476,6.955059199943207
250,0.05,66,12,SUCCESS,13612,3000.0,897,7.348501399974339
250,0.05,68,12,SUCCESS,21465,3000.0,1470,7.1039714000653476
250,0.05,70,12,SUCCESS,28307,3000.0,1935,6.874326399993151
250,0.05,69,12,FAILURE,250,78.0,0,7.292869299999438
250,0.05,74,12,SUCCESS,19635,3000.0,1337,6.8403872000053525
250,0.05,75,12,FAILURE,250,81.0,0,6.9388010000111535
250,0.05,76,12,FAILURE,250,45.0,0,6.801466599921696
250,0.05,73,12,SUCCESS,18692,3000.0,1258,7.084878399968147
250,0.05,71,12,SUCCESS,23205,3000.0,1569,7.4390609000111
250,0.05,72,12,FAILURE,250,59.0,0,7.397293800022453
250,0.05,77,12,SUCCESS,26422,3000.0,1867,7.21191179996822
250,0.05,78,12,SUCCESS,14881,3000.0,1008,7.190534999943338
250,0.05,80,12,SUCCESS,27369,3000.0,1854,7.130471900105476
250,0.05,79,12,SUCCESS,23023,3000.0,1581,7.425734400050715
250,0.05,82,12,SUCCESS,10549,3000.0,716,7.077846699976362
250,0.05,84,12,SUCCESS,23973,3000.0,1606,7.010955500067212
250,0.05,86,12,FAILURE,250,45.0,0,6.926792199956253
250,0.05,81,12,SUCCESS,26430,3000.0,1801,7.4760908000171185
250,0.05,83,12,SUCCESS,24811,3000.0,1659,7.481905499938875
250,0.05,87,12,SUCCESS,21213,3000.0,1414,7.510679400060326
250,0.05,85,12,SUCCESS,21348,3000.0,1426,7.733208299963735
250,0.05,88,12,SUCCESS,25439,3000.0,1742,6.81046820001211
250,0.05,90,12,SUCCESS,23308,3000.0,1580,6.612753699999303
250,0.05,89,12,SUCCESS,13825,3000.0,985,7.135091200005263
250,0.05,91,12,SUCCESS,23288,3000.0,1586,7.015587400062941
250,0.05,92,12,FAILURE,250,46.0,0,6.963309600017965
250,0.05,93,12,SUCCESS,16349,3000.0,1081,6.95985300000757
250,0.05,95,12,SUCCESS,19153,3000.0,1277,6.9573108000913635
250,0.05,94,12,SUCCESS,21354,3000.0,1399,7.059677500044927
250,0.05,96,12,FAILURE,250,54.0,0,6.72187940008007
250,0.05,98,12,SUCCESS,24366,3000.0,1692,6.421536699985154
250,0.05,97,12,FAILURE,250,52.0,0,6.620000300114043
250,0.05,99,12,SUCCESS,24943,3000.0,1673,3.399287599953823
250,0.075,0,19,FAILURE,250,40.0,0,6.464357599965297
250,0.075,1,19,FAILURE,250,59.0,0,6.521996299969032
250,0.075,7,19,FAILURE,250,43.0,0,6.572729100007564
250,0.075,10,19,FAILURE,250,47.0,0,6.793866699910723
250,0.075,8,19,SUCCESS,23880,3000.0,1609,6.882852300070226
250,0.075,9,19,FAILURE,250,56.0,0,6.935135500039905
250,0.075,3,19,SUCCESS,20967,3000.0,1409,6.982276299968362
250,0.075,4,19,SUCCESS,25712,3000.0,1728,6.996807000017725
250,0.075,6,19,SUCCESS,23212,3000.0,1621,7.065374099998735
250,0.075,5,19,SUCCESS,21219,3000.0,1429,7.223991199978627
250,0.075,2,19,SUCCESS,20126,3000.0,1375,7.249373400001787
250,0.075,11,19,SUCCESS,21305,3000.0,1442,6.318240300053731
250,0.075,12,19,SUCCESS,28523,3000.0,1941,6.598222399945371
250,0.075,13,19,FAILURE,250,51.0,0,6.512523000012152
250,0.075,15,19,FAILURE,250,39.0,0,6.583460499998182
250,0.075,18,19,SUCCESS,23990,3000.0,1673,6.781296300003305
250,0.075,20,19,SUCCESS,20759,3000.0,1385,6.739104900043458
250,0.075,14,19,SUCCESS,28441,3000.0,1928,7.799616599921137
250,0.075,16,19,FAILURE,250,43.0,0,7.7352071000495926
250,0.075,19,19,FAILURE,251,64.0,0,7.646646199980751
250,0.075,21,19,SUCCESS,26601,3000.0,1797,7.551522900001146
250,0.075,17,19,SUCCESS,21885,3000.0,1455,7.894086000043899
250,0.075,22,19,SUCCESS,25635,3000.0,1724,6.7856693000067025
250,0.075,23,19,FAILURE,250,50.0,0,6.59004569996614
250,0.075,24,19,SUCCESS,17323,3000.0,1163,6.707012200029567
250,0.075,25,19,FAILURE,250,42.0,0,6.673338899970986
250,0.075,26,19,SUCCESS,16241,3000.0,1093,6.708790599950589
250,0.075,27,19,FAILURE,250,44.0,0,6.681642499985173
250,0.075,31,19,FAILURE,250,43.0,0,6.495797700015828
250,0.075,30,19,SUCCESS,25641,3000.0,1726,6.652852399973199
250,0.075,28,19,SUCCESS,25623,3000.0,1729,6.7477048999862745
250,0.075,29,19,SUCCESS,25627,3000.0,1730,6.708638899959624
250,0.075,32,19,SUCCESS,22610,3000.0,1534,6.759729599929415
250,0.075,33,19,SUCCESS,28621,3000.0,1939,6.526425899937749
250,0.075,34,19,SUCCESS,20079,3000.0,1291,6.58435829996597
250,0.075,35,19,SUCCESS,22820,3000.0,1578,6.521622100030072
250,0.075,36,19,SUCCESS,24038,3000.0,1610,6.580879400018603
250,0.075,37,19,SUCCESS,27509,3000.0,1844,6.574038199963979
250,0.075,38,19,FAILURE,501,102.0,0,6.485768600017764
250,0.075,39,19,FAILURE,250,49.0,0,6.427245499915443
250,0.075,40,19,FAILURE,250,49.0,0,6.443344399915077
250,0.075,42,19,FAILURE,250,36.0,0,6.535862899967469
250,0.075,41,19,SUCCESS,21352,3000.0,1433,6.575414800085127
250,0.075,43,19,SUCCESS,24454,3000.0,1661,6.733261400018819
250,0.075,44,19,FAILURE,250,47.0,0,6.570464200107381
250,0.075,46,19,FAILURE,250,41.0,0,6.714577500009909
250,0.075,45,19,SUCCESS,22527,3000.0,1530,6.8731010999763384
250,0.075,47,19,SUCCESS,16914,3000.0,1137,6.815420099999756
250,0.075,48,19,SUCCESS,27426,3000.0,1868,6.7409520000219345
250,0.075,49,19,SUCCESS,23995,3000.0,1625,6.78685240005143
250,0.075,51,19,FAILURE,250,57.0,0,6.524057100061327
250,0.075,50,19,SUCCESS,23218,3000.0,1561,6.75727800000459
250,0.075,53,19,FAILURE,250,48.0,0,6.635340200038627
250,0.075,52,19,SUCCESS,26578,3000.0,1804,6.714945500018075
250,0.075,54,19,SUCCESS,22598,3000.0,1528,6.774048099992797
250,0.075,55,19,SUCCESS,26706,3000.0,1787,6.823016099981032
250,0.075,56,19,FAILURE,250,46.0,0,6.759885900071822
250,0.075,57,19,SUCCESS,16612,3000.0,1091,6.716879199957475
250,0.075,58,19,SUCCESS,20982,3000.0,1398,6.750341900042258
250,0.075,59,19,SUCCESS,27658,3000.0,1870,6.841598300030455
250,0.075,60,19,SUCCESS,19181,3000.0,1293,6.750352900009602
250,0.075,62,19,FAILURE,250,34.0,0,6.553366899956018
250,0.075,61,19,SUCCESS,28604,3000.0,1936,6.7116748000262305
250,0.075,63,19,SUCCESS,24725,3000.0,1684,6.744211700046435
250,0.075,64,19,SUCCESS,19722,3000.0,1407,6.7025886999908835
250,0.075,65,19,SUCCESS,24854,3000.0,1685,6.639444400090724
250,0.075,66,19,FAILURE,250,41.0,0,6.832735400064848
250,0.075,67,19,FAILURE,250,44.0,0,6.741087700007483
250,0.075,68,19,FAILURE,250,64.0,0,6.908509200089611
250,0.075,69,19,SUCCESS,15149,3000.0,1026,7.008243699907325
250,0.075,71,19,FAILURE,250,45.0,0,6.851604099967517
250,0.075,70,19,SUCCESS,28486,3000.0,1956,7.182741400087252
250,0.075,73,19,FAILURE,250,45.0,0,6.816758399945684
250,0.075,72,19,SUCCESS,25719,3000.0,1740,6.978882300085388
250,0.075,75,19,FAILURE,250,58.0,0,6.868818800081499
250,0.075,74,19,SUCCESS,19704,3000.0,1306,7.027635200065561
250,0.075,76,19,FAILURE,250,43.0,0,6.895925999968313
250,0.075,77,19,FAILURE,250,51.0,0,6.83450269990135
250,0.075,78,19,SUCCESS,27331,3000.0,1865,6.980423400062136
250,0.075,79,19,SUCCESS,23981,3000.0,1607,6.986559699987993
250,0.075,80,19,FAILURE,250,67.0,0,6.699933100026101
250,0.075,81,19,SUCCESS,25575,3000.0,1740,6.860089400084689
250,0.075,83,19,SUCCESS,24852,3000.0,1668,6.798494699993171
250,0.075,82,19,SUCCESS,23287,3000.0,1528,6.989231800078414
250,0.075,84,19,SUCCESS,21323,3000.0,1426,6.8726161000085995
250,0.075,86,19,FAILURE,250,37.0,0,6.708582499995828
250,0.075,85,19,SUCCESS,24068,3000.0,1590,7.085202699992806
250,0.075,87,19,SUCCESS,28686,3000.0,1936,6.906151299946941
250,0.075,88,19,FAILURE,252,41.0,0,6.7470835000276566
250,0.075,89,19,SUCCESS,24849,3000.0,1651,6.889386800001375
250,0.075,90,19,SUCCESS,23309,3000.0,1565,6.964998499955982
250,0.075,91,19,SUCCESS,24909,3000.0,1669,6.7992761000059545
250,0.075,92,19,SUCCESS,22506,3000.0,1512,6.78780699998606
250,0.075,93,19,SUCCESS,20101,3000.0,1318,6.654271499952301
250,0.075,94,19,SUCCESS,22640,3000.0,1531,6.6615947999525815
250,0.075,95,19,SUCCESS,23999,3000.0,1599,6.649782399996184
250,0.075,96,19,FAILURE,250,50.0,0,6.453972200048156
250,0.075,97,19,FAILURE,250,37.0,0,6.3039367001038045
250,0.075,98,19,SUCCESS,20147,3000.0,1368,6.353600000031292
250,0.075,99,19,SUCCESS,24734,3000.0,1682,3.566725700045936
250,0.1,0,25,FAILURE,250,35.0,0,6.273930100025609
250,0.1,6,25,FAILURE,251,42.0,0,6.298019899986684
250,0.1,7,25,FAILURE,250,42.0,0,6.3225620000157505
250,0.1,9,25,SUCCESS,22677,3000.0,1522,6.382021700032055
250,0.1,10,25,FAILURE,250,43.0,0,6.371943400008604
250,0.1,8,25,SUCCESS,22517,3000.0,1512,6.41053750005085
250,0.1,5,25,SUCCESS,29342,3000.0,2008,6.455769099993631
250,0.1,1,25,SUCCESS,23336,3000.0,1583,6.485406600055285
250,0.1,3,25,SUCCESS,22527,3000.0,1518,6.4936076999874786
250,0.1,4,25,SUCCESS,27588,3000.0,1837,6.505181899992749
250,0.1,2,25,SUCCESS,25578,3000.0,1725,6.586319499998353
250,0.1,13,25,FAILURE,250,50.0,0,6.480525199905969
250,0.1,17,25,FAILURE,250,42.0,0,6.445876599987969
250,0.1,11,25,SUCCESS,27587,3000.0,1875,6.758628800045699
250,0.1,15,25,FAILURE,250,38.0,0,6.5958700000774115
250,0.1,14,25,SUCCESS,29436,3000.0,2007,6.672995600034483
250,0.1,21,25,FAILURE,250,40.0,0,6.583923900034279
250,0.1,12,25,SUCCESS,28526,3000.0,1902,6.91442179994192
250,0.1,19,25,SUCCESS,22460,3000.0,1534,6.754869200056419
250,0.1,16,25,FAILURE,250,39.0,0,6.990557700046338
250,0.1,20,25,SUCCESS,26599,3000.0,1803,7.083152599981986
250,0.1,18,25,SUCCESS,21310,3000.0,1460,7.17226090002805
250,0.1,22,25,SUCCESS,25730,3000.0,1735,6.518260100041516
250,0.1,27,25,FAILURE,250,44.0,0,6.482541000004858
250,0.1,25,25,FAILURE,250,35.0,0,6.63265909999609
250,0.1,26,25,SUCCESS,19605,3000.0,1313,6.7178469999926165
250,0.1,23,25,FAILURE,251,43.0,0,7.040609500021674
250,0.1,28,25,FAILURE,250,43.0,0,6.758592900005169
250,0.1,31,25,FAILURE,250,39.0,0,6.452459599939175
250,0.1,29,25,FAILURE,251,44.0,0,7.072620999999344
250,0.1,24,25,SUCCESS,27570,3000.0,1814,7.381398899946362
250,0.1,32,25,SUCCESS,22619,3000.0,1537,6.7781559999566525
250,0.1,30,25,FAILURE,250,46.0,0,7.1728587000397965
250,0.1,33,25,SUCCESS,28678,3000.0,1947,6.599497399991378
250,0.1,35,25,FAILURE,250,43.0,0,6.30500639998354
250,0.1,39,25,FAILURE,250,43.0,0,6.34007020003628
250,0.1,34,25,SUCCESS,20079,3000.0,1291,6.862067500012927
250,0.1,36,25,FAILURE,250,46.0,0,6.747498500044458
250,0.1,37,25,SUCCESS,27563,3000.0,1839,6.9152847999939695
250,0.1,38,25,SUCCESS,21622,3000.0,1462,6.930108399945311
250,0.1,40,25,FAILURE,250,44.0,0,6.799536900012754
250,0.1,42,25,FAILURE,250,36.0,0,6.735959500074387
250,0.1,41,25,FAILURE,250,40.0,0,6.8315566999372095
250,0.1,43,25,SUCCESS,29405,3000.0,2008,6.909355100011453
250,0.1,44,25,FAILURE,250,47.0,0,6.412205900065601
250,0.1,45,25,SUCCESS,22583,3000.0,1530,6.460930399945937
250,0.1,46,25,FAILURE,250,35.0,0,6.203209500061348
250,0.1,47,25,SUCCESS,23929,3000.0,1644,6.436016600113362
250,0.1,48,25,SUCCESS,23245,3000.0,1559,6.533997799968347
250,0.1,50,25,FAILURE,250,47.0,0,6.324551700032316
250,0.1,49,25,SUCCESS,24011,3000.0,1610,6.490096200024709
250,0.1,51,25,FAILURE,250,39.0,0,6.310412999941036
250,0.1,52,25,SUCCESS,26711,3000.0,1809,6.486431899946183
250,0.1,53,25,SUCCESS,21915,3000.0,1475,6.523717999923974
250,0.1,54,25,SUCCESS,22636,3000.0,1520,6.586156700039282
250,0.1,56,25,FAILURE,250,46.0,0,6.4001691999146715
250,0.1,55,25,SUCCESS,26724,3000.0,1790,6.530295799952
250,0.1,57,25,SUCCESS,24077,3000.0,1612,6.6532065999927
250,0.1,58,25,FAILURE,501,86.0,0,6.397399100009352
250,0.1,59,25,SUCCESS,29644,3000.0,2010,6.7090819999575615
250,0.1,60,25,SUCCESS,22044,3000.0,1478,6.608031400013715
250,0.1,61,25,FAILURE,251,47.0,0,6.54318759997841
250,0.1,62,25,FAILURE,250,32.0,0,6.478860100032762
250,0.1,63,25,SUCCESS,24920,3000.0,1690,6.4293319999706
250,0.1,64,25,SUCCESS,19746,3000.0,1395,6.55627360008657
250,0.1,65,25,SUCCESS,25706,3000.0,1794,6.635920699918643
250,0.1,66,25,FAILURE,250,36.0,0,6.599847900099121
250,0.1,67,25,FAILURE,250,44.0,0,6.540536899934523
250,0.1,68,25,FAILURE,250,44.0,0,6.520003500045277
250,0.1,69,25,SUCCESS,18686,3000.0,1252,6.815678699989803
250,0.1,70,25,FAILURE,250,46.0,0,6.534982800018042
250,0.1,73,25,FAILURE,250,41.0,0,6.43939740001224
250,0.1,71,25,FAILURE,250,39.0,0,6.54319380002562
250,0.1,72,25,SUCCESS,25728,3000.0,1743,6.696444500004873
250,0.1,74,25,FAILURE,250,37.0,0,6.5389423000160605
250,0.1,75,25,FAILURE,250,41.0,0,6.513093099929392
250,0.1,76,25,FAILURE,250,43.0,0,6.476466199965216
250,0.1,77,25,FAILURE,250,45.0,0,6.380457399995066
250,0.1,78,25,SUCCESS,27552,3000.0,1856,6.539292600005865
250,0.1,79,25,SUCCESS,25701,3000.0,1729,6.493357700062916
250,0.1,81,25,FAILURE,250,57.0,0,6.369621400022879
250,0.1,83,25,FAILURE,250,39.0,0,6.3312726999865845
250,0.1,82,25,SUCCESS,23287,3000.0,1528,6.466866999980994
250,0.1,80,25,SUCCESS,25192,3000.0,1714,6.674885399988852
250,0.1,84,25,SUCCESS,21330,3000.0,1422,6.5353672000346705
250,0.1,85,25,SUCCESS,24054,3000.0,1608,6.5741549000376835
250,0.1,86,25,FAILURE,250,37.0,0,6.374317500041798
250,0.1,87,25,FAILURE,250,44.0,0,6.4813871999504045
250,0.1,88,25,FAILURE,252,41.0,0,6.759277799981646
250,0.1,89,25,SUCCESS,24849,3000.0,1651,6.944143299944699
250,0.1,90,25,SUCCESS,23309,3000.0,1556,6.86704619997181
250,0.1,92,25,FAILURE,250,37.0,0,6.518450799980201
250,0.1,94,25,FAILURE,2316,266.0,0,6.606642900034785
250,0.1,93,25,FAILURE,250,51.0,0,6.656565600074828
250,0.1,91,25,SUCCESS,26645,3000.0,1785,6.824128199950792
250,0.1,95,25,FAILURE,250,41.0,0,6.568448500009254
250,0.1,97,25,FAILURE,250,37.0,0,6.535455800010823
250,0.1,96,25,FAILURE,250,47.0,0,6.565699599916115
250,0.1,98,25,SUCCESS,18712,3000.0,1263,6.344171700067818
250,0.1,99,25,SUCCESS,24752,3000.0,1690,3.1784410999389365
250,0.125,2,31,FAILURE,250,42.0,0,6.1958843999309465
250,0.125,3,31,FAILURE,250,44.0,0,6.237531199934892
250,0.125,0,31,FAILURE,250,34.0,0,6.298251200001687
250,0.125,7,31,FAILURE,250,35.0,0,6.281252800021321
250,0.125,9,31,FAILURE,252,51.0,0,6.290579600026831
250,0.125,6,31,FAILURE,250,40.0,0,6.419968699919991
250,0.125,1,31,SUCCESS,24115,3000.0,1630,6.481503600021824
250,0.125,8,31,FAILURE,250,50.0,0,6.4352442000526935
250,0.125,10,31,FAILURE,250,38.0,0,6.457677199970931
250,0.125,5,31,SUCCESS,28652,3000.0,1942,6.517568600014783
250,0.125,4,31,SUCCESS,27588,3000.0,1833,6.568310900009237
250,0.125,15,31,FAILURE,250,37.0,0,6.333933199988678
250,0.125,13,31,FAILURE,250,45.0,0,6.426433100015856
250,0.125,11,31,SUCCESS,27582,3000.0,1850,6.578184199985117
250,0.125,20,31,FAILURE,252,42.0,0,6.281997699989006
250,0.125,12,31,SUCCESS,21951,3000.0,1477,6.598385100020096
250,0.125,17,31,FAILURE,250,42.0,0,6.390540200052783
250,0.125,16,31,FAILURE,250,35.0,0,6.440935700084083
250,0.125,14,31,SUCCESS,29331,3000.0,2007,6.578011400066316
250,0.125,21,31,FAILURE,250,40.0,0,6.415833399980329
250,0.125,19,31,SUCCESS,21990,3000.0,1494,6.538458300055936
250,0.125,18,31,SUCCESS,25704,3000.0,1738,6.622802100027911
250,0.125,23,31,FAILURE,251,38.0,0,6.518848299980164
250,0.125,29,31,FAILURE,250,42.0,0,6.441584999905899
250,0.125,27,31,FAILURE,250,41.0,0,6.5476416000165045
250,0.125,22,31,SUCCESS,25731,3000.0,1736,6.784472499974072
250,0.125,31,31,FAILURE,250,39.0,0,6.506972500006668
250,0.125,24,31,SUCCESS,27034,3000.0,1789,6.856387000065297
250,0.125,28,31,FAILURE,250,36.0,0,6.750400400022045
250,0.125,25,31,FAILURE,250,34.0,0,6.832842699950561
250,0.125,30,31,FAILURE,250,44.0,0,6.730952599900775
250,0.125,32,31,FAILURE,251,47.0,0,6.6626622000476345
250,0.125,26,31,SUCCESS,26486,3000.0,1815,7.007657099980861
250,0.125,34,31,FAILURE,250,47.0,0,6.7428199999267235
250,0.125,33,31,SUCCESS,28732,3000.0,1977,6.898241200018674
250,0.125,35,31,FAILURE,250,43.0,0,6.747912600054406
250,0.125,36,31,FAILURE,250,39.0,0,6.905550100025721
250,0.125,39,31,FAILURE,250,40.0,0,6.793142199981958
250,0.125,40,31,FAILURE,250,44.0,0,6.7994833999546245
250,0.125,41,31,FAILURE,250,33.0,0,6.791404700023122
250,0.125,38,31,SUCCESS,22604,3000.0,1530,6.912920400034636
250,0.125,37,31,SUCCESS,27569,3000.0,1828,7.001996299950406
250,0.125,42,31,FAILURE,250,36.0,0,6.8718341999920085
250,0.125,43,31,FAILURE,250,38.0,0,6.818364399950951
250,0.125,44,31,FAILURE,250,44.0,0,6.711153400014155
250,0.125,46,31,FAILURE,250,32.0,0,6.838054200052284
250,0.125,48,31,FAILURE,250,36.0,0,6.737475999980234
250,0.125,45,31,SUCCESS,22616,3000.0,1550,7.087689999956638
250,0.125,47,31,FAILURE,252,52.0,0,6.854789100005291
250,0.125,49,31,FAILURE,250,33.0,0,6.854617499979213
250,0.125,52,31,FAILURE,250,45.0,0,6.745644800015725
250,0.125,51,31,FAILURE,250,38.0,0,6.822808700031601
250,0.125,53,31,FAILURE,252,42.0,0,6.872485099942423
250,0.125,54,31,FAILURE,250,46.0,0,6.889681300031953
250,0.125,50,31,SUCCESS,23352,3000.0,1569,7.064450800069608
250,0.125,55,31,FAILURE,250,33.0,0,6.229295700090006
250,0.125,62,31,FAILURE,250,32.0,0,6.306460099993274
250,0.125,56,31,FAILURE,250,45.0,0,6.786052100011148
250,0.125,63,31,SUCCESS,25685,3000.0,1735,6.388992000021972
250,0.125,59,31,FAILURE,250,37.0,0,6.845651299925521
250,0.125,57,31,SUCCESS,24084,3000.0,1592,7.007225600071251
250,0.125,64,31,FAILURE,250,36.0,0,6.853010000078939
250,0.125,58,31,SUCCESS,19730,3000.0,1351,7.2358367999549955
250,0.125,60,31,SUCCESS,28641,3000.0,1912,7.260963000007905
250,0.125,61,31,SUCCESS,28490,3000.0,1955,7.283694099984132
250,0.125,65,31,FAILURE,250,50.0,0,7.142221700050868
250,0.125,66,31,FAILURE,250,36.0,0,6.8325071999570355
250,0.125,68,31,FAILURE,250,42.0,0,6.757448900025338
250,0.125,67,31,FAILURE,250,43.0,0,6.893094899947755
250,0.125,70,31,FAILURE,250,40.0,0,6.813731999951415
250,0.125,69,31,SUCCESS,20483,3000.0,1346,6.989695600001141
250,0.125,71,31,FAILURE,250,39.0,0,6.7675290000624955
250,0.125,73,31,FAILURE,250,35.0,0,6.736147999996319
250,0.125,74,31,FAILURE,250,34.0,0,6.817731000017375
250,0.125,76,31,FAILURE,250,40.0,0,6.687822700012475
250,0.125,72,31,SUCCESS,25748,3000.0,1742,7.056778700090945
250,0.125,75,31,FAILURE,250,39.0,0,6.88750389998313
250,0.125,77,31,FAILURE,250,41.0,0,6.71387069998309
250,0.125,78,31,SUCCESS,21979,3000.0,1483,6.842898500035517
250,0.125,79,31,SUCCESS,28701,3000.0,1943,6.903027500025928
250,0.125,81,31,FAILURE,250,41.0,0,6.718274799990468
250,0.125,82,31,FAILURE,250,44.0,0,6.7260613000253215
250,0.125,80,31,SUCCESS,28356,3000.0,1920,6.899216499994509
250,0.125,83,31,FAILURE,250,39.0,0,6.8222630000673234
250,0.125,84,31,FAILURE,252,42.0,0,6.740824599983171
250,0.125,86,31,FAILURE,250,37.0,0,6.772340500028804
250,0.125,87,31,FAILURE,250,43.0,0,6.784212399972603
250,0.125,85,31,SUCCESS,24140,3000.0,1594,7.014141699997708
250,0.125,88,31,FAILURE,252,40.0,0,6.334659100044519
250,0.125,91,31,FAILURE,251,37.0,0,6.363190099946223
250,0.125,90,31,SUCCESS,23330,3000.0,1577,6.528861799975857
250,0.125,89,31,SUCCESS,27611,3000.0,1848,6.622829400002956
250,0.125,92,31,FAILURE,250,33.0,0,6.447708099964075
250,0.125,93,31,FAILURE,252,49.0,0,6.366121500032023
250,0.125,94,31,FAILURE,489,64.0,0,6.260140500031412
250,0.125,95,31,FAILURE,250,39.0,0,6.26156999997329
250,0.125,97,31,FAILURE,250,37.0,0,6.223232300020754
250,0.125,96,31,SUCCESS,23345,3000.0,1581,6.330798299983144
250,0.125,98,31,SUCCESS,18775,3000.0,1264,6.172582300030626
250,0.125,99,31,SUCCESS,27517,3000.0,1889,3.344887299928814
250,0.15,0,38,FAILURE,250,34.0,0,6.305805500014685
250,0.15,3,38,FAILURE,250,35.0,0,6.3738937000744045
250,0.15,2,38,FAILURE,250,36.0,0,6.438543500029482
250,0.15,1,38,FAILURE,250,35.0,0,6.4891287999926135
250,0.15,6,38,FAILURE,251,40.0,0,6.449361099977978
250,0.15,8,38,FAILURE,250,48.0,0,6.446689400007017
250,0.15,9,38,FAILURE,250,40.0,0,6.443473199964501
250,0.15,4,38,FAILURE,251,37.0,0,6.510025599971414
250,0.15,7,38,FAILURE,250,33.0,0,6.545124899945222
250,0.15,10,38,FAILURE,250,38.0,0,6.532742000068538
250,0.15,5,38,SUCCESS,24063,3000.0,1575,6.625971700064838
250,0.15,13,38,FAILURE,250,41.0,0,6.398538099951111
250,0.15,16,38,FAILURE,250,33.0,0,6.368326700059697
250,0.15,12,38,FAILURE,251,41.0,0,6.488499299972318
250,0.15,17,38,FAILURE,251,38.0,0,6.422106500016525
250,0.15,14,38,FAILURE,250,44.0,0,6.466938400059007
250,0.15,15,38,FAILURE,250,33.0,0,6.501908100093715
250,0.15,11,38,SUCCESS,27606,3000.0,1848,6.71142529998906
250,0.15,20,38,FAILURE,252,42.0,0,6.507495800033212
250,0.15,21,38,FAILURE,250,31.0,0,6.4638557999860495
250,0.15,19,38,FAILURE,250,40.0,0,6.589798599947244
250,0.15,18,38,SUCCESS,28730,3000.0,1945,6.7751074999105185
250,0.15,23,38,FAILURE,252,38.0,0,6.2547072999877855
250,0.15,24,38,FAILURE,251,35.0,0,6.345550399972126
250,0.15,25,38,FAILURE,250,34.0,0,6.376264599966817
250,0.15,28,38,FAILURE,250,36.0,0,6.323119299951941
250,0.15,26,38,SUCCESS,24810,3000.0,1655,6.420647899969481
250,0.15,30,38,FAILURE,252,36.0,0,6.303999700001441
250,0.15,22,38,SUCCESS,29762,3000.0,2008,6.606992800021544
250,0.15,27,38,FAILURE,250,37.0,0,6.443066600011662
250,0.15,29,38,FAILURE,250,38.0,0,6.338384300004691
250,0.15,31,38,FAILURE,250,39.0,0,6.329154299921356
250,0.15,32,38,FAILURE,251,47.0,0,6.39441879990045
250,0.15,34,38,SUCCESS,26545,3000.0,1768,6.503833700087853
250,0.15,37,38,SUCCESS,24856,3000.0,1625,6.663413999951445
250,0.15,40,38,FAILURE,250,44.0,0,6.616351300035603
250,0.15,35,38,FAILURE,250,33.0,0,6.832196400035173
250,0.15,39,38,FAILURE,250,34.0,0,6.727484800037928
250,0.15,33,38,FAILURE,250,36.0,0,7.056384800001979
250,0.15,42,38,FAILURE,250,36.0,0,6.764203099999577
250,0.15,36,38,FAILURE,250,38.0,0,6.966561199980788
250,0.15,41,38,FAILURE,250,30.0,0,6.935219700098969
250,0.15,38,38,FAILURE,251,50.0,0,6.968276100000367
250,0.15,43,38,FAILURE,252,38.0,0,7.122768200002611
250,0.15,47,38,FAILURE,250,37.0,0,6.51823340007104
250,0.15,44,38,FAILURE,250,39.0,0,6.9430023999884725
250,0.15,48,38,FAILURE,250,30.0,0,6.56717169994954
250,0.15,50,38,FAILURE,251,35.0,0,6.570630299975164
250,0.15,45,38,FAILURE,253,50.0,0,6.908036799984984
250,0.15,46,38,FAILURE,254,32.0,0,6.938751699985005
250,0.15,53,38,FAILURE,252,40.0,0,6.969088599900715
250,0.15,49,38,FAILURE,251,33.0,0,7.639435300021432
250,0.15,51,38,FAILURE,250,30.0,0,7.557156099937856
250,0.15,52,38,FAILURE,250,41.0,0,7.59945500001777
250,0.15,54,38,SUCCESS,23382,3000.0,1619,7.790111000067554
250,0.15,56,38,FAILURE,250,38.0,0,6.798216999974102
250,0.15,59,38,FAILURE,250,34.0,0,6.678560100030154
250,0.15,57,38,FAILURE,251,34.0,0,6.920225700014271
250,0.15,58,38,SUCCESS,24824,3000.0,1650,7.011835500015877
250,0.15,55,38,FAILURE,250,33.0,0,7.225405200035311
250,0.15,60,38,FAILURE,251,40.0,0,6.88780859997496
250,0.15,61,38,SUCCESS,28538,3000.0,1922,6.94194259995129
250,0.15,62,38,FAILURE,251,32.0,0,6.847449699998833
250,0.15,64,38,FAILURE,250,35.0,0,6.7713463000254706
250,0.15,63,38,FAILURE,254,41.0,0,7.1627038000151515
250,0.15,65,38,FAILURE,250,41.0,0,7.093526300042868
250,0.15,66,38,FAILURE,250,32.0,0,6.807970900088549
250,0.15,67,38,FAILURE,250,30.0,0,6.770972000085749
250,0.15,68,38,FAILURE,250,38.0,0,6.868414800032042
250,0.15,71,38,FAILURE,250,39.0,0,6.8409448999445885
250,0.15,70,38,FAILURE,250,34.0,0,6.864853999926709
250,0.15,69,38,SUCCESS,25755,3000.0,1740,7.068467600038275
250,0.15,72,38,FAILURE,250,39.0,0,6.882427699980326
250,0.15,73,38,FAILURE,250,35.0,0,6.8778304000152275
250,0.15,74,38,FAILURE,250,34.0,0,6.974060099921189
250,0.15,75,38,FAILURE,250,38.0,0,6.919210499967448
250,0.15,76,38,FAILURE,250,29.0,0,6.747560200048611
250,0.15,77,38,FAILURE,250,40.0,0,6.7273152999114245
250,0.15,79,38,FAILURE,251,40.0,0,6.9497894999803975
250,0.15,78,38,SUCCESS,28712,3000.0,1953,7.1884099000599235
250,0.15,81,38,FAILURE,250,40.0,0,6.887611899990588
250,0.15,82,38,FAILURE,250,42.0,0,6.764679100015201
250,0.15,80,38,FAILURE,250,43.0,0,7.022267499938607
250,0.15,83,38,FAILURE,250,36.0,0,6.668669300037436
250,0.15,84,38,FAILURE,251,38.0,0,6.637920400011353
250,0.15,86,38,FAILURE,250,28.0,0,6.583476200001314
250,0.15,85,38,SUCCESS,24114,3000.0,1617,7.082541899988428
250,0.15,87,38,FAILURE,250,33.0,0,6.687876699957997
250,0.15,88,38,FAILURE,250,32.0,0,6.736786000081338
250,0.15,91,38,FAILURE,251,37.0,0,6.612636400037445
250,0.15,89,38,FAILURE,250,41.0,0,6.806996600003913
250,0.15,92,38,FAILURE,250,33.0,0,6.671970299910754
250,0.15,90,38,SUCCESS,23345,3000.0,1589,6.795053099980578
250,0.15,93,38,FAILURE,250,34.0,0,6.745299999951385
250,0.15,94,38,SUCCESS,29794,3000.0,2018,6.853746199980378
250,0.15,95,38,FAILURE,251,37.0,0,6.614138099947013
250,0.15,96,38,FAILURE,250,34.0,0,6.395318999886513
250,0.15,97,38,FAILURE,250,36.0,0,6.265784100047313
250,0.15,98,38,SUCCESS,22067,3000.0,1500,6.214560299995355
250,0.15,99,38,SUCCESS,26593,3000.0,1798,3.1667198999784887
250,0.175,0,44,FAILURE,250,33.0,0,6.7859340000431985
250,0.175,10,44,FAILURE,252,38.0,0,6.730906700016931
250,0.175,4,44,FAILURE,251,34.0,0,6.763669799896888
250,0.175,1,44,FAILURE,250,33.0,0,6.812585000065155
250,0.175,7,44,FAILURE,250,33.0,0,6.783200700068846
250,0.175,3,44,FAILURE,250,33.0,0,6.835302400053479
250,0.175,2,44,FAILURE,250,33.0,0,6.833589699934237
250,0.175,6,44,FAILURE,251,38.0,0,6.843711599940434
250,0.175,8,44,FAILURE,250,38.0,0,6.839540799963288
250,0.175,9,44,FAILURE,250,33.0,0,6.856664200080559
250,0.175,5,44,SUCCESS,24295,3000.0,1601,6.955962099949829
250,0.175,15,44,FAILURE,250,33.0,0,6.25585149996914
250,0.175,12,44,FAILURE,251,39.0,0,6.393640299909748
250,0.175,17,44,FAILURE,251,35.0,0,6.360812800005078
250,0.175,19,44,FAILURE,250,40.0,0,6.349362700013444
250,0.175,13,44,FAILURE,250,40.0,0,6.444224299979396
250,0.175,14,44,FAILURE,250,44.0,0,6.454468399984762
250,0.175,18,44,FAILURE,252,42.0,0,6.423542800010182
250,0.175,20,44,FAILURE,250,33.0,0,6.395656800013967
250,0.175,16,44,FAILURE,250,33.0,0,6.492294199997559
250,0.175,21,44,FAILURE,250,31.0,0,6.436102799954824
250,0.175,11,44,SUCCESS,26557,3000.0,1811,6.6709445000160486
250,0.175,22,44,SUCCESS,29809,3000.0,2010,6.381119800033048
250,0.175,23,44,FAILURE,252,38.0,0,6.329916500020772
250,0.175,24,44,FAILURE,250,35.0,0,6.293198399944231
250,0.175,27,44,FAILURE,250,37.0,0,6.2999185000080615
250,0.175,26,44,FAILURE,251,44.0,0,6.351805299986154
250,0.175,25,44,FAILURE,250,33.0,0,6.3590678999898955
250,0.175,29,44,FAILURE,250,32.0,0,6.341009399970062
250,0.175,28,44,FAILURE,250,36.0,0,6.39306759997271
250,0.175,32,44,FAILURE,250,35.0,0,6.312821300001815
250,0.175,30,44,FAILURE,251,36.0,0,6.461307100020349
250,0.175,31,44,FAILURE,250,33.0,0,6.402096500038169
250,0.175,33,44,FAILURE,250,34.0,0,6.5646567000076175
250,0.175,35,44,FAILURE,250,29.0,0,6.666525700013153
250,0.175,37,44,FAILURE,250,47.0,0,6.601860300055705
250,0.175,40,44,FAILURE,250,43.0,0,6.517849000054412
250,0.175,39,44,FAILURE,250,33.0,0,6.607324299984612
250,0.175,38,44,FAILURE,251,42.0,0,6.723991499980912
250,0.175,36,44,FAILURE,250,35.0,0,6.772674500010908
250,0.175,34,44,SUCCESS,27671,3000.0,1841,6.901728499913588
250,0.175,42,44,FAILURE,250,36.0,0,6.709332600003108
250,0.175,41,44,FAILURE,251,30.0,0,6.7844875999726355
250,0.175,43,44,FAILURE,252,38.0,0,6.737637900048867
250,0.175,44,44,FAILURE,251,39.0,0,6.786470599938184
250,0.175,47,44,FAILURE,250,37.0,0,6.701909799943678
250,0.175,49,44,FAILURE,250,33.0,0,6.694605999975465
250,0.175,45,44,FAILURE,253,46.0,0,6.887202700017951
250,0.175,48,44,FAILURE,250,30.0,0,6.8223893999820575
250,0.175,46,44,FAILURE,252,32.0,0,6.915049499948509
250,0.175,50,44,FAILURE,251,35.0,0,6.760637499974109
250,0.175,54,44,FAILURE,250,33.0,0,6.708121599978767
250,0.175,51,44,FAILURE,250,30.0,0,6.889412099961191
250,0.175,52,44,FAILURE,250,36.0,0,6.851428500027396
250,0.175,53,44,FAILURE,252,40.0,0,6.837234899983741
250,0.175,55,44,FAILURE,250,33.0,0,6.6024404999334365
250,0.175,56,44,FAILURE,2130,238.0,0,6.6361006000079215
250,0.175,59,44,FAILURE,250,34.0,0,6.572590900002979
250,0.175,57,44,FAILURE,251,34.0,0,6.65157900005579
250,0.175,58,44,FAILURE,251,39.0,0,6.687805199995637
250,0.175,61,44,SUCCESS,28476,3000.0,1935,6.67835460009519
250,0.175,63,44,FAILURE,254,41.0,0,6.567935300059617
250,0.175,60,44,SUCCESS,25757,3000.0,1748,6.781041500042193
250,0.175,62,44,FAILURE,251,32.0,0,6.64171879994683
250,0.175,64,44,FAILURE,250,32.0,0,6.6579418000765145
250,0.175,65,44,FAILURE,250,35.0,0,6.653911800007336
250,0.175,66,44,FAILURE,250,32.0,0,6.508972099982202
250,0.175,67,44,FAILURE,250,30.0,0,6.45851769996807
250,0.175,69,44,FAILURE,2276,306.0,0,6.51207269995939
250,0.175,70,44,FAILURE,250,34.0,0,6.42710739991162
250,0.175,68,44,FAILURE,250,37.0,0,6.546316800056957
250,0.175,71,44,FAILURE,250,37.0,0,6.497406599926762
250,0.175,74,44,FAILURE,250,32.0,0,6.436108800000511
250,0.175,73,44,FAILURE,250,35.0,0,6.469633599976078
250,0.175,75,44,FAILURE,250,37.0,0,6.529342700028792
250,0.175,76,44,FAILURE,250,28.0,0,6.525195399997756
250,0.175,72,44,SUCCESS,29678,3000.0,2002,6.870167699991725
250,0.175,80,44,FAILURE,250,43.0,0,6.339755499968305
250,0.175,77,44,FAILURE,250,40.0,0,6.649943000054918
250,0.175,78,44,FAILURE,251,42.0,0,6.65374039998278
250,0.175,83,44,FAILURE,250,34.0,0,6.460769299999811
250,0.175,84,44,FAILURE,251,38.0,0,6.493536599911749
250,0.175,79,44,FAILURE,251,40.0,0,6.706554600037634
250,0.175,81,44,FAILURE,250,40.0,0,6.746214000042528
250,0.175,82,44,FAILURE,250,29.0,0,6.787416200037114
250,0.175,85,44,SUCCESS,24616,3000.0,1697,6.644975199946202
250,0.175,86,44,FAILURE,250,28.0,0,6.6692525000544265
250,0.175,87,44,FAILURE,250,32.0,0,6.823531600064598
250,0.175,88,44,FAILURE,250,32.0,0,6.601947600021958
250,0.175,89,44,FAILURE,251,41.0,0,6.68155520001892
250,0.175,92,44,FAILURE,253,27.0,0,6.564091799897142
250,0.175,90,44,FAILURE,253,36.0,0,6.75318989995867
250,0.175,91,44,FAILURE,251,32.0,0,6.77392880001571
250,0.175,93,44,FAILURE,250,33.0,0,6.7417106999782845
250,0.175,95,44,FAILURE,251,34.0,0,6.702349600032903
250,0.175,94,44,SUCCESS,29706,3000.0,2010,6.9278062999947
250,0.175,97,44,FAILURE,251,34.0,0,6.677365500014275
250,0.175,96,44,FAILURE,250,32.0,0,6.71711620001588
250,0.175,98,44,SUCCESS,17101,3000.0,1070,6.5817856000503525
250,0.175,99,44,SUCCESS,24867,3000.0,1644,3.357396899955347
250,0.2,6,50,FAILURE,250,32.0,0,6.354229900054634
250,0.2,7,50,FAILURE,250,29.0,0,6.366100799990818
250,0.2,1,50,FAILURE,251,33.0,0,6.441683299955912
250,0.2,8,50,FAILURE,251,37.0,0,6.471121500013396
250,0.2,3,50,FAILURE,250,33.0,0,6.503969499957748
250,0.2,4,50,FAILURE,251,34.0,0,6.506995799951255
250,0.2,2,50,FAILURE,250,29.0,0,6.522751800017431
250,0.2,5,50,FAILURE,251,42.0,0,6.5139622000278905
250,0.2,9,50,FAILURE,250,32.0,0,6.504170500091277
250,0.2,0,50,FAILURE,250,29.0,0,6.57098760001827
250,0.2,10,50,FAILURE,251,33.0,0,6.4905075000133365
250,0.2,12,50,FAILURE,251,35.0,0,6.4563654999947175
250,0.2,13,50,FAILURE,250,40.0,0,6.4199447999708354
250,0.2,16,50,FAILURE,250,33.0,0,6.347077600075863
250,0.2,19,50,FAILURE,250,31.0,0,6.3100047000916675
250,0.2,17,50,FAILURE,251,32.0,0,6.36908560001757
250,0.2,15,50,FAILURE,250,30.0,0,6.395330699975602
250,0.2,14,50,FAILURE,250,44.0,0,6.444522100035101
250,0.2,18,50,FAILURE,252,42.0,0,6.421191000030376
250,0.2,11,50,SUCCESS,28562,3000.0,1930,6.582718400051817
250,0.2,20,50,FAILURE,250,31.0,0,6.413650400005281
250,0.2,21,50,FAILURE,251,31.0,0,6.464814600069076
250,0.2,22,50,FAILURE,250,42.0,0,6.452995900064707
250,0.2,24,50,FAILURE,254,35.0,0,6.453134500072338
250,0.2,23,50,FAILURE,252,37.0,0,6.498619300080463
250,0.2,26,50,FAILURE,254,41.0,0,6.489960900042206
250,0.2,25,50,FAILURE,250,32.0,0,6.5740258999867365
250,0.2,28,50,FAILURE,252,36.0,0,6.500986500061117
250,0.2,27,50,FAILURE,250,36.0,0,6.565634099999443
250,0.2,29,50,FAILURE,250,32.0,0,6.522529799956828
250,0.2,31,50,FAILURE,250,32.0,0,6.523020200082101
250,0.2,30,50,FAILURE,251,36.0,0,6.589267899980769
250,0.2,32,50,FAILURE,250,35.0,0,6.577192299999297
250,0.2,35,50,FAILURE,250,29.0,0,6.434248100034893
250,0.2,34,50,FAILURE,250,42.0,0,6.4798425999470055
250,0.2,33,50,FAILURE,250,29.0,0,6.501390999997966
250,0.2,38,50,FAILURE,251,38.0,0,6.417934900033288
250,0.2,37,50,FAILURE,251,42.0,0,6.442045900039375
250,0.2,36,50,FAILURE,250,35.0,0,6.553631199989468
250,0.2,40,50,FAILURE,250,40.0,0,6.490575400064699
250,0.2,41,50,FAILURE,251,30.0,0,6.53130319993943
250,0.2,39,50,FAILURE,250,33.0,0,6.609332200023346
250,0.2,42,50,FAILURE,250,34.0,0,6.561398299993016
250,0.2,43,50,FAILURE,250,34.0,0,6.546094999997877
250,0.2,46,50,FAILURE,254,30.0,0,6.347564399940893
250,0.2,45,50,FAILURE,253,45.0,0,6.416940500028431
250,0.2,48,50,FAILURE,250,30.0,0,6.3568808999843895
250,0.2,50,50,FAILURE,251,34.0,0,6.280745299998671
250,0.2,44,50,FAILURE,250,37.0,0,6.473837499972433
250,0.2,47,50,FAILURE,250,37.0,0,6.4267034999793395
250,0.2,49,50,FAILURE,250,29.0,0,6.445371399982832
250,0.2,52,50,FAILURE,250,35.0,0,6.352877299999818
250,0.2,54,50,FAILURE,250,33.0,0,6.2556658000685275
250,0.2,51,50,FAILURE,250,29.0,0,6.448666200041771
250,0.2,53,50,FAILURE,250,33.0,0,6.395985099952668
250,0.2,55,50,FAILURE,250,32.0,0,6.32948930002749
250,0.2,58,50,FAILURE,251,39.0,0,6.355551899992861
250,0.2,64,50,FAILURE,250,28.0,0,6.3598366000223905
250,0.2,57,50,FAILURE,250,34.0,0,6.697767499950714
250,0.2,61,50,FAILURE,491,70.0,0,6.6920031000627205
250,0.2,60,50,SUCCESS,24907,3000.0,1670,6.819513999973424
250,0.2,65,50,FAILURE,250,35.0,0,6.6374339000321925
250,0.2,59,50,FAILURE,250,34.0,0,6.982397299958393
250,0.2,62,50,FAILURE,252,27.0,0,6.911813599988818
250,0.2,56,50,SUCCESS,29839,3000.0,2022,7.177326099947095
250,0.2,63,50,FAILURE,254,40.0,0,7.084296900080517
250,0.2,66,50,FAILURE,250,32.0,0,6.41177989996504
250,0.2,68,50,FAILURE,250,37.0,0,6.225315700052306
250,0.2,67,50,FAILURE,250,28.0,0,6.499333500047214
250,0.2,69,50,FAILURE,251,38.0,0,6.724109899951145
250,0.2,71,50,FAILURE,250,34.0,0,6.575506999972276
250,0.2,70,50,FAILURE,250,31.0,0,6.692399500054307
250,0.2,72,50,FAILURE,251,39.0,0,6.7053673000773415
250,0.2,74,50,FAILURE,250,32.0,0,6.7324861999368295
250,0.2,73,50,FAILURE,250,35.0,0,6.928641299949959
250,0.2,75,50,FAILURE,250,36.0,0,6.873729599989019
250,0.2,76,50,FAILURE,250,28.0,0,6.891024199896492
250,0.2,78,50,FAILURE,251,31.0,0,6.263141700066626
250,0.2,77,50,FAILURE,250,40.0,0,6.511788300005719
250,0.2,79,50,FAILURE,250,35.0,0,6.5427733999677
250,0.2,81,50,FAILURE,250,40.0,0,6.2691838999744505
250,0.2,80,50,FAILURE,250,34.0,0,6.503271900000982
250,0.2,82,50,FAILURE,250,28.0,0,6.498173600062728
250,0.2,83,50,FAILURE,250,34.0,0,6.4694551000138745
250,0.2,84,50,FAILURE,251,38.0,0,6.416976700071245
250,0.2,86,50,FAILURE,250,28.0,0,6.4825089001096785
250,0.2,87,50,FAILURE,250,30.0,0,6.436645200010389
250,0.2,85,50,SUCCESS,25065,3000.0,1718,6.723971799947321
250,0.2,88,50,FAILURE,250,32.0,0,6.291366999968886
250,0.2,89,50,FAILURE,252,41.0,0,6.358233999926597
250,0.2,90,50,FAILURE,253,36.0,0,6.435074899927713
250,0.2,91,50,FAILURE,251,30.0,0,6.259289399953559
250,0.2,93,50,FAILURE,250,33.0,0,6.086675399914384
250,0.2,92,50,FAILURE,251,25.0,0,6.287575399968773
250,0.2,94,50,SUCCESS,26297,3000.0,1765,6.256876600091346
250,0.2,95,50,FAILURE,250,31.0,0,6.134248399990611
250,0.2,96,50,FAILURE,250,31.0,0,6.013201200054027
250,0.2,97,50,FAILURE,251,33.0,0,5.9987229000544176
250,0.2,98,50,SUCCESS,20846,3000.0,1332,6.055370500078425
250,0.2,99,50,SUCCESS,29587,3000.0,2012,3.1318538000341505
250,0.225,3,56,FAILURE,251,32.0,0,6.183456099941395
250,0.225,9,56,FAILURE,250,30.0,0,6.133879499975592
250,0.225,2,56,FAILURE,250,26.0,0,6.245921700028703
250,0.225,5,56,FAILURE,251,40.0,0,6.238249700050801
250,0.225,0,56,FAILURE,250,28.0,0,6.264719299972057
250,0.225,7,56,FAILURE,250,26.0,0,6.259849900030531
250,0.225,1,56,FAILURE,251,30.0,0,6.3042156000155956
250,0.225,4,56,FAILURE,251,31.0,0,6.3334424999775365
250,0.225,8,56,FAILURE,251,34.0,0,6.305623000022024
250,0.225,6,56,FAILURE,250,31.0,0,6.326593899982981
250,0.225,10,56,FAILURE,251,31.0,0,6.324567800038494
250,0.225,11,56,FAILURE,250,37.0,0,6.258941800100729
250,0.225,17,56,FAILURE,251,32.0,0,6.251095999963582
250,0.225,14,56,FAILURE,250,40.0,0,6.304892100044526
250,0.225,12,56,FAILURE,251,35.0,0,6.3899404999101534
250,0.225,16,56,FAILURE,250,33.0,0,6.3509637999814
250,0.225,13,56,FAILURE,250,34.0,0,6.4049094000365585
250,0.225,20,56,FAILURE,250,31.0,0,6.329246299923398
250,0.225,21,56,FAILURE,251,31.0,0,6.313590200035833
250,0.225,15,56,FAILURE,250,30.0,0,6.4467949999962
250,0.225,19,56,FAILURE,250,31.0,0,6.433268900029361
250,0.225,18,56,FAILURE,252,42.0,0,6.566774699953385
250,0.225,24,56,FAILURE,254,35.0,0,6.302152800024487
250,0.225,22,56,FAILURE,250,42.0,0,6.429542000056244
250,0.225,23,56,FAILURE,252,37.0,0,6.342938999994658
250,0.225,30,56,FAILURE,252,36.0,0,6.307973799994215
250,0.225,29,56,FAILURE,252,33.0,0,6.323586700018495
250,0.225,25,56,FAILURE,250,31.0,0,6.451788099948317
250,0.225,27,56,FAILURE,251,36.0,0,6.393386299954727
250,0.225,26,56,FAILURE,251,31.0,0,6.435369499959052
250,0.225,28,56,FAILURE,251,36.0,0,6.406188900000416
250,0.225,31,56,FAILURE,250,28.0,0,6.3311734000453725
250,0.225,32,56,FAILURE,250,35.0,0,6.429481000057422
250,0.225,33,56,FAILURE,250,28.0,0,6.34404330002144
250,0.225,34,56,FAILURE,250,42.0,0,6.393455200013705
250,0.225,37,56,FAILURE,252,38.0,0,6.287105099996552
250,0.225,35,56,FAILURE,250,29.0,0,6.412036499939859
250,0.225,38,56,FAILURE,251,32.0,0,6.313043800066225
250,0.225,41,56,FAILURE,250,30.0,0,6.253245000028983
250,0.225,39,56,FAILURE,250,33.0,0,6.323512800037861
250,0.225,36,56,FAILURE,250,35.0,0,6.4602093999274075
250,0.225,40,56,FAILURE,250,38.0,0,6.4503469000337645
250,0.225,42,56,FAILURE,250,33.0,0,6.429601200041361
250,0.225,43,56,FAILURE,250,34.0,0,6.464233099948615
250,0.225,44,56,FAILURE,250,37.0,0,6.724655200028792
250,0.225,47,56,FAILURE,250,33.0,0,6.638955899979919
250,0.225,50,56,FAILURE,250,33.0,0,6.6170165000949055
250,0.225,45,56,FAILURE,251,31.0,0,6.753906700061634
250,0.225,46,56,FAILURE,254,30.0,0,6.784200900001451
250,0.225,49,56,FAILURE,250,29.0,0,6.740083199925721
250,0.225,48,56,FAILURE,250,26.0,0,6.773231800063513
250,0.225,53,56,FAILURE,250,29.0,0,6.654299000045285
250,0.225,51,56,FAILURE,250,29.0,0,6.743019199930131
250,0.225,52,56,FAILURE,251,31.0,0,6.738139200024307
250,0.225,54,56,FAILURE,250,27.0,0,6.852728999918327
250,0.225,57,56,FAILURE,250,34.0,0,6.481681299977936
250,0.225,55,56,FAILURE,250,32.0,0,6.549829900031909
250,0.225,56,56,FAILURE,250,34.0,0,6.587162999901921
250,0.225,58,56,FAILURE,251,39.0,0,6.569269599975087
250,0.225,61,56,FAILURE,487,67.0,0,6.500834600068629
250,0.225,59,56,FAILURE,250,34.0,0,6.54755350004416
250,0.225,60,56,SUCCESS,24176,3000.0,1619,6.691045599989593
250,0.225,63,56,FAILURE,254,35.0,0,6.614737799973227
250,0.225,62,56,FAILURE,252,27.0,0,6.655007799970917
250,0.225,64,56,FAILURE,250,28.0,0,6.626283299992792
250,0.225,65,56,FAILURE,250,35.0,0,6.656913599930704
250,0.225,67,56,FAILURE,250,28.0,0,6.5568381999619305
250,0.225,69,56,FAILURE,251,35.0,0,6.502887999988161
250,0.225,66,56,FAILURE,250,29.0,0,6.708367299987003
250,0.225,71,56,FAILURE,250,32.0,0,6.599881300004199
250,0.225,68,56,FAILURE,250,30.0,0,6.7634036999661475
250,0.225,75,56,FAILURE,250,34.0,0,6.479550699936226
250,0.225,70,56,FAILURE,250,31.0,0,6.778413500054739
250,0.225,72,56,FAILURE,250,39.0,0,6.70513989997562
250,0.225,74,56,FAILURE,252,32.0,0,6.834803999983706
250,0.225,73,56,FAILURE,250,34.0,0,6.872051600017585
250,0.225,76,56,FAILURE,250,28.0,0,6.851919100037776
250,0.225,77,56,FAILURE,250,39.0,0,6.594855200033635
250,0.225,78,56,FAILURE,252,30.0,0,6.641929400037043
250,0.225,80,56,FAILURE,250,32.0,0,6.595878200023435
250,0.225,79,56,FAILURE,250,35.0,0,6.680226700031199
250,0.225,83,56,FAILURE,250,34.0,0,6.476991800009273
250,0.225,81,56,FAILURE,250,40.0,0,6.583168499986641
250,0.225,82,56,FAILURE,250,28.0,0,6.617397399968468
250,0.225,84,56,FAILURE,250,34.0,0,6.584544199984521
250,0.225,86,56,FAILURE,250,28.0,0,6.545154000050388
250,0.225,85,56,SUCCESS,25073,3000.0,1726,6.693830500007607
250,0.225,87,56,FAILURE,250,29.0,0,6.504132200032473
250,0.225,88,56,FAILURE,251,32.0,0,6.35439479991328
250,0.225,89,56,FAILURE,260,43.0,0,6.37140280008316
250,0.225,90,56,FAILURE,253,36.0,0,6.39326590008568
250,0.225,91,56,FAILURE,251,30.0,0,6.377917299978435
250,0.225,92,56,FAILURE,251,24.0,0,6.369288800051436
250,0.225,93,56,FAILURE,250,32.0,0,6.401377899921499
250,0.225,94,56,FAILURE,254,31.0,0,6.420180500019342
250,0.225,95,56,FAILURE,250,30.0,0,6.351792300003581
250,0.225,96,56,FAILURE,250,31.0,0,6.224349500029348
250,0.225,97,56,FAILURE,250,31.0,0,6.17175789992325
250,0.225,98,56,FAILURE,252,36.0,0,6.0544823000673205
250,0.225,99,56,FAILURE,250,30.0,0,2.701721000019461
250,0.25,1,62,FAILURE,251,28.0,0,6.225960599957034
250,0.25,6,62,FAILURE,250,30.0,0,6.2156141001032665
250,0.25,4,62,FAILURE,251,31.0,0,6.254591099917889
250,0.25,7,62,FAILURE,250,26.0,0,6.232879300019704
250,0.25,0,62,FAILURE,250,28.0,0,6.310339999967255
250,0.25,2,62,FAILURE,250,26.0,0,6.311774899950251
250,0.25,3,62,FAILURE,250,28.0,0,6.343680500052869
250,0.25,8,62,FAILURE,252,28.0,0,6.305266899988055
250,0.25,5,62,FAILURE,251,40.0,0,6.338204400031827
250,0.25,9,62,FAILURE,251,30.0,0,6.320573300006799
250,0.25,10,62,FAILURE,251,30.0,0,6.316071900073439
250,0.25,14,62,FAILURE,251,40.0,0,6.261870300048031
250,0.25,11,62,FAILURE,250,33.0,0,6.354375199996866
250,0.25,12,62,FAILURE,251,34.0,0,6.35956500004977
250,0.25,13,62,FAILURE,250,34.0,0,6.349080199957825
250,0.25,19,62,FAILURE,251,31.0,0,6.25766600004863
250,0.25,16,62,FAILURE,250,30.0,0,6.3242671000771224
250,0.25,15,62,FAILURE,250,30.0,0,6.353187500033528
250,0.25,17,62,FAILURE,251,32.0,0,6.344338600058109
250,0.25,20,62,FAILURE,250,31.0,0,6.316930399974808
250,0.25,18,62,FAILURE,251,42.0,0,6.373443300020881
250,0.25,21,62,FAILURE,252,31.0,0,6.4101199000142515
250,0.25,22,62,FAILURE,250,41.0,0,6.328714699950069
250,0.25,23,62,FAILURE,252,36.0,0,6.3199883999768645
250,0.25,25,62,FAILURE,250,29.0,0,6.313884100061841
250,0.25,26,62,FAILURE,253,32.0,0,6.3556110000936314
250,0.25,31,62,FAILURE,250,28.0,0,6.319957299972884
250,0.25,28,62,FAILURE,252,30.0,0,6.4113329000538215
250,0.25,27,62,FAILURE,251,36.0,0,6.440189799992368
250,0.25,24,62,FAILURE,254,35.0,0,6.502748199971393
250,0.25,29,62,FAILURE,251,30.0,0,6.458628399996087
250,0.25,32,62,FAILURE,250,34.0,0,6.3515737999696285
250,0.25,30,62,FAILURE,252,34.0,0,6.468636399949901
250,0.25,33,62,FAILURE,252,27.0,0,6.253154800040647
250,0.25,34,62,FAILURE,250,42.0,0,6.271027800044976
250,0.25,35,62,FAILURE,250,29.0,0,6.252172700013034
250,0.25,40,62,FAILURE,250,34.0,0,6.276513300021179
250,0.25,36,62,FAILURE,250,33.0,0,6.405101999989711
250,0.25,38,62,FAILURE,251,32.0,0,6.3323575999820605
250,0.25,37,62,FAILURE,251,35.0,0,6.363590999972075
250,0.25,39,62,FAILURE,250,33.0,0,6.356078799930401
250,0.25,41,62,FAILURE,250,26.0,0,6.305003899964504
250,0.25,42,62,FAILURE,250,28.0,0,6.383364400011487
250,0.25,43,62,FAILURE,251,32.0,0,6.417218800052069
250,0.25,44,62,FAILURE,251,34.0,0,6.322794800042175
250,0.25,46,62,FAILURE,254,30.0,0,6.312597299925983
250,0.25,45,62,FAILURE,252,31.0,0,6.344752199947834
250,0.25,50,62,FAILURE,251,34.0,0,6.244031699956395
250,0.25,47,62,FAILURE,252,29.0,0,6.292660400038585
250,0.25,49,62,FAILURE,251,27.0,0,6.282050000037998
250,0.25,51,62,FAILURE,250,28.0,0,6.353407299960963
250,0.25,48,62,FAILURE,250,25.0,0,6.4229325000196695
250,0.25,52,62,FAILURE,251,31.0,0,6.358716799993999
250,0.25,53,62,FAILURE,250,29.0,0,6.286147899925709
250,0.25,54,62,FAILURE,250,25.0,0,6.2627178999828175
250,0.25,57,62,FAILURE,250,34.0,0,6.2726082999724895
250,0.25,55,62,FAILURE,250,32.0,0,6.41974849998951
250,0.25,56,62,FAILURE,250,34.0,0,6.494056400028057
250,0.25,58,62,FAILURE,251,33.0,0,6.40673400007654
250,0.25,59,62,FAILURE,250,31.0,0,6.44256689993199
250,0.25,61,62,FAILURE,252,36.0,0,6.390724100056104
250,0.25,60,62,SUCCESS,24079,3000.0,1574,6.498469899990596
250,0.25,62,62,FAILURE,252,27.0,0,6.400626500020735
250,0.25,64,62,FAILURE,250,28.0,0,6.412331799976528
250,0.25,65,62,FAILURE,250,34.0,0,6.42199870001059
250,0.25,63,62,FAILURE,254,33.0,0,6.471299400087446
250,0.25,68,62,FAILURE,250,30.0,0,6.324058700003661
250,0.25,66,62,FAILURE,250,28.0,0,6.582305500051007
250,0.25,71,62,FAILURE,251,32.0,0,6.275839800015092
250,0.25,75,62,FAILURE,250,34.0,0,6.269720200099982
250,0.25,70,62,FAILURE,250,31.0,0,6.542809400008991
250,0.25,69,62,FAILURE,251,35.0,0,6.6309842999326065
250,0.25,67,62,FAILURE,250,28.0,0,6.873547600000165
250,0.25,76,62,FAILURE,250,28.0,0,6.598474800004624
250,0.25,72,62,FAILURE,250,39.0,0,6.7298716000514105
250,0.25,74,62,FAILURE,252,30.0,0,6.750445200013928
250,0.25,73,62,FAILURE,250,26.0,0,6.809355599922128
250,0.25,77,62,FAILURE,250,29.0,0,6.235196500085294
250,0.25,81,62,FAILURE,250,40.0,0,6.286751799983904
250,0.25,84,62,FAILURE,251,30.0,0,6.1900871999096125
250,0.25,78,62,FAILURE,252,30.0,0,6.7768365000374615
250,0.25,80,62,FAILURE,250,32.0,0,6.651583099970594
250,0.25,79,62,FAILURE,250,35.0,0,7.0684457999886945
250,0.25,86,62,FAILURE,250,28.0,0,6.7606619000434875
250,0.25,82,62,FAILURE,251,26.0,0,7.058941199909896
250,0.25,83,62,FAILURE,250,34.0,0,7.021552799968049
250,0.25,87,62,FAILURE,250,29.0,0,6.730377100058831
250,0.25,85,62,SUCCESS,27600,3000.0,1833,7.243635899969377
250,0.25,88,62,FAILURE,251,31.0,0,6.236705800052732
250,0.25,89,62,FAILURE,260,43.0,0,6.301275899983011
250,0.25,90,62,FAILURE,251,35.0,0,6.507057800074108
250,0.25,91,62,FAILURE,251,28.0,0,6.735891800024547
250,0.25,92,62,FAILURE,251,24.0,0,6.741897200001404
250,0.25,93,62,FAILURE,251,32.0,0,6.553085700026713
250,0.25,97,62,FAILURE,250,31.0,0,6.560867000021972
250,0.25,94,62,FAILURE,254,31.0,0,6.6100255999481305
250,0.25,96,62,FAILURE,250,30.0,0,6.647559400065802
250,0.25,95,62,FAILURE,250,30.0,0,6.670185000053607
250,0.25,98,62,FAILURE,251,31.0,0,6.507008900051005
250,0.25,99,62,FAILURE,250,30.0,0,3.531420400016941
250,0.275,4,69,FAILURE,250,29.0,0,6.315507899969816
250,0.275,7,69,FAILURE,250,25.0,0,6.335853399941698
250,0.275,6,69,FAILURE,250,28.0,0,6.373828100040555
250,0.275,5,69,FAILURE,256,36.0,0,6.388086699997075
250,0.275,0,69,FAILURE,250,28.0,0,6.434576499974355
250,0.275,2,69,FAILURE,250,26.0,0,6.440929499920458
250,0.275,1,69,FAILURE,251,25.0,0,6.456338999909349
250,0.275,3,69,FAILURE,250,28.0,0,6.458441500086337
250,0.275,9,69,FAILURE,251,28.0,0,6.44619209994562
250,0.275,8,69,FAILURE,252,28.0,0,6.458677900023758
250,0.275,10,69,FAILURE,251,28.0,0,6.4120826999424025
250,0.275,14,69,FAILURE,250,30.0,0,6.392538800020702
250,0.275,19,69,FAILURE,253,31.0,0,6.360004600021057
250,0.275,15,69,FAILURE,250,28.0,0,6.440955600002781
250,0.275,11,69,FAILURE,250,30.0,0,6.543711600010283
250,0.275,18,69,FAILURE,251,30.0,0,6.439772899961099
250,0.275,16,69,FAILURE,250,27.0,0,6.491808000020683
250,0.275,12,69,FAILURE,251,34.0,0,6.573025300051086
250,0.275,13,69,FAILURE,250,33.0,0,6.5667697000317276
250,0.275,17,69,FAILURE,250,32.0,0,6.5308852000162005
250,0.275,20,69,FAILURE,251,28.0,0,6.507429399993271
250,0.275,21,69,FAILURE,252,31.0,0,6.576596700004302
250,0.275,22,69,FAILURE,252,34.0,0,6.517743299948052
250,0.275,26,69,FAILURE,253,30.0,0,6.446912300074473
250,0.275,30,69,FAILURE,251,30.0,0,6.378641500021331
250,0.275,25,69,FAILURE,250,28.0,0,6.533649999997579
250,0.275,27,69,FAILURE,251,32.0,0,6.480019500013441
250,0.275,29,69,FAILURE,251,30.0,0,6.454230000032112
250,0.275,24,69,FAILURE,254,35.0,0,6.566632300033234
250,0.275,28,69,FAILURE,252,28.0,0,6.505265999934636
250,0.275,32,69,FAILURE,252,32.0,0,6.415091900038533
250,0.275,31,69,FAILURE,252,28.0,0,6.561114700045437
250,0.275,23,69,SUCCESS,26741,3000.0,1801,6.743785599945113
250,0.275,34,69,FAILURE,251,42.0,0,6.638224499998614
250,0.275,39,69,FAILURE,251,33.0,0,6.574972899979912
250,0.275,37,69,FAILURE,251,34.0,0,6.665657900040969
250,0.275,40,69,FAILURE,250,32.0,0,6.667256299988367
250,0.275,42,69,FAILURE,250,27.0,0,6.596608299994841
250,0.275,38,69,FAILURE,251,32.0,0,6.752257400075905
250,0.275,35,69,FAILURE,250,28.0,0,6.807742099976167
250,0.275,33,69,FAILURE,250,25.0,0,6.869744899915531
250,0.275,41,69,FAILURE,250,25.0,0,6.741617599967867
250,0.275,36,69,FAILURE,251,33.0,0,6.878122700029053
250,0.275,43,69,FAILURE,250,32.0,0,6.7457502000033855
250,0.275,44,69,FAILURE,251,34.0,0,6.7528737999964505
250,0.275,45,69,FAILURE,252,30.0,0,6.771252100006677
250,0.275,50,69,FAILURE,251,34.0,0,6.655619299970567
250,0.275,47,69,FAILURE,253,27.0,0,6.738388599944301
250,0.275,46,69,FAILURE,254,28.0,0,6.779905300005339
250,0.275,49,69,FAILURE,251,27.0,0,6.717956300009973
250,0.275,48,69,FAILURE,250,25.0,0,6.748329799971543
250,0.275,52,69,FAILURE,251,28.0,0,6.663941900013015
250,0.275,51,69,FAILURE,251,28.0,0,6.730804200051352
250,0.275,53,69,FAILURE,250,29.0,0,6.702857199939899
250,0.275,54,69,FAILURE,250,25.0,0,6.667846200056374
250,0.275,55,69,FAILURE,250,32.0,0,6.450397100066766
250,0.275,59,69,FAILURE,250,31.0,0,6.433902399963699
250,0.275,56,69,FAILURE,251,34.0,0,6.568722299998626
250,0.275,63,69,FAILURE,253,33.0,0,6.705354699981399
250,0.275,60,69,FAILURE,251,35.0,0,6.739944899920374
250,0.275,62,69,FAILURE,252,26.0,0,6.722093900083564
250,0.275,61,69,FAILURE,252,31.0,0,6.766218799981289
250,0.275,57,69,FAILURE,251,28.0,0,6.870148699963465
250,0.275,64,69,FAILURE,251,28.0,0,6.794269299949519
250,0.275,58,69,FAILURE,251,33.0,0,6.963848199928179
250,0.275,65,69,FAILURE,250,32.0,0,6.875727199949324
250,0.275,67,69,FAILURE,250,27.0,0,6.72782389994245
250,0.275,66,69,FAILURE,250,28.0,0,6.858144499943592
250,0.275,68,69,FAILURE,250,30.0,0,6.7352022000122815
250,0.275,72,69,FAILURE,250,38.0,0,6.607021800009534
250,0.275,73,69,FAILURE,251,26.0,0,6.588337099994533
250,0.275,70,69,FAILURE,250,30.0,0,6.7327477999497205
250,0.275,74,69,FAILURE,252,30.0,0,6.620196299976669
250,0.275,71,69,FAILURE,251,31.0,0,6.80119189992547
250,0.275,69,69,FAILURE,251,35.0,0,6.819848000071943
250,0.275,75,69,FAILURE,250,34.0,0,6.809413800016046
250,0.275,76,69,FAILURE,250,28.0,0,6.817187700071372
250,0.275,77,69,FAILURE,250,27.0,0,6.757660899893381
250,0.275,78,69,FAILURE,252,28.0,0,6.806835400057025
250,0.275,79,69,FAILURE,250,35.0,0,6.785982400062494
250,0.275,81,69,FAILURE,250,38.0,0,6.763178699999116
250,0.275,80,69,FAILURE,250,32.0,0,6.790728599997237
250,0.275,83,69,FAILURE,250,30.0,0,6.720016599982046
250,0.275,84,69,FAILURE,252,30.0,0,6.733162499964237
250,0.275,85,69,FAILURE,252,35.0,0,6.730797700001858
250,0.275,82,69,FAILURE,250,25.0,0,6.812978100031614
250,0.275,86,69,FAILURE,250,28.0,0,6.823992799967527
250,0.275,87,69,FAILURE,251,29.0,0,6.791632000007667
250,0.275,88,69,FAILURE,251,30.0,0,6.452475699945353
250,0.275,89,69,FAILURE,262,43.0,0,6.401173299993388
250,0.275,90,69,FAILURE,251,29.0,0,6.610102199949324
250,0.275,96,69,FAILURE,250,30.0,0,6.445814299979247
250,0.275,92,69,FAILURE,256,24.0,0,6.710718799964525
250,0.275,91,69,FAILURE,251,28.0,0,6.859242200036533
250,0.275,94,69,FAILURE,251,26.0,0,6.805029499926604
250,0.275,93,69,FAILURE,251,32.0,0,6.96950659994036
250,0.275,97,69,FAILURE,250,30.0,0,6.658191000111401
250,0.275,95,69,FAILURE,250,30.0,0,6.964502300019376
250,0.275,98,69,FAILURE,251,31.0,0,6.876708399970084
250,0.275,99,69,FAILURE,251,30.0,0,3.2421654000645503
250,0.3,7,75,FAILURE,250,25.0,0,6.407914900104515
250,0.3,10,75,FAILURE,251,28.0,0,6.449215000029653
250,0.3,1,75,FAILURE,251,25.0,0,6.544138800003566
250,0.3,0,75,FAILURE,250,27.0,0,6.579999899957329
250,0.3,6,75,FAILURE,250,27.0,0,6.571177099947818
250,0.3,4,75,FAILURE,250,29.0,0,6.594193800003268
250,0.3,8,75,FAILURE,252,28.0,0,6.630124900024384
250,0.3,5,75,FAILURE,256,36.0,0,6.678027500049211
250,0.3,2,75,FAILURE,250,26.0,0,6.7064455000218
250,0.3,9,75,FAILURE,251,28.0,0,6.668868700042367
250,0.3,3,75,FAILURE,250,25.0,0,6.719643499935046
250,0.3,11,75,FAILURE,250,30.0,0,6.780562500003725
250,0.3,14,75,FAILURE,250,30.0,0,6.876793100032955
250,0.3,12,75,FAILURE,251,33.0,0,6.926110700005665
250,0.3,17,75,FAILURE,250,28.0,0,6.767860800027847
250,0.3,21,75,FAILURE,250,29.0,0,6.725570000009611
250,0.3,18,75,FAILURE,251,29.0,0,6.749816600000486
250,0.3,13,75,FAILURE,250,25.0,0,6.9141806999687105
250,0.3,16,75,FAILURE,250,27.0,0,6.84506079996936
250,0.3,15,75,FAILURE,250,28.0,0,6.878092200029641
250,0.3,20,75,FAILURE,251,28.0,0,6.811742900055833
250,0.3,19,75,FAILURE,252,28.0,0,6.877713900059462
250,0.3,22,75,FAILURE,252,34.0,0,6.296998400008306
250,0.3,25,75,FAILURE,250,28.0,0,6.301775300060399
250,0.3,30,75,FAILURE,251,30.0,0,6.302634100080468
250,0.3,24,75,FAILURE,254,35.0,0,6.362767999991775
250,0.3,23,75,FAILURE,251,26.0,0,6.366732900030911
250,0.3,28,75,FAILURE,252,26.0,0,6.351492900052108
250,0.3,27,75,FAILURE,250,31.0,0,6.391229899949394
250,0.3,29,75,FAILURE,251,30.0,0,6.440006099990569
250,0.3,31,75,FAILURE,252,27.0,0,6.385133399977349
250,0.3,32,75,FAILURE,254,31.0,0,6.353164100088179
250,0.3,26,75,FAILURE,253,30.0,0,6.511330300010741
250,0.3,33,75,FAILURE,252,25.0,0,6.227575300028548
250,0.3,37,75,FAILURE,252,34.0,0,6.180573199992068
250,0.3,34,75,FAILURE,252,39.0,0,6.295844700071029
250,0.3,35,75,FAILURE,250,28.0,0,6.280720199923962
250,0.3,36,75,FAILURE,251,33.0,0,6.2949647000059485
250,0.3,39,75,FAILURE,251,33.0,0,6.338192999945022
250,0.3,41,75,FAILURE,250,25.0,0,6.2925120000727475
250,0.3,38,75,FAILURE,254,32.0,0,6.436442699981853
250,0.3,40,75,FAILURE,250,32.0,0,6.353922999929637
250,0.3,43,75,FAILURE,250,32.0,0,6.331393199972808
250,0.3,42,75,FAILURE,250,25.0,0,6.370216100011021
250,0.3,44,75,FAILURE,254,34.0,0,6.532844200031832
250,0.3,46,75,FAILURE,255,27.0,0,6.254161300021224
250,0.3,45,75,FAILURE,251,27.0,0,6.327740699984133
250,0.3,47,75,FAILURE,252,26.0,0,6.476675600046292
250,0.3,50,75,FAILURE,251,34.0,0,6.334424200002104
250,0.3,48,75,FAILURE,250,25.0,0,6.5277647000039
250,0.3,49,75,FAILURE,251,27.0,0,6.4725411999970675
250,0.3,54,75,FAILURE,250,25.0,0,6.40509260003455
250,0.3,51,75,FAILURE,251,28.0,0,6.551440600072965
250,0.3,53,75,FAILURE,250,29.0,0,6.5400898000225425
250,0.3,52,75,FAILURE,252,29.0,0,6.601533800014295
250,0.3,57,75,FAILURE,251,28.0,0,6.565466300002299
250,0.3,56,75,FAILURE,251,34.0,0,6.59066960006021
250,0.3,55,75,FAILURE,250,28.0,0,6.643629599944688
250,0.3,60,75,FAILURE,251,30.0,0,6.434760299976915
250,0.3,59,75,FAILURE,252,31.0,0,6.6234214999713
250,0.3,58,75,FAILURE,251,33.0,0,6.638096600072458
250,0.3,63,75,FAILURE,253,33.0,0,6.445794600062072
250,0.3,64,75,FAILURE,251,28.0,0,6.418359400006011
250,0.3,62,75,FAILURE,252,26.0,0,6.5462476999964565
250,0.3,61,75,FAILURE,252,31.0,0,6.610427399980836
250,0.3,65,75,FAILURE,250,32.0,0,6.578317400068045
250,0.3,67,75,FAILURE,250,25.0,0,6.2302685000468045
250,0.3,66,75,FAILURE,250,26.0,0,6.259235300007276
250,0.3,68,75,FAILURE,250,30.0,0,6.264845600002445
250,0.3,69,75,FAILURE,252,35.0,0,6.3330543000483885
250,0.3,71,75,FAILURE,251,26.0,0,6.29823519999627
250,0.3,70,75,FAILURE,251,26.0,0,6.358720500022173
250,0.3,73,75,FAILURE,251,26.0,0,6.3442317000590265
250,0.3,75,75,FAILURE,250,32.0,0,6.353894000058062
250,0.3,72,75,FAILURE,250,37.0,0,6.40913379995618
250,0.3,74,75,FAILURE,252,30.0,0,6.393849199987017
250,0.3,76,75,FAILURE,250,28.0,0,6.249834800022654
250,0.3,77,75,FAILURE,251,24.0,0,6.264691899996251
250,0.3,78,75,FAILURE,252,27.0,0,6.281903399969451
250,0.3,79,75,FAILURE,250,31.0,0,6.272737000021152
250,0.3,80,75,FAILURE,250,32.0,0,6.196616100030951
250,0.3,81,75,FAILURE,250,31.0,0,6.337305000051856
250,0.3,82,75,FAILURE,250,25.0,0,6.296030199970119
250,0.3,83,75,FAILURE,250,29.0,0,6.302912199986167
250,0.3,84,75,FAILURE,252,30.0,0,6.324763800017536
250,0.3,85,75,FAILURE,252,30.0,0,6.299716100096703
250,0.3,86,75,FAILURE,250,28.0,0,6.333070400054567
250,0.3,87,75,FAILURE,251,29.0,0,6.395549000008032
250,0.3,88,75,FAILURE,251,30.0,0,6.233265599934384
250,0.3,89,75,FAILURE,263,43.0,0,6.235968200024217
250,0.3,90,75,FAILURE,251,28.0,0,6.232462099986151
250,0.3,91,75,FAILURE,251,27.0,0,6.309335800004192
250,0.3,93,75,FAILURE,250,32.0,0,6.123414000030607
250,0.3,92,75,FAILURE,256,24.0,0,6.231995699927211
250,0.3,94,75,FAILURE,251,26.0,0,6.174856500001624
250,0.3,95,75,FAILURE,250,30.0,0,6.181208399939351
250,0.3,97,75,FAILURE,250,25.0,0,6.146266499999911
250,0.3,96,75,FAILURE,250,30.0,0,6.237508299993351
250,0.3,98,75,FAILURE,253,29.0,0,6.1638524000300094
250,0.3,99,75,FAILURE,251,30.0,0,2.797253700089641
250,0.325,4,81,FAILURE,250,29.0,0,6.174185600015335
250,0.325,1,81,FAILURE,251,25.0,0,6.255504100001417
250,0.325,2,81,FAILURE,250,26.0,0,6.3827397000277415
250,0.325,7,81,FAILURE,250,25.0,0,6.339521100046113
250,0.325,0,81,FAILURE,250,24.0,0,6.419421500060707
250,0.325,5,81,FAILURE,254,31.0,0,6.403768099960871
250,0.325,3,81,FAILURE,250,23.0,0,6.580742800026201
250,0.325,8,81,FAILURE,252,28.0,0,6.622523700003512
250,0.325,10,81,FAILURE,251,28.0,0,6.628483800101094
250,0.325,6,81,FAILURE,250,27.0,0,6.68684460001532
250,0.325,9,81,FAILURE,251,28.0,0,6.725825299974531
250,0.325,12,81,FAILURE,251,33.0,0,6.463191399932839
250,0.325,11,81,FAILURE,250,30.0,0,6.555685199913569
250,0.325,13,81,FAILURE,250,25.0,0,6.626897200010717
250,0.325,16,81,FAILURE,250,23.0,0,6.5783138000406325
250,0.325,15,81,FAILURE,252,28.0,0,6.608253499958664
250,0.325,14,81,FAILURE,250,30.0,0,6.625342500046827
250,0.325,18,81,FAILURE,251,29.0,0,6.505856000003405
250,0.325,19,81,FAILURE,250,26.0,0,6.494521699962206
250,0.325,17,81,FAILURE,250,28.0,0,6.619655599934049
250,0.325,20,81,FAILURE,250,28.0,0,6.6489273000042886
250,0.325,21,81,FAILURE,250,24.0,0,6.593360299943015
250,0.325,22,81,FAILURE,252,34.0,0,6.407858099904843
250,0.325,23,81,FAILURE,251,26.0,0,6.448861500015482
250,0.325,25,81,FAILURE,250,28.0,0,6.236113399965689
250,0.325,26,81,FAILURE,251,29.0,0,6.23671980004292
250,0.325,24,81,FAILURE,255,34.0,0,6.305276399943978
250,0.325,27,81,FAILURE,251,29.0,0,6.320041899918579
250,0.325,29,81,FAILURE,251,27.0,0,6.241386899957433
250,0.325,28,81,FAILURE,252,25.0,0,6.296228299965151
250,0.325,31,81,FAILURE,252,26.0,0,6.254391599912196
250,0.325,30,81,FAILURE,251,30.0,0,6.431464200024493
250,0.325,32,81,FAILURE,252,31.0,0,6.298820900032297
250,0.325,33,81,FAILURE,252,23.0,0,6.327771499985829
250,0.325,34,81,FAILURE,252,39.0,0,6.32879659999162
250,0.325,35,81,FAILURE,250,27.0,0,6.332091000047512
250,0.325,38,81,FAILURE,254,31.0,0,6.302212900016457
250,0.325,36,81,FAILURE,251,30.0,0,6.407109599909745
250,0.325,37,81,FAILURE,252,34.0,0,6.403037799987942
250,0.325,39,81,FAILURE,251,31.0,0,6.287715999991633
250,0.325,40,81,FAILURE,250,32.0,0,6.332607899908908
250,0.325,41,81,FAILURE,250,25.0,0,6.2005188999464735
250,0.325,43,81,FAILURE,250,32.0,0,6.304216000018641
250,0.325,42,81,FAILURE,250,24.0,0,6.437060300027952
250,0.325,44,81,FAILURE,254,30.0,0,6.592035199981183
250,0.325,46,81,FAILURE,255,27.0,0,6.484098199987784
250,0.325,45,81,FAILURE,251,27.0,0,6.636613800073974
250,0.325,47,81,FAILURE,253,26.0,0,6.606150400009938
250,0.325,48,81,FAILURE,250,25.0,0,6.60618100001011
250,0.325,50,81,FAILURE,251,30.0,0,6.542928899987601
250,0.325,49,81,FAILURE,251,26.0,0,6.633282299968414
250,0.325,52,81,FAILURE,252,29.0,0,6.556176899932325
250,0.325,51,81,FAILURE,251,28.0,0,6.59502759994939
250,0.325,53,81,FAILURE,251,29.0,0,6.545091100037098
250,0.325,54,81,FAILURE,251,25.0,0,6.55297249997966
250,0.325,55,81,FAILURE,250,26.0,0,6.653024800005369
250,0.325,56,81,FAILURE,251,34.0,0,6.695541399996728
250,0.325,57,81,FAILURE,250,26.0,0,6.74321600003168
250,0.325,60,81,FAILURE,251,29.0,0,6.636337599949911
250,0.325,59,81,FAILURE,252,31.0,0,6.7474463999969885
250,0.325,58,81,FAILURE,251,33.0,0,6.785015399917029
250,0.325,63,81,FAILURE,253,32.0,0,6.645502100000158
250,0.325,61,81,FAILURE,251,30.0,0,6.762926900060847
250,0.325,62,81,FAILURE,252,26.0,0,6.76249590003863
250,0.325,64,81,FAILURE,251,28.0,0,6.791516899946146
250,0.325,65,81,FAILURE,250,32.0,0,6.708645299891941
250,0.325,66,81,FAILURE,250,26.0,0,6.361380900023505
250,0.325,67,81,FAILURE,250,24.0,0,6.3770779999904335
250,0.325,68,81,FAILURE,250,29.0,0,6.340209100046195
250,0.325,69,81,FAILURE,252,35.0,0,6.436649399925955
250,0.325,73,81,FAILURE,251,25.0,0,6.259745600051247
250,0.325,70,81,FAILURE,251,25.0,0,6.414366299984977
250,0.325,72,81,FAILURE,250,35.0,0,6.430674700066447
250,0.325,71,81,FAILURE,251,26.0,0,6.46752110007219
250,0.325,75,81,FAILURE,250,25.0,0,6.355617000022903
250,0.325,74,81,FAILURE,251,30.0,0,6.527467899955809
250,0.325,76,81,FAILURE,250,26.0,0,6.428369100089185
250,0.325,78,81,FAILURE,252,27.0,0,6.320667400024831
250,0.325,77,81,FAILURE,251,24.0,0,6.514334899955429
250,0.325,81,81,FAILURE,252,29.0,0,6.205269200028852
250,0.325,79,81,FAILURE,250,31.0,0,6.3914748999523
250,0.325,80,81,FAILURE,251,31.0,0,6.309849000070244
250,0.325,83,81,FAILURE,250,29.0,0,6.296593700069934
250,0.325,82,81,FAILURE,251,23.0,0,6.403260400053114
250,0.325,84,81,FAILURE,252,30.0,0,6.38394500000868
250,0.325,85,81,FAILURE,253,29.0,0,6.343715099967085
250,0.325,86,81,FAILURE,250,28.0,0,6.422347699990496
250,0.325,87,81,FAILURE,251,27.0,0,6.364307099953294
250,0.325,89,81,FAILURE,255,32.0,0,6.211004800046794
250,0.325,88,81,FAILURE,250,25.0,0,6.329924099962227
250,0.325,91,81,FAILURE,251,27.0,0,6.21985210001003
250,0.325,92,81,FAILURE,256,24.0,0,6.205171899986453
250,0.325,90,81,FAILURE,251,28.0,0,6.306257199961692
250,0.325,93,81,FAILURE,250,32.0,0,6.253184599918313
250,0.325,94,81,FAILURE,251,26.0,0,6.263592200004496
250,0.325,95,81,FAILURE,250,29.0,0,6.22121640003752
250,0.325,96,81,FAILURE,250,30.0,0,6.1579338000155985
250,0.325,98,81,FAILURE,253,29.0,0,6.062571399961598
250,0.325,97,81,FAILURE,250,25.0,0,6.1129126999294385
250,0.325,99,81,FAILURE,251,26.0,0,2.5564560999628156
250,0.35,0,88,FAILURE,250,24.0,0,6.554386499919929
250,0.35,1,88,FAILURE,251,25.0,0,6.548654800048098
250,0.35,2,88,FAILURE,250,26.0,0,6.585295800003223
250,0.35,10,88,FAILURE,251,28.0,0,6.544054200057872
250,0.35,3,88,FAILURE,251,24.0,0,6.60823559993878
250,0.35,9,88,FAILURE,251,27.0,0,6.60763029998634
250,0.35,4,88,FAILURE,253,29.0,0,6.645907900063321
250,0.35,7,88,FAILURE,250,25.0,0,6.6699193000094965
250,0.35,6,88,FAILURE,250,26.0,0,6.682965000043623
250,0.35,5,88,FAILURE,255,31.0,0,6.726321000023745
250,0.35,8,88,FAILURE,252,28.0,0,6.741543199983425
250,0.35,12,88,FAILURE,251,33.0,0,6.835074699949473
250,0.35,11,88,FAILURE,250,25.0,0,6.847444100072607
250,0.35,14,88,FAILURE,250,30.0,0,6.787157799932174
250,0.35,13,88,FAILURE,250,24.0,0,6.830148599925451
250,0.35,18,88,FAILURE,251,29.0,0,6.7603582999436185
250,0.35,15,88,FAILURE,254,28.0,0,6.851381200016476
250,0.35,16,88,FAILURE,250,23.0,0,6.841142599936575
250,0.35,19,88,FAILURE,250,25.0,0,6.778952999971807
250,0.35,20,88,FAILURE,250,27.0,0,6.783150999923237
250,0.35,17,88,FAILURE,252,30.0,0,6.891861899988726
250,0.35,21,88,FAILURE,250,23.0,0,6.80061489995569
250,0.35,23,88,FAILURE,251,26.0,0,6.170770600088872
250,0.35,25,88,FAILURE,250,28.0,0,6.1513253999874
250,0.35,24,88,FAILURE,255,34.0,0,6.1653968000318855
250,0.35,22,88,FAILURE,252,31.0,0,6.328934399993159
250,0.35,27,88,FAILURE,251,29.0,0,6.300863699987531
250,0.35,28,88,FAILURE,252,24.0,0,6.304525899933651
250,0.35,26,88,FAILURE,250,29.0,0,6.369542300002649
250,0.35,30,88,FAILURE,251,30.0,0,6.314762599999085
250,0.35,29,88,FAILURE,251,27.0,0,6.361697599990293
250,0.35,32,88,FAILURE,254,30.0,0,6.399454100057483
250,0.35,31,88,FAILURE,253,24.0,0,6.447658899938688
250,0.35,35,88,FAILURE,250,27.0,0,6.24601789994631
250,0.35,34,88,FAILURE,252,39.0,0,6.27805839991197
250,0.35,33,88,FAILURE,252,23.0,0,6.390404199948534
250,0.35,36,88,FAILURE,251,27.0,0,6.38808289996814
250,0.35,39,88,FAILURE,251,31.0,0,6.302444799919613
250,0.35,38,88,FAILURE,254,28.0,0,6.3816423000535
250,0.35,37,88,FAILURE,252,34.0,0,6.415680599980988
250,0.35,40,88,FAILURE,250,32.0,0,6.379642900079489
250,0.35,41,88,FAILURE,250,25.0,0,6.391212500049733
250,0.35,43,88,FAILURE,253,26.0,0,6.321724300039932
250,0.35,42,88,FAILURE,250,24.0,0,6.360513999941759
250,0.35,45,88,FAILURE,254,27.0,0,6.656452899915166
250,0.35,48,88,FAILURE,250,23.0,0,6.3911492000333965
250,0.35,50,88,FAILURE,251,30.0,0,6.435169399948791
250,0.35,46,88,FAILURE,257,27.0,0,6.69701369991526
250,0.35,44,88,FAILURE,254,30.0,0,6.871459700050764
250,0.35,53,88,FAILURE,252,29.0,0,6.479163600015454
250,0.35,49,88,FAILURE,251,26.0,0,6.703920800006017
250,0.35,51,88,FAILURE,251,28.0,0,6.737112900009379
250,0.35,47,88,FAILURE,251,26.0,0,6.880791099974886
250,0.35,52,88,FAILURE,252,26.0,0,6.8935262999730185
250,0.35,54,88,FAILURE,251,25.0,0,6.862761699943803
250,0.35,55,88,FAILURE,250,25.0,0,6.606454199994914
250,0.35,56,88,FAILURE,254,33.0,0,6.649223699932918
250,0.35,57,88,FAILURE,250,25.0,0,6.754210600047372
250,0.35,58,88,FAILURE,251,33.0,0,6.786670099943876
250,0.35,59,88,FAILURE,252,26.0,0,6.785607300000265
250,0.35,60,88,FAILURE,251,27.0,0,6.7490080000134185
250,0.35,61,88,FAILURE,252,28.0,0,6.699037199956365
250,0.35,65,88,FAILURE,250,27.0,0,6.598960599978454
250,0.35,62,88,FAILURE,250,25.0,0,6.838163200067356
250,0.35,63,88,FAILURE,251,25.0,0,6.828313400037587
250,0.35,64,88,FAILURE,251,26.0,0,6.868035100051202
250,0.35,67,88,FAILURE,250,24.0,0,6.758863199967891
250,0.35,66,88,FAILURE,250,26.0,0,6.833435199921951
250,0.35,68,88,FAILURE,250,27.0,0,6.775617300067097
250,0.35,69,88,FAILURE,251,32.0,0,6.786437799921259
250,0.35,70,88,FAILURE,251,25.0,0,6.822470300015993
250,0.35,72,88,FAILURE,250,32.0,0,6.751802599988878
250,0.35,71,88,FAILURE,251,25.0,0,6.8284249000716954
250,0.35,74,88,FAILURE,250,28.0,0,6.814558899961412
250,0.35,75,88,FAILURE,250,23.0,0,6.833551999996416
250,0.35,73,88,FAILURE,251,25.0,0,6.8531079000094905
250,0.35,76,88,FAILURE,250,26.0,0,6.801739300019108
250,0.35,78,88,FAILURE,253,26.0,0,6.553194200037979
250,0.35,77,88,FAILURE,251,24.0,0,6.586852599983104
250,0.35,79,88,FAILURE,251,31.0,0,6.545117100002244
250,0.35,80,88,FAILURE,250,30.0,0,6.6282123000128195
250,0.35,81,88,FAILURE,254,29.0,0,6.574781800038181
250,0.35,83,88,FAILURE,250,26.0,0,6.562117800000124
250,0.35,82,88,FAILURE,251,23.0,0,6.640358500066213
250,0.35,86,88,FAILURE,251,27.0,0,6.523203200078569
250,0.35,85,88,FAILURE,253,28.0,0,6.654036499909125
250,0.35,87,88,FAILURE,251,26.0,0,6.510400700033642
250,0.35,84,88,FAILURE,252,30.0,0,6.699252899968997
250,0.35,88,88,FAILURE,250,25.0,0,6.362199599971063
250,0.35,89,88,FAILURE,255,31.0,0,6.34675539995078
250,0.35,92,88,FAILURE,257,24.0,0,6.237677700002678
250,0.35,91,88,FAILURE,252,27.0,0,6.341661300044507
250,0.35,90,88,FAILURE,251,28.0,0,6.503884200006723
250,0.35,93,88,FAILURE,250,30.0,0,6.315206800005399
250,0.35,94,88,FAILURE,250,25.0,0,6.34659199998714
250,0.35,95,88,FAILURE,250,25.0,0,6.225338499993086
250,0.35,97,88,FAILURE,250,25.0,0,6.122528099920601
250,0.35,98,88,FAILURE,253,26.0,0,6.1335954000242054
250,0.35,96,88,FAILURE,250,29.0,0,6.195310300099663
250,0.35,99,88,FAILURE,251,26.0,0,2.679122700006701
250,0.4,2,100,FAILURE,250,23.0,0,6.1789146000519395
250,0.4,0,100,FAILURE,252,24.0,0,6.285871499916539
250,0.4,5,100,FAILURE,255,31.0,0,6.253510499955155
250,0.4,7,100,FAILURE,250,25.0,0,6.267608900088817
250,0.4,8,100,FAILURE,252,27.0,0,6.308060099952854
250,0.4,4,100,FAILURE,254,29.0,0,6.325076300068758
250,0.4,9,100,FAILURE,251,26.0,0,6.326408600085415
250,0.4,6,100,FAILURE,250,26.0,0,6.353410599986091
250,0.4,1,100,FAILURE,253,24.0,0,6.393361800001003
250,0.4,10,100,FAILURE,251,23.0,0,6.37776079995092
250,0.4,3,100,FAILURE,251,24.0,0,6.420105000026524
250,0.4,16,100,FAILURE,250,23.0,0,6.167265299940482
250,0.4,18,100,FAILURE,250,25.0,0,6.233319199993275
250,0.4,19,100,FAILURE,250,25.0,0,6.2820935000199825
250,0.4,11,100,FAILURE,250,23.0,0,6.4924138999776915
250,0.4,13,100,FAILURE,250,24.0,0,6.451440199976787
250,0.4,12,100,FAILURE,250,28.0,0,6.542433899943717
250,0.4,21,100,FAILURE,250,22.0,0,6.535229500033893
250,0.4,14,100,FAILURE,250,29.0,0,6.831104599987157
250,0.4,15,100,FAILURE,254,28.0,0,6.8614246000070125
250,0.4,20,100,FAILURE,251,23.0,0,6.768821799894795
250,0.4,17,100,FAILURE,253,27.0,0,6.842425199924037
250,0.4,22,100,FAILURE,251,22.0,0,6.260714499978349
250,0.4,24,100,FAILURE,250,32.0,0,6.16545759991277
250,0.4,23,100,FAILURE,251,23.0,0,6.348856800002977
250,0.4,25,100,FAILURE,250,28.0,0,6.525154900038615
250,0.4,26,100,FAILURE,251,28.0,0,6.5342239999445155
250,0.4,27,100,FAILURE,252,27.0,0,6.5652344999834895
250,0.4,28,100,FAILURE,252,24.0,0,6.533615299966186
250,0.4,30,100,FAILURE,252,29.0,0,6.57346680003684
250,0.4,29,100,FAILURE,252,27.0,0,6.68139180005528
250,0.4,31,100,FAILURE,253,24.0,0,6.7195832000579685
250,0.4,32,100,FAILURE,256,30.0,0,6.767346199951135
250,0.4,33,100,FAILURE,252,23.0,0,6.593797100009397
250,0.4,35,100,FAILURE,250,26.0,0,6.435992100043222
250,0.4,34,100,FAILURE,250,28.0,0,6.5881527999881655
250,0.4,38,100,FAILURE,254,27.0,0,6.31003359996248
250,0.4,37,100,FAILURE,252,30.0,0,6.447602999978699
250,0.4,36,100,FAILURE,250,27.0,0,6.605150299961679
250,0.4,39,100,FAILURE,250,24.0,0,6.541846300009638
250,0.4,41,100,FAILURE,250,24.0,0,6.256683600018732
250,0.4,42,100,FAILURE,250,22.0,0,6.256964199943468
250,0.4,40,100,FAILURE,250,30.0,0,6.487532900064252
250,0.4,43,100,FAILURE,253,26.0,0,6.476408499991521
250,0.4,44,100,FAILURE,250,24.0,0,6.851617000065744
250,0.4,45,100,FAILURE,254,25.0,0,6.831378899980336
250,0.4,46,100,FAILURE,255,27.0,0,6.831655899994075
250,0.4,47,100,FAILURE,251,25.0,0,6.616654600016773
250,0.4,48,100,FAILURE,250,23.0,0,6.836243300000206
250,0.4,49,100,FAILURE,251,24.0,0,6.858804200077429
250,0.4,51,100,FAILURE,250,28.0,0,6.674242899985984
250,0.4,50,100,FAILURE,251,26.0,0,6.9489883000496775
250,0.4,52,100,FAILURE,252,25.0,0,6.831529200077057
250,0.4,53,100,FAILURE,250,27.0,0,6.923211900051683
250,0.4,54,100,FAILURE,251,25.0,0,6.866765000042506
250,0.4,57,100,FAILURE,250,23.0,0,6.698597899987362
250,0.4,56,100,FAILURE,253,32.0,0,6.768860899959691
250,0.4,55,100,FAILURE,251,25.0,0,6.826120399986394
250,0.4,58,100,FAILURE,254,32.0,0,6.784450800041668
250,0.4,59,100,FAILURE,250,25.0,0,6.644377200049348
250,0.4,60,100,FAILURE,251,26.0,0,6.753836899995804
250,0.4,61,100,FAILURE,254,30.0,0,6.790664599975571
250,0.4,63,100,FAILURE,251,25.0,0,6.789232399896719
250,0.4,62,100,FAILURE,250,25.0,0,6.8122080999892205
250,0.4,64,100,FAILURE,251,26.0,0,6.916651000035927
250,0.4,65,100,FAILURE,251,24.0,0,6.879335800069384
250,0.4,66,100,FAILURE,250,26.0,0,6.648534700041637
250,0.4,67,100,FAILURE,252,24.0,0,6.693385099992156
250,0.4,69,100,FAILURE,257,30.0,0,6.677527399966493
250,0.4,68,100,FAILURE,250,25.0,0,6.853167499997653
250,0.4,70,100,FAILURE,251,23.0,0,6.715640100068413
250,0.4,71,100,FAILURE,251,24.0,0,6.708576900069602
250,0.4,72,100,FAILURE,250,31.0,0,6.658983999979682
250,0.4,74,100,FAILURE,250,27.0,0,6.728364199982025
250,0.4,73,100,FAILURE,251,24.0,0,6.7494594000745565
250,0.4,75,100,FAILURE,250,23.0,0,6.712331999908201
250,0.4,76,100,FAILURE,250,26.0,0,6.742735699983314
250,0.4,78,100,FAILURE,253,25.0,0,6.333734599989839
250,0.4,77,100,FAILURE,251,24.0,0,6.515680099953897
250,0.4,79,100,FAILURE,251,30.0,0,6.563973799929954
250,0.4,81,100,FAILURE,256,29.0,0,6.453150299959816
250,0.4,80,100,FAILURE,250,30.0,0,6.539706700015813
250,0.4,83,100,FAILURE,250,25.0,0,6.484172299969941
250,0.4,82,100,FAILURE,251,22.0,0,6.614772800006904
250,0.4,84,100,FAILURE,253,29.0,0,6.4297631999943405
250,0.4,85,100,FAILURE,253,27.0,0,6.445613899966702
250,0.4,86,100,FAILURE,251,26.0,0,6.461014200001955
250,0.4,87,100,FAILURE,251,23.0,0,6.46480870002415
250,0.4,88,100,FAILURE,252,26.0,0,6.551957999938168
250,0.4,89,100,FAILURE,254,30.0,0,6.472401599981822
250,0.4,90,100,FAILURE,251,27.0,0,6.497949699987657
250,0.4,91,100,FAILURE,252,27.0,0,6.485012000077404
250,0.4,92,100,FAILURE,255,22.0,0,6.517881099949591
250,0.4,94,100,FAILURE,250,25.0,0,6.329122200026177
250,0.4,93,100,FAILURE,250,30.0,0,6.424753300030716
250,0.4,95,100,FAILURE,250,25.0,0,6.316296600038186
250,0.4,96,100,FAILURE,250,27.0,0,6.290985699975863
250,0.4,97,100,FAILURE,250,24.0,0,6.122910200036131
250,0.4,98,100,FAILURE,254,25.0,0,6.066821500076912
250,0.4,99,100,FAILURE,252,26.0,0,2.7863904000259936
500,0.0,6,0,FAILURE,500,260.0,0,6.975675699999556
500,0.0,0,0,FAILURE,500,260.0,0,7.060612200060859
500,0.0,8,0,FAILURE,500,260.0,0,7.04651290003676
500,0.0,10,0,FAILURE,500,260.0,0,7.043375000008382
500,0.0,9,0,FAILURE,500,260.0,0,7.052911599981599
500,0.0,4,0,FAILURE,500,260.0,0,7.092329400009476
500,0.0,5,0,FAILURE,500,260.0,0,7.09959770005662
500,0.0,1,0,FAILURE,500,260.0,0,7.126605900004506
500,0.0,3,0,FAILURE,500,260.0,0,7.122866600053385
500,0.0,7,0,FAILURE,500,260.0,0,7.113137000007555
500,0.0,2,0,FAILURE,500,260.0,0,7.159497100044973
500,0.0,11,0,FAILURE,500,260.0,0,7.1295114000095055
500,0.0,16,0,FAILURE,500,260.0,0,7.11565180006437
500,0.0,14,0,FAILURE,500,260.0,0,7.1913737000431865
500,0.0,18,0,FAILURE,500,260.0,0,7.157401200034656
500,0.0,20,0,FAILURE,500,260.0,0,7.165936299948953
500,0.0,19,0,FAILURE,500,260.0,0,7.204451199970208
500,0.0,21,0,FAILURE,500,260.0,0,7.230987999937497
500,0.0,15,0,FAILURE,500,260.0,0,7.331138500012457
500,0.0,12,0,FAILURE,500,260.0,0,7.610705400002189
500,0.0,13,0,FAILURE,500,260.0,0,7.580065899994224
500,0.0,17,0,FAILURE,500,260.0,0,7.629894600016996
500,0.0,22,0,FAILURE,500,260.0,0,7.0950257000513375
500,0.0,24,0,FAILURE,500,260.0,0,7.173541600001045
500,0.0,26,0,FAILURE,500,260.0,0,7.212867800029926
500,0.0,23,0,FAILURE,500,260.0,0,7.35517459991388
500,0.0,27,0,FAILURE,500,260.0,0,7.428413299960084
500,0.0,30,0,FAILURE,500,260.0,0,7.227996499976143
500,0.0,31,0,FAILURE,500,260.0,0,7.246568500064313
500,0.0,25,0,FAILURE,500,260.0,0,7.650087699992582
500,0.0,28,0,FAILURE,500,260.0,0,7.586759399971925
500,0.0,29,0,FAILURE,500,260.0,0,8.108854199992493
500,0.0,32,0,FAILURE,500,260.0,0,8.0714491000399
500,0.0,33,0,FAILURE,500,260.0,0,6.8368697999976575
500,0.0,35,0,FAILURE,500,260.0,0,6.851553600048646
500,0.0,34,0,FAILURE,500,260.0,0,7.15080790000502
500,0.0,36,0,FAILURE,500,260.0,0,7.165390599984676
500,0.0,38,0,FAILURE,500,260.0,0,7.00320679997094
500,0.0,37,0,FAILURE,500,260.0,0,7.194051600061357
500,0.0,39,0,FAILURE,500,260.0,0,7.185405700001866
500,0.0,41,0,FAILURE,500,260.0,0,7.857741100015119
500,0.0,40,0,FAILURE,500,260.0,0,7.9892783999675885
500,0.0,42,0,FAILURE,500,260.0,0,7.730199699988589
500,0.0,43,0,FAILURE,500,260.0,0,7.651223100023344
500,0.0,44,0,FAILURE,500,260.0,0,7.04533720004838
500,0.0,45,0,FAILURE,500,260.0,0,7.010803999961354
500,0.0,47,0,FAILURE,500,260.0,0,6.943338499986567
500,0.0,46,0,FAILURE,500,260.0,0,7.150269499979913
500,0.0,48,0,FAILURE,500,260.0,0,6.88932110008318
500,0.0,49,0,FAILURE,500,260.0,0,7.003945500007831
500,0.0,50,0,FAILURE,500,260.0,0,7.057457200018689
500,0.0,51,0,FAILURE,500,260.0,0,7.117858999990858
500,0.0,52,0,FAILURE,500,260.0,0,7.1138419000199065
500,0.0,53,0,FAILURE,500,260.0,0,6.972145500010811
500,0.0,54,0,FAILURE,500,260.0,0,7.024322699988261
500,0.0,55,0,FAILURE,500,260.0,0,7.006791500025429
500,0.0,56,0,FAILURE,500,260.0,0,7.146432499983348
500,0.0,58,0,FAILURE,500,260.0,0,7.019885000074282
500,0.0,57,0,FAILURE,500,260.0,0,7.116549799917266
500,0.0,59,0,FAILURE,500,260.0,0,7.148085699998774
500,0.0,60,0,FAILURE,500,260.0,0,7.095000299974345
500,0.0,61,0,FAILURE,500,260.0,0,6.967273200047202
500,0.0,62,0,FAILURE,500,260.0,0,6.985332099953666
500,0.0,63,0,FAILURE,500,260.0,0,7.010334099992178
500,0.0,64,0,FAILURE,500,260.0,0,7.122541600023396
500,0.0,65,0,FAILURE,500,260.0,0,7.01877930003684
500,0.0,66,0,FAILURE,500,260.0,0,6.927127300063148
500,0.0,67,0,FAILURE,500,260.0,0,6.929502899991348
500,0.0,68,0,FAILURE,500,260.0,0,6.814134799991734
500,0.0,69,0,FAILURE,500,260.0,0,6.926250999909826
500,0.0,70,0,FAILURE,500,260.0,0,6.884613799978979
500,0.0,72,0,FAILURE,500,260.0,0,6.836288899998181
500,0.0,71,0,FAILURE,500,260.0,0,6.946235799929127
500,0.0,73,0,FAILURE,500,260.0,0,6.829416999942623
500,0.0,74,0,FAILURE,500,260.0,0,6.916677600005642
500,0.0,75,0,FAILURE,500,260.0,0,6.951415200019255
500,0.0,76,0,FAILURE,500,260.0,0,6.841377999982797
500,0.0,77,0,FAILURE,500,260.0,0,6.856027300003916
500,0.0,78,0,FAILURE,500,260.0,0,7.019839899963699
500,0.0,79,0,FAILURE,500,260.0,0,7.131175999995321
500,0.0,80,0,FAILURE,500,260.0,0,7.107865200028755
500,0.0,81,0,FAILURE,500,260.0,0,7.088405000045896
500,0.0,83,0,FAILURE,500,260.0,0,6.965438900049776
500,0.0,82,0,FAILURE,500,260.0,0,7.115858800010756
500,0.0,84,0,FAILURE,500,260.0,0,7.170211600023322
500,0.0,85,0,FAILURE,500,260.0,0,6.990217600017786
500,0.0,86,0,FAILURE,500,260.0,0,6.866088600014336
500,0.0,87,0,FAILURE,500,260.0,0,7.084747100016102
500,0.0,88,0,FAILURE,500,260.0,0,7.04230730002746
500,0.0,89,0,FAILURE,500,260.0,0,7.004234199994244
500,0.0,90,0,FAILURE,500,260.0,0,6.995739899924956
500,0.0,92,0,FAILURE,500,260.0,0,6.918139700079337
500,0.0,91,0,FAILURE,500,260.0,0,7.019119400065392
500,0.0,94,0,FAILURE,500,260.0,0,6.84836050006561
500,0.0,93,0,FAILURE,500,260.0,0,6.9663538000313565
500,0.0,96,0,FAILURE,500,260.0,0,6.52190149994567
500,0.0,95,0,FAILURE,500,260.0,0,6.61990719998721
500,0.0,97,0,FAILURE,500,260.0,0,6.447579500032589
500,0.0,98,0,FAILURE,500,260.0,0,6.246820200001821
500,0.0,99,0,FAILURE,500,260.0,0,3.3946247999556363
500,0.05,6,25,SUCCESS,37194,3000.0,2516,6.685523399966769
500,0.05,0,25,SUCCESS,56748,3000.0,3862,6.79963369993493
500,0.05,1,25,SUCCESS,46683,3000.0,3259,6.800306900055148
500,0.05,2,25,SUCCESS,42235,3000.0,2896,6.804098300053738
500,0.05,5,25,SUCCESS,50222,3000.0,3476,6.792372400057502
500,0.05,4,25,SUCCESS,35810,3000.0,2332,6.814436000073329
500,0.05,9,25,SUCCESS,39018,3000.0,2647,6.874454099917784
500,0.05,8,25,SUCCESS,43098,3000.0,2973,6.88208939996548
500,0.05,7,25,SUCCESS,42974,3000.0,2916,6.891197499935515
500,0.05,3,25,SUCCESS,40733,3000.0,2799,6.942792000016198
500,0.05,10,25,SUCCESS,46426,3000.0,3125,6.965374499908648
500,0.05,11,25,SUCCESS,28060,3000.0,1881,6.879305799957365
500,0.05,13,25,SUCCESS,52920,3000.0,3597,6.847884000046179
500,0.05,14,25,SUCCESS,43275,3000.0,2953,6.862907499889843
500,0.05,12,25,SUCCESS,34856,3000.0,2367,6.8834145000437275
500,0.05,16,25,SUCCESS,47688,3000.0,3238,6.87662310001906
500,0.05,20,25,SUCCESS,52237,3000.0,3457,6.8165890000527725
500,0.05,15,25,SUCCESS,49176,3000.0,3310,6.979748199926689
500,0.05,17,25,SUCCESS,49628,3000.0,3391,6.910527900094166
500,0.05,19,25,SUCCESS,36398,3000.0,2473,6.9313634999562055
500,0.05,18,25,SUCCESS,54497,3000.0,3697,6.98032659990713
500,0.05,21,25,SUCCESS,50941,3000.0,3464,7.028432000079192
500,0.05,31,25,SUCCESS,40250,3000.0,2725,6.81927880004514
500,0.05,27,25,FAILURE,500,74.0,0,6.965397199965082
500,0.05,28,25,SUCCESS,38952,3000.0,2584,6.955326800001785
500,0.05,30,25,SUCCESS,54855,3000.0,3750,6.910893600084819
500,0.05,23,25,SUCCESS,50572,3000.0,3466,7.163075399934314
500,0.05,24,25,SUCCESS,56205,3000.0,3867,7.195711300009862
500,0.05,22,25,SUCCESS,48830,3000.0,3317,7.319097200059332
500,0.05,25,25,SUCCESS,46315,3000.0,3157,7.308140399982221
500,0.05,26,25,SUCCESS,56644,3000.0,3873,7.289363399962895
500,0.05,29,25,SUCCESS,36329,3000.0,2442,7.333888299996033
500,0.05,32,25,SUCCESS,56842,3000.0,3862,7.577889599953778
500,0.05,37,25,SUCCESS,41529,3000.0,2852,6.696595299988985
500,0.05,36,25,SUCCESS,36302,3000.0,2447,6.8116575999883935
500,0.05,38,25,SUCCESS,47692,3000.0,3250,6.8036308999871835
500,0.05,33,25,SUCCESS,39967,3000.0,2722,7.002832199912518
500,0.05,34,25,SUCCESS,37917,3000.0,2611,7.04908299993258
500,0.05,35,25,SUCCESS,40087,3000.0,2772,7.249653399921954
500,0.05,39,25,SUCCESS,45072,3000.0,3044,7.17387050006073
500,0.05,40,25,SUCCESS,28111,3000.0,1907,7.709747799905017
500,0.05,42,25,FAILURE,500,61.0,0,7.545610199915245
500,0.05,41,25,SUCCESS,51230,3000.0,3480,7.760426399996504
500,0.05,43,25,SUCCESS,45022,3000.0,2961,7.7717970999656245
500,0.05,44,25,SUCCESS,44712,3000.0,3036,6.924184400006197
500,0.05,45,25,SUCCESS,45418,3000.0,3061,7.184630299918354
500,0.05,48,25,SUCCESS,44727,3000.0,3050,7.2652624999172986
500,0.05,46,25,SUCCESS,39239,3000.0,2656,7.409595799981616
500,0.05,47,25,SUCCESS,55196,3000.0,3786,7.388702499913052
500,0.05,50,25,SUCCESS,51099,3000.0,3474,7.32592560001649
500,0.05,49,25,SUCCESS,53624,3000.0,3669,7.494164900039323
500,0.05,51,25,SUCCESS,44802,3000.0,3051,7.12912029994186
500,0.05,52,25,SUCCESS,44834,3000.0,3035,7.347746499930508
500,0.05,53,25,SUCCESS,39804,3000.0,2712,7.295078899944201
500,0.05,54,25,SUCCESS,53276,3000.0,3628,6.955513499910012
500,0.05,55,25,SUCCESS,57014,3000.0,3840,7.003886300022714
500,0.05,56,25,SUCCESS,37880,3000.0,2582,6.989472199929878
500,0.05,59,25,SUCCESS,48968,3000.0,3380,6.9677539999829605
500,0.05,57,25,SUCCESS,27549,3000.0,1814,7.046470399945974
500,0.05,58,25,SUCCESS,54683,3000.0,3710,7.066131600062363
500,0.05,60,25,SUCCESS,44671,3000.0,3038,6.939398300019093
500,0.05,62,25,FAILURE,500,54.0,0,6.690884500043467
500,0.05,61,25,SUCCESS,54673,3000.0,3729,7.066582300001755
500,0.05,63,25,SUCCESS,53744,3000.0,3653,6.898439300013706
500,0.05,64,25,SUCCESS,53093,3000.0,3589,6.940007800003514
500,0.05,65,25,SUCCESS,37757,3000.0,2558,6.981574199977331
500,0.05,66,25,SUCCESS,44787,3000.0,3143,6.820059199933894
500,0.05,67,25,SUCCESS,44972,3000.0,3081,6.849532999913208
500,0.05,68,25,SUCCESS,33053,3000.0,2249,6.859103700029664
500,0.05,70,25,SUCCESS,45988,3000.0,3144,6.852866900037043
500,0.05,69,25,SUCCESS,59016,3000.0,4018,6.916899500065483
500,0.05,72,25,SUCCESS,44664,3000.0,3070,6.84868150006514
500,0.05,71,25,SUCCESS,51246,3000.0,3459,7.028307800064795
500,0.05,73,25,SUCCESS,36391,3000.0,2453,6.865003900020383
500,0.05,74,25,SUCCESS,54718,3000.0,3712,7.016949200071394
500,0.05,75,25,SUCCESS,56301,3000.0,3860,6.996258900035173
500,0.05,76,25,SUCCESS,39102,3000.0,2616,6.916507899994031
500,0.05,77,25,SUCCESS,38945,3000.0,2642,6.837470400030725
500,0.05,78,25,SUCCESS,51589,3000.0,3523,6.937892399961129
500,0.05,79,25,SUCCESS,32923,3000.0,2232,6.9983727999497205
500,0.05,80,25,SUCCESS,46145,3000.0,3171,6.961309199919924
500,0.05,81,25,SUCCESS,49045,3000.0,3342,6.964367700042203
500,0.05,82,25,SUCCESS,37092,3000.0,2508,7.021701700054109
500,0.05,84,25,SUCCESS,40855,3000.0,2756,7.033854999928735
500,0.05,83,25,SUCCESS,53011,3000.0,3612,7.184984800056554
500,0.05,85,25,SUCCESS,37028,3000.0,2510,6.969227000023238
500,0.05,86,25,SUCCESS,42011,3000.0,2868,7.06720970000606
500,0.05,87,25,SUCCESS,54688,3000.0,4024,7.024555100011639
500,0.05,88,25,SUCCESS,38892,3000.0,2683,6.8361495999852195
500,0.05,89,25,SUCCESS,38949,3000.0,2625,6.82292539998889
500,0.05,91,25,SUCCESS,41292,3000.0,2825,6.83001829998102
500,0.05,90,25,SUCCESS,49464,3000.0,3363,6.893399199936539
500,0.05,92,25,SUCCESS,53400,3000.0,3772,6.871131899999455
500,0.05,93,25,SUCCESS,56469,3000.0,3860,6.749532200046815
500,0.05,94,25,SUCCESS,47947,3000.0,3293,6.707205699989572
500,0.05,96,25,SUCCESS,54613,3000.0,3656,6.475899100070819
500,0.05,95,25,SUCCESS,58372,3000.0,4018,6.8627051000948995
500,0.05,97,25,SUCCESS,59060,3000.0,4022,6.445770299993455
500,0.05,98,25,SUCCESS,42463,3000.0,2837,6.396660399972461
500,0.05,99,25,SUCCESS,55107,3000.0,4016,3.560885199927725
500,0.075,1,38,FAILURE,500,58.0,0,6.655840000021271
500,0.075,2,38,FAILURE,500,58.0,0,6.705897800042294
500,0.075,4,38,SUCCESS,34502,3000.0,2354,6.790418499964289
500,0.075,9,38,SUCCESS,46429,3000.0,3186,6.763765700045042
500,0.075,3,38,SUCCESS,39307,3000.0,2663,6.8316201999550685
500,0.075,8,38,SUCCESS,50049,3000.0,3392,6.804506300017238
500,0.075,5,38,SUCCESS,46388,3000.0,3112,6.825182399945334
500,0.075,10,38,SUCCESS,29387,3000.0,1982,6.8102270000381395
500,0.075,6,38,SUCCESS,46559,3000.0,3133,6.945780899957754
500,0.075,7,38,SUCCESS,40161,3000.0,2654,6.951920799911022
500,0.075,0,38,SUCCESS,56812,3000.0,3863,7.0402152999304235
500,0.075,15,38,FAILURE,500,53.0,0,6.671108000096865
500,0.075,16,38,FAILURE,500,52.0,0,6.663525699987076
500,0.075,12,38,SUCCESS,36270,3000.0,2470,6.940102500026114
500,0.075,13,38,SUCCESS,52989,3000.0,3584,6.845359300030395
500,0.075,14,38,SUCCESS,43591,3000.0,2977,6.8479329000692815
500,0.075,11,38,SUCCESS,56916,3000.0,3880,7.037318399990909
500,0.075,17,38,SUCCESS,54666,3000.0,3710,6.986629599938169
500,0.075,20,38,SUCCESS,49491,3000.0,3363,6.857963899965398
500,0.075,18,38,SUCCESS,54788,3000.0,3723,6.988545800093561
500,0.075,19,38,SUCCESS,39084,3000.0,2604,6.89423119998537
500,0.075,21,38,SUCCESS,53181,3000.0,3594,6.950974600040354
500,0.075,22,38,SUCCESS,47254,3000.0,3218,6.746946000028402
500,0.075,23,38,SUCCESS,56845,3000.0,3861,6.901065799989738
500,0.075,24,38,SUCCESS,40406,3000.0,2836,6.833391399937682
500,0.075,25,38,SUCCESS,51736,3000.0,3477,6.836348199984059
500,0.075,26,38,SUCCESS,59030,3000.0,4008,6.902476500021294
500,0.075,27,38,SUCCESS,48355,3000.0,3262,6.972902699955739
500,0.075,28,38,SUCCESS,40027,3000.0,2833,6.839479700080119
500,0.075,29,38,SUCCESS,51435,3000.0,3480,6.86455559998285
500,0.075,30,38,SUCCESS,45202,3000.0,3068,6.851506000035442
500,0.075,32,38,SUCCESS,56311,3000.0,3860,6.808999500004575
500,0.075,31,38,SUCCESS,54521,3000.0,3715,6.974554799962789
500,0.075,35,38,SUCCESS,40068,3000.0,2690,7.042224300093949
500,0.075,33,38,SUCCESS,52949,3000.0,3605,7.280697700101882
500,0.075,34,38,SUCCESS,48329,3000.0,3349,7.24558019998949
500,0.075,37,38,SUCCESS,36334,3000.0,2417,7.236026700004004
500,0.075,36,38,SUCCESS,46493,3000.0,3094,7.321697400067933
500,0.075,41,38,SUCCESS,53185,3000.0,3576,7.106559599982575
500,0.075,42,38,FAILURE,501,61.0,0,7.030482200090773
500,0.075,39,38,SUCCESS,51382,3000.0,3470,7.173945900052786
500,0.075,40,38,SUCCESS,35432,3000.0,2422,7.276029800064862
500,0.075,38,38,SUCCESS,56908,3000.0,3876,7.345814000000246
500,0.075,43,38,SUCCESS,57261,3000.0,3829,7.514010899933055
500,0.075,45,38,SUCCESS,41093,3000.0,2795,7.186461700010113
500,0.075,44,38,SUCCESS,58936,3000.0,4017,7.217670599929988
500,0.075,48,38,FAILURE,500,52.0,0,6.939290500013158
500,0.075,46,38,SUCCESS,42590,3000.0,2862,7.290509000071324
500,0.075,49,38,SUCCESS,38216,3000.0,2600,7.130521600018255
500,0.075,51,38,SUCCESS,39391,3000.0,2752,7.165938400081359
500,0.075,50,38,SUCCESS,58549,3000.0,4017,7.258727999986149
500,0.075,47,38,SUCCESS,51063,3000.0,3471,7.323602100019343
500,0.075,52,38,SUCCESS,45040,3000.0,3047,7.239336800063029
500,0.075,53,38,SUCCESS,45045,3000.0,3026,7.265307300025597
500,0.075,54,38,SUCCESS,53100,3000.0,3610,7.271690299967304
500,0.075,56,38,FAILURE,502,63.0,0,6.6425918999593705
500,0.075,55,38,SUCCESS,55215,3000.0,3745,6.842230000067502
500,0.075,57,38,SUCCESS,53135,3000.0,3587,6.858646599925123
500,0.075,62,38,FAILURE,500,54.0,0,6.510083600063808
500,0.075,59,38,SUCCESS,43522,3000.0,2927,6.854682500008494
500,0.075,58,38,SUCCESS,51218,3000.0,3422,6.8658529000822455
500,0.075,61,38,SUCCESS,50965,3000.0,3471,6.902523800032213
500,0.075,60,38,SUCCESS,57137,3000.0,3856,6.983568000025116
500,0.075,63,38,SUCCESS,47897,3000.0,3246,6.787749300012365
500,0.075,64,38,SUCCESS,53228,3000.0,3600,6.91349279996939
500,0.075,65,38,SUCCESS,35530,3000.0,2430,6.910240400000475
500,0.075,66,38,FAILURE,500,51.0,0,6.624222700018436
500,0.075,67,38,SUCCESS,45164,3000.0,3047,6.812251599971205
500,0.075,68,38,SUCCESS,53023,3000.0,3588,6.784554199897684
500,0.075,71,38,SUCCESS,48066,3000.0,3207,6.74291439994704
500,0.075,69,38,SUCCESS,59186,3000.0,4015,7.007791500072926
500,0.075,74,38,SUCCESS,35589,3000.0,2361,6.786169300088659
500,0.075,70,38,SUCCESS,52700,3000.0,3594,7.00984640000388
500,0.075,73,38,SUCCESS,42620,3000.0,2839,6.893849199987017
500,0.075,72,38,SUCCESS,54857,3000.0,3697,7.002925400040112
500,0.075,75,38,SUCCESS,46606,3000.0,3170,6.990865900064819
500,0.075,76,38,FAILURE,500,44.0,0,6.7982962999958545
500,0.075,77,38,SUCCESS,54759,3000.0,3732,6.817383499932475
500,0.075,78,38,SUCCESS,54182,3000.0,3637,6.844086199998856
500,0.075,79,38,SUCCESS,49654,3000.0,3346,6.988600299926475
500,0.075,80,38,SUCCESS,57998,3000.0,4021,6.956761199980974
500,0.075,81,38,SUCCESS,55221,3000.0,3754,6.889801599900238
500,0.075,82,38,SUCCESS,38058,3000.0,2515,6.8543041999218985
500,0.075,83,38,SUCCESS,53054,3000.0,3595,6.928537400090136
500,0.075,86,38,FAILURE,500,44.0,0,6.606588799972087
500,0.075,84,38,SUCCESS,46468,3000.0,3115,6.90165709995199
500,0.075,87,38,FAILURE,500,52.0,0,6.647429100004956
500,0.075,85,38,SUCCESS,49520,3000.0,3375,7.011852000025101
500,0.075,88,38,SUCCESS,45118,3000.0,3037,6.793770699994639
500,0.075,89,38,SUCCESS,43580,3000.0,2970,6.829855500021949
500,0.075,90,38,SUCCESS,47829,3000.0,3241,6.7921051000012085
500,0.075,91,38,SUCCESS,48188,3000.0,3268,6.808898199931718
500,0.075,92,38,SUCCESS,55181,3000.0,3715,6.861443699919619
500,0.075,93,38,SUCCESS,37178,3000.0,2514,6.75655390007887
500,0.075,94,38,SUCCESS,52097,3000.0,3543,6.738985299947672
500,0.075,96,38,SUCCESS,45038,3000.0,3012,6.695448699989356
500,0.075,95,38,SUCCESS,59280,3000.0,4022,6.810440200031735
500,0.075,98,38,SUCCESS,50943,3000.0,3463,6.613727999967523
500,0.075,97,38,SUCCESS,59264,3000.0,4023,6.700178600032814
500,0.075,99,38,SUCCESS,49228,3000.0,3349,3.21358739992138
500,0.1,1,50,SUCCESS,41503,3000.0,2815,6.828183999983594
500,0.1,0,50,FAILURE,500,47.0,0,6.858396499999799
500,0.1,2,50,FAILURE,501,45.0,0,6.868027999997139
500,0.1,8,50,SUCCESS,38121,3000.0,2571,6.896331199910492
500,0.1,6,50,SUCCESS,52960,3000.0,3563,7.003594200010411
500,0.1,3,50,SUCCESS,39319,3000.0,2691,7.104037099983543
500,0.1,7,50,FAILURE,501,45.0,0,7.08908419997897
500,0.1,4,50,SUCCESS,49524,3000.0,3442,7.259647200000472
500,0.1,5,50,SUCCESS,50769,3000.0,3419,7.263632300077006
500,0.1,9,50,SUCCESS,40472,3000.0,2845,7.27305089996662
500,0.1,10,50,SUCCESS,48872,3000.0,3305,7.403504600049928
500,0.1,12,50,FAILURE,501,56.0,0,7.014042899943888
500,0.1,13,50,SUCCESS,46440,3000.0,3099,7.135832300060429
500,0.1,16,50,FAILURE,500,52.0,0,6.962208900018595
500,0.1,15,50,FAILURE,500,47.0,0,7.050379299907945
500,0.1,11,50,SUCCESS,51031,3000.0,3462,7.288271700032055
500,0.1,14,50,SUCCESS,43602,3000.0,2967,7.373077800031751
500,0.1,20,50,FAILURE,502,46.0,0,7.012646700022742
500,0.1,17,50,SUCCESS,51474,3000.0,3487,7.285938700078987
500,0.1,18,50,SUCCESS,43728,3000.0,2929,7.146382000064477
500,0.1,19,50,SUCCESS,53714,3000.0,3575,7.35413399990648
500,0.1,21,50,SUCCESS,53243,3000.0,3639,7.265273199998774
500,0.1,25,50,FAILURE,501,48.0,0,6.972945499932393
500,0.1,22,50,SUCCESS,42493,3000.0,2897,7.3421086999587715
500,0.1,23,50,SUCCESS,59305,3000.0,4018,7.334463699953631
500,0.1,24,50,SUCCESS,51464,3000.0,3480,7.273336600046605
500,0.1,26,50,SUCCESS,53686,3000.0,3664,7.273976599914022
500,0.1,27,50,SUCCESS,48210,3000.0,3237,7.308907400001772
500,0.1,31,50,FAILURE,500,52.0,0,6.996263399953023
500,0.1,28,50,SUCCESS,52442,3000.0,3606,7.39800980000291
500,0.1,30,50,SUCCESS,56832,3000.0,3777,7.370648300042376
500,0.1,29,50,SUCCESS,51467,3000.0,3485,7.425049399957061
500,0.1,32,50,SUCCESS,42079,3000.0,2924,7.255395199987106
500,0.1,33,50,FAILURE,500,46.0,0,6.883076899917796
500,0.1,34,50,SUCCESS,38560,3000.0,2598,7.13188210001681
500,0.1,37,50,SUCCESS,36354,3000.0,2396,7.0327057999093086
500,0.1,36,50,SUCCESS,40323,3000.0,2804,7.141796599957161
500,0.1,35,50,SUCCESS,42551,3000.0,2840,7.170416900073178
500,0.1,42,50,FAILURE,501,56.0,0,6.943868099944666
500,0.1,38,50,SUCCESS,57070,3000.0,3905,7.198088099947199
500,0.1,39,50,SUCCESS,51411,3000.0,3471,7.280791600001976
500,0.1,41,50,SUCCESS,53206,3000.0,3581,7.16268609999679
500,0.1,40,50,SUCCESS,51393,3000.0,3476,7.238039999967441
500,0.1,43,50,SUCCESS,57816,3000.0,4022,7.215560399927199
500,0.1,44,50,FAILURE,502,60.0,0,7.12666009995155
500,0.1,48,50,FAILURE,500,48.0,0,7.033738599973731
500,0.1,46,50,SUCCESS,53085,3000.0,3565,7.168585299979895
500,0.1,45,50,SUCCESS,43625,3000.0,2941,7.36209950002376
500,0.1,47,50,SUCCESS,39418,3000.0,2702,7.3467774000018835
500,0.1,51,50,FAILURE,500,45.0,0,7.079088400001638
500,0.1,50,50,SUCCESS,47990,3000.0,3312,7.328662999905646
500,0.1,53,50,SUCCESS,53046,3000.0,3585,7.209326200070791
500,0.1,49,50,SUCCESS,52621,3000.0,3614,7.420137399923988
500,0.1,52,50,SUCCESS,56992,3000.0,3892,7.335783799993806
500,0.1,54,50,SUCCESS,55107,3000.0,3660,7.269266300019808
500,0.1,55,50,SUCCESS,55256,3000.0,3754,7.169728899956681
500,0.1,56,50,SUCCESS,42599,3000.0,2832,7.072632599971257
500,0.1,57,50,SUCCESS,51502,3000.0,3482,7.138027900015004
500,0.1,58,50,SUCCESS,58671,3000.0,4003,7.089593700016849
500,0.1,59,50,SUCCESS,40447,3000.0,2837,7.065906099975109
500,0.1,62,50,FAILURE,500,42.0,0,6.731777400011197
500,0.1,60,50,SUCCESS,57292,3000.0,3859,7.108401299919933
500,0.1,63,50,SUCCESS,49812,3000.0,3329,6.982497599907219
500,0.1,61,50,SUCCESS,51178,3000.0,3468,7.112904499983415
500,0.1,65,50,SUCCESS,43413,3000.0,2952,6.96859000006225
500,0.1,64,50,SUCCESS,53270,3000.0,3628,7.174072899972089
500,0.1,66,50,FAILURE,500,51.0,0,6.443758600042202
500,0.1,67,50,SUCCESS,46581,3000.0,3080,6.926448700018227
500,0.1,68,50,SUCCESS,43871,3000.0,2962,6.921464600018226
500,0.1,71,50,SUCCESS,48111,3000.0,3189,6.890505900024436
500,0.1,69,50,SUCCESS,59181,3000.0,4016,7.048544500023127
500,0.1,70,50,SUCCESS,45019,3000.0,3026,6.94755919999443
500,0.1,72,50,SUCCESS,54867,3000.0,3676,6.880982999922708
500,0.1,73,50,SUCCESS,45258,3000.0,3074,6.870756800053641
500,0.1,76,50,FAILURE,500,42.0,0,6.645011699991301
500,0.1,74,50,SUCCESS,35569,3000.0,2415,6.972921499982476
500,0.1,75,50,SUCCESS,55706,3000.0,3785,7.001496799988672
500,0.1,77,50,SUCCESS,54133,3000.0,3729,6.94453030009754
500,0.1,79,50,SUCCESS,49732,3000.0,3324,6.678944100043736
500,0.1,82,50,FAILURE,500,43.0,0,6.506248899968341
500,0.1,78,50,SUCCESS,53075,3000.0,3580,6.898686300031841
500,0.1,83,50,FAILURE,500,53.0,0,6.6757084999699146
500,0.1,81,50,SUCCESS,50234,3000.0,3390,6.88113480003085
500,0.1,80,50,SUCCESS,56957,3000.0,3899,7.015210199984722
500,0.1,86,50,FAILURE,500,44.0,0,6.751213900046423
500,0.1,84,50,SUCCESS,52613,3000.0,3551,6.981652199989185
500,0.1,85,50,SUCCESS,49447,3000.0,3371,6.958676700014621
500,0.1,87,50,SUCCESS,56861,3000.0,3876,6.865067500039004
500,0.1,88,50,SUCCESS,48833,3000.0,3242,7.115983700030483
500,0.1,92,50,FAILURE,500,39.0,0,6.563587700016797
500,0.1,90,50,SUCCESS,55132,3000.0,3676,6.877578900079243
500,0.1,89,50,SUCCESS,58864,3000.0,4019,7.078114100033417
500,0.1,91,50,FAILURE,500,49.0,0,6.9647861999692395
500,0.1,93,50,SUCCESS,49542,3000.0,3414,6.954206999973394
500,0.1,97,50,SUCCESS,59152,3000.0,4024,6.752098700031638
500,0.1,95,50,SUCCESS,59099,3000.0,4024,7.034357700031251
500,0.1,94,50,SUCCESS,52309,3000.0,3561,7.193848000024445
500,0.1,98,50,SUCCESS,31231,3000.0,2144,6.819410299998708
500,0.1,96,50,SUCCESS,55067,3000.0,3694,7.122763599967584
500,0.1,99,50,SUCCESS,43905,3000.0,2973,3.670356799964793
500,0.125,1,62,FAILURE,1002,79.0,0,6.73379979992751
500,0.125,9,62,FAILURE,502,47.0,0,6.735719899996184
500,0.125,0,62,FAILURE,501,43.0,0,6.8231346000684425
500,0.125,3,62,FAILURE,501,44.0,0,6.806173900025897
500,0.125,7,62,FAILURE,500,39.0,0,6.816785199916922
500,0.125,6,62,FAILURE,500,47.0,0,6.838950900011696
500,0.125,2,62,FAILURE,501,38.0,0,6.863732500001788
500,0.125,8,62,FAILURE,501,44.0,0,6.84556860011071
500,0.125,5,62,SUCCESS,51391,3000.0,3447,7.006057700025849
500,0.125,10,62,SUCCESS,46514,3000.0,3180,7.123888900037855
500,0.125,4,62,SUCCESS,55198,3000.0,3658,7.182330299983732
500,0.125,11,62,FAILURE,501,51.0,0,6.781000399962068
500,0.125,16,62,FAILURE,500,46.0,0,6.812197999912314
500,0.125,15,62,FAILURE,500,46.0,0,6.871396000031382
500,0.125,17,62,SUCCESS,40481,3000.0,2847,6.997359000029974
500,0.125,13,62,SUCCESS,54991,3000.0,3673,7.048495499999262
500,0.125,12,62,SUCCESS,46631,3000.0,3084,7.099217599956319
500,0.125,18,62,SUCCESS,43876,3000.0,2954,7.081090399995446
500,0.125,14,62,SUCCESS,51544,3000.0,3523,7.156032699975185
500,0.125,21,62,FAILURE,500,50.0,0,6.801530200056732
500,0.125,20,62,FAILURE,502,46.0,0,6.811638899962418
500,0.125,19,62,SUCCESS,54355,3000.0,3668,7.009426199947484
500,0.125,22,62,SUCCESS,48633,3000.0,3210,6.877266699913889
500,0.125,25,62,FAILURE,500,46.0,0,6.635864599957131
500,0.125,24,62,SUCCESS,43966,3000.0,2985,6.857974399928935
500,0.125,28,62,FAILURE,500,47.0,0,6.6667949999682605
500,0.125,23,62,SUCCESS,59033,3000.0,4001,7.000451099942438
500,0.125,31,62,FAILURE,502,41.0,0,6.704599300050177
500,0.125,26,62,SUCCESS,51143,3000.0,3466,6.928924600011669
500,0.125,27,62,SUCCESS,49927,3000.0,3429,6.941652599954978
500,0.125,29,62,SUCCESS,57280,3000.0,3826,6.9937915999908
500,0.125,30,62,SUCCESS,40578,3000.0,2786,7.023904400062747
500,0.125,32,62,SUCCESS,51979,3000.0,3455,7.018065100070089
500,0.125,33,62,FAILURE,500,39.0,0,6.780089300009422
500,0.125,36,62,FAILURE,500,50.0,0,6.725076299975626
500,0.125,34,62,SUCCESS,38557,3000.0,2608,7.095929400064051
500,0.125,35,62,SUCCESS,42554,3000.0,2821,7.123410200001672
500,0.125,42,62,FAILURE,502,44.0,0,6.762129100039601
500,0.125,38,62,SUCCESS,49692,3000.0,3343,7.137432700023055
500,0.125,37,62,SUCCESS,45121,3000.0,3034,7.184720700024627
500,0.125,41,62,FAILURE,500,39.0,0,6.901149000041187
500,0.125,39,62,SUCCESS,51422,3000.0,3474,7.085903099970892
500,0.125,40,62,SUCCESS,55184,3000.0,3693,7.109413799946196
500,0.125,43,62,SUCCESS,48393,3000.0,3281,7.132127700024284
500,0.125,45,62,FAILURE,500,50.0,0,7.005030900007114
500,0.125,44,62,SUCCESS,57083,3000.0,3896,7.237611600081436
500,0.125,47,62,SUCCESS,59440,3000.0,4016,7.176565200090408
500,0.125,51,62,FAILURE,500,42.0,0,7.024615900008939
500,0.125,48,62,FAILURE,500,36.0,0,7.147378999972716
500,0.125,49,62,FAILURE,501,43.0,0,7.185737599967979
500,0.125,46,62,SUCCESS,57254,3000.0,3830,7.6228189000394195
500,0.125,53,62,FAILURE,500,46.0,0,7.396458999952301
500,0.125,50,62,SUCCESS,56831,3000.0,3889,7.989863199996762
500,0.125,52,62,SUCCESS,48080,3000.0,3133,8.013298999983817
500,0.125,54,62,FAILURE,500,38.0,0,7.900236199959181
500,0.125,56,62,SUCCESS,45113,3000.0,3057,6.992986000026576
500,0.125,55,62,SUCCESS,55274,3000.0,3757,7.4041315000504255
500,0.125,58,62,SUCCESS,54745,3000.0,3654,7.128814700059593
500,0.125,57,62,SUCCESS,36470,3000.0,2476,7.2632440000306815
500,0.125,59,62,SUCCESS,57020,3000.0,3923,7.486471400014125
500,0.125,62,62,FAILURE,500,40.0,0,7.090585600002669
500,0.125,60,62,SUCCESS,57303,3000.0,3856,7.409798000007868
500,0.125,61,62,SUCCESS,45862,3000.0,3143,7.624036199995317
500,0.125,64,62,SUCCESS,53314,3000.0,3649,7.394440799951553
500,0.125,65,62,SUCCESS,48007,3000.0,3211,7.293779099942185
500,0.125,63,62,SUCCESS,49583,3000.0,3275,7.730950099998154
500,0.125,66,62,FAILURE,500,42.0,0,6.638765300041996
500,0.125,68,62,FAILURE,500,47.0,0,6.686005700030364
500,0.125,67,62,SUCCESS,57192,3000.0,3808,7.057091199909337
500,0.125,69,62,SUCCESS,58973,3000.0,4022,7.09626240003854
500,0.125,71,62,SUCCESS,56596,3000.0,3797,6.935460300068371
500,0.125,72,62,SUCCESS,54895,3000.0,3774,7.049918100005016
500,0.125,70,62,SUCCESS,56989,3000.0,3916,7.13704439997673
500,0.125,73,62,SUCCESS,45328,3000.0,3074,7.045388500089757
500,0.125,74,62,FAILURE,500,46.0,0,6.782831599935889
500,0.125,75,62,FAILURE,500,58.0,0,6.856165900011547
500,0.125,76,62,FAILURE,500,40.0,0,6.735322599997744
500,0.125,77,62,SUCCESS,51511,3000.0,3488,7.389913400053047
500,0.125,78,62,SUCCESS,51467,3000.0,3480,7.511998299974948
500,0.125,79,62,SUCCESS,51812,3000.0,3494,7.45047510007862
500,0.125,80,62,FAILURE,500,51.0,0,7.211390600074083
500,0.125,81,62,SUCCESS,52248,3000.0,3548,7.150045900023542
500,0.125,82,62,FAILURE,500,42.0,0,7.193170000100508
500,0.125,86,62,FAILURE,500,44.0,0,6.716516999993473
500,0.125,83,62,FAILURE,501,53.0,0,7.430451099993661
500,0.125,85,62,SUCCESS,51372,3000.0,3472,7.0478063999908045
500,0.125,84,62,FAILURE,500,47.0,0,7.270114999962971
500,0.125,87,62,FAILURE,501,46.0,0,7.313995499978773
500,0.125,88,62,SUCCESS,45289,3000.0,3060,7.503458100021817
500,0.125,89,62,SUCCESS,58777,3000.0,4027,7.042659800034016
500,0.125,92,62,FAILURE,500,38.0,0,6.906870700069703
500,0.125,91,62,FAILURE,501,44.0,0,7.106828800053336
500,0.125,93,62,FAILURE,500,54.0,0,6.971872099908069
500,0.125,90,62,SUCCESS,55261,3000.0,3753,7.443468000041321
500,0.125,95,62,FAILURE,500,47.0,0,7.022448200033978
500,0.125,94,62,SUCCESS,45407,3000.0,3104,7.089085399988107
500,0.125,96,62,FAILURE,500,47.0,0,6.962827499955893
500,0.125,97,62,SUCCESS,54478,3000.0,3669,7.256629600073211
500,0.125,98,62,SUCCESS,51110,3000.0,3479,6.991224900004454
500,0.125,99,62,SUCCESS,38386,3000.0,2690,3.9293404000345618
500,0.15,1,75,FAILURE,500,40.0,0,6.627311000018381
500,0.15,9,75,FAILURE,504,42.0,0,6.585585699998774
500,0.15,6,75,FAILURE,500,42.0,0,6.68429629993625
500,0.15,7,75,FAILURE,500,38.0,0,6.692681499989703
500,0.15,3,75,FAILURE,500,40.0,0,6.749028600053862
500,0.15,2,75,FAILURE,501,37.0,0,6.779259099974297
500,0.15,8,75,FAILURE,501,40.0,0,6.774169199983589
500,0.15,0,75,FAILURE,500,40.0,0,6.864497100003064
500,0.15,4,75,SUCCESS,48824,3000.0,3266,7.0622212999733165
500,0.15,10,75,SUCCESS,51333,3000.0,3487,7.047519999905489
500,0.15,5,75,SUCCESS,57190,3000.0,3793,7.1855908000143245
500,0.15,13,75,FAILURE,500,37.0,0,6.504944400046952
500,0.15,11,75,FAILURE,502,45.0,0,6.747246099985205
500,0.15,15,75,FAILURE,500,43.0,0,6.635336100007407
500,0.15,14,75,FAILURE,500,46.0,0,6.703624399960972
500,0.15,12,75,SUCCESS,51502,3000.0,3461,6.9422142000403255
500,0.15,18,75,FAILURE,501,48.0,0,6.755074799992144
500,0.15,20,75,FAILURE,502,42.0,0,6.62348639999982
500,0.15,17,75,SUCCESS,41513,3000.0,2599,6.978980399901047
500,0.15,16,75,SUCCESS,59381,3000.0,4016,7.072804399998859
500,0.15,19,75,SUCCESS,50094,3000.0,3374,6.89738480001688
500,0.15,21,75,FAILURE,500,46.0,0,6.761476999963634
500,0.15,23,75,FAILURE,505,37.0,0,6.781810299959034
500,0.15,26,75,FAILURE,505,46.0,0,6.675451399991289
500,0.15,25,75,FAILURE,500,44.0,0,6.828459500102326
500,0.15,22,75,SUCCESS,42542,3000.0,2882,7.037835699971765
500,0.15,27,75,FAILURE,501,48.0,0,6.823521999991499
500,0.15,24,75,SUCCESS,43970,3000.0,2988,7.052297400077805
500,0.15,29,75,FAILURE,1001,80.0,0,6.75851070007775
500,0.15,28,75,FAILURE,500,41.0,0,6.870286599965766
500,0.15,31,75,FAILURE,504,41.0,0,6.69973749993369
500,0.15,30,75,SUCCESS,40592,3000.0,2765,7.135146799962968
500,0.15,32,75,SUCCESS,46659,3000.0,3124,7.1684021999826655
500,0.15,33,75,FAILURE,501,39.0,0,6.878421099972911
500,0.15,36,75,FAILURE,501,50.0,0,6.926390899927355
500,0.15,35,75,FAILURE,501,43.0,0,6.968896700069308
500,0.15,37,75,FAILURE,502,55.0,0,6.95777909993194
500,0.15,34,75,SUCCESS,49396,3000.0,3331,7.145059200003743
500,0.15,41,75,FAILURE,500,38.0,0,6.822054699994624
500,0.15,40,75,FAILURE,500,51.0,0,7.004275900078937
500,0.15,38,75,SUCCESS,55192,3000.0,3673,7.1907436000183225
500,0.15,39,75,SUCCESS,53181,3000.0,3600,7.1985550000099465
500,0.15,42,75,FAILURE,500,37.0,0,7.008809700026177
500,0.15,43,75,SUCCESS,49647,3000.0,3277,7.189346899976954
500,0.15,45,75,FAILURE,500,39.0,0,6.801372400019318
500,0.15,44,75,SUCCESS,55890,3000.0,3806,7.388632799964398
500,0.15,49,75,FAILURE,502,42.0,0,7.041948899975978
500,0.15,46,75,SUCCESS,57420,3000.0,3885,7.346729199984111
500,0.15,48,75,FAILURE,500,34.0,0,7.191643300000578
500,0.15,51,75,FAILURE,501,42.0,0,7.027378199971281
500,0.15,47,75,SUCCESS,42713,3000.0,2799,7.354489400051534
500,0.15,53,75,FAILURE,500,46.0,0,6.911204900010489
500,0.15,52,75,SUCCESS,48107,3000.0,3124,7.1760852000443265
500,0.15,50,75,SUCCESS,56972,3000.0,3883,7.393531700014137
500,0.15,54,75,FAILURE,501,38.0,0,7.109016899950802
500,0.15,55,75,SUCCESS,55307,3000.0,3777,7.150533699896187
500,0.15,57,75,FAILURE,504,42.0,0,6.814131099963561
500,0.15,56,75,SUCCESS,49904,3000.0,3437,7.026605600025505
500,0.15,59,75,SUCCESS,42664,3000.0,2772,7.017144900048152
500,0.15,58,75,SUCCESS,55660,3000.0,3754,7.047484000097029
500,0.15,61,75,SUCCESS,45113,3000.0,3043,7.070377399912104
500,0.15,60,75,SUCCESS,57371,3000.0,3867,7.157779400004074
500,0.15,62,75,FAILURE,500,39.0,0,6.924973200075328
500,0.15,63,75,SUCCESS,55070,3000.0,3613,7.04653779999353
500,0.15,64,75,SUCCESS,55198,3000.0,3691,7.141536599956453
500,0.15,65,75,FAILURE,500,51.0,0,6.748351500020362
500,0.15,67,75,FAILURE,500,37.0,0,6.5443697000155225
500,0.15,66,75,FAILURE,504,37.0,0,6.852226900053211
500,0.15,71,75,FAILURE,500,40.0,0,6.68265870003961
500,0.15,73,75,SUCCESS,45363,3000.0,3083,6.698629299993627
500,0.15,68,75,FAILURE,500,47.0,0,7.114851700025611
500,0.15,69,75,SUCCESS,49684,3000.0,3302,7.129707399988547
500,0.15,70,75,FAILURE,500,38.0,0,7.129450800013728
500,0.15,72,75,SUCCESS,54885,3000.0,3736,7.357081800000742
500,0.15,76,75,FAILURE,500,40.0,0,6.995027600089088
500,0.15,74,75,FAILURE,500,46.0,0,7.278616399969906
500,0.15,75,75,FAILURE,500,50.0,0,7.2681636000052094
500,0.15,77,75,FAILURE,500,36.0,0,7.004905199981295
500,0.15,78,75,SUCCESS,57353,3000.0,3846,7.373377999989316
500,0.15,80,75,FAILURE,500,51.0,0,6.925390899996273
500,0.15,83,75,FAILURE,502,46.0,0,6.925893299980089
500,0.15,81,75,SUCCESS,51266,3000.0,3442,7.195873799966648
500,0.15,82,75,FAILURE,501,39.0,0,7.044011999969371
500,0.15,79,75,SUCCESS,49061,3000.0,3380,7.319328899960965
500,0.15,85,75,FAILURE,500,47.0,0,7.038726400001906
500,0.15,84,75,FAILURE,500,47.0,0,7.099615799961612
500,0.15,86,75,FAILURE,500,43.0,0,7.119377700029872
500,0.15,87,75,FAILURE,1002,71.0,0,7.016406100010499
500,0.15,88,75,SUCCESS,44770,3000.0,2715,7.391591400024481
500,0.15,90,75,FAILURE,502,43.0,0,7.092553400085308
500,0.15,89,75,SUCCESS,58768,3000.0,4014,7.337644599960186
500,0.15,91,75,FAILURE,501,42.0,0,7.039856699993834
500,0.15,92,75,FAILURE,504,36.0,0,7.011242900043726
500,0.15,94,75,FAILURE,500,41.0,0,7.037919200025499
500,0.15,93,75,FAILURE,1004,98.0,0,7.145593299996108
500,0.15,95,75,FAILURE,501,47.0,0,6.876461800071411
500,0.15,98,75,FAILURE,500,45.0,0,6.818800900015049
500,0.15,97,75,FAILURE,500,37.0,0,6.9524786999681965
500,0.15,96,75,SUCCESS,48067,3000.0,3335,7.140657400013879
500,0.15,99,75,FAILURE,501,46.0,0,3.258698799996637
500,0.175,3,88,FAILURE,501,36.0,0,6.4706752999918535
500,0.175,9,88,FAILURE,504,42.0,0,6.604938999982551
500,0.175,0,88,FAILURE,500,35.0,0,6.662937599932775
500,0.175,1,88,FAILURE,500,40.0,0,6.679556700051762
500,0.175,6,88,FAILURE,501,40.0,0,6.678708599996753
500,0.175,8,88,FAILURE,501,40.0,0,6.663122500060126
500,0.175,2,88,FAILURE,500,37.0,0,6.705404100008309
500,0.175,7,88,FAILURE,500,37.0,0,6.70266760000959
500,0.175,4,88,SUCCESS,51586,3000.0,3491,6.912347999983467
500,0.175,5,88,SUCCESS,54339,3000.0,3716,6.937239899998531
500,0.175,10,88,SUCCESS,50017,3000.0,3396,6.970149700064212
500,0.175,15,88,FAILURE,501,43.0,0,6.93782370002009
500,0.175,18,88,FAILURE,500,48.0,0,6.916669800062664
500,0.175,11,88,FAILURE,502,39.0,0,7.170267699984834
500,0.175,13,88,FAILURE,500,36.0,0,7.012346300063655
500,0.175,12,88,FAILURE,503,53.0,0,7.024217700003646
500,0.175,16,88,FAILURE,500,34.0,0,6.984749900060706
500,0.175,14,88,FAILURE,500,46.0,0,7.045659300056286
500,0.175,19,88,FAILURE,501,37.0,0,6.976851799990982
500,0.175,20,88,FAILURE,502,42.0,0,6.9574372000060976
500,0.175,17,88,SUCCESS,45498,3000.0,3056,7.292863100068644
500,0.175,21,88,FAILURE,500,33.0,0,7.044252299936488
500,0.175,26,88,FAILURE,505,45.0,0,6.8253965000621974
500,0.175,23,88,FAILURE,505,37.0,0,6.871950300061144
500,0.175,25,88,FAILURE,501,44.0,0,6.847402699990198
500,0.175,27,88,FAILURE,501,45.0,0,6.909116099937819
500,0.175,24,88,SUCCESS,48032,3000.0,3149,6.984823300037533
500,0.175,22,88,SUCCESS,53228,3000.0,3602,7.053095200099051
500,0.175,28,88,FAILURE,500,37.0,0,7.005554399918765
500,0.175,29,88,FAILURE,504,39.0,0,6.967499400023371
500,0.175,31,88,FAILURE,505,36.0,0,6.910896499990486
500,0.175,30,88,SUCCESS,40568,3000.0,2702,7.118814000044949
500,0.175,32,88,SUCCESS,46651,3000.0,3086,7.079129399964586
500,0.175,33,88,FAILURE,501,34.0,0,6.5651023999089375
500,0.175,35,88,FAILURE,501,41.0,0,6.547123299911618
500,0.175,37,88,FAILURE,502,55.0,0,6.6150609001051635
500,0.175,36,88,FAILURE,501,39.0,0,6.666857899981551
500,0.175,34,88,SUCCESS,53114,3000.0,3613,6.911231499980204
500,0.175,40,88,FAILURE,500,51.0,0,6.609091499936767
500,0.175,41,88,FAILURE,500,38.0,0,6.703863599919714
500,0.175,39,88,SUCCESS,59456,3000.0,4010,6.935007099993527
500,0.175,42,88,FAILURE,500,35.0,0,6.64167979999911
500,0.175,38,88,SUCCESS,55277,3000.0,3645,7.030225099995732
500,0.175,43,88,FAILURE,500,39.0,0,6.672746099997312
500,0.175,44,88,FAILURE,1001,82.0,0,6.868281799950637
500,0.175,45,88,FAILURE,501,37.0,0,6.869977500056848
500,0.175,47,88,FAILURE,503,40.0,0,6.725707300007343
500,0.175,49,88,FAILURE,501,41.0,0,6.7452978999353945
500,0.175,48,88,FAILURE,500,34.0,0,6.866333499900065
500,0.175,52,88,FAILURE,500,38.0,0,6.628818899975158
500,0.175,46,88,SUCCESS,57510,3000.0,3927,7.133609599899501
500,0.175,51,88,FAILURE,501,42.0,0,6.830550100072287
500,0.175,53,88,FAILURE,500,46.0,0,6.930333200027235
500,0.175,50,88,SUCCESS,59447,3000.0,4010,7.0587825999828056
500,0.175,54,88,FAILURE,501,37.0,0,6.913022499997169
500,0.175,57,88,FAILURE,501,36.0,0,7.070549000054598
500,0.175,56,88,SUCCESS,57024,3000.0,3753,7.1713115000166
500,0.175,60,88,FAILURE,501,42.0,0,6.968222000054084
500,0.175,55,88,SUCCESS,55384,3000.0,3840,7.361494000069797
500,0.175,62,88,FAILURE,500,39.0,0,6.866598500055261
500,0.175,59,88,FAILURE,502,39.0,0,7.114321399945766
500,0.175,63,88,FAILURE,502,38.0,0,6.861191499978304
500,0.175,58,88,SUCCESS,53065,3000.0,3552,7.367309599998407
500,0.175,61,88,SUCCESS,48178,3000.0,3125,7.296650399919599
500,0.175,64,88,FAILURE,502,40.0,0,7.043957400019281
500,0.175,65,88,FAILURE,501,48.0,0,6.989877299987711
500,0.175,67,88,FAILURE,502,37.0,0,6.6004180000163615
500,0.175,68,88,FAILURE,501,39.0,0,6.547057499992661
500,0.175,66,88,SUCCESS,59440,3000.0,4037,6.8534151000203565
500,0.175,70,88,FAILURE,500,37.0,0,6.567130499985069
500,0.175,69,88,SUCCESS,50513,3000.0,3448,6.846870200010017
500,0.175,74,88,FAILURE,500,43.0,0,6.479800200089812
500,0.175,71,88,FAILURE,500,38.0,0,6.751468200003728
500,0.175,73,88,FAILURE,501,40.0,0,6.606630700058304
500,0.175,75,88,FAILURE,500,35.0,0,6.523400300065987
500,0.175,76,88,FAILURE,500,38.0,0,6.6747367000207305
500,0.175,72,88,SUCCESS,55043,3000.0,3587,6.948623500065878
500,0.175,78,88,FAILURE,502,39.0,0,6.384934399975464
500,0.175,77,88,FAILURE,501,36.0,0,6.790911799995229
500,0.175,84,88,FAILURE,500,47.0,0,6.558474300079979
500,0.175,80,88,SUCCESS,57348,3000.0,3868,6.871357600088231
500,0.175,82,88,FAILURE,502,36.0,0,6.73385540000163
500,0.175,83,88,FAILURE,501,44.0,0,6.849402799969539
500,0.175,79,88,SUCCESS,50613,3000.0,3293,7.158286800025962
500,0.175,81,88,FAILURE,505,41.0,0,6.9777181999525055
500,0.175,87,88,FAILURE,993,64.0,0,6.7964509999146685
500,0.175,85,88,SUCCESS,49872,3000.0,3373,7.24499219993595
500,0.175,86,88,SUCCESS,59580,3000.0,4030,7.175441400031559
500,0.175,88,88,FAILURE,502,38.0,0,6.666421800036915
500,0.175,89,88,FAILURE,502,48.0,0,6.74875449994579
500,0.175,92,88,FAILURE,505,36.0,0,6.605924800038338
500,0.175,90,88,FAILURE,503,43.0,0,6.737041399930604
500,0.175,91,88,FAILURE,500,41.0,0,6.779489200096577
500,0.175,94,88,FAILURE,500,38.0,0,6.629283000016585
500,0.175,93,88,FAILURE,502,48.0,0,6.726422499981709
500,0.175,95,88,FAILURE,501,37.0,0,6.65758050000295
500,0.175,97,88,FAILURE,500,37.0,0,6.528080599964596
500,0.175,98,88,FAILURE,501,45.0,0,6.443338899989612
500,0.175,96,88,SUCCESS,57299,3000.0,3816,6.815503300051205
500,0.175,99,88,FAILURE,501,37.0,0,3.1940208000596613
500,0.2,2,100,FAILURE,500,32.0,0,6.453015199978836
500,0.2,6,100,FAILURE,502,38.0,0,6.441289599984884
500,0.2,3,100,FAILURE,501,35.0,0,6.49171660002321
500,0.2,0,100,FAILURE,501,35.0,0,6.5551855999510735
500,0.2,8,100,FAILURE,501,39.0,0,6.512479800032452
500,0.2,7,100,FAILURE,500,37.0,0,6.526583699975163
500,0.2,10,100,FAILURE,502,37.0,0,6.504765999969095
500,0.2,9,100,FAILURE,502,39.0,0,6.512665299931541
500,0.2,1,100,FAILURE,500,35.0,0,6.625916099990718
500,0.2,4,100,SUCCESS,51714,3000.0,3497,6.764769700006582
500,0.2,5,100,SUCCESS,46728,3000.0,3108,6.86580829997547
500,0.2,11,100,FAILURE,501,34.0,0,6.631748800049536
500,0.2,12,100,FAILURE,502,41.0,0,6.685484699904919
500,0.2,13,100,FAILURE,500,36.0,0,6.655653299996629
500,0.2,18,100,FAILURE,500,38.0,0,6.641081000096165
500,0.2,15,100,FAILURE,501,42.0,0,6.665116999996826
500,0.2,16,100,FAILURE,500,32.0,0,6.687123300042003
500,0.2,19,100,FAILURE,501,35.0,0,6.619686999940313
500,0.2,14,100,FAILURE,501,44.0,0,6.758680600090884
500,0.2,20,100,FAILURE,501,34.0,0,6.6816935000242665
500,0.2,21,100,FAILURE,500,33.0,0,6.622072999947704
500,0.2,17,100,SUCCESS,51519,3000.0,3481,6.963745300075971
500,0.2,22,100,FAILURE,501,32.0,0,6.494028199929744
500,0.2,25,100,FAILURE,501,44.0,0,6.609525400097482
500,0.2,27,100,FAILURE,502,42.0,0,6.631677699973807
500,0.2,23,100,FAILURE,505,34.0,0,6.7442845000186935
500,0.2,26,100,FAILURE,503,40.0,0,6.675984099972993
500,0.2,28,100,FAILURE,500,32.0,0,6.734066300094128
500,0.2,29,100,FAILURE,506,39.0,0,6.684343400062062
500,0.2,24,100,SUCCESS,48013,3000.0,3273,6.87187889998313
500,0.2,31,100,FAILURE,505,35.0,0,6.730252600042149
500,0.2,30,100,SUCCESS,58929,3000.0,4023,6.8669027999276295
500,0.2,32,100,SUCCESS,55183,3000.0,3614,6.895699299988337
500,0.2,33,100,FAILURE,501,34.0,0,6.696930800098926
500,0.2,34,100,FAILURE,500,41.0,0,6.591105500003323
500,0.2,37,100,FAILURE,502,44.0,0,6.578999100020155
500,0.2,36,100,FAILURE,500,37.0,0,6.660818199976347
500,0.2,35,100,FAILURE,500,37.0,0,6.6880029999883845
500,0.2,40,100,FAILURE,500,45.0,0,6.633503900025971
500,0.2,39,100,FAILURE,501,34.0,0,6.73893059999682
500,0.2,41,100,FAILURE,500,37.0,0,6.6557669000467286
500,0.2,42,100,FAILURE,500,33.0,0,6.593846200034022
500,0.2,38,100,SUCCESS,55313,3000.0,3680,7.008909600088373
500,0.2,43,100,FAILURE,501,39.0,0,6.598375399946235
500,0.2,44,100,FAILURE,501,35.0,0,6.732106399955228
500,0.2,45,100,FAILURE,500,35.0,0,7.010988299967721
500,0.2,51,100,FAILURE,501,42.0,0,6.636655500042252
500,0.2,52,100,FAILURE,500,38.0,0,6.750266499933787
500,0.2,49,100,FAILURE,501,36.0,0,7.0423181999940425
500,0.2,46,100,FAILURE,508,40.0,0,7.2297687999671325
500,0.2,47,100,FAILURE,503,36.0,0,7.21632609993685
500,0.2,48,100,FAILURE,501,32.0,0,7.217515499913134
500,0.2,54,100,FAILURE,501,37.0,0,6.914733500103466
500,0.2,53,100,FAILURE,500,43.0,0,7.006421500002034
500,0.2,50,100,SUCCESS,55232,3000.0,3714,7.34208580001723
500,0.2,55,100,SUCCESS,55428,3000.0,3884,6.963171399896964
500,0.2,60,100,FAILURE,501,40.0,0,6.607496300013736
500,0.2,62,100,FAILURE,500,39.0,0,6.609581200056709
500,0.2,57,100,FAILURE,501,34.0,0,7.0614355999277905
500,0.2,59,100,FAILURE,502,38.0,0,6.990161100053228
500,0.2,58,100,FAILURE,503,51.0,0,7.026585399988107
500,0.2,63,100,FAILURE,502,38.0,0,7.040204199962318
500,0.2,56,100,SUCCESS,58869,3000.0,3985,7.75479189993348
500,0.2,64,100,FAILURE,1509,103.0,0,7.321756200050004
500,0.2,61,100,SUCCESS,48265,3000.0,3134,7.648691799957305
500,0.2,65,100,FAILURE,502,35.0,0,7.393688900046982
500,0.2,66,100,FAILURE,1008,69.0,0,6.766111599979922
500,0.2,67,100,FAILURE,504,34.0,0,6.8060714999446645
500,0.2,68,100,FAILURE,501,38.0,0,6.900738800060935
500,0.2,69,100,FAILURE,501,41.0,0,7.046069599920884
500,0.2,71,100,FAILURE,500,35.0,0,7.0357339000329375
500,0.2,70,100,FAILURE,500,33.0,0,7.0824353999923915
500,0.2,72,100,SUCCESS,55044,3000.0,3559,7.332481499994174
500,0.2,74,100,FAILURE,500,41.0,0,7.0936034000478685
500,0.2,73,100,FAILURE,500,37.0,0,7.244865999906324
500,0.2,75,100,FAILURE,500,35.0,0,7.298053899896331
500,0.2,76,100,FAILURE,500,37.0,0,7.291158900014125
500,0.2,77,100,FAILURE,501,36.0,0,6.8527664000866935
500,0.2,78,100,FAILURE,504,39.0,0,6.971366099896841
500,0.2,81,100,FAILURE,505,41.0,0,7.015835199970752
500,0.2,82,100,FAILURE,502,32.0,0,6.9854085999540985
500,0.2,79,100,SUCCESS,42676,3000.0,2741,7.469455600017682
500,0.2,80,100,SUCCESS,57368,3000.0,3880,7.353470400092192
500,0.2,83,100,FAILURE,501,37.0,0,6.983633700059727
500,0.2,84,100,FAILURE,501,46.0,0,6.965225899941288
500,0.2,85,100,SUCCESS,49984,3000.0,3362,7.325154799968004
500,0.2,87,100,FAILURE,994,64.0,0,7.063066300004721
500,0.2,86,100,SUCCESS,55253,3000.0,3844,7.273926900001243
500,0.2,88,100,FAILURE,503,37.0,0,6.940009000012651
500,0.2,89,100,FAILURE,501,46.0,0,7.040823999908753
500,0.2,91,100,FAILURE,500,41.0,0,6.948453500051983
500,0.2,90,100,FAILURE,502,40.0,0,7.035103100002743
500,0.2,92,100,FAILURE,506,30.0,0,7.051999199902639
500,0.2,93,100,FAILURE,502,46.0,0,6.953001199988648
500,0.2,95,100,FAILURE,500,37.0,0,6.753593300003558
500,0.2,94,100,FAILURE,500,38.0,0,6.952542899991386
500,0.2,96,100,FAILURE,500,42.0,0,6.643607400008477
500,0.2,97,100,FAILURE,500,35.0,0,6.608508900040761
500,0.2,98,100,FAILURE,501,36.0,0,6.54625760007184
500,0.2,99,100,FAILURE,502,37.0,0,3.5754911999683827
500,0.225,3,112,FAILURE,502,33.0,0,6.6149165000533685
500,0.225,1,112,FAILURE,500,31.0,0,6.698131600045599
500,0.225,8,112,FAILURE,503,34.0,0,6.735048600006849
500,0.225,0,112,FAILURE,502,34.0,0,6.792764200014062
500,0.225,2,112,FAILURE,500,32.0,0,6.813367799972184
500,0.225,9,112,FAILURE,503,34.0,0,6.797430900041945
500,0.225,4,112,FAILURE,2020,135.0,0,6.8584952999372035
500,0.225,6,112,FAILURE,503,35.0,0,6.863227599998936
500,0.225,5,112,FAILURE,502,43.0,0,6.867240799940191
500,0.225,10,112,FAILURE,502,33.0,0,6.844808800029568
500,0.225,7,112,FAILURE,502,37.0,0,6.876713799894787
500,0.225,11,112,FAILURE,502,33.0,0,6.7327576000243425
500,0.225,12,112,FAILURE,501,40.0,0,6.699894799967296
500,0.225,13,112,FAILURE,501,36.0,0,6.6658292999491096
500,0.225,14,112,FAILURE,501,37.0,0,6.743805599980988
500,0.225,17,112,FAILURE,500,37.0,0,6.713325300021097
500,0.225,15,112,FAILURE,502,42.0,0,6.7803803000133485
500,0.225,20,112,FAILURE,501,34.0,0,6.725890600006096
500,0.225,16,112,FAILURE,500,32.0,0,6.7835136000067
500,0.225,18,112,FAILURE,500,38.0,0,6.7431218000128865
500,0.225,21,112,FAILURE,500,32.0,0,6.761113899992779
500,0.225,19,112,FAILURE,502,35.0,0,6.895268199965358
500,0.225,22,112,FAILURE,501,31.0,0,6.614437000011094
500,0.225,23,112,FAILURE,505,34.0,0,6.643505599931814
500,0.225,27,112,FAILURE,502,40.0,0,6.55446050001774
500,0.225,25,112,FAILURE,504,44.0,0,6.631189600098878
500,0.225,26,112,FAILURE,501,40.0,0,6.600671099964529
500,0.225,29,112,FAILURE,503,34.0,0,6.572506000055
500,0.225,30,112,FAILURE,501,39.0,0,6.621001299936324
500,0.225,24,112,SUCCESS,49533,3000.0,3321,6.820572099997662
500,0.225,31,112,FAILURE,505,35.0,0,6.6037798000033945
500,0.225,28,112,FAILURE,500,32.0,0,6.698778199963272
500,0.225,32,112,SUCCESS,55155,3000.0,3638,6.889946400071494
500,0.225,33,112,FAILURE,504,34.0,0,6.669356100028381
500,0.225,34,112,FAILURE,500,40.0,0,6.728439299971797
500,0.225,37,112,FAILURE,502,44.0,0,6.6545145000563934
500,0.225,35,112,FAILURE,500,37.0,0,6.692751900060102
500,0.225,36,112,FAILURE,500,32.0,0,6.680769599974155
500,0.225,40,112,FAILURE,500,36.0,0,6.659387500025332
500,0.225,41,112,FAILURE,500,32.0,0,6.6886594000970945
500,0.225,39,112,FAILURE,501,34.0,0,6.754044299945235
500,0.225,42,112,FAILURE,500,31.0,0,6.766809500055388
500,0.225,38,112,SUCCESS,55424,3000.0,3740,6.967251800000668
500,0.225,43,112,FAILURE,501,39.0,0,6.656864899909124
500,0.225,44,112,FAILURE,501,33.0,0,6.471782199922018
500,0.225,45,112,FAILURE,500,34.0,0,6.553089099936187
500,0.225,48,112,FAILURE,501,32.0,0,6.55168900010176
500,0.225,47,112,FAILURE,503,34.0,0,6.558202599990182
500,0.225,46,112,FAILURE,505,40.0,0,6.656509099993855
500,0.225,51,112,FAILURE,501,39.0,0,6.5510127999586985
500,0.225,49,112,FAILURE,501,34.0,0,6.641319999936968
500,0.225,50,112,FAILURE,503,36.0,0,6.687840300030075
500,0.225,52,112,FAILURE,501,36.0,0,6.635357100050896
500,0.225,53,112,FAILURE,500,43.0,0,6.673757100012153
500,0.225,54,112,FAILURE,502,37.0,0,6.61825019994285
500,0.225,55,112,FAILURE,500,33.0,0,6.780148399993777
500,0.225,56,112,FAILURE,502,42.0,0,6.760340900043957
500,0.225,59,112,FAILURE,504,37.0,0,6.81366360001266
500,0.225,62,112,FAILURE,501,39.0,0,6.701687399996445
500,0.225,57,112,FAILURE,500,33.0,0,6.9471973000327125
500,0.225,60,112,FAILURE,502,40.0,0,6.8615965999197215
500,0.225,61,112,FAILURE,502,39.0,0,6.92481370002497
500,0.225,63,112,FAILURE,506,36.0,0,6.878411500016227
500,0.225,58,112,SUCCESS,53313,3000.0,3573,7.21543850004673
500,0.225,65,112,FAILURE,503,35.0,0,6.871695299982093
500,0.225,64,112,SUCCESS,56901,3000.0,3940,7.1748690999811515
500,0.225,66,112,FAILURE,1007,67.0,0,6.713667499949224
500,0.225,68,112,FAILURE,501,37.0,0,6.9209670999553055
500,0.225,70,112,FAILURE,501,32.0,0,6.9576424999395385
500,0.225,67,112,FAILURE,505,34.0,0,7.258398000034504
500,0.225,72,112,SUCCESS,46623,3000.0,3065,6.926936100004241
500,0.225,75,112,FAILURE,500,30.0,0,6.708768100012094
500,0.225,69,112,FAILURE,500,41.0,0,7.209443200030364
500,0.225,73,112,FAILURE,500,37.0,0,6.95390820002649
500,0.225,71,112,FAILURE,500,35.0,0,7.176243399968371
500,0.225,74,112,FAILURE,500,37.0,0,7.205640000058338
500,0.225,76,112,FAILURE,500,34.0,0,6.938500700052828
500,0.225,77,112,FAILURE,501,36.0,0,6.661449300008826
500,0.225,78,112,FAILURE,503,39.0,0,6.6507265999680385
500,0.225,81,112,FAILURE,501,40.0,0,6.598091199994087
500,0.225,83,112,FAILURE,501,36.0,0,6.5374574000015855
500,0.225,79,112,SUCCESS,48414,3000.0,3333,6.868114200071432
500,0.225,82,112,FAILURE,502,31.0,0,6.696565999998711
500,0.225,80,112,SUCCESS,57407,3000.0,3900,6.922202700050548
500,0.225,84,112,FAILURE,501,43.0,0,6.756355799967423
500,0.225,85,112,SUCCESS,51558,3000.0,3491,6.880026799975894
500,0.225,86,112,FAILURE,502,34.0,0,6.6787189999595284
500,0.225,87,112,SUCCESS,48040,3000.0,3059,7.013960700016469
500,0.225,88,112,FAILURE,505,36.0,0,7.030248200055212
500,0.225,90,112,FAILURE,502,40.0,0,6.683907700004056
500,0.225,91,112,FAILURE,500,39.0,0,6.6107397000305355
500,0.225,94,112,FAILURE,500,38.0,0,6.536433800007217
500,0.225,89,112,FAILURE,502,44.0,0,6.9245133000658825
500,0.225,95,112,FAILURE,500,35.0,0,6.696173500036821
500,0.225,93,112,FAILURE,502,44.0,0,6.831435100059025
500,0.225,92,112,FAILURE,506,30.0,0,6.911003099987283
500,0.225,97,112,FAILURE,500,35.0,0,6.649212699965574
500,0.225,96,112,FAILURE,500,41.0,0,6.732452999916859
500,0.225,98,112,FAILURE,501,36.0,0,6.540786800091155
500,0.225,99,112,FAILURE,504,36.0,0,3.2557843000395223
500,0.25,5,125,FAILURE,502,42.0,0,6.770763700013049
500,0.25,7,125,FAILURE,502,32.0,0,6.795652100001462
500,0.25,10,125,FAILURE,503,34.0,0,6.773007299983874
500,0.25,2,125,FAILURE,500,29.0,0,6.84060470003169
500,0.25,1,125,FAILURE,500,31.0,0,6.8617609000066295
500,0.25,0,125,FAILURE,500,28.0,0,6.873624500003643
500,0.25,3,125,FAILURE,502,33.0,0,6.905570699949749
500,0.25,8,125,FAILURE,504,34.0,0,6.957889100071043
500,0.25,9,125,FAILURE,505,33.0,0,6.9704581999685615
500,0.25,6,125,FAILURE,503,35.0,0,7.017789499950595
500,0.25,4,125,SUCCESS,55306,3000.0,3648,7.141033200081438
500,0.25,12,125,FAILURE,503,40.0,0,6.6803398000774905
500,0.25,14,125,FAILURE,504,36.0,0,6.815370099968277
500,0.25,11,125,FAILURE,502,32.0,0,6.90201950003393
500,0.25,15,125,FAILURE,502,42.0,0,6.999666000017896
500,0.25,18,125,FAILURE,500,38.0,0,6.900256599998102
500,0.25,16,125,FAILURE,500,30.0,0,7.0237779000308365
500,0.25,17,125,FAILURE,500,37.0,0,7.1244109000544995
500,0.25,13,125,FAILURE,500,36.0,0,7.271307500079274
500,0.25,19,125,FAILURE,500,30.0,0,7.1291531000752
500,0.25,21,125,FAILURE,500,32.0,0,7.041557800024748
500,0.25,20,125,FAILURE,502,33.0,0,7.457618499989621
500,0.25,22,125,FAILURE,501,29.0,0,6.805490999948233
500,0.25,23,125,FAILURE,505,34.0,0,6.901460599969141
500,0.25,25,125,FAILURE,502,38.0,0,6.790390299982391
500,0.25,27,125,FAILURE,502,37.0,0,6.766875899978913
500,0.25,26,125,FAILURE,503,39.0,0,6.829056899994612
500,0.25,24,125,SUCCESS,48072,3000.0,3077,7.05208080005832
500,0.25,28,125,FAILURE,500,32.0,0,6.809356299927458
500,0.25,29,125,FAILURE,502,33.0,0,6.802976000006311
500,0.25,30,125,FAILURE,502,37.0,0,6.922924399957992
500,0.25,31,125,FAILURE,504,31.0,0,6.897202699910849
500,0.25,32,125,SUCCESS,55189,3000.0,3669,7.165339800063521
500,0.25,33,125,FAILURE,504,33.0,0,6.923953799996525
500,0.25,36,125,FAILURE,501,29.0,0,6.840366100077517
500,0.25,34,125,FAILURE,500,31.0,0,6.980982200009748
500,0.25,35,125,FAILURE,500,37.0,0,6.913479899987578
500,0.25,37,125,FAILURE,503,35.0,0,6.863172400044277
500,0.25,38,125,FAILURE,504,38.0,0,6.900764599908143
500,0.25,40,125,FAILURE,500,36.0,0,6.809746999992058
500,0.25,39,125,FAILURE,501,33.0,0,6.91739749989938
500,0.25,42,125,FAILURE,500,30.0,0,6.922617199947126
500,0.25,41,125,FAILURE,500,31.0,0,7.090896000037901
500,0.25,43,125,FAILURE,996,65.0,0,6.862370599992573
500,0.25,44,125,FAILURE,502,33.0,0,6.884873399976641
500,0.25,49,125,FAILURE,502,34.0,0,6.793688699952327
500,0.25,48,125,FAILURE,500,31.0,0,6.904235900030471
500,0.25,47,125,FAILURE,504,34.0,0,6.934229000005871
500,0.25,45,125,FAILURE,500,33.0,0,7.027613000012934
500,0.25,46,125,FAILURE,505,40.0,0,6.995517699979246
500,0.25,50,125,FAILURE,503,34.0,0,6.948926800047047
500,0.25,51,125,FAILURE,501,38.0,0,6.977514200028963
500,0.25,52,125,FAILURE,501,34.0,0,6.965347000048496
500,0.25,53,125,FAILURE,500,43.0,0,6.938034700113349
500,0.25,54,125,FAILURE,502,33.0,0,6.8600414000684395
500,0.25,55,125,FAILURE,500,31.0,0,6.661596999969333
500,0.25,57,125,FAILURE,500,33.0,0,6.555835800012574
500,0.25,56,125,FAILURE,502,41.0,0,6.669412299990654
500,0.25,60,125,FAILURE,503,38.0,0,6.622818800038658
500,0.25,59,125,FAILURE,504,35.0,0,6.719488500035368
500,0.25,58,125,SUCCESS,55102,3000.0,3646,6.823673200095072
500,0.25,62,125,FAILURE,501,39.0,0,6.643880299990997
500,0.25,61,125,FAILURE,502,39.0,0,6.762854499975219
500,0.25,63,125,FAILURE,505,35.0,0,6.491504900041036
500,0.25,64,125,FAILURE,500,35.0,0,6.7774771000258625
500,0.25,65,125,FAILURE,503,33.0,0,6.5811282999347895
500,0.25,66,125,FAILURE,501,35.0,0,6.928661800106056
500,0.25,68,125,FAILURE,501,37.0,0,6.825544000021182
500,0.25,69,125,FAILURE,502,37.0,0,6.897612700005993
500,0.25,67,125,FAILURE,503,32.0,0,7.075505599961616
500,0.25,71,125,FAILURE,501,35.0,0,7.048260899959132
500,0.25,70,125,FAILURE,501,30.0,0,7.126693799975328
500,0.25,72,125,FAILURE,975,71.0,0,7.10919880005531
500,0.25,73,125,FAILURE,500,37.0,0,7.112542700022459
500,0.25,74,125,FAILURE,501,36.0,0,7.090641699964181
500,0.25,75,125,FAILURE,500,30.0,0,7.252248699893244
500,0.25,76,125,FAILURE,500,34.0,0,7.163429399952292
500,0.25,77,125,FAILURE,504,36.0,0,6.7674241999629885
500,0.25,78,125,FAILURE,504,39.0,0,6.732792099937797
500,0.25,79,125,FAILURE,501,32.0,0,6.652633700054139
500,0.25,81,125,FAILURE,500,38.0,0,6.71549099998083
500,0.25,82,125,FAILURE,502,30.0,0,6.7818502999143675
500,0.25,80,125,SUCCESS,57410,3000.0,3902,7.0927439000224695
500,0.25,84,125,FAILURE,508,44.0,0,6.830829600105062
500,0.25,83,125,FAILURE,501,36.0,0,6.878879499970935
500,0.25,85,125,SUCCESS,51563,3000.0,3490,7.02408529992681
500,0.25,87,125,FAILURE,505,33.0,0,6.756297199986875
500,0.25,86,125,FAILURE,501,34.0,0,6.853787599946372
500,0.25,88,125,FAILURE,502,35.0,0,6.645002600038424
500,0.25,89,125,FAILURE,502,34.0,0,6.73029029997997
500,0.25,90,125,FAILURE,502,40.0,0,6.754229499958456
500,0.25,91,125,FAILURE,500,34.0,0,6.607381299952976
500,0.25,93,125,FAILURE,500,39.0,0,6.622062800102867
500,0.25,92,125,FAILURE,505,29.0,0,6.721998100052588
500,0.25,94,125,FAILURE,505,34.0,0,6.6222625999944285
500,0.25,95,125,FAILURE,501,35.0,0,6.699403900071047
500,0.25,96,125,FAILURE,501,37.0,0,6.607661099988036
500,0.25,97,125,FAILURE,500,33.0,0,6.507262200000696
500,0.25,98,125,FAILURE,501,33.0,0,6.439353100024164
500,0.25,99,125,FAILURE,504,32.0,0,3.243122400017455
500,0.275,1,138,FAILURE,500,29.0,0,6.601716900011525
500,0.275,10,138,FAILURE,503,34.0,0,6.577493499964476
500,0.275,4,138,FAILURE,506,37.0,0,6.747897300054319
500,0.275,3,138,FAILURE,503,28.0,0,6.758489600033499
500,0.275,2,138,FAILURE,501,29.0,0,6.813207200029865
500,0.275,9,138,FAILURE,505,32.0,0,6.765659100026824
500,0.275,5,138,FAILURE,502,42.0,0,6.845000199973583
500,0.275,8,138,FAILURE,504,33.0,0,6.862856500083581
500,0.275,0,138,FAILURE,501,28.0,0,7.027221500058658
500,0.275,6,138,FAILURE,503,31.0,0,6.987131500034593
500,0.275,7,138,FAILURE,502,32.0,0,7.007196099963039
500,0.275,11,138,FAILURE,502,28.0,0,7.089770599966869
500,0.275,12,138,FAILURE,503,37.0,0,7.141895500011742
500,0.275,16,138,FAILURE,503,30.0,0,6.961019799928181
500,0.275,14,138,FAILURE,507,36.0,0,7.087153300060891
500,0.275,15,138,FAILURE,503,42.0,0,7.065080499975011
500,0.275,13,138,FAILURE,500,35.0,0,7.144403400016017
500,0.275,17,138,FAILURE,500,37.0,0,7.075148000032641
500,0.275,19,138,FAILURE,502,30.0,0,6.959580700029619
500,0.275,18,138,FAILURE,501,35.0,0,7.07068010000512
500,0.275,20,138,FAILURE,502,30.0,0,6.988917900016531
500,0.275,21,138,FAILURE,503,32.0,0,7.0886602998944
500,0.275,25,138,FAILURE,502,38.0,0,6.809896599967033
500,0.275,24,138,FAILURE,501,34.0,0,6.980072499951348
500,0.275,23,138,FAILURE,505,34.0,0,7.041489400085993
500,0.275,22,138,FAILURE,501,29.0,0,7.221739799948409
500,0.275,28,138,FAILURE,500,32.0,0,6.981566300033592
500,0.275,30,138,FAILURE,502,37.0,0,7.013503300026059
500,0.275,32,138,FAILURE,500,30.0,0,6.9003042000113055
500,0.275,27,138,FAILURE,502,37.0,0,7.153629699954763
500,0.275,26,138,FAILURE,500,35.0,0,7.285697199986316
500,0.275,29,138,FAILURE,503,32.0,0,7.2209138999460265
500,0.275,31,138,FAILURE,504,30.0,0,7.197153000044636
500,0.275,33,138,FAILURE,505,33.0,0,6.964834599988535
500,0.275,34,138,FAILURE,500,30.0,0,7.028469600016251
500,0.275,35,138,FAILURE,500,35.0,0,7.024219000013545
500,0.275,36,138,FAILURE,501,28.0,0,7.011833399999887
500,0.275,37,138,FAILURE,503,35.0,0,7.091657200013287
500,0.275,38,138,FAILURE,505,36.0,0,7.043680900009349
500,0.275,39,138,FAILURE,501,31.0,0,7.077590600005351
500,0.275,40,138,FAILURE,500,36.0,0,7.069111000047997
500,0.275,41,138,FAILURE,500,31.0,0,7.0151844000210986
500,0.275,43,138,FAILURE,500,29.0,0,7.1019311000127345
500,0.275,42,138,FAILURE,500,30.0,0,7.139700700063258
500,0.275,44,138,FAILURE,502,33.0,0,6.822524900082499
500,0.275,45,138,FAILURE,501,33.0,0,6.956260500010103
500,0.275,47,138,FAILURE,504,32.0,0,6.842062899959274
500,0.275,46,138,FAILURE,502,40.0,0,7.00490040006116
500,0.275,49,138,FAILURE,502,34.0,0,6.82540880003944
500,0.275,48,138,FAILURE,500,31.0,0,6.977301100036129
500,0.275,51,138,FAILURE,501,38.0,0,6.983728299965151
500,0.275,52,138,FAILURE,501,33.0,0,7.006450399989262
500,0.275,50,138,FAILURE,504,33.0,0,7.064251499949023
500,0.275,54,138,FAILURE,505,33.0,0,6.958368999999948
500,0.275,53,138,FAILURE,500,43.0,0,6.977341699996032
500,0.275,55,138,FAILURE,500,30.0,0,6.856882499996573
500,0.275,57,138,FAILURE,501,33.0,0,6.7988711999496445
500,0.275,56,138,FAILURE,503,38.0,0,6.909708600025624
500,0.275,59,138,FAILURE,505,30.0,0,6.860189399914816
500,0.275,58,138,FAILURE,988,69.0,0,6.892024100059643
500,0.275,60,138,FAILURE,502,37.0,0,6.910753800068051
500,0.275,61,138,FAILURE,1506,98.0,0,6.882616100017913
500,0.275,63,138,FAILURE,505,33.0,0,6.846678900066763
500,0.275,62,138,FAILURE,502,39.0,0,6.890161699964665
500,0.275,64,138,FAILURE,500,35.0,0,6.818213500082493
500,0.275,65,138,FAILURE,501,27.0,0,6.877911200048402
500,0.275,66,138,FAILURE,504,34.0,0,6.770527800079435
500,0.275,67,138,FAILURE,501,32.0,0,6.843420999939553
500,0.275,69,138,FAILURE,502,37.0,0,6.819685399997979
500,0.275,68,138,FAILURE,501,37.0,0,6.900936600053683
500,0.275,70,138,FAILURE,501,30.0,0,6.992506499984302
500,0.275,71,138,FAILURE,501,33.0,0,6.811614600010216
500,0.275,72,138,FAILURE,972,69.0,0,6.848671300103888
500,0.275,75,138,FAILURE,500,30.0,0,6.789976000087336
500,0.275,76,138,FAILURE,500,34.0,0,6.733491899911314
500,0.275,73,138,FAILURE,500,37.0,0,6.928455799934454
500,0.275,74,138,FAILURE,502,35.0,0,7.005657300003804
500,0.275,78,138,FAILURE,506,38.0,0,6.647300099954009
500,0.275,77,138,FAILURE,505,35.0,0,6.991077599930577
500,0.275,82,138,FAILURE,501,30.0,0,6.7087819000007585
500,0.275,79,138,FAILURE,501,31.0,0,6.946827000007033
500,0.275,81,138,FAILURE,500,35.0,0,6.979962199926376
500,0.275,85,138,SUCCESS,49991,3000.0,3467,6.940163500024937
500,0.275,83,138,FAILURE,501,36.0,0,7.015853899996728
500,0.275,80,138,SUCCESS,57462,3000.0,3952,7.476573699968867
500,0.275,84,138,FAILURE,510,44.0,0,7.177082000067458
500,0.275,86,138,FAILURE,501,32.0,0,7.20251350000035
500,0.275,87,138,FAILURE,505,33.0,0,7.189395299996249
500,0.275,88,138,FAILURE,506,37.0,0,6.619538799975999
500,0.275,89,138,FAILURE,503,32.0,0,6.71173350000754
500,0.275,90,138,FAILURE,503,38.0,0,6.672990299994126
500,0.275,91,138,FAILURE,500,34.0,0,6.649027699953876
500,0.275,92,138,FAILURE,504,29.0,0,6.613119399989955
500,0.275,93,138,FAILURE,500,32.0,0,6.549338200013153
500,0.275,94,138,FAILURE,504,30.0,0,6.553079800098203
500,0.275,95,138,FAILURE,501,34.0,0,6.505590700078756
500,0.275,96,138,FAILURE,501,36.0,0,6.501144399982877
500,0.275,97,138,FAILURE,501,33.0,0,6.4359353999607265
500,0.275,98,138,FAILURE,501,32.0,0,6.369268900016323
500,0.275,99,138,FAILURE,504,30.0,0,3.0045311999274418
500,0.3,3,150,FAILURE,503,27.0,0,6.506079800077714
500,0.3,5,150,FAILURE,508,38.0,0,6.50650969997514
500,0.3,6,150,FAILURE,502,31.0,0,6.539713999954984
500,0.3,1,150,FAILURE,500,29.0,0,6.595736499992199
500,0.3,8,150,FAILURE,504,29.0,0,6.533254900015891
500,0.3,2,150,FAILURE,500,29.0,0,6.58047779998742
500,0.3,9,150,FAILURE,504,31.0,0,6.524150100070983
500,0.3,7,150,FAILURE,501,32.0,0,6.587386899976991
500,0.3,4,150,FAILURE,504,33.0,0,6.635033200029284
500,0.3,0,150,FAILURE,500,26.0,0,6.682925800094381
500,0.3,10,150,FAILURE,502,29.0,0,6.683394100051373
500,0.3,11,150,FAILURE,501,28.0,0,6.688886399962939
500,0.3,17,150,FAILURE,500,31.0,0,6.637398199993186
500,0.3,13,150,FAILURE,500,34.0,0,6.681212400086224
500,0.3,14,150,FAILURE,505,31.0,0,6.713418200029992
500,0.3,16,150,FAILURE,503,27.0,0,6.749911600025371
500,0.3,18,150,FAILURE,501,29.0,0,6.706580700003542
500,0.3,20,150,FAILURE,502,28.0,0,6.672760599991307
500,0.3,15,150,FAILURE,503,42.0,0,6.784534899983555
500,0.3,12,150,FAILURE,504,37.0,0,6.840648100012913
500,0.3,19,150,FAILURE,503,30.0,0,6.723223399952985
500,0.3,21,150,FAILURE,503,31.0,0,6.81643200002145
500,0.3,23,150,FAILURE,505,34.0,0,6.653317000018433
500,0.3,29,150,FAILURE,502,30.0,0,6.517006200039759
500,0.3,22,150,FAILURE,501,29.0,0,6.714878599974327
500,0.3,27,150,FAILURE,501,34.0,0,6.620316000073217
500,0.3,24,150,FAILURE,501,34.0,0,6.749241700046696
500,0.3,25,150,FAILURE,502,37.0,0,6.722053900011815
500,0.3,31,150,FAILURE,505,30.0,0,6.639420399907976
500,0.3,28,150,FAILURE,500,32.0,0,6.687832099967636
500,0.3,30,150,FAILURE,502,37.0,0,6.726033499930054
500,0.3,26,150,FAILURE,503,35.0,0,6.788868300034665
500,0.3,32,150,FAILURE,500,29.0,0,6.6624932999257
500,0.3,36,150,FAILURE,501,28.0,0,6.711392999975942
500,0.3,35,150,FAILURE,500,35.0,0,6.778339300071821
500,0.3,40,150,FAILURE,501,36.0,0,6.741776300012134
500,0.3,33,150,FAILURE,505,32.0,0,6.97337120003067
500,0.3,34,150,FAILURE,500,30.0,0,7.019707700004801
500,0.3,38,150,FAILURE,504,36.0,0,7.034308100002818
500,0.3,39,150,FAILURE,501,30.0,0,7.045429000048898
500,0.3,37,150,FAILURE,500,34.0,0,7.1424120999872684
500,0.3,42,150,FAILURE,500,30.0,0,7.143095300067216
500,0.3,41,150,FAILURE,501,31.0,0,7.178991099935956
500,0.3,43,150,FAILURE,500,28.0,0,7.168319000047632
500,0.3,44,150,FAILURE,502,28.0,0,6.56794350000564
500,0.3,46,150,FAILURE,503,32.0,0,6.63993889989797
500,0.3,48,150,FAILURE,501,30.0,0,6.563365299953148
500,0.3,45,150,FAILURE,500,33.0,0,6.759858399978839
500,0.3,47,150,FAILURE,505,32.0,0,6.717006999999285
500,0.3,49,150,FAILURE,501,34.0,0,6.696784000028856
500,0.3,51,150,FAILURE,501,38.0,0,6.603220799937844
500,0.3,50,150,FAILURE,503,32.0,0,6.71406210004352
500,0.3,52,150,FAILURE,501,32.0,0,6.729541600099765
500,0.3,53,150,FAILURE,501,35.0,0,6.717468600021675
500,0.3,54,150,FAILURE,505,32.0,0,6.660985899972729
500,0.3,55,150,FAILURE,500,30.0,0,6.599731000023894
500,0.3,57,150,FAILURE,501,33.0,0,6.610120600089431
500,0.3,58,150,FAILURE,983,68.0,0,6.60390769992955
500,0.3,56,150,FAILURE,504,37.0,0,6.674044499988668
500,0.3,59,150,FAILURE,505,30.0,0,6.5788846999639645
500,0.3,60,150,FAILURE,502,34.0,0,6.6340216000098735
500,0.3,62,150,FAILURE,505,37.0,0,6.6349692000076175
500,0.3,61,150,FAILURE,503,30.0,0,6.70297230000142
500,0.3,63,150,FAILURE,502,33.0,0,6.5845969000365585
500,0.3,64,150,FAILURE,500,35.0,0,6.6412583000492305
500,0.3,65,150,FAILURE,502,27.0,0,6.740958700072952
500,0.3,66,150,FAILURE,505,33.0,0,6.627091399976052
500,0.3,67,150,FAILURE,501,31.0,0,6.550326000084169
500,0.3,68,150,FAILURE,501,37.0,0,6.565175499999896
500,0.3,69,150,FAILURE,502,33.0,0,6.648487200029194
500,0.3,70,150,FAILURE,502,30.0,0,6.651794899953529
500,0.3,71,150,FAILURE,501,31.0,0,6.55954369995743
500,0.3,72,150,FAILURE,504,32.0,0,6.571993599995039
500,0.3,73,150,FAILURE,501,35.0,0,6.614522199961357
500,0.3,74,150,FAILURE,501,33.0,0,6.555142999975942
500,0.3,75,150,FAILURE,500,30.0,0,6.577922400087118
500,0.3,76,150,FAILURE,501,34.0,0,6.668603300000541
500,0.3,77,150,FAILURE,505,35.0,0,6.637908599921502
500,0.3,81,150,FAILURE,500,30.0,0,6.660638800007291
500,0.3,83,150,FAILURE,500,32.0,0,6.8362322000321
500,0.3,78,150,FAILURE,506,38.0,0,7.3523170000407845
500,0.3,82,150,FAILURE,501,30.0,0,7.186525500030257
500,0.3,79,150,FAILURE,501,31.0,0,7.502559300046414
500,0.3,84,150,FAILURE,1015,73.0,0,7.134010600042529
500,0.3,86,150,FAILURE,501,31.0,0,7.01022020005621
500,0.3,85,150,SUCCESS,50045,3000.0,3476,7.310933899949305
500,0.3,80,150,SUCCESS,57467,3000.0,3957,7.728945800103247
500,0.3,87,150,FAILURE,501,29.0,0,7.015805599978194
500,0.3,88,150,FAILURE,504,35.0,0,6.824535200023092
500,0.3,89,150,FAILURE,503,32.0,0,6.888456300017424
500,0.3,90,150,FAILURE,504,33.0,0,6.729973799898289
500,0.3,91,150,FAILURE,501,34.0,0,7.047887799912132
500,0.3,92,150,FAILURE,504,28.0,0,6.94816999998875
500,0.3,95,150,FAILURE,503,32.0,0,6.874283300014213
500,0.3,93,150,FAILURE,500,30.0,0,7.002947199973278
500,0.3,94,150,FAILURE,504,30.0,0,6.99338739993982
500,0.3,96,150,FAILURE,503,36.0,0,6.792119899997488
500,0.3,97,150,FAILURE,500,30.0,0,6.813803300028667
500,0.3,98,150,FAILURE,501,27.0,0,6.814835000084713
500,0.3,99,150,FAILURE,504,29.0,0,3.2427390998927876
500,0.325,6,162,FAILURE,502,30.0,0,6.8800203000428155
500,0.325,4,162,FAILURE,506,33.0,0,6.895637099980377
500,0.325,0,162,FAILURE,500,26.0,0,6.975415199995041
500,0.325,1,162,FAILURE,500,29.0,0,6.972799000097439
500,0.325,9,162,FAILURE,504,31.0,0,6.930764999939129
500,0.325,3,162,FAILURE,503,26.0,0,7.0056770000373945
500,0.325,2,162,FAILURE,501,28.0,0,7.03557099995669
500,0.325,7,162,FAILURE,502,28.0,0,7.067198800039478
500,0.325,5,162,FAILURE,508,38.0,0,7.083472799975425
500,0.325,10,162,FAILURE,503,30.0,0,7.024647600017488
500,0.325,8,162,FAILURE,506,28.0,0,7.103464000043459
500,0.325,13,162,FAILURE,500,34.0,0,6.806398399989121
500,0.325,12,162,FAILURE,504,37.0,0,6.915997899952345
500,0.325,11,162,FAILURE,501,28.0,0,6.921033599996008
500,0.325,17,162,FAILURE,500,31.0,0,6.809567699907348
500,0.325,14,162,FAILURE,504,29.0,0,6.9188344000140205
500,0.325,15,162,FAILURE,506,42.0,0,6.918951499974355
500,0.325,20,162,FAILURE,502,28.0,0,6.809068800066598
500,0.325,16,162,FAILURE,505,28.0,0,6.948006100021303
500,0.325,18,162,FAILURE,501,29.0,0,6.88636410003528
500,0.325,19,162,FAILURE,502,30.0,0,6.923569600097835
500,0.325,21,162,FAILURE,503,31.0,0,6.898278199951164
500,0.325,25,162,FAILURE,502,36.0,0,6.722771000000648
500,0.325,24,162,FAILURE,501,34.0,0,6.781416399986483
500,0.325,22,162,FAILURE,501,29.0,0,6.873709000064991
500,0.325,26,162,FAILURE,500,34.0,0,6.757577099953778
500,0.325,23,162,FAILURE,502,28.0,0,6.862162300036289
500,0.325,28,162,FAILURE,502,31.0,0,6.798449699999765
500,0.325,30,162,FAILURE,502,37.0,0,6.830888699973002
500,0.325,29,162,FAILURE,502,30.0,0,6.852063499973156
500,0.325,31,162,FAILURE,504,30.0,0,6.795240400009789
500,0.325,27,162,FAILURE,501,34.0,0,6.9462237999541685
500,0.325,32,162,FAILURE,501,26.0,0,6.816421400057152
500,0.325,33,162,FAILURE,505,32.0,0,6.5432031999807805
500,0.325,34,162,FAILURE,500,29.0,0,6.6360563999041915
500,0.325,41,162,FAILURE,501,29.0,0,6.453556600026786
500,0.325,36,162,FAILURE,501,28.0,0,6.6388723000418395
500,0.325,38,162,FAILURE,502,31.0,0,6.5945702999597415
500,0.325,37,162,FAILURE,500,34.0,0,6.6394512000260875
500,0.325,35,162,FAILURE,501,34.0,0,6.692094199941494
500,0.325,40,162,FAILURE,502,36.0,0,6.541896100039594
500,0.325,42,162,FAILURE,500,30.0,0,6.605882500065491
500,0.325,39,162,FAILURE,501,29.0,0,6.658300400013104
500,0.325,43,162,FAILURE,500,28.0,0,6.6501767000881955
500,0.325,44,162,FAILURE,502,28.0,0,6.553145300014876
500,0.325,48,162,FAILURE,502,30.0,0,6.580226499936543
500,0.325,45,162,FAILURE,500,33.0,0,6.654332399950363
500,0.325,47,162,FAILURE,503,32.0,0,6.675353999948129
500,0.325,51,162,FAILURE,502,38.0,0,6.6251143999397755
500,0.325,50,162,FAILURE,506,32.0,0,6.6494165998883545
500,0.325,49,162,FAILURE,501,31.0,0,6.700978900073096
500,0.325,46,162,FAILURE,501,31.0,0,6.765360300079919
500,0.325,52,162,FAILURE,501,31.0,0,6.601825300022028
500,0.325,53,162,FAILURE,501,33.0,0,6.61895849998109
500,0.325,54,162,FAILURE,505,32.0,0,6.688647300004959
500,0.325,55,162,FAILURE,504,30.0,0,6.703925100038759
500,0.325,57,162,FAILURE,501,32.0,0,6.496938699972816
500,0.325,56,162,FAILURE,504,36.0,0,6.569884299999103
500,0.325,59,162,FAILURE,506,30.0,0,6.555846300092526
500,0.325,60,162,FAILURE,502,34.0,0,6.575422900030389
500,0.325,61,162,FAILURE,504,30.0,0,6.624515300034545
500,0.325,58,162,FAILURE,992,68.0,0,6.687026800005697
500,0.325,63,162,FAILURE,502,28.0,0,6.602161300019361
500,0.325,62,162,FAILURE,505,37.0,0,6.676422100048512
500,0.325,64,162,FAILURE,500,29.0,0,6.656313300016336
500,0.325,65,162,FAILURE,500,27.0,0,6.614249799982645
500,0.325,67,162,FAILURE,501,28.0,0,6.640480199945159
500,0.325,68,162,FAILURE,503,34.0,0,6.690713300020434
500,0.325,66,162,FAILURE,504,31.0,0,6.788027599919587
500,0.325,69,162,FAILURE,503,31.0,0,6.690048900083639
500,0.325,71,162,FAILURE,501,29.0,0,6.5777715999865904
500,0.325,70,162,FAILURE,501,27.0,0,6.6825713000725955
500,0.325,72,162,FAILURE,503,32.0,0,6.654629199998453
500,0.325,73,162,FAILURE,501,33.0,0,6.725381500087678
500,0.325,74,162,FAILURE,501,32.0,0,6.778415100066923
500,0.325,75,162,FAILURE,500,28.0,0,6.773731700028293
500,0.325,76,162,FAILURE,502,34.0,0,6.776122200069949
500,0.325,79,162,FAILURE,501,30.0,0,6.486239399993792
500,0.325,77,162,FAILURE,503,28.0,0,6.643242600024678
500,0.325,78,162,FAILURE,506,30.0,0,6.5716883999994025
500,0.325,81,162,FAILURE,504,29.0,0,6.580221699899994
500,0.325,80,162,FAILURE,502,33.0,0,6.6726762999314815
500,0.325,82,162,FAILURE,502,30.0,0,6.760132699972019
500,0.325,83,162,FAILURE,500,32.0,0,6.81308039999567
500,0.325,86,162,FAILURE,502,31.0,0,6.684140200028196
500,0.325,85,162,FAILURE,506,34.0,0,6.707753899972886
500,0.325,84,162,FAILURE,1020,73.0,0,6.909065600018948
500,0.325,87,162,FAILURE,503,29.0,0,6.940027799922973
500,0.325,88,162,FAILURE,502,29.0,0,6.48115470004268
500,0.325,90,162,FAILURE,504,33.0,0,6.44065220002085
500,0.325,89,162,FAILURE,503,29.0,0,6.7021103000734
500,0.325,91,162,FAILURE,500,28.0,0,6.819788200082257
500,0.325,92,162,FAILURE,504,28.0,0,6.800704599940218
500,0.325,96,162,FAILURE,504,30.0,0,6.74719499994535
500,0.325,95,162,FAILURE,503,32.0,0,6.752735699992627
500,0.325,93,162,FAILURE,501,30.0,0,6.967252200003713
500,0.325,97,162,FAILURE,500,30.0,0,6.738151300000027
500,0.325,94,162,FAILURE,504,30.0,0,6.984173499979079
500,0.325,98,162,FAILURE,501,27.0,0,6.7649219000013545
500,0.325,99,162,FAILURE,505,29.0,0,2.983888400020078
500,0.35,6,175,FAILURE,504,28.0,0,6.990908100036904
500,0.35,4,175,FAILURE,507,32.0,0,7.022547999978997
500,0.35,5,175,FAILURE,508,33.0,0,7.029161100042984
500,0.35,2,175,FAILURE,501,26.0,0,7.1306781999301165
500,0.35,0,175,FAILURE,501,26.0,0,7.147607500082813
500,0.35,3,175,FAILURE,504,26.0,0,7.148158999974839
500,0.35,7,175,FAILURE,502,28.0,0,7.13264700002037
500,0.35,1,175,FAILURE,500,29.0,0,7.206661600037478
500,0.35,10,175,FAILURE,504,30.0,0,7.138459600042552
500,0.35,8,175,FAILURE,506,28.0,0,7.229931299923919
500,0.35,9,175,FAILURE,503,29.0,0,7.231348000001162
500,0.35,11,175,FAILURE,503,27.0,0,6.944462999934331
500,0.35,12,175,FAILURE,502,31.0,0,7.068648000014946
500,0.35,13,175,FAILURE,501,28.0,0,7.081957999966107
500,0.35,16,175,FAILURE,505,27.0,0,6.975275299977511
500,0.35,15,175,FAILURE,506,39.0,0,7.010613900027238
500,0.35,14,175,FAILURE,504,29.0,0,7.114831599988975
500,0.35,18,175,FAILURE,501,29.0,0,7.057110300054774
500,0.35,17,175,FAILURE,500,31.0,0,7.095547300064936
500,0.35,19,175,FAILURE,502,29.0,0,7.086574500077404
500,0.35,20,175,FAILURE,502,28.0,0,7.139471900067292
500,0.35,21,175,FAILURE,503,31.0,0,7.16566350008361
500,0.35,22,175,FAILURE,501,29.0,0,7.0551813000347465
500,0.35,23,175,FAILURE,502,27.0,0,6.996393600013107
500,0.35,24,175,FAILURE,502,34.0,0,7.007391999941319
500,0.35,27,175,FAILURE,502,34.0,0,6.935544500011019
500,0.35,25,175,FAILURE,502,36.0,0,7.035159999970347
500,0.35,26,175,FAILURE,500,31.0,0,7.057511599967256
500,0.35,28,175,FAILURE,502,31.0,0,6.976948700030334
500,0.35,29,175,FAILURE,502,30.0,0,7.077690100064501
500,0.35,30,175,FAILURE,502,37.0,0,7.088654100080021
500,0.35,31,175,FAILURE,502,28.0,0,7.066662600031123
500,0.35,32,175,FAILURE,504,27.0,0,7.096688300021924
500,0.35,33,175,FAILURE,504,32.0,0,6.7365782000124454
500,0.35,34,175,FAILURE,500,28.0,0,6.762135000084527
500,0.35,39,175,FAILURE,502,29.0,0,6.721054800087586
500,0.35,36,175,FAILURE,501,27.0,0,6.826039899955504
500,0.35,37,175,FAILURE,501,32.0,0,6.89193130005151
500,0.35,38,175,FAILURE,503,27.0,0,6.872315400047228
500,0.35,35,175,FAILURE,501,31.0,0,7.008753000060096
500,0.35,40,175,FAILURE,500,36.0,0,6.910864100093022
500,0.35,41,175,FAILURE,500,29.0,0,6.926123299985193
500,0.35,43,175,FAILURE,500,27.0,0,6.803807000047527
500,0.35,42,175,FAILURE,501,30.0,0,6.875719100004062
500,0.35,45,175,FAILURE,500,33.0,0,6.8297291999915615
500,0.35,44,175,FAILURE,501,28.0,0,6.954722999944352
500,0.35,47,175,FAILURE,503,30.0,0,6.772056099958718
500,0.35,46,175,FAILURE,501,31.0,0,6.890653799986467
500,0.35,48,175,FAILURE,502,30.0,0,6.822708199964836
500,0.35,49,175,FAILURE,501,30.0,0,6.86214750004001
500,0.35,50,175,FAILURE,505,32.0,0,6.845767399994656
500,0.35,51,175,FAILURE,502,37.0,0,6.8898481000214815
500,0.35,53,175,FAILURE,500,33.0,0,6.850501000066288
500,0.35,52,175,FAILURE,504,31.0,0,6.8869874000083655
500,0.35,54,175,FAILURE,505,31.0,0,6.98627619992476
500,0.35,55,175,FAILURE,504,29.0,0,6.656156399985775
500,0.35,57,175,FAILURE,501,28.0,0,6.745098100043833
500,0.35,56,175,FAILURE,506,36.0,0,6.810629800078459
500,0.35,58,175,FAILURE,509,35.0,0,6.701815400039777
500,0.35,59,175,FAILURE,503,28.0,0,6.802024099975824
500,0.35,60,175,FAILURE,502,32.0,0,6.79516550002154
500,0.35,62,175,FAILURE,506,37.0,0,6.685352099942975
500,0.35,61,175,FAILURE,505,30.0,0,6.869430100079626
500,0.35,63,175,FAILURE,502,27.0,0,6.733564199996181
500,0.35,64,175,FAILURE,500,27.0,0,6.789375100051984
500,0.35,65,175,FAILURE,500,27.0,0,6.830962999956682
500,0.35,69,175,FAILURE,503,29.0,0,6.81432829995174
500,0.35,66,175,FAILURE,501,28.0,0,7.0379370000446215
500,0.35,68,175,FAILURE,502,30.0,0,6.887143500032835
500,0.35,67,175,FAILURE,501,27.0,0,6.987835399922915
500,0.35,73,175,FAILURE,501,31.0,0,6.655435900087468
500,0.35,70,175,FAILURE,503,27.0,0,6.871306899935007
500,0.35,71,175,FAILURE,502,28.0,0,6.933377900044434
500,0.35,72,175,FAILURE,502,31.0,0,6.908071900019422
500,0.35,74,175,FAILURE,501,30.0,0,6.826943500083871
500,0.35,75,175,FAILURE,500,28.0,0,6.905712699983269
500,0.35,76,175,FAILURE,501,32.0,0,6.970866999938153
500,0.35,77,175,FAILURE,503,28.0,0,6.997309400001541
500,0.35,78,175,FAILURE,504,29.0,0,7.062454099999741
500,0.35,81,175,FAILURE,506,29.0,0,7.009625199949369
500,0.35,79,175,FAILURE,503,30.0,0,7.16748279996682
500,0.35,80,175,FAILURE,502,33.0,0,7.124765299959108
500,0.35,82,175,FAILURE,502,30.0,0,7.0867697999347
500,0.35,83,175,FAILURE,500,32.0,0,7.049062600010075
500,0.35,84,175,FAILURE,513,39.0,0,7.095401099999435
500,0.35,85,175,FAILURE,504,32.0,0,7.084463999955915
500,0.35,86,175,FAILURE,502,27.0,0,7.052798299933784
500,0.35,87,175,FAILURE,503,29.0,0,7.073964699986391
500,0.35,92,175,FAILURE,506,28.0,0,6.91292099992279
500,0.35,91,175,FAILURE,500,28.0,0,6.9701983000850305
500,0.35,88,175,FAILURE,502,29.0,0,7.3065278000431135
500,0.35,89,175,FAILURE,505,29.0,0,7.320149900042452
500,0.35,94,175,FAILURE,504,30.0,0,7.0847362000495195
500,0.35,90,175,FAILURE,505,32.0,0,7.3073461999883875
500,0.35,96,175,FAILURE,503,30.0,0,7.028072799905203
500,0.35,95,175,FAILURE,503,32.0,0,7.083201100002043
500,0.35,97,175,FAILURE,501,30.0,0,6.971482699969783
500,0.35,93,175,FAILURE,501,30.0,0,7.373948500026017
500,0.35,98,175,FAILURE,501,27.0,0,6.815622100024484
500,0.35,99,175,FAILURE,504,28.0,0,2.8783981000306085
500,0.4,7,200,FAILURE,502,26.0,0,6.498124600038864
500,0.4,8,200,FAILURE,506,28.0,0,6.547413699910976
500,0.4,0,200,FAILURE,503,26.0,0,6.611487700021826
500,0.4,10,200,FAILURE,504,30.0,0,6.546620900044218
500,0.4,5,200,FAILURE,508,29.0,0,6.617937700008042
500,0.4,1,200,FAILURE,502,29.0,0,6.656498000025749
500,0.4,6,200,FAILURE,508,27.0,0,6.6433342000236735
500,0.4,3,200,FAILURE,505,25.0,0,6.6570924000116065
500,0.4,2,200,FAILURE,503,26.0,0,6.692309199948795
500,0.4,9,200,FAILURE,503,27.0,0,6.675155699951574
500,0.4,4,200,FAILURE,506,30.0,0,6.7293757000006735
500,0.4,12,200,FAILURE,504,30.0,0,6.670353399938904
500,0.4,13,200,FAILURE,504,28.0,0,6.673749400069937
500,0.4,15,200,FAILURE,506,38.0,0,6.721359699964523
500,0.4,11,200,FAILURE,503,26.0,0,6.843034100020304
500,0.4,17,200,FAILURE,500,25.0,0,6.721878199954517
500,0.4,14,200,FAILURE,504,26.0,0,6.791977799963206
500,0.4,16,200,FAILURE,508,26.0,0,6.788832699996419
500,0.4,18,200,FAILURE,501,27.0,0,6.774572499911301
500,0.4,21,200,FAILURE,501,26.0,0,6.707581900060177
500,0.4,19,200,FAILURE,502,28.0,0,6.828149200067855
500,0.4,20,200,FAILURE,501,28.0,0,6.824107100022957
500,0.4,22,200,FAILURE,504,28.0,0,6.597060999949463
500,0.4,30,200,FAILURE,502,37.0,0,6.427878700080328
500,0.4,23,200,FAILURE,501,27.0,0,6.667551300022751
500,0.4,25,200,FAILURE,504,30.0,0,6.616881599999033
500,0.4,27,200,FAILURE,502,33.0,0,6.618901300011203
500,0.4,24,200,FAILURE,504,34.0,0,6.676880299928598
500,0.4,28,200,FAILURE,502,30.0,0,6.607515300041996
500,0.4,32,200,FAILURE,503,26.0,0,6.5966825999785215
500,0.4,29,200,FAILURE,508,29.0,0,6.686725299921818
500,0.4,31,200,FAILURE,502,27.0,0,6.646966600092128
500,0.4,26,200,FAILURE,501,27.0,0,6.864005999988876
500,0.4,34,200,FAILURE,500,26.0,0,6.6359259999589995
500,0.4,35,200,FAILURE,507,30.0,0,6.596135300002061
500,0.4,33,200,FAILURE,500,26.0,0,6.722772000008263
500,0.4,37,200,FAILURE,507,32.0,0,6.631939599988982
500,0.4,39,200,FAILURE,502,28.0,0,6.611549600027502
500,0.4,36,200,FAILURE,502,27.0,0,6.699268600088544
500,0.4,38,200,FAILURE,503,28.0,0,6.7555699000367895
500,0.4,41,200,FAILURE,501,24.0,0,6.679229600005783
500,0.4,40,200,FAILURE,502,36.0,0,6.702208600006998
500,0.4,42,200,FAILURE,502,26.0,0,6.692119900020771
500,0.4,43,200,FAILURE,500,27.0,0,6.642090199980885
500,0.4,46,200,FAILURE,502,30.0,0,6.533055300009437
500,0.4,45,200,FAILURE,502,31.0,0,6.696845500031486
500,0.4,44,200,FAILURE,502,26.0,0,6.724545600009151
500,0.4,49,200,FAILURE,501,30.0,0,6.587632399983704
500,0.4,47,200,FAILURE,504,30.0,0,6.65581710007973
500,0.4,48,200,FAILURE,504,26.0,0,6.637535299989395
500,0.4,50,200,FAILURE,502,26.0,0,6.666048999992199
500,0.4,51,200,FAILURE,504,31.0,0,6.660707399947569
500,0.4,53,200,FAILURE,501,29.0,0,6.627959200064652
500,0.4,54,200,FAILURE,503,27.0,0,6.670090500032529
500,0.4,52,200,FAILURE,504,30.0,0,6.761644400074147
500,0.4,55,200,FAILURE,503,27.0,0,6.724015399930067
500,0.4,57,200,FAILURE,501,27.0,0,6.703472400084138
500,0.4,56,200,FAILURE,507,31.0,0,6.737342400010675
500,0.4,59,200,FAILURE,505,28.0,0,6.740229200106114
500,0.4,58,200,FAILURE,507,30.0,0,6.7942375999409705
500,0.4,60,200,FAILURE,504,31.0,0,6.839393900008872
500,0.4,64,200,FAILURE,506,27.0,0,6.620012299972586
500,0.4,62,200,FAILURE,504,28.0,0,6.738026099978015
500,0.4,63,200,FAILURE,501,26.0,0,6.74189900001511
500,0.4,61,200,FAILURE,501,28.0,0,6.812504900037311
500,0.4,65,200,FAILURE,504,27.0,0,6.746148800011724
500,0.4,66,200,FAILURE,501,27.0,0,6.635147899971344
500,0.4,67,200,FAILURE,503,25.0,0,6.583603599923663
500,0.4,70,200,FAILURE,503,27.0,0,6.586870500002988
500,0.4,69,200,FAILURE,504,29.0,0,6.694060600013472
500,0.4,72,200,FAILURE,502,28.0,0,6.603815200040117
500,0.4,68,200,FAILURE,502,28.0,0,6.840394500060938
500,0.4,71,200,FAILURE,503,27.0,0,6.661210099933669
500,0.4,73,200,FAILURE,500,27.0,0,6.661155699985102
500,0.4,76,200,FAILURE,503,30.0,0,6.587416399968788
500,0.4,75,200,FAILURE,500,27.0,0,6.715917299967259
500,0.4,74,200,FAILURE,502,30.0,0,6.781872699968517
500,0.4,77,200,FAILURE,505,25.0,0,6.573155299993232
500,0.4,78,200,FAILURE,504,27.0,0,6.727466900018044
500,0.4,79,200,FAILURE,504,28.0,0,6.7265071999281645
500,0.4,84,200,FAILURE,512,39.0,0,6.569391299970448
500,0.4,82,200,FAILURE,502,27.0,0,6.64440360001754
500,0.4,83,200,FAILURE,502,27.0,0,6.693657499970868
500,0.4,80,200,FAILURE,505,31.0,0,6.793593699927442
500,0.4,81,200,FAILURE,502,27.0,0,6.744750899961218
500,0.4,85,200,FAILURE,504,32.0,0,6.801810400094837
500,0.4,87,200,FAILURE,503,28.0,0,6.732632600003853
500,0.4,86,200,FAILURE,503,27.0,0,6.767871499992907
500,0.4,88,200,FAILURE,504,27.0,0,6.719191799988039
500,0.4,89,200,FAILURE,506,29.0,0,6.765382399898954
500,0.4,93,200,FAILURE,502,28.0,0,6.760547499987297
500,0.4,95,200,FAILURE,503,30.0,0,7.1083418999332935
500,0.4,92,200,FAILURE,504,28.0,0,7.209939699969254
500,0.4,91,200,FAILURE,501,25.0,0,7.2185640999814495
500,0.4,97,200,FAILURE,502,29.0,0,6.9477748000063
500,0.4,94,200,FAILURE,504,29.0,0,7.175996299949475
500,0.4,90,200,FAILURE,504,30.0,0,7.354234499973245
500,0.4,96,200,FAILURE,502,29.0,0,7.019259999971837
500,0.4,98,200,FAILURE,502,26.0,0,6.998161700088531
500,0.4,99,200,FAILURE,505,28.0,0,3.6078593999845907
1000,0.0,3,0,FAILURE,1000,510.0,0,8.11109340004623
1000,0.0,5,0,FAILURE,1000,510.0,0,8.147754200035706
1000,0.0,7,0,FAILURE,1000,510.0,0,8.229467700002715
1000,0.0,1,0,FAILURE,1000,510.0,0,8.29344260005746
1000,0.0,2,0,FAILURE,1000,510.0,0,8.322588999988511
1000,0.0,6,0,FAILURE,1000,510.0,0,8.308749100076966
1000,0.0,0,0,FAILURE,1000,510.0,0,8.352517300052568
1000,0.0,10,0,FAILURE,1000,510.0,0,8.180645600077696
1000,0.0,8,0,FAILURE,1000,510.0,0,8.337219399982132
1000,0.0,9,0,FAILURE,1000,510.0,0,8.316270399955101
1000,0.0,4,0,FAILURE,1000,510.0,0,8.503979199915193
1000,0.0,12,0,FAILURE,1000,510.0,0,8.154136099969037
1000,0.0,13,0,FAILURE,1000,510.0,0,8.100300600053743
1000,0.0,11,0,FAILURE,1000,510.0,0,8.462344700004905
1000,0.0,18,0,FAILURE,1000,510.0,0,8.214791900012642
1000,0.0,21,0,FAILURE,1000,510.0,0,8.165604799985886
1000,0.0,20,0,FAILURE,1000,510.0,0,8.292961600003764
1000,0.0,14,0,FAILURE,1000,510.0,0,8.476677099941298
1000,0.0,19,0,FAILURE,1000,510.0,0,8.406328800017945
1000,0.0,17,0,FAILURE,1000,510.0,0,8.734840600052848
1000,0.0,16,0,FAILURE,1000,510.0,0,8.782578499987721
1000,0.0,15,0,FAILURE,1000,510.0,0,8.81921520002652
1000,0.0,22,0,FAILURE,1000,510.0,0,8.086367100011557
1000,0.0,23,0,FAILURE,1000,510.0,0,8.33867760002613
1000,0.0,27,0,FAILURE,1000,510.0,0,8.082144999993034
1000,0.0,24,0,FAILURE,1000,510.0,0,8.326803099946119
1000,0.0,25,0,FAILURE,1000,510.0,0,8.467796199955046
1000,0.0,28,0,FAILURE,1000,510.0,0,8.333907200023532
1000,0.0,29,0,FAILURE,1000,510.0,0,8.331506700022146
1000,0.0,26,0,FAILURE,1000,510.0,0,8.52465639996808
1000,0.0,31,0,FAILURE,1000,510.0,0,8.315460800076835
1000,0.0,30,0,FAILURE,1000,510.0,0,8.440555899986066
1000,0.0,32,0,FAILURE,1000,510.0,0,8.41503949998878
1000,0.0,34,0,FAILURE,1000,510.0,0,8.056901899981312
1000,0.0,33,0,FAILURE,1000,510.0,0,8.394383999984711
1000,0.0,35,0,FAILURE,1000,510.0,0,8.106811400037259
1000,0.0,36,0,FAILURE,1000,510.0,0,8.035313099971972
1000,0.0,38,0,FAILURE,1000,510.0,0,8.080891599995084
1000,0.0,37,0,FAILURE,1000,510.0,0,8.196133299963549
1000,0.0,39,0,FAILURE,1000,510.0,0,8.15812149993144
1000,0.0,40,0,FAILURE,1000,510.0,0,8.292840600013733
1000,0.0,43,0,FAILURE,1000,510.0,0,8.057568700052798
1000,0.0,41,0,FAILURE,1000,510.0,0,8.224739899975248
1000,0.0,42,0,FAILURE,1000,510.0,0,8.157873799907975
1000,0.0,45,0,FAILURE,1000,510.0,0,8.014801800018176
1000,0.0,47,0,FAILURE,1000,510.0,0,7.93983930000104
1000,0.0,44,0,FAILURE,1000,510.0,0,8.258948900038376
1000,0.0,48,0,FAILURE,1000,510.0,0,7.949089100002311
1000,0.0,46,0,FAILURE,1000,510.0,0,8.374514400027692
1000,0.0,49,0,FAILURE,1000,510.0,0,8.271692199981771
1000,0.0,50,0,FAILURE,1000,510.0,0,8.423748300061561
1000,0.0,52,0,FAILURE,1000,510.0,0,8.279163699946366
1000,0.0,53,0,FAILURE,1000,510.0,0,8.280579200014472
1000,0.0,54,0,FAILURE,1000,510.0,0,8.379258100059815
1000,0.0,51,0,FAILURE,1000,510.0,0,8.585062999976799
1000,0.0,55,0,FAILURE,1000,510.0,0,8.149274199968204
1000,0.0,56,0,FAILURE,1000,510.0,0,8.123369200038724
1000,0.0,57,0,FAILURE,1000,510.0,0,8.152797500020824
1000,0.0,58,0,FAILURE,1000,510.0,0,8.092556099989451
1000,0.0,59,0,FAILURE,1000,510.0,0,7.981398699921556
1000,0.0,60,0,FAILURE,1000,510.0,0,8.024938000016846
1000,0.0,61,0,FAILURE,1000,510.0,0,7.952809200040065
1000,0.0,62,0,FAILURE,1000,510.0,0,8.085307599976659
1000,0.0,64,0,FAILURE,1000,510.0,0,7.9775900999084115
1000,0.0,63,0,FAILURE,1000,510.0,0,8.122532599954866
1000,0.0,65,0,FAILURE,1000,510.0,0,8.111587499966845
1000,0.0,66,0,FAILURE,1000,510.0,0,8.140875899931416
1000,0.0,67,0,FAILURE,1000,510.0,0,8.09945290000178
1000,0.0,70,0,FAILURE,1000,510.0,0,7.985320099978708
1000,0.0,69,0,FAILURE,1000,510.0,0,8.065497800009325
1000,0.0,68,0,FAILURE,1000,510.0,0,8.131416899967007
1000,0.0,71,0,FAILURE,1000,510.0,0,8.005303199985065
1000,0.0,72,0,FAILURE,1000,510.0,0,8.06645100004971
1000,0.0,74,0,FAILURE,1000,510.0,0,8.145864499965683
1000,0.0,75,0,FAILURE,1000,510.0,0,8.26602990005631
1000,0.0,73,0,FAILURE,1000,510.0,0,8.356369799934328
1000,0.0,76,0,FAILURE,1000,510.0,0,8.294830000028014
1000,0.0,78,0,FAILURE,1000,510.0,0,7.884723600000143
1000,0.0,79,0,FAILURE,1000,510.0,0,7.825107299955562
1000,0.0,80,0,FAILURE,1000,510.0,0,8.127809299970977
1000,0.0,81,0,FAILURE,1000,510.0,0,8.293673099949956
1000,0.0,77,0,FAILURE,1000,510.0,0,8.51245140004903
1000,0.0,83,0,FAILURE,1000,510.0,0,8.271175400004722
1000,0.0,82,0,FAILURE,1000,510.0,0,8.50452379998751
1000,0.0,84,0,FAILURE,1000,510.0,0,8.233234799932688
1000,0.0,87,0,FAILURE,1000,510.0,0,8.031864800024778
1000,0.0,85,0,FAILURE,1000,510.0,0,8.289052600041032
1000,0.0,86,0,FAILURE,1000,510.0,0,8.586920300032943
1000,0.0,88,0,FAILURE,1000,510.0,0,8.243774399976246
1000,0.0,89,0,FAILURE,1000,510.0,0,8.193122200085782
1000,0.0,90,0,FAILURE,1000,510.0,0,8.106696099974215
1000,0.0,91,0,FAILURE,1000,510.0,0,8.138228999916464
1000,0.0,92,0,FAILURE,1000,510.0,0,8.170390799990855
1000,0.0,93,0,FAILURE,1000,510.0,0,8.040269499993883
1000,0.0,94,0,FAILURE,1000,510.0,0,8.116755299968645
1000,0.0,95,0,FAILURE,1000,510.0,0,7.888333699898794
1000,0.0,97,0,FAILURE,1000,510.0,0,7.833614699891768
1000,0.0,96,0,FAILURE,1000,510.0,0,7.96069149998948
1000,0.0,98,0,FAILURE,1000,510.0,0,7.654293700004928
1000,0.0,99,0,FAILURE,1000,510.0,0,3.5970657999860123
1000,0.05,4,50,SUCCESS,91168,3000.0,6205,8.010031800018623
1000,0.05,0,50,SUCCESS,84545,3000.0,5739,8.065178100019693
1000,0.05,3,50,SUCCESS,83548,3000.0,5706,8.055860299966298
1000,0.05,2,50,SUCCESS,87559,3000.0,5906,8.066593599971384
1000,0.05,5,50,SUCCESS,86343,3000.0,5900,8.065229799947701
1000,0.05,10,50,SUCCESS,109047,3000.0,7411,8.062076800037175
1000,0.05,8,50,SUCCESS,83458,3000.0,5738,8.079406599979848
1000,0.05,1,50,SUCCESS,89800,3000.0,6068,8.167718500015326
1000,0.05,6,50,SUCCESS,85843,3000.0,5919,8.17890079994686
1000,0.05,9,50,SUCCESS,113080,3000.0,7758,8.189390500076115
1000,0.05,7,50,SUCCESS,93829,3000.0,6332,8.217871099943295
1000,0.05,11,50,SUCCESS,97525,3000.0,6693,8.214983000070788
1000,0.05,17,50,SUCCESS,58470,3000.0,3934,8.125662000034936
1000,0.05,12,50,SUCCESS,113116,3000.0,7741,8.227016099961475
1000,0.05,14,50,SUCCESS,95061,3000.0,6599,8.228179599973373
1000,0.05,16,50,SUCCESS,92117,3000.0,6256,8.197462899959646
1000,0.05,13,50,SUCCESS,98124,3000.0,6642,8.258017600048333
1000,0.05,18,50,SUCCESS,85248,3000.0,5790,8.199924899963662
1000,0.05,15,50,SUCCESS,80091,3000.0,5321,8.32729719998315
1000,0.05,19,50,SUCCESS,72666,3000.0,4892,8.26015250000637
1000,0.05,20,50,SUCCESS,112694,3000.0,7726,8.361243700026534
1000,0.05,21,50,SUCCESS,95730,3000.0,6587,8.367573900031857
1000,0.05,22,50,SUCCESS,72053,3000.0,4935,8.134836299926974
1000,0.05,26,50,SUCCESS,90645,3000.0,6165,8.139422100037336
1000,0.05,25,50,SUCCESS,104745,3000.0,7172,8.252622400061227
1000,0.05,23,50,SUCCESS,86761,3000.0,5903,8.329680299968459
1000,0.05,24,50,SUCCESS,101857,3000.0,6929,8.311485799960792
1000,0.05,28,50,SUCCESS,104803,3000.0,7200,8.28760279994458
1000,0.05,27,50,SUCCESS,88785,3000.0,6098,8.353200800018385
1000,0.05,29,50,SUCCESS,114673,3000.0,7710,8.265638099983335
1000,0.05,32,50,SUCCESS,79396,3000.0,5441,8.103482999955304
1000,0.05,30,50,SUCCESS,98726,3000.0,6711,8.27676140004769
1000,0.05,31,50,SUCCESS,98411,3000.0,6696,8.25746460002847
1000,0.05,33,50,SUCCESS,105396,3000.0,7248,8.115263100015
1000,0.05,39,50,SUCCESS,86351,3000.0,5916,8.039443099987693
1000,0.05,41,50,SUCCESS,95515,3000.0,6583,8.285681699984707
1000,0.05,38,50,SUCCESS,65431,3000.0,4368,8.386397699941881
1000,0.05,36,50,SUCCESS,84803,3000.0,5735,8.519653599942103
1000,0.05,35,50,SUCCESS,94361,3000.0,6402,8.585939900018275
1000,0.05,34,50,SUCCESS,78924,3000.0,5536,8.814154600026086
1000,0.05,42,50,SUCCESS,109350,3000.0,7396,8.595847300020978
1000,0.05,37,50,SUCCESS,83644,3000.0,5699,8.759758199914359
1000,0.05,40,50,SUCCESS,88080,3000.0,6000,8.668552899966016
1000,0.05,43,50,SUCCESS,94809,3000.0,6523,8.88663429999724
1000,0.05,44,50,SUCCESS,82166,3000.0,5602,8.419158899923787
1000,0.05,45,50,SUCCESS,79565,3000.0,5440,8.444180599995889
1000,0.05,47,50,SUCCESS,84602,3000.0,5827,8.551153299980797
1000,0.05,46,50,SUCCESS,115579,3000.0,7885,8.67885310004931
1000,0.05,49,50,SUCCESS,81682,3000.0,5568,8.591625800007023
1000,0.05,48,50,SUCCESS,88522,3000.0,6003,8.684168900013901
1000,0.05,50,50,SUCCESS,101449,3000.0,6934,8.7197637000354
1000,0.05,53,50,SUCCESS,100287,3000.0,6788,8.626318700029515
1000,0.05,51,50,SUCCESS,73006,3000.0,4815,8.686672299983911
1000,0.05,52,50,SUCCESS,86956,3000.0,5920,8.71529299998656
1000,0.05,54,50,SUCCESS,86459,3000.0,5867,8.705617100000381
1000,0.05,55,50,SUCCESS,87132,3000.0,5909,8.665810500038788
1000,0.05,56,50,SUCCESS,75939,3000.0,5112,8.65433559997473
1000,0.05,57,50,SUCCESS,105758,3000.0,7158,8.662167500006035
1000,0.05,59,50,SUCCESS,113538,3000.0,7737,8.613865299965255
1000,0.05,58,50,SUCCESS,93096,3000.0,6326,8.735373300034553
1000,0.05,60,50,SUCCESS,114498,3000.0,7833,8.779191399924457
1000,0.05,61,50,SUCCESS,102934,3000.0,7174,8.701511300052516
1000,0.05,62,50,SUCCESS,108428,3000.0,7488,8.706024500075728
1000,0.05,64,50,SUCCESS,66199,3000.0,4378,8.674431100022048
1000,0.05,63,50,SUCCESS,83962,3000.0,5715,8.79135580000002
1000,0.05,65,50,SUCCESS,102991,3000.0,7051,8.827127399970777
1000,0.05,66,50,SUCCESS,66789,3000.0,4570,8.652978700003587
1000,0.05,67,50,SUCCESS,113552,3000.0,7727,8.736031999927945
1000,0.05,68,50,SUCCESS,84378,3000.0,5770,8.706856500008143
1000,0.05,69,50,SUCCESS,101325,3000.0,6945,8.625404000049457
1000,0.05,70,50,SUCCESS,91140,3000.0,5914,8.599579899921082
1000,0.05,71,50,SUCCESS,80123,3000.0,5466,8.54691959999036
1000,0.05,72,50,SUCCESS,94538,3000.0,6428,8.661114200018346
1000,0.05,73,50,SUCCESS,86397,3000.0,5915,8.714866399997845
1000,0.05,75,50,SUCCESS,105184,3000.0,7178,8.714491300052032
1000,0.05,74,50,SUCCESS,98650,3000.0,6722,8.834849499980919
1000,0.05,76,50,SUCCESS,87176,3000.0,5923,8.68545299989637
1000,0.05,77,50,SUCCESS,73734,3000.0,5028,8.335398099967279
1000,0.05,78,50,SUCCESS,75979,3000.0,5146,8.381985799991526
1000,0.05,80,50,SUCCESS,94899,3000.0,6362,8.392080399906263
1000,0.05,82,50,SUCCESS,95939,3000.0,6521,8.324838000000454
1000,0.05,79,50,SUCCESS,89778,3000.0,6086,8.479931200039573
1000,0.05,81,50,SUCCESS,104723,3000.0,7136,8.45454109995626
1000,0.05,83,50,SUCCESS,80104,3000.0,5302,8.262963199988008
1000,0.05,84,50,SUCCESS,85383,3000.0,5789,8.436818200047128
1000,0.05,85,50,SUCCESS,91175,3000.0,6229,8.345053300028667
1000,0.05,86,50,SUCCESS,113041,3000.0,7710,8.413647999987006
1000,0.05,87,50,SUCCESS,78096,3000.0,5232,8.309943199972622
1000,0.05,88,50,SUCCESS,93802,3000.0,6365,8.4044811000349
1000,0.05,89,50,SUCCESS,82855,3000.0,5718,8.290716900024563
1000,0.05,90,50,SUCCESS,91459,3000.0,6265,8.204956800094806
1000,0.05,93,50,SUCCESS,84364,3000.0,5760,8.10980199999176
1000,0.05,92,50,SUCCESS,113856,3000.0,7762,8.260652800090611
1000,0.05,91,50,SUCCESS,98028,3000.0,6689,8.310720499954186
1000,0.05,94,50,SUCCESS,105742,3000.0,7203,8.208311300026253
1000,0.05,95,50,SUCCESS,67708,3000.0,4673,8.053597999969497
1000,0.05,96,50,SUCCESS,95283,3000.0,6482,8.220008800039068
1000,0.05,97,50,SUCCESS,104612,3000.0,7177,8.142540100030601
1000,0.05,98,50,SUCCESS,99008,3000.0,6798,8.059670399990864
1000,0.05,99,50,SUCCESS,92682,3000.0,6272,3.7941859998973086
1000,0.075,6,75,SUCCESS,92922,3000.0,6252,7.903824899927713
1000,0.075,4,75,SUCCESS,105541,3000.0,7162,7.934875199920498
1000,0.075,3,75,SUCCESS,67984,3000.0,4828,7.940846399986185
1000,0.075,0,75,SUCCESS,92484,3000.0,6301,8.00010880001355
1000,0.075,5,75,SUCCESS,92079,3000.0,6211,8.0075952000916
1000,0.075,9,75,SUCCESS,95464,3000.0,6467,8.031843600096181
1000,0.075,1,75,SUCCESS,102391,3000.0,6922,8.087812700076029
1000,0.075,10,75,SUCCESS,108981,3000.0,7444,8.01377219997812
1000,0.075,2,75,SUCCESS,111724,3000.0,7591,8.157064900035039
1000,0.075,7,75,SUCCESS,107086,3000.0,7303,8.133402100065723
1000,0.075,8,75,SUCCESS,100853,3000.0,6834,8.17593099991791
1000,0.075,12,75,SUCCESS,113238,3000.0,7729,8.12145600002259
1000,0.075,13,75,SUCCESS,99235,3000.0,6635,8.246879799989983
1000,0.075,18,75,SUCCESS,102101,3000.0,6918,8.11940210009925
1000,0.075,11,75,SUCCESS,117268,3000.0,8045,8.282654899987392
1000,0.075,14,75,SUCCESS,92422,3000.0,6326,8.271220199996606
1000,0.075,16,75,SUCCESS,91462,3000.0,6221,8.211023100069724
1000,0.075,15,75,SUCCESS,78043,3000.0,5164,8.270057199988514
1000,0.075,17,75,SUCCESS,98973,3000.0,6793,8.231578800012358
1000,0.075,20,75,SUCCESS,116795,3000.0,7972,8.313317599939182
1000,0.075,19,75,SUCCESS,102088,3000.0,6922,8.325244500068948
1000,0.075,21,75,SUCCESS,98182,3000.0,6666,8.26875100005418
1000,0.075,27,75,FAILURE,1001,82.0,0,7.7520737000741065
1000,0.075,22,75,SUCCESS,79994,3000.0,5490,7.980440900078975
1000,0.075,23,75,SUCCESS,85115,3000.0,5735,8.169703199993819
1000,0.075,25,75,SUCCESS,92912,3000.0,6302,8.19254890002776
1000,0.075,29,75,SUCCESS,106147,3000.0,7142,8.122987800044939
1000,0.075,26,75,SUCCESS,109341,3000.0,7353,8.211408099974506
1000,0.075,28,75,SUCCESS,106078,3000.0,7189,8.231597500038333
1000,0.075,24,75,SUCCESS,102015,3000.0,6934,8.371397999930196
1000,0.075,30,75,SUCCESS,80458,3000.0,5468,8.127935700002126
1000,0.075,32,75,SUCCESS,87854,3000.0,5967,8.226638299995102
1000,0.075,31,75,SUCCESS,103746,3000.0,6931,8.239937099977396
1000,0.075,34,75,SUCCESS,115583,3000.0,8041,8.277488399995491
1000,0.075,33,75,SUCCESS,98855,3000.0,6726,8.38262519997079
1000,0.075,35,75,SUCCESS,88530,3000.0,6000,8.254458700073883
1000,0.075,37,75,SUCCESS,105211,3000.0,7233,8.279766299994662
1000,0.075,38,75,SUCCESS,103799,3000.0,7053,8.255613300018013
1000,0.075,39,75,SUCCESS,98786,3000.0,6741,8.272248800029047
1000,0.075,40,75,SUCCESS,118072,3000.0,8045,8.258547800011002
1000,0.075,41,75,SUCCESS,99244,3000.0,6654,8.24892100004945
1000,0.075,36,75,SUCCESS,102292,3000.0,6924,8.467323700082488
1000,0.075,43,75,SUCCESS,109347,3000.0,7518,8.273664999986067
1000,0.075,42,75,SUCCESS,107613,3000.0,7307,8.281589100020938
1000,0.075,44,75,SUCCESS,95246,3000.0,6376,8.430905199958943
1000,0.075,49,75,SUCCESS,102390,3000.0,6932,8.112441299948841
1000,0.075,47,75,SUCCESS,100099,3000.0,6743,8.242314400034957
1000,0.075,45,75,SUCCESS,106272,3000.0,7199,8.671174800023437
1000,0.075,46,75,SUCCESS,86748,3000.0,5822,8.593504999997094
1000,0.075,51,75,SUCCESS,116536,3000.0,8014,8.372926299925894
1000,0.075,48,75,SUCCESS,96849,3000.0,6573,8.623587099951692
1000,0.075,50,75,SUCCESS,100651,3000.0,6163,8.679468699963763
1000,0.075,53,75,SUCCESS,100550,3000.0,6758,8.578210799954832
1000,0.075,54,75,SUCCESS,90032,3000.0,6076,8.620627800002694
1000,0.075,52,75,SUCCESS,92829,3000.0,6331,8.751832199981436
1000,0.075,56,75,SUCCESS,98416,3000.0,6639,8.663199600065127
1000,0.075,55,75,SUCCESS,102157,3000.0,6944,8.851703400025144
1000,0.075,57,75,SUCCESS,112448,3000.0,7768,8.65689499990549
1000,0.075,58,75,SUCCESS,113377,3000.0,7727,8.952787299989723
1000,0.075,65,75,SUCCESS,88565,3000.0,5959,8.432221199967898
1000,0.075,61,75,SUCCESS,95248,3000.0,6537,8.716953700059094
1000,0.075,59,75,SUCCESS,113938,3000.0,7762,8.90882979996968
1000,0.075,62,75,SUCCESS,95801,3000.0,6637,8.78466510004364
1000,0.075,64,75,SUCCESS,91508,3000.0,6233,8.686502399970777
1000,0.075,60,75,SUCCESS,111559,3000.0,7489,9.299194400082342
1000,0.075,63,75,SUCCESS,105510,3000.0,7217,9.145017000031658
1000,0.075,66,75,SUCCESS,73083,3000.0,4914,8.702153699938208
1000,0.075,68,75,SUCCESS,111928,3000.0,7668,8.951853599981405
1000,0.075,69,75,SUCCESS,115009,3000.0,8045,8.555046700057574
1000,0.075,67,75,SUCCESS,109780,3000.0,7472,9.141040500020608
1000,0.075,70,75,SUCCESS,108064,3000.0,7288,8.725694500026293
1000,0.075,71,75,SUCCESS,110661,3000.0,7600,8.810667999903671
1000,0.075,72,75,SUCCESS,89047,3000.0,6083,9.046723900013603
1000,0.075,73,75,SUCCESS,87117,3000.0,5941,9.119589899899438
1000,0.075,75,75,SUCCESS,102363,3000.0,6941,9.112292200094089
1000,0.075,76,75,SUCCESS,86108,3000.0,5751,8.986042900010943
1000,0.075,74,75,SUCCESS,98862,3000.0,6747,9.660019499948248
1000,0.075,77,75,SUCCESS,85212,3000.0,5659,8.621514300000854
1000,0.075,78,75,SUCCESS,97678,3000.0,6667,8.580686200060882
1000,0.075,79,75,SUCCESS,109317,3000.0,7418,8.612379399943165
1000,0.075,80,75,SUCCESS,99329,3000.0,6661,8.602262099971995
1000,0.075,82,75,SUCCESS,85271,3000.0,5683,8.510483900085092
1000,0.075,81,75,SUCCESS,117337,3000.0,8037,8.646934199961834
1000,0.075,83,75,SUCCESS,112030,3000.0,7733,8.672018999932334
1000,0.075,84,75,SUCCESS,106149,3000.0,7148,8.530552000040188
1000,0.075,85,75,SUCCESS,94261,3000.0,6395,8.554001800017431
1000,0.075,86,75,SUCCESS,104650,3000.0,6937,8.614767600083724
1000,0.075,87,75,SUCCESS,102003,3000.0,6923,8.491152600036003
1000,0.075,88,75,SUCCESS,106198,3000.0,7183,8.744678599992767
1000,0.075,89,75,SUCCESS,91896,3000.0,6296,8.596545699983835
1000,0.075,91,75,SUCCESS,101323,3000.0,6948,8.51277749997098
1000,0.075,90,75,SUCCESS,113719,3000.0,7693,8.735472899978049
1000,0.075,92,75,SUCCESS,114233,3000.0,7730,8.639876999892294
1000,0.075,93,75,SUCCESS,97499,3000.0,6643,8.637471299967729
1000,0.075,94,75,SUCCESS,114233,3000.0,7682,8.568671399960294
1000,0.075,95,75,SUCCESS,82729,3000.0,5702,8.477743900031783
1000,0.075,96,75,SUCCESS,95444,3000.0,6391,8.339778999914415
1000,0.075,97,75,SUCCESS,100841,3000.0,7003,8.300396399921738
1000,0.075,98,75,SUCCESS,99310,3000.0,6630,8.297780699911527
1000,0.075,99,75,SUCCESS,109885,3000.0,7457,3.6570946000283584
1000,0.1,7,100,SUCCESS,89026,3000.0,6003,8.00634110008832
1000,0.1,5,100,SUCCESS,115808,3000.0,7962,8.019672600086778
1000,0.1,2,100,SUCCESS,109555,3000.0,7357,8.095843699993566
1000,0.1,0,100,SUCCESS,117498,3000.0,8022,8.130319899995811
1000,0.1,8,100,SUCCESS,106351,3000.0,7159,8.132641099975444
1000,0.1,6,100,SUCCESS,102107,3000.0,6948,8.168978999950923
1000,0.1,10,100,SUCCESS,101978,3000.0,6950,8.15536040009465
1000,0.1,1,100,SUCCESS,118503,3000.0,8032,8.213877199916169
1000,0.1,3,100,SUCCESS,102752,3000.0,6937,8.302407299983315
1000,0.1,9,100,SUCCESS,97686,3000.0,6560,8.274679400026798
1000,0.1,4,100,SUCCESS,98999,3000.0,6739,8.329229600029066
1000,0.1,21,100,FAILURE,1000,53.0,0,7.808844500104897
1000,0.1,12,100,SUCCESS,110132,3000.0,7412,8.132905400008895
1000,0.1,11,100,SUCCESS,107655,3000.0,7468,8.247976399958134
1000,0.1,13,100,SUCCESS,91803,3000.0,6250,8.306654299958609
1000,0.1,18,100,SUCCESS,102677,3000.0,6917,8.209766599931754
1000,0.1,20,100,SUCCESS,115535,3000.0,7917,8.142211300088093
1000,0.1,17,100,SUCCESS,90303,3000.0,6130,8.276525699999183
1000,0.1,14,100,SUCCESS,98228,3000.0,6535,8.378832699963823
1000,0.1,15,100,SUCCESS,85120,3000.0,5871,8.334901800029911
1000,0.1,19,100,SUCCESS,82953,3000.0,5697,8.255535800009966
1000,0.1,16,100,SUCCESS,116297,3000.0,8043,8.480457100085914
1000,0.1,23,100,SUCCESS,85139,3000.0,5659,8.281493799993768
1000,0.1,24,100,SUCCESS,85089,3000.0,5799,8.190843399963342
1000,0.1,22,100,FAILURE,1000,48.0,0,8.60761960002128
1000,0.1,28,100,SUCCESS,106141,3000.0,7127,8.388953099958599
1000,0.1,27,100,SUCCESS,77220,3000.0,5107,8.649535299977288
1000,0.1,31,100,SUCCESS,102220,3000.0,6921,8.63981339999009
1000,0.1,32,100,SUCCESS,103918,3000.0,7087,8.6260921000503
1000,0.1,25,100,SUCCESS,100958,3000.0,6882,8.885648200055584
1000,0.1,29,100,SUCCESS,106216,3000.0,7136,8.96379359997809
1000,0.1,26,100,SUCCESS,97285,3000.0,6498,9.15076330001466
1000,0.1,30,100,SUCCESS,105462,3000.0,7224,9.265965599915944
1000,0.1,33,100,SUCCESS,109711,3000.0,7495,8.434419800061733
1000,0.1,34,100,SUCCESS,74267,3000.0,5014,8.438573600025848
1000,0.1,36,100,SUCCESS,99281,3000.0,6556,8.352634800015949
1000,0.1,35,100,SUCCESS,101891,3000.0,6930,8.688020900008269
1000,0.1,38,100,SUCCESS,103633,3000.0,6979,8.40942919999361
1000,0.1,37,100,SUCCESS,109684,3000.0,7537,8.59691159997601
1000,0.1,39,100,SUCCESS,110167,3000.0,7369,8.42456640000455
1000,0.1,40,100,SUCCESS,118447,3000.0,8049,8.487386699998751
1000,0.1,41,100,SUCCESS,93796,3000.0,6439,8.467040599905886
1000,0.1,42,100,SUCCESS,108983,3000.0,7408,8.523680500104092
1000,0.1,43,100,SUCCESS,97003,3000.0,6488,8.460563400061801
1000,0.1,44,100,SUCCESS,105906,3000.0,7149,8.471302999998443
1000,0.1,45,100,SUCCESS,110130,3000.0,7262,8.691061399993487
1000,0.1,48,100,SUCCESS,106530,3000.0,7233,8.424065300030634
1000,0.1,50,100,SUCCESS,118288,3000.0,8042,8.45172020001337
1000,0.1,52,100,SUCCESS,87641,3000.0,5864,8.241779999923892
1000,0.1,47,100,SUCCESS,109199,3000.0,7288,8.895195099990815
1000,0.1,46,100,SUCCESS,96074,3000.0,6566,9.27994719997514
1000,0.1,53,100,SUCCESS,110066,3000.0,7442,8.53773340000771
1000,0.1,49,100,SUCCESS,93183,3000.0,6302,9.009127600002103
1000,0.1,51,100,SUCCESS,117044,3000.0,8036,9.174993199994788
1000,0.1,54,100,SUCCESS,95960,3000.0,6546,9.44181409990415
1000,0.1,55,100,SUCCESS,109296,3000.0,7449,8.938307600095868
1000,0.1,56,100,SUCCESS,98837,3000.0,6725,8.860308500006795
1000,0.1,59,100,SUCCESS,114149,3000.0,7765,8.39509630005341
1000,0.1,57,100,SUCCESS,85260,3000.0,5559,8.84687909996137
1000,0.1,64,100,SUCCESS,96229,3000.0,6403,8.018785499967635
1000,0.1,58,100,SUCCESS,105563,3000.0,7201,8.899434800026938
1000,0.1,61,100,SUCCESS,95700,3000.0,6448,8.622313600033522
1000,0.1,60,100,SUCCESS,94235,3000.0,6249,9.056057399953716
1000,0.1,62,100,SUCCESS,116086,3000.0,7865,8.902422199957073
1000,0.1,63,100,SUCCESS,109600,3000.0,7528,8.960692299995571
1000,0.1,65,100,SUCCESS,87744,3000.0,5903,8.41786080005113
1000,0.1,68,100,SUCCESS,100427,3000.0,6792,8.326571500045247
1000,0.1,67,100,SUCCESS,88227,3000.0,5893,8.782863099942915
1000,0.1,66,100,SUCCESS,113767,3000.0,7764,8.988510400056839
1000,0.1,70,100,SUCCESS,98118,3000.0,6656,8.451869999989867
1000,0.1,72,100,SUCCESS,89712,3000.0,6137,8.407443100004457
1000,0.1,73,100,SUCCESS,102595,3000.0,6904,8.195435700006783
1000,0.1,69,100,SUCCESS,108221,3000.0,7312,8.894703399972059
1000,0.1,71,100,SUCCESS,74810,3000.0,5132,8.989156099967659
1000,0.1,74,100,SUCCESS,113586,3000.0,7759,8.574293700046837
1000,0.1,75,100,SUCCESS,102946,3000.0,6969,9.08841460000258
1000,0.1,76,100,SUCCESS,109883,3000.0,7524,9.007904199999757
1000,0.1,77,100,SUCCESS,112383,3000.0,7483,8.765344399958849
1000,0.1,79,100,SUCCESS,93053,3000.0,6225,8.631266799988225
1000,0.1,80,100,SUCCESS,117647,3000.0,8031,8.632133100065403
1000,0.1,83,100,FAILURE,1002,60.0,0,8.353594900108874
1000,0.1,78,100,SUCCESS,109047,3000.0,7458,8.955130499904044
1000,0.1,81,100,SUCCESS,95781,3000.0,6581,8.772033500019461
1000,0.1,82,100,SUCCESS,110048,3000.0,7472,8.990334400092252
1000,0.1,85,100,SUCCESS,117797,3000.0,8031,8.78616520005744
1000,0.1,84,100,SUCCESS,96051,3000.0,6493,8.854143699980341
1000,0.1,86,100,SUCCESS,97369,3000.0,6524,8.79708190006204
1000,0.1,87,100,SUCCESS,95992,3000.0,6537,8.765787499956787
1000,0.1,88,100,SUCCESS,96040,3000.0,6545,8.736449400079437
1000,0.1,89,100,SUCCESS,109619,3000.0,7486,8.535879699978977
1000,0.1,90,100,SUCCESS,99117,3000.0,6631,8.471584499930032
1000,0.1,91,100,FAILURE,1003,68.0,0,8.4034581000451
1000,0.1,92,100,SUCCESS,106523,3000.0,7248,8.735366399982013
1000,0.1,93,100,SUCCESS,98739,3000.0,6757,8.761294499970973
1000,0.1,94,100,SUCCESS,114365,3000.0,7612,8.673433899995871
1000,0.1,95,100,SUCCESS,82942,3000.0,5843,8.419426799984649
1000,0.1,96,100,SUCCESS,85168,3000.0,5822,8.485024399938993
1000,0.1,97,100,SUCCESS,97017,3000.0,6640,8.062640700023621
1000,0.1,98,100,SUCCESS,102961,3000.0,6966,8.085459999972954
1000,0.1,99,100,SUCCESS,116858,3000.0,7988,3.8293293999740854
1000,0.125,10,125,SUCCESS,108007,3000.0,7500,8.120220100041479
1000,0.125,7,125,SUCCESS,102732,3000.0,6901,8.198352999985218
1000,0.125,8,125,SUCCESS,101260,3000.0,6931,8.228708499926142
1000,0.125,0,125,SUCCESS,103026,3000.0,6971,8.276158900000155
1000,0.125,3,125,SUCCESS,108663,3000.0,7424,8.299529899959452
1000,0.125,2,125,SUCCESS,100025,3000.0,6757,8.317415299941786
1000,0.125,5,125,SUCCESS,118190,3000.0,8035,8.31158510001842
1000,0.125,6,125,SUCCESS,113891,3000.0,7738,8.337349099921994
1000,0.125,4,125,SUCCESS,107746,3000.0,7439,8.389229499967769
1000,0.125,1,125,SUCCESS,118580,3000.0,8032,8.421828099992126
1000,0.125,9,125,SUCCESS,103107,3000.0,6968,8.434760399977677
1000,0.125,11,125,SUCCESS,87897,3000.0,5972,8.327757099992596
1000,0.125,21,125,FAILURE,1000,49.0,0,8.081931099994108
1000,0.125,14,125,SUCCESS,99189,3000.0,6764,8.34097949997522
1000,0.125,13,125,SUCCESS,68015,3000.0,4853,8.350566500099376
1000,0.125,15,125,SUCCESS,93186,3000.0,6124,8.301050600013696
1000,0.125,12,125,SUCCESS,90665,3000.0,6160,8.4544167999411
1000,0.125,17,125,SUCCESS,102432,3000.0,6897,8.393038000096567
1000,0.125,19,125,SUCCESS,112241,3000.0,7712,8.357904899981804
1000,0.125,20,125,SUCCESS,112446,3000.0,7784,8.43990630004555
1000,0.125,16,125,SUCCESS,98592,3000.0,6576,8.545620999997482
1000,0.125,18,125,SUCCESS,102829,3000.0,6941,8.625736800022423
1000,0.125,22,125,FAILURE,1000,46.0,0,7.878542099962942
1000,0.125,24,125,SUCCESS,106241,3000.0,7121,8.412469299975783
1000,0.125,23,125,SUCCESS,96025,3000.0,6597,8.614088799920864
1000,0.125,27,125,SUCCESS,117977,3000.0,8034,8.479252699995413
1000,0.125,26,125,SUCCESS,117556,3000.0,8021,8.654209799948148
1000,0.125,29,125,SUCCESS,102367,3000.0,6883,8.595960599952377
1000,0.125,25,125,SUCCESS,101000,3000.0,6886,8.773861499968916
1000,0.125,28,125,SUCCESS,106192,3000.0,7144,8.744240499916486
1000,0.125,30,125,SUCCESS,99095,3000.0,6773,8.631220099981874
1000,0.125,31,125,SUCCESS,96482,3000.0,6371,8.753630999941379
1000,0.125,32,125,SUCCESS,113839,3000.0,7743,8.917436299961992
1000,0.125,33,125,SUCCESS,116893,3000.0,7968,8.277183199999854
1000,0.125,34,125,SUCCESS,102923,3000.0,6923,8.27364069991745
1000,0.125,36,125,SUCCESS,102964,3000.0,6977,8.28327149990946
1000,0.125,35,125,SUCCESS,101975,3000.0,6956,8.475141400005668
1000,0.125,40,125,FAILURE,3838,135.0,0,8.259589600027539
1000,0.125,38,125,SUCCESS,109423,3000.0,7400,8.451344600063749
1000,0.125,37,125,SUCCESS,105348,3000.0,7137,8.603479100042023
1000,0.125,41,125,SUCCESS,73949,3000.0,4975,8.457438900019042
1000,0.125,39,125,SUCCESS,110344,3000.0,7294,8.737624699948356
1000,0.125,42,125,SUCCESS,74969,3000.0,5010,8.53109940001741
1000,0.125,43,125,SUCCESS,106521,3000.0,7271,8.723132700077258
1000,0.125,44,125,SUCCESS,113902,3000.0,7670,8.462748100049794
1000,0.125,45,125,SUCCESS,106510,3000.0,7322,8.546895600040443
1000,0.125,46,125,SUCCESS,113992,3000.0,7827,8.632034200010821
1000,0.125,47,125,SUCCESS,110127,3000.0,7279,8.57026860001497
1000,0.125,49,125,SUCCESS,101031,3000.0,6856,8.513726699980907
1000,0.125,48,125,SUCCESS,99147,3000.0,6547,8.598515799967572
1000,0.125,51,125,SUCCESS,109792,3000.0,7599,8.435356699978001
1000,0.125,50,125,SUCCESS,109994,3000.0,7541,8.587848499999382
1000,0.125,53,125,SUCCESS,107802,3000.0,7342,8.39376370003447
1000,0.125,52,125,SUCCESS,105972,3000.0,7170,8.549332099966705
1000,0.125,54,125,SUCCESS,85767,3000.0,5829,8.415273800026625
1000,0.125,55,125,SUCCESS,76929,3000.0,5151,8.27465849998407
1000,0.125,56,125,SUCCESS,105135,3000.0,7108,8.420435199979693
1000,0.125,57,125,SUCCESS,87667,3000.0,5864,8.448195700068027
1000,0.125,59,125,SUCCESS,88022,3000.0,5979,8.315821500029415
1000,0.125,58,125,SUCCESS,107938,3000.0,7427,8.473294799914584
1000,0.125,60,125,SUCCESS,107333,3000.0,7224,8.471858000033535
1000,0.125,61,125,SUCCESS,100967,3000.0,6879,8.456234900048003
1000,0.125,62,125,SUCCESS,116784,3000.0,7945,8.533384300069883
1000,0.125,63,125,SUCCESS,114623,3000.0,7847,8.471169700031169
1000,0.125,64,125,SUCCESS,97375,3000.0,6450,8.46457680000458
1000,0.125,65,125,SUCCESS,115080,3000.0,7818,8.337683099904098
1000,0.125,66,125,SUCCESS,102848,3000.0,6944,8.135891599929892
1000,0.125,70,125,FAILURE,1003,48.0,0,7.830699000041932
1000,0.125,67,125,SUCCESS,110088,3000.0,7253,8.339931500027888
1000,0.125,68,125,SUCCESS,96131,3000.0,6357,8.218149400083348
1000,0.125,69,125,SUCCESS,111210,3000.0,7510,8.172876299940981
1000,0.125,71,125,SUCCESS,110164,3000.0,7302,8.269581799977459
1000,0.125,74,125,SUCCESS,76501,3000.0,5276,8.147611699998379
1000,0.125,73,125,SUCCESS,110128,3000.0,7353,8.21451189997606
1000,0.125,72,125,SUCCESS,107269,3000.0,7292,8.400744899990968
1000,0.125,76,125,FAILURE,1000,54.0,0,7.862183999968693
1000,0.125,75,125,SUCCESS,102994,3000.0,6976,8.229008399997838
1000,0.125,77,125,SUCCESS,114687,3000.0,7751,8.026212399941869
1000,0.125,78,125,SUCCESS,99427,3000.0,6670,8.308258999953978
1000,0.125,79,125,SUCCESS,98732,3000.0,6733,8.248033699928783
1000,0.125,83,125,FAILURE,1001,59.0,0,7.683321199961938
1000,0.125,81,125,SUCCESS,108343,3000.0,7457,8.19094070000574
1000,0.125,80,125,SUCCESS,117409,3000.0,8013,8.283975100028329
1000,0.125,82,125,SUCCESS,108951,3000.0,7259,8.144463800010271
1000,0.125,86,125,SUCCESS,93187,3000.0,6122,8.057282300083898
1000,0.125,84,125,SUCCESS,88044,3000.0,5957,8.253389699966647
1000,0.125,85,125,SUCCESS,118004,3000.0,8037,8.305129599990323
1000,0.125,87,125,SUCCESS,96078,3000.0,6523,8.234480699989945
1000,0.125,88,125,SUCCESS,114404,3000.0,7601,8.247543500037864
1000,0.125,91,125,FAILURE,1000,53.0,0,7.938706499990076
1000,0.125,89,125,SUCCESS,99171,3000.0,6674,8.284713700064458
1000,0.125,93,125,SUCCESS,89126,3000.0,6023,8.08079389994964
1000,0.125,90,125,SUCCESS,114152,3000.0,7690,8.322521600057371
1000,0.125,92,125,SUCCESS,106593,3000.0,7273,8.27259069995489
1000,0.125,95,125,SUCCESS,82988,3000.0,5850,8.058697899919935
1000,0.125,94,125,SUCCESS,106284,3000.0,7164,8.218274399987422
1000,0.125,96,125,SUCCESS,106131,3000.0,7076,8.087654099916108
1000,0.125,98,125,SUCCESS,113932,3000.0,7844,7.99464839999564
1000,0.125,97,125,SUCCESS,113774,3000.0,7748,8.072176399989985
1000,0.125,99,125,SUCCESS,109719,3000.0,7569,4.247180599952117
1000,0.15,7,150,FAILURE,1000,48.0,0,7.67725700000301
1000,0.15,2,150,FAILURE,1001,45.0,0,7.780715400003828
1000,0.15,3,150,FAILURE,1003,41.0,0,7.861746500013396
1000,0.15,6,150,SUCCESS,102594,3000.0,6882,8.047219799947925
1000,0.15,0,150,FAILURE,1001,41.0,0,8.094082499970682
1000,0.15,5,150,SUCCESS,117603,3000.0,8030,8.157715100096539
1000,0.15,8,150,SUCCESS,106338,3000.0,7181,8.185356199974194
1000,0.15,10,150,FAILURE,1000,45.0,0,8.403391400002874
1000,0.15,1,150,SUCCESS,118656,3000.0,8034,8.81586609990336
1000,0.15,9,150,SUCCESS,119049,3000.0,8048,8.854848200106062
1000,0.15,4,150,SUCCESS,115771,3000.0,7862,8.94302050000988
1000,0.15,11,150,FAILURE,1000,42.0,0,8.014254999929108
1000,0.15,13,150,FAILURE,1000,53.0,0,8.225233200006187
1000,0.15,12,150,SUCCESS,105952,3000.0,7148,8.630995200015604
1000,0.15,16,150,FAILURE,1000,42.0,0,8.264708400005475
1000,0.15,17,150,FAILURE,1000,47.0,0,8.329961000010371
1000,0.15,14,150,SUCCESS,96487,3000.0,6416,8.610352199990302
1000,0.15,15,150,SUCCESS,93140,3000.0,6063,8.95349670003634
1000,0.15,21,150,FAILURE,1000,47.0,0,8.194594600005075
1000,0.15,20,150,FAILURE,1002,44.0,0,8.346360900090076
1000,0.15,18,150,SUCCESS,106198,3000.0,7123,8.80182099994272
1000,0.15,19,150,SUCCESS,68063,3000.0,4214,8.5064938000869
1000,0.15,22,150,FAILURE,1003,46.0,0,8.1672451000195
1000,0.15,23,150,SUCCESS,111715,3000.0,7560,8.934124000021257
1000,0.15,25,150,SUCCESS,106375,3000.0,7168,8.656332800048403
1000,0.15,29,150,FAILURE,1001,47.0,0,8.031779999961145
1000,0.15,24,150,SUCCESS,106320,3000.0,7155,8.804177299956791
1000,0.15,27,150,SUCCESS,102948,3000.0,6994,8.606815100065432
1000,0.15,26,150,SUCCESS,113882,3000.0,7845,8.886978599941358
1000,0.15,32,150,FAILURE,1001,44.0,0,8.257823299965821
1000,0.15,28,150,SUCCESS,106206,3000.0,7157,8.717923899996094
1000,0.15,30,150,SUCCESS,102590,3000.0,6914,8.738451500074007
1000,0.15,31,150,SUCCESS,96499,3000.0,6333,8.746607400011271
1000,0.15,33,150,FAILURE,1001,51.0,0,8.315388299990445
1000,0.15,34,150,FAILURE,1001,46.0,0,8.368284499971196
1000,0.15,35,150,FAILURE,1001,54.0,0,8.31266830000095
1000,0.15,37,150,FAILURE,1000,54.0,0,8.265835899976082
1000,0.15,36,150,SUCCESS,102983,3000.0,6986,8.648745400016196
1000,0.15,39,150,FAILURE,1002,45.0,0,8.414704599999823
1000,0.15,38,150,SUCCESS,102834,3000.0,6903,8.712038700003177
1000,0.15,40,150,SUCCESS,101720,3000.0,6928,8.606858000042848
1000,0.15,42,150,SUCCESS,75062,3000.0,5007,8.443545600050129
1000,0.15,41,150,SUCCESS,88017,3000.0,5983,8.690013200044632
1000,0.15,43,150,SUCCESS,93013,3000.0,6256,8.82923709996976
1000,0.15,44,150,SUCCESS,93291,3000.0,6159,8.54395740001928
1000,0.15,47,150,FAILURE,1004,53.0,0,8.32318690000102
1000,0.15,45,150,SUCCESS,90450,3000.0,6181,8.609649799996987
1000,0.15,48,150,FAILURE,1002,45.0,0,8.234585599973798
1000,0.15,46,150,SUCCESS,110086,3000.0,7432,8.71531340002548
1000,0.15,49,150,SUCCESS,99275,3000.0,6565,8.770550100016408
1000,0.15,52,150,FAILURE,1002,51.0,0,8.275152800022624
1000,0.15,50,150,SUCCESS,102538,3000.0,6885,8.744409000035375
1000,0.15,51,150,SUCCESS,85061,3000.0,5920,8.694384500035085
1000,0.15,53,150,SUCCESS,96101,3000.0,6502,8.71359780000057
1000,0.15,54,150,SUCCESS,107846,3000.0,7369,8.769846399896778
1000,0.15,55,150,FAILURE,1002,46.0,0,8.027048699907027
1000,0.15,56,150,SUCCESS,96143,3000.0,6307,8.481518100015819
1000,0.15,57,150,SUCCESS,87848,3000.0,5908,8.431909000035375
1000,0.15,59,150,SUCCESS,90820,3000.0,6161,8.406328700017184
1000,0.15,58,150,SUCCESS,109924,3000.0,7492,8.486927999998443
1000,0.15,61,150,SUCCESS,105511,3000.0,7136,8.31917649996467
1000,0.15,63,150,FAILURE,3955,155.0,0,8.135162799968384
1000,0.15,60,150,SUCCESS,114436,3000.0,7565,8.543445299961604
1000,0.15,62,150,SUCCESS,106215,3000.0,7169,8.459282499970868
1000,0.15,65,150,FAILURE,1001,41.0,0,7.99053259997163
1000,0.15,64,150,SUCCESS,114494,3000.0,7645,8.444523399928585
1000,0.15,66,150,SUCCESS,90566,3000.0,6170,8.332138700061478
1000,0.15,67,150,FAILURE,1003,48.0,0,7.894254600047134
1000,0.15,70,150,FAILURE,1002,47.0,0,7.857435300014913
1000,0.15,68,150,FAILURE,1935,85.0,0,7.97492659999989
1000,0.15,69,150,SUCCESS,85174,3000.0,5653,8.036927200038917
1000,0.15,72,150,SUCCESS,114599,3000.0,7620,8.14249060000293
1000,0.15,71,150,SUCCESS,109873,3000.0,7410,8.304279200034216
1000,0.15,76,150,FAILURE,1000,54.0,0,7.761955299996771
1000,0.15,75,150,FAILURE,1000,45.0,0,7.785369500052184
1000,0.15,74,150,SUCCESS,96048,3000.0,6246,8.23914550000336
1000,0.15,73,150,SUCCESS,113665,3000.0,7655,8.303741599898785
1000,0.15,77,150,FAILURE,1008,57.0,0,7.774037800030783
1000,0.15,78,150,SUCCESS,99553,3000.0,6548,8.239871399942786
1000,0.15,79,150,SUCCESS,99262,3000.0,6568,8.115828500012867
1000,0.15,80,150,SUCCESS,117828,3000.0,8009,8.31976460001897
1000,0.15,81,150,SUCCESS,109347,3000.0,7319,8.272362699965015
1000,0.15,82,150,FAILURE,2004,83.0,0,7.751667800010182
1000,0.15,83,150,FAILURE,1001,49.0,0,7.809099599951878
1000,0.15,86,150,FAILURE,3987,139.0,0,7.766643699957058
1000,0.15,84,150,SUCCESS,90562,3000.0,6143,7.997429999988526
1000,0.15,85,150,SUCCESS,112236,3000.0,7461,8.334088900010101
1000,0.15,87,150,SUCCESS,106875,3000.0,7319,8.33256030001212
1000,0.15,88,150,SUCCESS,114713,3000.0,7771,8.248263700050302
1000,0.15,89,150,SUCCESS,110802,3000.0,7556,8.243199500022456
1000,0.15,91,150,FAILURE,1001,53.0,0,7.956234400044195
1000,0.15,93,150,FAILURE,1005,49.0,0,7.903196900035255
1000,0.15,90,150,SUCCESS,109956,3000.0,7533,8.370544499950483
1000,0.15,92,150,SUCCESS,106670,3000.0,7275,8.184277800028212
1000,0.15,94,150,SUCCESS,110463,3000.0,7434,8.10080069990363
1000,0.15,95,150,SUCCESS,83175,3000.0,5366,8.037960499990731
1000,0.15,96,150,SUCCESS,102769,3000.0,6915,7.9245974000077695
1000,0.15,97,150,FAILURE,1000,50.0,0,7.65787240001373
1000,0.15,98,150,SUCCESS,113829,3000.0,7503,7.784600800019689
1000,0.15,99,150,SUCCESS,103118,3000.0,6974,4.525933700031601
1000,0.175,8,175,FAILURE,1005,44.0,0,7.580566699965857
1000,0.175,7,175,FAILURE,1002,42.0,0,7.769028200069442
1000,0.175,5,175,SUCCESS,111301,3000.0,7559,8.126639000023715
1000,0.175,3,175,FAILURE,1004,39.0,0,8.1970897000283
1000,0.175,0,175,FAILURE,1002,40.0,0,8.233327700057998
1000,0.175,4,175,SUCCESS,113091,3000.0,7695,8.60585659998469
1000,0.175,2,175,FAILURE,1001,41.0,0,8.7250531000318
1000,0.175,1,175,SUCCESS,118513,3000.0,8016,8.7473213999765
1000,0.175,6,175,FAILURE,1006,43.0,0,8.718654100084677
1000,0.175,10,175,FAILURE,1000,45.0,0,8.87167189992033
1000,0.175,9,175,SUCCESS,118787,3000.0,8033,9.353404799941927
1000,0.175,11,175,FAILURE,1001,42.0,0,8.16647500009276
1000,0.175,14,175,FAILURE,1006,42.0,0,8.097842399962246
1000,0.175,13,175,FAILURE,1001,44.0,0,8.214088700013235
1000,0.175,12,175,SUCCESS,103183,3000.0,6959,8.70194659999106
1000,0.175,15,175,SUCCESS,106197,3000.0,7084,8.581547099980526
1000,0.175,17,175,FAILURE,1000,47.0,0,8.085565000073984
1000,0.175,16,175,FAILURE,1002,40.0,0,8.199553000042215
1000,0.175,20,175,FAILURE,1002,43.0,0,8.08991400001105
1000,0.175,18,175,SUCCESS,116016,3000.0,7835,8.517443599994294
1000,0.175,19,175,SUCCESS,114433,3000.0,7533,8.580201899982058
1000,0.175,21,175,FAILURE,1003,47.0,0,8.240639500087127
1000,0.175,22,175,FAILURE,1003,43.0,0,7.846965500037186
1000,0.175,24,175,SUCCESS,106327,3000.0,7158,8.15565329999663
1000,0.175,23,175,SUCCESS,93552,3000.0,6364,8.262791599961929
1000,0.175,25,175,SUCCESS,102899,3000.0,6924,8.134042999939993
1000,0.175,29,175,FAILURE,1000,44.0,0,7.70814599993173
1000,0.175,26,175,SUCCESS,93218,3000.0,6121,8.034544800058939
1000,0.175,28,175,SUCCESS,106100,3000.0,7126,8.167759799980558
1000,0.175,27,175,SUCCESS,102946,3000.0,6992,8.257548999972641
1000,0.175,30,175,SUCCESS,93114,3000.0,6107,8.085465400014073
1000,0.175,32,175,FAILURE,1002,39.0,0,7.8103745999978855
1000,0.175,31,175,SUCCESS,113996,3000.0,7876,8.235688699991442
1000,0.175,33,175,FAILURE,1001,51.0,0,7.87233009992633
1000,0.175,35,175,FAILURE,1003,47.0,0,7.8322957000928
1000,0.175,34,175,FAILURE,1001,44.0,0,7.892183499992825
1000,0.175,37,175,FAILURE,1002,49.0,0,7.893000400043093
1000,0.175,38,175,FAILURE,1001,38.0,0,7.880469199968502
1000,0.175,39,175,FAILURE,1002,42.0,0,7.817745800013654
1000,0.175,36,175,SUCCESS,103098,3000.0,6995,8.275055399979465
1000,0.175,41,175,FAILURE,1001,45.0,0,7.812789099989459
1000,0.175,40,175,SUCCESS,106116,3000.0,7182,8.292498899972998
1000,0.175,42,175,SUCCESS,75249,3000.0,5019,8.291654100059532
1000,0.175,43,175,SUCCESS,114424,3000.0,7539,8.288656300050206
1000,0.175,44,175,SUCCESS,87988,3000.0,5980,8.343130099936388
1000,0.175,47,175,FAILURE,1001,45.0,0,7.839452099986374
1000,0.175,45,175,FAILURE,1000,51.0,0,8.284272699966095
1000,0.175,48,175,FAILURE,1007,45.0,0,7.997167500085197
1000,0.175,46,175,SUCCESS,110406,3000.0,7540,8.413036199985072
1000,0.175,49,175,SUCCESS,99949,3000.0,6796,8.553881999920122
1000,0.175,51,175,SUCCESS,104945,3000.0,7127,8.258059000014327
1000,0.175,50,175,SUCCESS,102827,3000.0,6915,8.652153699891642
1000,0.175,52,175,SUCCESS,104231,3000.0,7052,8.51897450000979
1000,0.175,54,175,FAILURE,1006,49.0,0,8.209193199989386
1000,0.175,53,175,SUCCESS,103749,3000.0,7013,8.550175899988972
1000,0.175,55,175,FAILURE,1005,46.0,0,7.7333517000079155
1000,0.175,57,175,FAILURE,1002,43.0,0,7.92271419998724
1000,0.175,58,175,FAILURE,1028,60.0,0,7.913095999974757
1000,0.175,59,175,FAILURE,1003,42.0,0,7.822148800012656
1000,0.175,56,175,SUCCESS,113482,3000.0,7677,8.507689199992456
1000,0.175,61,175,FAILURE,1015,51.0,0,7.780187700060196
1000,0.175,64,175,FAILURE,1001,41.0,0,7.68256400001701
1000,0.175,63,175,FAILURE,1000,41.0,0,7.941682299948297
1000,0.175,60,175,SUCCESS,114688,3000.0,7690,8.522976499982178
1000,0.175,62,175,SUCCESS,88122,3000.0,5984,8.612975299940445
1000,0.175,65,175,FAILURE,1001,40.0,0,8.042917100014165
1000,0.175,66,175,FAILURE,1002,42.0,0,8.438194700051099
1000,0.175,67,175,FAILURE,1001,36.0,0,8.189698299975134
1000,0.175,69,175,SUCCESS,88047,3000.0,5996,8.54628769995179
1000,0.175,70,175,FAILURE,1001,41.0,0,8.409324900014326
1000,0.175,68,175,SUCCESS,102116,3000.0,6947,8.841977500007488
1000,0.175,71,175,SUCCESS,110014,3000.0,7620,8.71456620004028
1000,0.175,75,175,FAILURE,1000,45.0,0,8.325534600066021
1000,0.175,73,175,SUCCESS,96426,3000.0,6327,8.730777799966745
1000,0.175,72,175,SUCCESS,103016,3000.0,6977,8.79169860004913
1000,0.175,74,175,SUCCESS,110134,3000.0,7207,8.827133600017987
1000,0.175,76,175,FAILURE,1003,50.0,0,8.419778200099245
1000,0.175,77,175,FAILURE,1004,41.0,0,8.347467200015672
1000,0.175,78,175,FAILURE,1005,43.0,0,8.448923400021158
1000,0.175,79,175,FAILURE,1006,47.0,0,8.36327179998625
1000,0.175,81,175,SUCCESS,88277,3000.0,6004,8.740568900015205
1000,0.175,80,175,SUCCESS,99339,3000.0,6489,8.774289099965245
1000,0.175,82,175,SUCCESS,96456,3000.0,6408,8.718869500095025
1000,0.175,83,175,FAILURE,1001,49.0,0,8.431203000014648
1000,0.175,87,175,FAILURE,2010,76.0,0,8.25329799996689
1000,0.175,86,175,FAILURE,2008,75.0,0,8.38651199999731
1000,0.175,84,175,SUCCESS,118058,3000.0,8027,8.813064799993299
1000,0.175,85,175,SUCCESS,98919,3000.0,6679,8.843600200023502
1000,0.175,88,175,SUCCESS,114830,3000.0,7788,8.727506299968809
1000,0.175,89,175,FAILURE,1005,44.0,0,8.2559312999947
1000,0.175,90,175,FAILURE,1009,49.0,0,8.334777200012468
1000,0.175,91,175,FAILURE,1002,45.0,0,8.2402794000227
1000,0.175,92,175,SUCCESS,106473,3000.0,7241,8.601840700022876
1000,0.175,93,175,FAILURE,1001,48.0,0,8.269461099989712
1000,0.175,97,175,FAILURE,1000,45.0,0,8.007406400050968
1000,0.175,95,175,SUCCESS,83113,3000.0,5933,8.360835900064558
1000,0.175,98,175,FAILURE,1000,40.0,0,8.07099689997267
1000,0.175,94,175,SUCCESS,110500,3000.0,7470,8.623450799961574
1000,0.175,96,175,SUCCESS,105928,3000.0,7104,8.490379000082612
1000,0.175,99,175,FAILURE,1005,44.0,0,4.415207699988969
1000,0.2,4,200,FAILURE,1006,44.0,0,7.915083299973048
1000,0.2,10,200,FAILURE,1001,43.0,0,8.000957499956712
1000,0.2,2,200,FAILURE,1003,41.0,0,8.056061599985696
1000,0.2,7,200,FAILURE,1006,39.0,0,8.102148100035265
1000,0.2,3,200,FAILURE,1006,39.0,0,8.120096400030889
1000,0.2,9,200,FAILURE,1003,40.0,0,8.106638900004327
1000,0.2,0,200,FAILURE,1002,40.0,0,8.161825399962254
1000,0.2,6,200,FAILURE,1007,42.0,0,8.245598900015466
1000,0.2,8,200,FAILURE,1003,41.0,0,8.243981000036001
1000,0.2,5,200,SUCCESS,96093,3000.0,6273,8.438716999953613
1000,0.2,1,200,SUCCESS,117866,3000.0,7962,8.63666919991374
1000,0.2,11,200,FAILURE,1002,41.0,0,8.05005550000351
1000,0.2,12,200,FAILURE,1004,48.0,0,8.022130999946967
1000,0.2,18,200,FAILURE,1002,42.0,0,8.072652400005609
1000,0.2,14,200,FAILURE,1002,38.0,0,8.217563599930145
1000,0.2,17,200,FAILURE,1001,36.0,0,8.19475839997176
1000,0.2,13,200,FAILURE,1003,44.0,0,8.298926000017673
1000,0.2,16,200,FAILURE,1004,40.0,0,8.41106060007587
1000,0.2,19,200,FAILURE,1007,41.0,0,8.319770799949765
1000,0.2,20,200,FAILURE,1003,43.0,0,8.31555820000358
1000,0.2,15,200,SUCCESS,106476,3000.0,7234,8.695762400049716
1000,0.2,21,200,FAILURE,1005,37.0,0,8.35047730000224
1000,0.2,23,200,SUCCESS,93567,3000.0,6391,8.299834899953566
1000,0.2,22,200,SUCCESS,106135,3000.0,7090,8.404380699968897
1000,0.2,25,200,SUCCESS,90781,3000.0,6247,8.223869499983266
1000,0.2,29,200,FAILURE,1001,44.0,0,8.05836869997438
1000,0.2,28,200,FAILURE,1004,46.0,0,8.115031399996951
1000,0.2,26,200,SUCCESS,106851,3000.0,7414,8.367128900019452
1000,0.2,27,200,SUCCESS,99709,3000.0,6877,8.440678599989042
1000,0.2,24,200,SUCCESS,114239,3000.0,7521,8.527112999930978
1000,0.2,32,200,FAILURE,1004,39.0,0,8.076119999983348
1000,0.2,30,200,SUCCESS,88029,3000.0,5984,8.295576400007121
1000,0.2,31,200,SUCCESS,102861,3000.0,6928,8.294067200040445
1000,0.2,34,200,FAILURE,1001,38.0,0,7.811698599951342
1000,0.2,33,200,FAILURE,1001,39.0,0,8.052570800064132
1000,0.2,36,200,FAILURE,1002,40.0,0,7.884047499974258
1000,0.2,38,200,FAILURE,1002,39.0,0,7.811800200026482
1000,0.2,35,200,FAILURE,1014,47.0,0,8.049118499970064
1000,0.2,37,200,FAILURE,1004,49.0,0,8.158196600037627
1000,0.2,39,200,FAILURE,1001,41.0,0,8.278478100080974
1000,0.2,43,200,FAILURE,1001,42.0,0,8.068892500014044
1000,0.2,41,200,FAILURE,1001,36.0,0,8.25458599999547
1000,0.2,42,200,SUCCESS,93071,3000.0,6093,8.491980799939483
1000,0.2,40,200,SUCCESS,114259,3000.0,7710,8.75098670006264
1000,0.2,48,200,FAILURE,1003,35.0,0,8.036821499932557
1000,0.2,45,200,SUCCESS,99705,3000.0,6750,8.387311800033785
1000,0.2,46,200,FAILURE,1002,47.0,0,8.300832099979743
1000,0.2,47,200,FAILURE,1001,45.0,0,8.332705099950545
1000,0.2,44,200,SUCCESS,99606,3000.0,6538,8.713710899930447
1000,0.2,50,200,FAILURE,1004,41.0,0,8.328316200058907
1000,0.2,49,200,SUCCESS,110036,3000.0,7587,8.896545300027356
1000,0.2,52,200,SUCCESS,114113,3000.0,7844,8.68665529997088
1000,0.2,51,200,SUCCESS,90072,3000.0,6012,8.824206799967214
1000,0.2,54,200,FAILURE,1003,40.0,0,8.545475300052203
1000,0.2,53,200,SUCCESS,102671,3000.0,6872,8.833196999970824
1000,0.2,55,200,FAILURE,1005,41.0,0,8.25760100001935
1000,0.2,56,200,FAILURE,1008,47.0,0,8.173139499966055
1000,0.2,58,200,FAILURE,1004,42.0,0,8.352160000009462
1000,0.2,59,200,FAILURE,1000,41.0,0,8.34020049998071
1000,0.2,57,200,FAILURE,1002,39.0,0,8.449005899950862
1000,0.2,61,200,FAILURE,1003,44.0,0,8.313036200008355
1000,0.2,60,200,SUCCESS,114696,3000.0,7712,8.870349999982864
1000,0.2,63,200,FAILURE,1000,39.0,0,8.341289200005122
1000,0.2,64,200,FAILURE,1005,41.0,0,8.472266099997796
1000,0.2,62,200,SUCCESS,112361,3000.0,7316,8.649350800085813
1000,0.2,65,200,SUCCESS,91070,3000.0,6111,8.737954800017178
1000,0.2,66,200,FAILURE,1003,41.0,0,8.139323899988085
1000,0.2,67,200,FAILURE,1001,34.0,0,8.185943100019358
1000,0.2,70,200,FAILURE,1002,41.0,0,8.408676599967293
1000,0.2,68,200,SUCCESS,83028,3000.0,5791,8.68621830001939
1000,0.2,69,200,SUCCESS,104408,3000.0,7191,8.772391999955289
1000,0.2,72,200,FAILURE,1003,41.0,0,8.229942700010724
1000,0.2,73,200,FAILURE,1002,41.0,0,8.345059499959461
1000,0.2,71,200,SUCCESS,101681,3000.0,6237,8.760486099985428
1000,0.2,75,200,FAILURE,1000,41.0,0,8.21001579996664
1000,0.2,74,200,FAILURE,2004,77.0,0,8.300519100041129
1000,0.2,76,200,FAILURE,1003,46.0,0,8.317648600088432
1000,0.2,77,200,FAILURE,1006,36.0,0,8.678694400005043
1000,0.2,81,200,FAILURE,1000,41.0,0,7.851965100038797
1000,0.2,78,200,FAILURE,1004,39.0,0,8.720662000006996
1000,0.2,79,200,FAILURE,1001,43.0,0,8.52289339993149
1000,0.2,80,200,SUCCESS,114229,3000.0,7631,8.382963299984112
1000,0.2,82,200,FAILURE,1003,42.0,0,8.057039199979044
1000,0.2,83,200,FAILURE,1003,39.0,0,7.983214500010945
1000,0.2,86,200,FAILURE,1005,41.0,0,8.001179500017315
1000,0.2,87,200,SUCCESS,106592,3000.0,7290,8.362188300001435
1000,0.2,85,200,SUCCESS,118368,3000.0,8029,8.98380940000061
1000,0.2,84,200,SUCCESS,92211,3000.0,6066,9.172720299917273
1000,0.2,88,200,FAILURE,2006,74.0,0,8.294938499922864
1000,0.2,90,200,FAILURE,1000,48.0,0,8.338758800062351
1000,0.2,89,200,FAILURE,1005,44.0,0,8.451427799998783
1000,0.2,91,200,FAILURE,1003,36.0,0,8.348789599956945
1000,0.2,93,200,FAILURE,1001,41.0,0,8.259907100000419
1000,0.2,94,200,FAILURE,1001,45.0,0,8.190781900077127
1000,0.2,92,200,SUCCESS,103199,3000.0,6974,8.780280999955721
1000,0.2,95,200,FAILURE,1002,47.0,0,8.206911600078456
1000,0.2,97,200,FAILURE,1000,45.0,0,7.746696499991231
1000,0.2,98,200,FAILURE,1002,38.0,0,7.70290010003373
1000,0.2,96,200,SUCCESS,90645,3000.0,6237,7.993812200031243
1000,0.2,99,200,FAILURE,1005,44.0,0,3.804783699917607
1000,0.225,8,225,FAILURE,1005,41.0,0,7.673899800051004
1000,0.225,2,225,FAILURE,1002,40.0,0,7.7745093000121415
1000,0.225,3,225,FAILURE,1007,37.0,0,7.78037279995624
1000,0.225,0,225,FAILURE,1002,40.0,0,7.794391400064342
1000,0.225,10,225,FAILURE,1000,42.0,0,7.744546600035392
1000,0.225,7,225,FAILURE,1006,38.0,0,7.815904299961403
1000,0.225,6,225,FAILURE,1003,37.0,0,7.86218589998316
1000,0.225,1,225,FAILURE,1002,41.0,0,7.894390500034206
1000,0.225,4,225,FAILURE,1010,45.0,0,7.886251199990511
1000,0.225,9,225,FAILURE,1007,33.0,0,7.925471600028686
1000,0.225,5,225,SUCCESS,99464,3000.0,6480,8.18131299992092
1000,0.225,11,225,FAILURE,1005,35.0,0,7.906949699972756
1000,0.225,13,225,FAILURE,1003,44.0,0,8.027074500103481
1000,0.225,12,225,FAILURE,1002,47.0,0,8.04034559999127
1000,0.225,16,225,FAILURE,1003,34.0,0,7.998202899936587
1000,0.225,14,225,FAILURE,1002,38.0,0,8.115219600033015
1000,0.225,17,225,FAILURE,1000,34.0,0,8.028647899976932
1000,0.225,19,225,FAILURE,1004,41.0,0,8.039580499986187
1000,0.225,18,225,FAILURE,1003,41.0,0,8.135656200000085
1000,0.225,20,225,FAILURE,1002,41.0,0,8.095893499907106
1000,0.225,21,225,FAILURE,1005,37.0,0,8.065292300074361
1000,0.225,15,225,SUCCESS,85221,3000.0,5610,8.555978199932724
1000,0.225,23,225,FAILURE,1001,37.0,0,7.8894957000156865
1000,0.225,24,225,FAILURE,2006,76.0,0,7.909272399963811
1000,0.225,29,225,FAILURE,1005,44.0,0,7.872163499938324
1000,0.225,22,225,SUCCESS,105865,3000.0,7050,8.348478899919428
1000,0.225,28,225,FAILURE,1003,38.0,0,8.123276200029068
1000,0.225,25,225,SUCCESS,96505,3000.0,6207,8.26347889995668
1000,0.225,30,225,FAILURE,1003,46.0,0,8.075127199990675
1000,0.225,31,225,FAILURE,1004,41.0,0,8.014790500048548
1000,0.225,26,225,SUCCESS,106793,3000.0,7422,8.399326900020242
1000,0.225,32,225,FAILURE,1007,38.0,0,7.969351000036113
1000,0.225,27,225,SUCCESS,99713,3000.0,6933,8.45186189992819
1000,0.225,33,225,FAILURE,1002,38.0,0,7.833996800007299
1000,0.225,34,225,FAILURE,1001,38.0,0,7.910670200013556
1000,0.225,35,225,FAILURE,1012,47.0,0,7.807482399977744
1000,0.225,37,225,FAILURE,1004,49.0,0,7.737028100062162
1000,0.225,36,225,FAILURE,1002,40.0,0,7.884942100034095
1000,0.225,39,225,FAILURE,1003,41.0,0,7.821636799955741
1000,0.225,38,225,FAILURE,1000,38.0,0,7.897677500033751
1000,0.225,41,225,FAILURE,1001,36.0,0,7.773651499999687
1000,0.225,43,225,FAILURE,1001,39.0,0,7.884524399996735
1000,0.225,42,225,SUCCESS,99200,3000.0,6814,8.159707700018771
1000,0.225,40,225,SUCCESS,113680,3000.0,7812,8.222808700054884
1000,0.225,46,225,FAILURE,1004,44.0,0,7.682418699958362
1000,0.225,48,225,FAILURE,1006,34.0,0,7.578952000010759
1000,0.225,44,225,SUCCESS,110835,3000.0,7726,8.108320400002412
1000,0.225,49,225,FAILURE,1003,40.0,0,7.849367699935101
1000,0.225,51,225,FAILURE,1006,39.0,0,7.772541399928741
1000,0.225,45,225,SUCCESS,114941,3000.0,7930,8.223932799999602
1000,0.225,50,225,FAILURE,1002,36.0,0,7.8512585000135005
1000,0.225,47,225,SUCCESS,100155,3000.0,6886,8.107433400000446
1000,0.225,54,225,FAILURE,1004,39.0,0,7.642080000019632
1000,0.225,53,225,FAILURE,1002,46.0,0,7.819639900000766
1000,0.225,52,225,SUCCESS,103104,3000.0,6993,8.080464099999517
1000,0.225,55,225,FAILURE,1006,41.0,0,7.705835799919441
1000,0.225,56,225,FAILURE,1008,44.0,0,7.851508999941871
1000,0.225,57,225,FAILURE,1003,34.0,0,7.798809799947776
1000,0.225,59,225,FAILURE,1000,41.0,0,7.732885399949737
1000,0.225,62,225,FAILURE,1010,42.0,0,7.774078399990685
1000,0.225,60,225,FAILURE,1002,41.0,0,7.859912800020538
1000,0.225,61,225,FAILURE,1003,44.0,0,7.906900600064546
1000,0.225,63,225,FAILURE,1000,38.0,0,7.845176000031643
1000,0.225,58,225,SUCCESS,93379,3000.0,6158,8.297045600018464
1000,0.225,64,225,FAILURE,1002,41.0,0,7.9128422000212595
1000,0.225,65,225,FAILURE,2005,72.0,0,7.908770199981518
1000,0.225,67,225,FAILURE,1001,34.0,0,8.248544999980368
1000,0.225,66,225,FAILURE,1003,41.0,0,8.47280630003661
1000,0.225,69,225,FAILURE,1002,40.0,0,8.341121200006455
1000,0.225,72,225,FAILURE,1001,38.0,0,8.149982700007968
1000,0.225,76,225,FAILURE,1004,40.0,0,7.803974500042386
1000,0.225,73,225,FAILURE,1002,41.0,0,8.089548700023443
1000,0.225,68,225,FAILURE,1003,40.0,0,8.866877399967052
1000,0.225,70,225,FAILURE,1002,39.0,0,8.745542599936016
1000,0.225,75,225,FAILURE,1001,41.0,0,8.3539899000898
1000,0.225,74,225,FAILURE,1003,42.0,0,8.6468506999081
1000,0.225,71,225,SUCCESS,109871,3000.0,7457,9.049207999953069
1000,0.225,78,225,FAILURE,1004,39.0,0,7.992149899946526
1000,0.225,79,225,FAILURE,1001,43.0,0,8.011765099945478
1000,0.225,77,225,FAILURE,1005,33.0,0,8.418970999890007
1000,0.225,82,225,FAILURE,1004,41.0,0,7.987244700081646
1000,0.225,81,225,FAILURE,1000,39.0,0,8.351223099976778
1000,0.225,80,225,SUCCESS,110508,3000.0,7360,8.729222199996002
1000,0.225,83,225,FAILURE,1002,39.0,0,8.356301399995573
1000,0.225,85,225,FAILURE,1009,40.0,0,8.404338499996811
1000,0.225,86,225,FAILURE,1006,39.0,0,8.345150699955411
1000,0.225,84,225,SUCCESS,81082,3000.0,5900,8.722970400005579
1000,0.225,87,225,FAILURE,3011,100.0,0,8.3913017999148
1000,0.225,88,225,FAILURE,1004,38.0,0,8.338517300086096
1000,0.225,90,225,FAILURE,1001,43.0,0,8.014437799924053
1000,0.225,89,225,FAILURE,1005,40.0,0,8.318435800028965
1000,0.225,91,225,FAILURE,1002,35.0,0,8.358744299970567
1000,0.225,94,225,FAILURE,1000,38.0,0,7.9489389000227675
1000,0.225,93,225,FAILURE,1000,38.0,0,7.9956727999961
1000,0.225,92,225,FAILURE,1003,40.0,0,8.290787500096485
1000,0.225,95,225,FAILURE,1006,39.0,0,8.097589300014079
1000,0.225,97,225,FAILURE,1004,41.0,0,7.98721629998181
1000,0.225,96,225,FAILURE,1007,38.0,0,8.038866500020958
1000,0.225,98,225,FAILURE,1005,38.0,0,8.01583569997456
1000,0.225,99,225,FAILURE,1008,41.0,0,3.741784399957396
1000,0.25,6,250,FAILURE,1002,37.0,0,7.645542399957776
1000,0.25,2,250,FAILURE,1002,39.0,0,7.697367600048892
1000,0.25,4,250,FAILURE,1006,41.0,0,7.7417299000080675
1000,0.25,9,250,FAILURE,1007,35.0,0,7.722567599965259
1000,0.25,0,250,FAILURE,1001,38.0,0,7.7756244000047445
1000,0.25,8,250,FAILURE,1005,38.0,0,7.784955599927343
1000,0.25,3,250,FAILURE,1008,34.0,0,7.824897999991663
1000,0.25,1,250,FAILURE,1004,35.0,0,7.849835600005463
1000,0.25,10,250,FAILURE,1003,39.0,0,7.857164299930446
1000,0.25,7,250,FAILURE,1004,38.0,0,7.877194899949245
1000,0.25,5,250,SUCCESS,81268,3000.0,5161,8.123582000029273
1000,0.25,11,250,FAILURE,1005,35.0,0,7.952373299980536
1000,0.25,12,250,FAILURE,1003,44.0,0,8.068851700052619
1000,0.25,14,250,FAILURE,1002,37.0,0,8.09010509995278
1000,0.25,13,250,FAILURE,1003,37.0,0,8.125445600016974
1000,0.25,19,250,FAILURE,1002,33.0,0,8.012763099977747
1000,0.25,16,250,FAILURE,1005,32.0,0,8.101320800022222
1000,0.25,18,250,FAILURE,1003,41.0,0,8.140356300049461
1000,0.25,15,250,FAILURE,1007,50.0,0,8.240408799960278
1000,0.25,20,250,FAILURE,1008,39.0,0,8.131754299975
1000,0.25,17,250,FAILURE,1000,33.0,0,8.255379999987781
1000,0.25,21,250,FAILURE,1008,34.0,0,7.97047050006222
1000,0.25,22,250,FAILURE,1006,40.0,0,8.037983399932273
1000,0.25,23,250,FAILURE,1001,34.0,0,7.952697400003672
1000,0.25,28,250,FAILURE,1005,36.0,0,7.903885299921967
1000,0.25,29,250,FAILURE,4915,184.0,0,7.936242700088769
1000,0.25,32,250,FAILURE,1006,37.0,0,7.905867499997839
1000,0.25,30,250,FAILURE,1001,38.0,0,8.048668599920347
1000,0.25,31,250,FAILURE,1003,38.0,0,8.038872000062838
1000,0.25,24,250,SUCCESS,117702,3000.0,8022,8.420134800020605
1000,0.25,27,250,SUCCESS,87448,3000.0,5727,8.354467099998146
1000,0.25,26,250,SUCCESS,106895,3000.0,7425,8.451600599917583
1000,0.25,25,250,SUCCESS,106957,3000.0,7373,8.587304499931633
1000,0.25,33,250,FAILURE,1003,37.0,0,7.97558480000589
1000,0.25,34,250,FAILURE,1001,34.0,0,8.105923200026155
1000,0.25,35,250,FAILURE,1013,40.0,0,7.933040200034156
1000,0.25,36,250,FAILURE,1002,36.0,0,7.9465446000685915
1000,0.25,37,250,FAILURE,1004,44.0,0,7.959203599952161
1000,0.25,38,250,FAILURE,1004,36.0,0,8.093013999983668
1000,0.25,39,250,FAILURE,1002,37.0,0,8.089388699969277
1000,0.25,42,250,FAILURE,1004,36.0,0,7.874246799969114
1000,0.25,41,250,FAILURE,1000,36.0,0,8.071870799991302
1000,0.25,43,250,FAILURE,1002,36.0,0,7.929993900004774
1000,0.25,40,250,SUCCESS,114255,3000.0,7657,8.223935500020161
1000,0.25,44,250,FAILURE,1000,35.0,0,8.40537250007037
1000,0.25,45,250,FAILURE,10579,309.0,0,8.286524900002405
1000,0.25,46,250,FAILURE,1004,42.0,0,8.336356400046498
1000,0.25,47,250,FAILURE,1002,40.0,0,8.296640400076285
1000,0.25,48,250,FAILURE,1003,33.0,0,8.422952899942175
1000,0.25,54,250,FAILURE,1002,34.0,0,8.032251999946311
1000,0.25,50,250,FAILURE,1003,36.0,0,8.341924299951643
1000,0.25,52,250,FAILURE,1012,40.0,0,8.212527199997567
1000,0.25,49,250,FAILURE,1002,39.0,0,8.519233600003645
1000,0.25,51,250,FAILURE,1003,39.0,0,8.699642300023697
1000,0.25,53,250,FAILURE,2013,81.0,0,8.661184099968523
1000,0.25,57,250,FAILURE,1000,32.0,0,7.620058299973607
1000,0.25,58,250,FAILURE,1008,41.0,0,7.770098299952224
1000,0.25,56,250,FAILURE,1005,42.0,0,8.177434600074776
1000,0.25,61,250,FAILURE,1003,40.0,0,8.003342000069097
1000,0.25,55,250,FAILURE,1008,37.0,0,8.601818399969488
1000,0.25,60,250,FAILURE,1002,41.0,0,8.211731499992311
1000,0.25,62,250,FAILURE,1005,40.0,0,8.405532000004314
1000,0.25,63,250,FAILURE,1000,35.0,0,8.387031199992634
1000,0.25,59,250,FAILURE,1001,38.0,0,8.687266900087707
1000,0.25,64,250,FAILURE,1002,32.0,0,8.287642100010999
1000,0.25,65,250,FAILURE,2006,72.0,0,8.562281099963002
1000,0.25,66,250,FAILURE,1000,37.0,0,8.342312599997967
1000,0.25,67,250,FAILURE,1002,33.0,0,8.300324199954048
1000,0.25,68,250,FAILURE,1001,40.0,0,8.093899099971168
1000,0.25,70,250,FAILURE,1003,34.0,0,8.24097869999241
1000,0.25,69,250,FAILURE,1002,38.0,0,8.340522899990901
1000,0.25,73,250,FAILURE,1002,39.0,0,8.129105599946342
1000,0.25,74,250,FAILURE,1003,39.0,0,8.175779199926183
1000,0.25,72,250,FAILURE,1001,38.0,0,8.315070500015281
1000,0.25,71,250,SUCCESS,109905,3000.0,7675,8.872537599992938
1000,0.25,75,250,FAILURE,1002,36.0,0,8.381849900004454
1000,0.25,76,250,FAILURE,1004,40.0,0,8.332457499927841
1000,0.25,77,250,FAILURE,1007,33.0,0,7.793359500006773
1000,0.25,78,250,FAILURE,1003,37.0,0,7.771846699994057
1000,0.25,79,250,FAILURE,1003,38.0,0,7.795046300045215
1000,0.25,81,250,FAILURE,1000,37.0,0,7.764718500082381
1000,0.25,82,250,FAILURE,1008,35.0,0,7.797511599957943
1000,0.25,80,250,SUCCESS,107384,3000.0,7097,8.291631900006905
1000,0.25,83,250,FAILURE,1003,35.0,0,7.943221299909055
1000,0.25,84,250,FAILURE,1007,46.0,0,7.9481303000357
1000,0.25,86,250,FAILURE,1006,38.0,0,7.843698000069708
1000,0.25,85,250,FAILURE,1009,38.0,0,7.888271600008011
1000,0.25,87,250,FAILURE,1011,37.0,0,7.88680390000809
1000,0.25,88,250,FAILURE,1003,38.0,0,8.120144499931484
1000,0.25,89,250,FAILURE,1005,40.0,0,8.150628799921833
1000,0.25,90,250,FAILURE,1002,41.0,0,8.071235199924558
1000,0.25,91,250,FAILURE,1002,35.0,0,8.023851600009948
1000,0.25,92,250,FAILURE,1002,38.0,0,7.94919369998388
1000,0.25,93,250,FAILURE,1001,35.0,0,7.789855600101873
1000,0.25,94,250,FAILURE,1001,38.0,0,7.898176499991678
1000,0.25,97,250,FAILURE,1002,41.0,0,7.627301799948327
1000,0.25,95,250,FAILURE,1000,37.0,0,7.905282000079751
1000,0.25,96,250,FAILURE,1001,38.0,0,7.766164200031199
1000,0.25,98,250,FAILURE,1003,38.0,0,7.480744800064713
1000,0.25,99,250,FAILURE,1006,40.0,0,3.61784910003189
1000,0.275,3,275,FAILURE,1007,32.0,0,7.8476369000272825
1000,0.275,0,275,FAILURE,1001,36.0,0,7.873085599974729
1000,0.275,2,275,FAILURE,1004,38.0,0,7.939398200018331
1000,0.275,6,275,FAILURE,1002,37.0,0,8.056875599897467
1000,0.275,10,275,FAILURE,1001,36.0,0,8.111742099979892
1000,0.275,1,275,FAILURE,1005,35.0,0,8.180569100077264
1000,0.275,9,275,FAILURE,1003,31.0,0,8.15878589998465
1000,0.275,4,275,FAILURE,1006,33.0,0,8.197704400052316
1000,0.275,7,275,FAILURE,1010,38.0,0,8.242951499996707
1000,0.275,8,275,FAILURE,1004,38.0,0,8.303594300057739
1000,0.275,5,275,SUCCESS,106032,3000.0,7133,8.745913500082679
1000,0.275,12,275,FAILURE,1001,43.0,0,7.629163699923083
1000,0.275,11,275,FAILURE,1006,33.0,0,7.806776799960062
1000,0.275,14,275,FAILURE,1005,34.0,0,7.796739299898036
1000,0.275,13,275,FAILURE,1003,34.0,0,7.962059599929489
1000,0.275,17,275,FAILURE,1000,33.0,0,7.926511300029233
1000,0.275,15,275,FAILURE,1002,45.0,0,8.11551149992738
1000,0.275,19,275,FAILURE,1004,32.0,0,8.056962799979374
1000,0.275,16,275,FAILURE,1009,33.0,0,8.305255900020711
1000,0.275,18,275,FAILURE,1004,41.0,0,8.31720590009354
1000,0.275,20,275,FAILURE,1003,39.0,0,8.530693999957293
1000,0.275,21,275,FAILURE,1008,32.0,0,8.475863400031812
1000,0.275,23,275,FAILURE,1001,34.0,0,8.564330899971537
1000,0.275,24,275,FAILURE,1003,36.0,0,8.377550999983214
1000,0.275,22,275,FAILURE,1007,38.0,0,8.915745300007984
1000,0.275,26,275,FAILURE,1002,33.0,0,8.350856499979272
1000,0.275,25,275,SUCCESS,107143,3000.0,7346,9.167955000069924
1000,0.275,28,275,FAILURE,1004,36.0,0,8.759990100050345
1000,0.275,30,275,FAILURE,1001,38.0,0,8.61500920006074
1000,0.275,31,275,FAILURE,1003,38.0,0,8.334641100023873
1000,0.275,27,275,SUCCESS,87681,3000.0,5732,9.054191899951547
1000,0.275,29,275,FAILURE,1004,38.0,0,8.937732700025663
1000,0.275,32,275,FAILURE,1008,33.0,0,8.959059600019827
1000,0.275,36,275,FAILURE,1003,34.0,0,8.350907400017604
1000,0.275,34,275,FAILURE,1001,30.0,0,8.624815899995156
1000,0.275,33,275,FAILURE,1006,35.0,0,8.695467400015332
1000,0.275,35,275,FAILURE,1008,37.0,0,8.720753000001423
1000,0.275,37,275,FAILURE,1005,44.0,0,8.401046899962239
1000,0.275,38,275,FAILURE,1003,33.0,0,8.557612900040112
1000,0.275,39,275,FAILURE,1002,35.0,0,8.510604400071315
1000,0.275,40,275,FAILURE,1008,36.0,0,8.47991130000446
1000,0.275,42,275,FAILURE,1004,36.0,0,8.30366249999497
1000,0.275,41,275,FAILURE,1000,36.0,0,8.436151999980211
1000,0.275,43,275,FAILURE,1003,34.0,0,8.345825900090858
1000,0.275,44,275,FAILURE,1002,33.0,0,8.914405100047588
1000,0.275,47,275,FAILURE,1002,40.0,0,8.66641179996077
1000,0.275,46,275,FAILURE,1009,36.0,0,8.973837399971671
1000,0.275,48,275,FAILURE,1003,33.0,0,8.711664900067262
1000,0.275,45,275,SUCCESS,99722,3000.0,6716,9.349928800016642
1000,0.275,52,275,FAILURE,1006,37.0,0,8.647105799987912
1000,0.275,53,275,FAILURE,2012,81.0,0,8.746066499967128
1000,0.275,49,275,FAILURE,1002,37.0,0,8.940237100003287
1000,0.275,50,275,FAILURE,1003,35.0,0,8.951243199990131
1000,0.275,51,275,FAILURE,1004,39.0,0,9.070556199993007
1000,0.275,54,275,FAILURE,1002,34.0,0,8.640116999973543
1000,0.275,56,275,FAILURE,1005,38.0,0,8.426399699994363
1000,0.275,58,275,FAILURE,1003,39.0,0,8.454578600008972
1000,0.275,55,275,FAILURE,1008,35.0,0,8.973877499927767
1000,0.275,57,275,FAILURE,1000,31.0,0,8.86298810003791
1000,0.275,59,275,FAILURE,1001,37.0,0,8.840182700078003
1000,0.275,62,275,FAILURE,1005,39.0,0,8.577860799967311
1000,0.275,63,275,FAILURE,1000,34.0,0,8.580187799991108
1000,0.275,61,275,FAILURE,1003,38.0,0,8.676549000083469
1000,0.275,60,275,FAILURE,1003,41.0,0,8.91150759998709
1000,0.275,64,275,FAILURE,1004,31.0,0,8.811059900093824
1000,0.275,65,275,FAILURE,2005,72.0,0,8.70693880005274
1000,0.275,66,275,FAILURE,1000,33.0,0,8.117712400038727
1000,0.275,68,275,FAILURE,1003,39.0,0,8.15019980003126
1000,0.275,67,275,FAILURE,1004,33.0,0,8.447751299943775
1000,0.275,69,275,FAILURE,1003,37.0,0,8.563423200044781
1000,0.275,70,275,FAILURE,1003,33.0,0,8.601987899979576
1000,0.275,71,275,FAILURE,1004,34.0,0,8.565329700009897
1000,0.275,73,275,FAILURE,1000,37.0,0,8.596364199998789
1000,0.275,74,275,FAILURE,1004,39.0,0,8.601214900030755
1000,0.275,76,275,FAILURE,1003,39.0,0,8.008930500014685
1000,0.275,72,275,FAILURE,1002,38.0,0,8.7439660000382
1000,0.275,75,275,FAILURE,1002,33.0,0,8.583525000023656
1000,0.275,77,275,FAILURE,1010,31.0,0,8.6094102000352
1000,0.275,78,275,FAILURE,1003,36.0,0,8.28961390000768
1000,0.275,79,275,FAILURE,1004,37.0,0,8.559757999959402
1000,0.275,81,275,FAILURE,1001,35.0,0,8.222091299947351
1000,0.275,82,275,FAILURE,1003,33.0,0,8.309576399973594
1000,0.275,80,275,SUCCESS,107202,3000.0,7056,8.852626799955033
1000,0.275,85,275,FAILURE,1008,37.0,0,8.34473019989673
1000,0.275,83,275,FAILURE,1002,35.0,0,8.503547900007106
1000,0.275,86,275,FAILURE,1003,35.0,0,8.456664900062606
1000,0.275,87,275,FAILURE,1008,36.0,0,8.529020800022408
1000,0.275,84,275,SUCCESS,111043,3000.0,7761,8.951758100069128
1000,0.275,88,275,FAILURE,1003,35.0,0,8.285030500032008
1000,0.275,89,275,FAILURE,1004,39.0,0,8.527892499929294
1000,0.275,90,275,FAILURE,1010,40.0,0,8.233437400078401
1000,0.275,91,275,FAILURE,1002,34.0,0,8.359111299971119
1000,0.275,92,275,FAILURE,1002,38.0,0,8.220420900033787
1000,0.275,94,275,FAILURE,1001,32.0,0,8.346253299969248
1000,0.275,93,275,FAILURE,1001,35.0,0,8.566946699982509
1000,0.275,95,275,FAILURE,1002,37.0,0,8.527717099990696
1000,0.275,96,275,FAILURE,1004,38.0,0,8.461305600008927
1000,0.275,97,275,FAILURE,1003,36.0,0,8.393456400022842
1000,0.275,98,275,FAILURE,1003,33.0,0,8.292373500065878
1000,0.275,99,275,FAILURE,1005,40.0,0,4.375594799988903
1000,0.3,9,300,FAILURE,1004,29.0,0,8.138320800033398
1000,0.3,1,300,FAILURE,1003,35.0,0,8.17377240001224
1000,0.3,0,300,FAILURE,1002,34.0,0,8.227513600024395
1000,0.3,4,300,FAILURE,1006,32.0,0,8.289324900018983
1000,0.3,2,300,FAILURE,1007,36.0,0,8.360046799993142
1000,0.3,3,300,FAILURE,1005,31.0,0,8.433127399999648
1000,0.3,10,300,FAILURE,1002,33.0,0,8.416216499987058
1000,0.3,8,300,FAILURE,1006,38.0,0,8.737016699975356
1000,0.3,6,300,FAILURE,1002,37.0,0,8.757086299941875
1000,0.3,7,300,FAILURE,1010,38.0,0,8.847116300021298
1000,0.3,5,300,SUCCESS,106491,3000.0,7249,9.144099400029518
1000,0.3,11,300,FAILURE,1007,31.0,0,8.260165699990466
1000,0.3,13,300,FAILURE,1003,32.0,0,8.27984520001337
1000,0.3,14,300,FAILURE,1002,34.0,0,8.205299800029024
1000,0.3,15,300,FAILURE,1004,40.0,0,8.199850099976175
1000,0.3,17,300,FAILURE,1001,30.0,0,8.214983400073834
1000,0.3,16,300,FAILURE,1002,31.0,0,8.239064599969424
1000,0.3,12,300,SUCCESS,103208,3000.0,7002,8.786801400012337
1000,0.3,18,300,FAILURE,1005,35.0,0,8.209472200018354
1000,0.3,19,300,FAILURE,1005,32.0,0,8.308417299995199
1000,0.3,20,300,FAILURE,1002,35.0,0,8.299160599941388
1000,0.3,21,300,FAILURE,1005,32.0,0,8.259683800046332
1000,0.3,27,300,FAILURE,1003,44.0,0,8.06337749992963
1000,0.3,22,300,FAILURE,2026,70.0,0,8.334531999891624
1000,0.3,23,300,FAILURE,1001,32.0,0,8.340386899886653
1000,0.3,24,300,FAILURE,1003,36.0,0,8.357280600001104
1000,0.3,25,300,FAILURE,1003,39.0,0,8.426207899930887
1000,0.3,28,300,FAILURE,1004,36.0,0,8.135930299991742
1000,0.3,26,300,FAILURE,1004,33.0,0,8.446853499975987
1000,0.3,30,300,FAILURE,1003,37.0,0,8.214295399957336
1000,0.3,29,300,FAILURE,2966,100.0,0,8.476456700009294
1000,0.3,32,300,FAILURE,1004,33.0,0,8.163543500006199
1000,0.3,31,300,FAILURE,1003,35.0,0,8.576802999945357
1000,0.3,33,300,FAILURE,1006,34.0,0,8.32309019996319
1000,0.3,34,300,FAILURE,1001,30.0,0,8.358240899979137
1000,0.3,35,300,FAILURE,1007,34.0,0,8.345288199954666
1000,0.3,36,300,FAILURE,1003,33.0,0,8.32753839995712
1000,0.3,37,300,FAILURE,1005,42.0,0,8.417637000093237
1000,0.3,38,300,FAILURE,1003,32.0,0,8.346020799945109
1000,0.3,39,300,FAILURE,1002,35.0,0,8.379019399988465
1000,0.3,40,300,FAILURE,1004,32.0,0,8.373173699947074
1000,0.3,41,300,FAILURE,1000,33.0,0,8.372707900009118
1000,0.3,42,300,FAILURE,1009,37.0,0,8.335943100042641
1000,0.3,43,300,FAILURE,1003,30.0,0,8.450824999948964
1000,0.3,44,300,FAILURE,1007,31.0,0,8.162347399978898
1000,0.3,47,300,FAILURE,1001,39.0,0,8.094159499974921
1000,0.3,45,300,FAILURE,1998,69.0,0,8.267429400002584
1000,0.3,46,300,FAILURE,1004,35.0,0,8.319379599997774
1000,0.3,50,300,FAILURE,1003,34.0,0,8.205600599991158
1000,0.3,49,300,FAILURE,1004,37.0,0,8.255385499913245
1000,0.3,48,300,FAILURE,1004,33.0,0,8.377693900023587
1000,0.3,51,300,FAILURE,1004,37.0,0,8.218403799925
1000,0.3,52,300,FAILURE,1008,37.0,0,8.286159200011753
1000,0.3,53,300,FAILURE,2013,78.0,0,8.289589100051671
1000,0.3,54,300,FAILURE,1004,34.0,0,8.095010800054297
1000,0.3,55,300,FAILURE,1009,34.0,0,7.992178900050931
1000,0.3,57,300,FAILURE,1001,29.0,0,7.92904869990889
1000,0.3,56,300,FAILURE,1006,36.0,0,8.130233199917711
1000,0.3,58,300,FAILURE,1004,38.0,0,7.988427400006913
1000,0.3,59,300,FAILURE,1001,35.0,0,7.8694157000863925
1000,0.3,60,300,FAILURE,1002,34.0,0,7.8975879000499845
1000,0.3,61,300,FAILURE,1003,38.0,0,7.97710149991326
1000,0.3,62,300,FAILURE,1003,38.0,0,7.934039099956863
1000,0.3,63,300,FAILURE,1000,31.0,0,7.90450529998634
1000,0.3,64,300,FAILURE,1003,31.0,0,8.012683500070125
1000,0.3,65,300,FAILURE,2010,71.0,0,7.98268520005513
1000,0.3,66,300,FAILURE,1000,32.0,0,8.04948649997823
1000,0.3,67,300,FAILURE,1004,33.0,0,8.099064699956216
1000,0.3,68,300,FAILURE,1005,34.0,0,8.011388499988243
1000,0.3,71,300,FAILURE,1005,31.0,0,7.983161799958907
1000,0.3,69,300,FAILURE,1006,36.0,0,8.088705700007267
1000,0.3,70,300,FAILURE,1004,31.0,0,8.042198600014672
1000,0.3,73,300,FAILURE,1002,37.0,0,7.961650900077075
1000,0.3,72,300,FAILURE,1001,38.0,0,8.090867099934258
1000,0.3,74,300,FAILURE,1006,36.0,0,8.05129620002117
1000,0.3,75,300,FAILURE,1003,33.0,0,8.034719099989161
1000,0.3,76,300,FAILURE,1003,38.0,0,8.091234799940139
1000,0.3,77,300,FAILURE,1009,30.0,0,7.843283400055952
1000,0.3,79,300,FAILURE,1003,36.0,0,7.932671800022945
1000,0.3,81,300,FAILURE,1001,33.0,0,7.881721999961883
1000,0.3,82,300,FAILURE,1004,31.0,0,7.8615355000365525
1000,0.3,78,300,FAILURE,1003,33.0,0,8.066568899899721
1000,0.3,83,300,FAILURE,1001,34.0,0,7.762700700084679
1000,0.3,80,300,FAILURE,1005,32.0,0,7.991740900091827
1000,0.3,84,300,FAILURE,1015,35.0,0,7.8852428999962285
1000,0.3,85,300,FAILURE,1008,36.0,0,7.835950399981812
1000,0.3,86,300,FAILURE,1005,35.0,0,7.910788499983028
1000,0.3,87,300,FAILURE,1009,35.0,0,7.972570099984296
1000,0.3,88,300,FAILURE,1005,35.0,0,7.887015599990264
1000,0.3,89,300,FAILURE,1004,36.0,0,7.794110299902968
1000,0.3,91,300,FAILURE,1002,34.0,0,7.911698600044474
1000,0.3,90,300,FAILURE,1010,34.0,0,7.982423700043
1000,0.3,92,300,FAILURE,1001,36.0,0,8.045493999961764
1000,0.3,94,300,FAILURE,1002,32.0,0,7.966668699984439
1000,0.3,93,300,FAILURE,1002,35.0,0,8.053038600017317
1000,0.3,96,300,FAILURE,1003,33.0,0,7.794161400059238
1000,0.3,95,300,FAILURE,1003,35.0,0,7.957186299958266
1000,0.3,98,300,FAILURE,1005,31.0,0,7.5535580000141636
1000,0.3,97,300,FAILURE,1003,35.0,0,7.794686699984595
1000,0.3,99,300,FAILURE,1005,35.0,0,3.4029403999447823
1000,0.325,0,325,FAILURE,1002,34.0,0,7.728450199938379
1000,0.325,2,325,FAILURE,1002,33.0,0,7.884842799976468
1000,0.325,10,325,FAILURE,1003,31.0,0,7.84152469993569
1000,0.325,3,325,FAILURE,1005,31.0,0,7.896154099958949
1000,0.325,1,325,FAILURE,1003,35.0,0,7.908480899990536
1000,0.325,6,325,FAILURE,1003,36.0,0,7.889994199969806
1000,0.325,9,325,FAILURE,1005,29.0,0,7.8769970999564976
1000,0.325,7,325,FAILURE,1008,34.0,0,7.908467100001872
1000,0.325,5,325,FAILURE,1019,37.0,0,7.974351199925877
1000,0.325,4,325,FAILURE,1007,31.0,0,8.009076899965294
1000,0.325,8,325,FAILURE,1012,42.0,0,8.006823200033978
1000,0.325,11,325,FAILURE,1008,31.0,0,7.809648900059983
1000,0.325,15,325,FAILURE,1008,42.0,0,8.016679899999872
1000,0.325,17,325,FAILURE,1001,30.0,0,8.060881400015205
1000,0.325,20,325,FAILURE,1002,35.0,0,8.022738699917682
1000,0.325,19,325,FAILURE,1005,32.0,0,8.060871600056998
1000,0.325,13,325,FAILURE,1004,32.0,0,8.178228099946864
1000,0.325,16,325,FAILURE,1002,29.0,0,8.172531199990772
1000,0.325,14,325,FAILURE,1002,32.0,0,8.288424900034443
1000,0.325,18,325,FAILURE,1006,34.0,0,8.336366900010034
1000,0.325,12,325,SUCCESS,100029,3000.0,6974,8.520925299962983
1000,0.325,21,325,FAILURE,1004,30.0,0,8.438695300021209
1000,0.325,22,325,FAILURE,1005,32.0,0,7.751863100100309
1000,0.325,23,325,FAILURE,1001,31.0,0,7.828504999983124
1000,0.325,25,325,FAILURE,1006,39.0,0,7.855609099962749
1000,0.325,24,325,FAILURE,1008,36.0,0,8.23616289999336
1000,0.325,26,325,FAILURE,1005,32.0,0,8.277891400037333
1000,0.325,27,325,FAILURE,1003,44.0,0,8.276468500029296
1000,0.325,31,325,FAILURE,1003,35.0,0,8.263684100005776
1000,0.325,28,325,FAILURE,1006,36.0,0,8.667208399972878
1000,0.325,29,325,FAILURE,1005,33.0,0,8.612831500009634
1000,0.325,30,325,FAILURE,1002,34.0,0,8.687731500016525
1000,0.325,32,325,FAILURE,1002,33.0,0,8.731346799992025
1000,0.325,33,325,FAILURE,1006,34.0,0,8.152883999980986
1000,0.325,34,325,FAILURE,1002,30.0,0,7.976711900089867
1000,0.325,35,325,FAILURE,1006,30.0,0,7.955541200004518
1000,0.325,38,325,FAILURE,1005,30.0,0,7.9358352000126615
1000,0.325,36,325,FAILURE,1003,32.0,0,8.11139610002283
1000,0.325,37,325,FAILURE,1005,40.0,0,8.193302899948321
1000,0.325,39,325,FAILURE,1002,33.0,0,8.089894099975936
1000,0.325,40,325,FAILURE,1005,32.0,0,8.172640000004321
1000,0.325,41,325,FAILURE,1000,33.0,0,8.22278599999845
1000,0.325,42,325,FAILURE,1007,35.0,0,8.133365200017579
1000,0.325,43,325,FAILURE,1003,30.0,0,8.219593200017698
1000,0.325,44,325,FAILURE,1007,31.0,0,8.143917400040664
1000,0.325,45,325,FAILURE,1003,32.0,0,8.073214699979872
1000,0.325,46,325,FAILURE,1009,35.0,0,8.201955600059591
1000,0.325,47,325,FAILURE,1001,39.0,0,8.124624800053425
1000,0.325,48,325,FAILURE,1004,33.0,0,8.120451199938543
1000,0.325,49,325,FAILURE,1004,37.0,0,8.009254900040105
1000,0.325,50,325,FAILURE,1001,32.0,0,8.042140300036408
1000,0.325,53,325,FAILURE,1002,44.0,0,7.950089700054377
1000,0.325,51,325,FAILURE,1006,37.0,0,8.12581570004113
1000,0.325,52,325,FAILURE,1014,37.0,0,8.186006500036456
1000,0.325,54,325,FAILURE,1006,30.0,0,8.160741399973631
1000,0.325,55,325,FAILURE,1009,34.0,0,7.886919800075702
1000,0.325,56,325,FAILURE,1007,36.0,0,7.885006800061092
1000,0.325,57,325,FAILURE,1001,29.0,0,7.900780799915083
1000,0.325,58,325,FAILURE,1006,35.0,0,7.796143900020979
1000,0.325,59,325,FAILURE,1001,35.0,0,7.925854500033893
1000,0.325,61,325,FAILURE,1005,34.0,0,7.72896740003489
1000,0.325,60,325,FAILURE,1004,34.0,0,7.97904100001324
1000,0.325,63,325,FAILURE,1000,31.0,0,7.7486050999723375
1000,0.325,62,325,FAILURE,1004,36.0,0,7.891261500073597
1000,0.325,64,325,FAILURE,1003,29.0,0,8.038361799903214
1000,0.325,65,325,FAILURE,2011,62.0,0,8.011287799919955
1000,0.325,66,325,FAILURE,1002,31.0,0,8.028762600035407
1000,0.325,67,325,FAILURE,1005,33.0,0,8.013285799999721
1000,0.325,68,325,FAILURE,1007,34.0,0,7.9646973999915645
1000,0.325,69,325,FAILURE,1006,34.0,0,8.027219700044952
1000,0.325,70,325,FAILURE,1004,31.0,0,8.306341699906625
1000,0.325,72,325,FAILURE,1011,37.0,0,8.219880699994974
1000,0.325,73,325,FAILURE,1005,37.0,0,7.9664973999606445
1000,0.325,71,325,FAILURE,1007,31.0,0,8.283227100037038
1000,0.325,74,325,FAILURE,1008,35.0,0,7.996140699950047
1000,0.325,75,325,FAILURE,1004,33.0,0,7.884701100061648
1000,0.325,76,325,FAILURE,1003,36.0,0,7.978659000014886
1000,0.325,77,325,FAILURE,1010,29.0,0,8.090852499939501
1000,0.325,80,325,FAILURE,1006,32.0,0,8.154887599986978
1000,0.325,78,325,FAILURE,1005,33.0,0,8.991865699994378
1000,0.325,79,325,FAILURE,1004,34.0,0,8.892750700004399
1000,0.325,83,325,FAILURE,1001,32.0,0,8.267293800017796
1000,0.325,85,325,FAILURE,1009,36.0,0,8.370060399989597
1000,0.325,86,325,FAILURE,1004,33.0,0,8.36549150000792
1000,0.325,81,325,FAILURE,1001,30.0,0,8.888958399998955
1000,0.325,82,325,FAILURE,1004,29.0,0,8.88377680000849
1000,0.325,84,325,FAILURE,1009,31.0,0,8.813184899976477
1000,0.325,87,325,FAILURE,1015,35.0,0,8.36797389993444
1000,0.325,88,325,FAILURE,1006,34.0,0,8.497273300075904
1000,0.325,89,325,FAILURE,1005,37.0,0,8.492577299941331
1000,0.325,90,325,FAILURE,1005,34.0,0,8.496507200063206
1000,0.325,91,325,FAILURE,1002,34.0,0,8.386144899995998
1000,0.325,92,325,FAILURE,1001,34.0,0,8.315098199993372
1000,0.325,93,325,FAILURE,1001,32.0,0,8.382886199979112
1000,0.325,95,325,FAILURE,1004,34.0,0,8.20478509995155
1000,0.325,94,325,FAILURE,1000,32.0,0,8.326236999942921
1000,0.325,97,325,FAILURE,1002,35.0,0,8.205761300050654
1000,0.325,96,325,FAILURE,1007,32.0,0,8.316425199969672
1000,0.325,98,325,FAILURE,1007,31.0,0,8.053820300032385
1000,0.325,99,325,FAILURE,1005,35.0,0,4.131232299958356
1000,0.35,1,350,FAILURE,1003,35.0,0,7.722775899921544
1000,0.35,2,350,FAILURE,1001,32.0,0,7.827945000026375
1000,0.35,10,350,FAILURE,1003,31.0,0,7.793025799910538
1000,0.35,4,350,FAILURE,1008,31.0,0,7.9338545999489725
1000,0.35,5,350,FAILURE,1015,37.0,0,8.0195442000404
1000,0.35,3,350,FAILURE,1005,30.0,0,8.05527729995083
1000,0.35,0,350,FAILURE,1002,32.0,0,8.101192299975082
1000,0.35,7,350,FAILURE,1008,34.0,0,8.212075600051321
1000,0.35,9,350,FAILURE,1003,28.0,0,8.219201999949291
1000,0.35,8,350,FAILURE,1010,38.0,0,8.228293800028041
1000,0.35,6,350,FAILURE,1006,36.0,0,8.257997799897566
1000,0.35,11,350,FAILURE,1011,31.0,0,7.950280899996869
1000,0.35,12,350,FAILURE,1004,35.0,0,8.032584900036454
1000,0.35,13,350,FAILURE,1004,31.0,0,8.094589299988002
1000,0.35,14,350,FAILURE,1003,31.0,0,8.47330489999149
1000,0.35,15,350,FAILURE,1005,42.0,0,8.456369900028221
1000,0.35,17,350,FAILURE,1003,30.0,0,8.417307900032029
1000,0.35,16,350,FAILURE,1002,28.0,0,8.443189699901268
1000,0.35,19,350,FAILURE,1008,32.0,0,8.715808399952948
1000,0.35,18,350,FAILURE,1006,33.0,0,8.800827299943194
1000,0.35,21,350,FAILURE,1005,29.0,0,8.82117830007337
1000,0.35,20,350,FAILURE,1002,32.0,0,8.861765799927525
1000,0.35,22,350,FAILURE,1008,32.0,0,8.085668600047939
1000,0.35,23,350,FAILURE,1003,30.0,0,8.107876599999145
1000,0.35,24,350,FAILURE,1008,36.0,0,8.109897000016645
1000,0.35,25,350,FAILURE,1007,35.0,0,8.005566600011662
1000,0.35,27,350,FAILURE,1007,39.0,0,8.037742899963632
1000,0.35,28,350,FAILURE,1005,33.0,0,8.031135200057179
1000,0.35,26,350,FAILURE,1006,31.0,0,8.06391170003917
1000,0.35,29,350,FAILURE,1004,33.0,0,7.939001200022176
1000,0.35,30,350,FAILURE,1003,33.0,0,7.928112199995667
1000,0.35,32,350,FAILURE,1002,30.0,0,7.991973900003359
1000,0.35,31,350,FAILURE,1007,35.0,0,8.043095199973322
1000,0.35,33,350,FAILURE,1005,34.0,0,7.789127300027758
1000,0.35,34,350,FAILURE,1003,30.0,0,8.03010400000494
1000,0.35,35,350,FAILURE,1006,30.0,0,8.041055799927562
1000,0.35,39,350,FAILURE,1002,33.0,0,7.811856799991801
1000,0.35,37,350,FAILURE,1004,39.0,0,7.833368999999948
1000,0.35,36,350,FAILURE,1005,32.0,0,7.9557371999835595
1000,0.35,38,350,FAILURE,1003,30.0,0,7.87330400000792
1000,0.35,40,350,FAILURE,1006,32.0,0,7.719826400047168
1000,0.35,41,350,FAILURE,1000,30.0,0,7.898968200082891
1000,0.35,42,350,FAILURE,1006,32.0,0,7.945005099987611
1000,0.35,43,350,FAILURE,1005,30.0,0,7.946078500011936
1000,0.35,44,350,FAILURE,1006,30.0,0,8.04603299999144
1000,0.35,45,350,FAILURE,1003,32.0,0,8.09071869996842
1000,0.35,46,350,FAILURE,1010,34.0,0,8.06616839999333
1000,0.35,49,350,FAILURE,1005,35.0,0,7.924813100020401
1000,0.35,50,350,FAILURE,1005,32.0,0,7.913135499926284
1000,0.35,48,350,FAILURE,1004,31.0,0,7.970900700078346
1000,0.35,47,350,FAILURE,1001,35.0,0,8.147278900025412
1000,0.35,51,350,FAILURE,1006,35.0,0,8.085655999951996
1000,0.35,52,350,FAILURE,1016,35.0,0,8.107062600087374
1000,0.35,53,350,FAILURE,1005,40.0,0,8.095513500040397
1000,0.35,54,350,FAILURE,1005,28.0,0,8.08426779997535
1000,0.35,55,350,FAILURE,1024,41.0,0,7.867731699952856
1000,0.35,56,350,FAILURE,1009,35.0,0,8.013726799981669
1000,0.35,57,350,FAILURE,1001,29.0,0,7.970386800006963
1000,0.35,58,350,FAILURE,1006,35.0,0,7.9229418999748304
1000,0.35,59,350,FAILURE,1001,32.0,0,7.950104400049895
1000,0.35,60,350,FAILURE,1004,31.0,0,8.041291199973784
1000,0.35,61,350,FAILURE,1006,34.0,0,7.946900299983099
1000,0.35,62,350,FAILURE,1005,36.0,0,7.8809203000273556
1000,0.35,63,350,FAILURE,1003,31.0,0,8.002127500018105
1000,0.35,64,350,FAILURE,1003,29.0,0,7.862816600012593
1000,0.35,65,350,FAILURE,1004,31.0,0,7.956338900025003
1000,0.35,66,350,FAILURE,1005,29.0,0,7.892880800063722
1000,0.35,68,350,FAILURE,1006,34.0,0,8.111434300080873
1000,0.35,67,350,FAILURE,1009,33.0,0,8.162340500042774
1000,0.35,71,350,FAILURE,1006,30.0,0,7.937528399983421
1000,0.35,69,350,FAILURE,1005,34.0,0,8.102902900078334
1000,0.35,70,350,FAILURE,1005,31.0,0,8.126321699935943
1000,0.35,73,350,FAILURE,1005,34.0,0,7.881755399983376
1000,0.35,72,350,FAILURE,1006,30.0,0,8.070899500045925
1000,0.35,75,350,FAILURE,1004,30.0,0,7.944340599933639
1000,0.35,74,350,FAILURE,1010,36.0,0,8.058836800046265
1000,0.35,76,350,FAILURE,1007,36.0,0,8.140178899979219
1000,0.35,77,350,FAILURE,1010,29.0,0,8.361783599946648
1000,0.35,80,350,FAILURE,1006,29.0,0,8.07686640007887
1000,0.35,81,350,FAILURE,1001,30.0,0,8.084197800024413
1000,0.35,78,350,FAILURE,1006,32.0,0,8.203581000096165
1000,0.35,82,350,FAILURE,1004,28.0,0,8.208101499942131
1000,0.35,79,350,FAILURE,1004,34.0,0,8.346257099998184
1000,0.35,83,350,FAILURE,1001,31.0,0,8.25840499997139
1000,0.35,84,350,FAILURE,1007,31.0,0,8.305979300057516
1000,0.35,85,350,FAILURE,1009,36.0,0,8.248601599945687
1000,0.35,86,350,FAILURE,1006,33.0,0,8.233488600002602
1000,0.35,87,350,FAILURE,1019,35.0,0,8.165182999917306
1000,0.35,88,350,FAILURE,1004,34.0,0,7.989186399965547
1000,0.35,89,350,FAILURE,1014,39.0,0,7.915331700001843
1000,0.35,90,350,FAILURE,1006,34.0,0,7.943491899990477
1000,0.35,92,350,FAILURE,1003,31.0,0,7.8687310999957845
1000,0.35,91,350,FAILURE,1003,31.0,0,8.057420399971306
1000,0.35,94,350,FAILURE,1001,30.0,0,7.866351900040172
1000,0.35,93,350,FAILURE,1001,32.0,0,8.02448749996256
1000,0.35,95,350,FAILURE,1004,34.0,0,7.857015900081024
1000,0.35,96,350,FAILURE,1003,30.0,0,7.722798499977216
1000,0.35,97,350,FAILURE,1006,32.0,0,7.760514499968849
1000,0.35,98,350,FAILURE,1006,30.0,0,7.632844100007787
1000,0.35,99,350,FAILURE,1004,34.0,0,3.799045499996282
1000,0.4,1,400,FAILURE,1007,35.0,0,8.135958599974401
1000,0.4,7,400,FAILURE,1007,31.0,0,8.312983899959363
1000,0.4,2,400,FAILURE,1001,32.0,0,8.357677299994975
1000,0.4,8,400,FAILURE,1009,36.0,0,8.377608599956147
1000,0.4,6,400,FAILURE,1008,29.0,0,8.433295900002122
1000,0.4,0,400,FAILURE,1006,31.0,0,8.49031839997042
1000,0.4,3,400,FAILURE,1005,31.0,0,8.544929100084119
1000,0.4,4,400,FAILURE,1009,31.0,0,8.580487100058235
1000,0.4,10,400,FAILURE,1005,28.0,0,8.534010899951681
1000,0.4,5,400,FAILURE,1005,29.0,0,8.689836000092328
1000,0.4,9,400,FAILURE,1003,28.0,0,8.968630700022914
1000,0.4,11,400,FAILURE,1011,29.0,0,8.281947800074704
1000,0.4,12,400,FAILURE,1001,32.0,0,8.284598500002176
1000,0.4,15,400,FAILURE,1003,40.0,0,8.237772399908863
1000,0.4,13,400,FAILURE,1005,31.0,0,8.366463900078088
1000,0.4,19,400,FAILURE,1006,29.0,0,8.231732700020075
1000,0.4,18,400,FAILURE,1005,32.0,0,8.272295800037682
1000,0.4,16,400,FAILURE,1002,28.0,0,8.42731850000564
1000,0.4,14,400,FAILURE,1008,30.0,0,8.477957799914293
1000,0.4,17,400,FAILURE,1004,27.0,0,8.337399600073695
1000,0.4,20,400,FAILURE,1008,29.0,0,8.458108899998479
1000,0.4,21,400,FAILURE,1008,28.0,0,8.338761900085956
1000,0.4,22,400,FAILURE,1009,31.0,0,8.339747400023043
1000,0.4,24,400,FAILURE,1008,36.0,0,8.245541399926879
1000,0.4,23,400,FAILURE,1003,29.0,0,8.376034899963997
1000,0.4,25,400,FAILURE,1006,33.0,0,8.373758500092663
1000,0.4,26,400,FAILURE,1006,30.0,0,8.298684800043702
1000,0.4,28,400,FAILURE,1005,29.0,0,8.28287279990036
1000,0.4,30,400,FAILURE,1002,31.0,0,8.285416399943642
1000,0.4,27,400,FAILURE,1010,36.0,0,8.340505800093524
1000,0.4,29,400,FAILURE,1008,31.0,0,8.354097200091928
1000,0.4,31,400,FAILURE,1007,33.0,0,8.318594800075516
1000,0.4,32,400,FAILURE,1003,28.0,0,8.292016600025818
1000,0.4,33,400,FAILURE,1010,32.0,0,8.28249480004888
1000,0.4,34,400,FAILURE,1008,30.0,0,8.241840299917385
1000,0.4,35,400,FAILURE,1007,30.0,0,8.194184899912216
1000,0.4,40,400,FAILURE,1009,27.0,0,8.043431600090116
1000,0.4,38,400,FAILURE,1007,27.0,0,8.187498700106516
1000,0.4,37,400,FAILURE,1004,32.0,0,8.240664799930528
1000,0.4,36,400,FAILURE,1003,30.0,0,8.292139200028032
1000,0.4,41,400,FAILURE,1004,30.0,0,8.241272800019942
1000,0.4,39,400,FAILURE,1004,30.0,0,8.355221100035124
1000,0.4,42,400,FAILURE,1006,32.0,0,8.335808499949053
1000,0.4,43,400,FAILURE,1005,28.0,0,8.292479900061153
1000,0.4,44,400,FAILURE,1007,29.0,0,8.177971499972045
1000,0.4,46,400,FAILURE,1009,34.0,0,8.208221899927594
1000,0.4,45,400,FAILURE,1003,29.0,0,8.277877799933776
1000,0.4,48,400,FAILURE,1004,28.0,0,8.153638999909163
1000,0.4,49,400,FAILURE,1008,34.0,0,8.146748200058937
1000,0.4,47,400,FAILURE,1003,32.0,0,8.37526020000223
1000,0.4,50,400,FAILURE,1007,29.0,0,8.31058120005764
1000,0.4,51,400,FAILURE,1003,29.0,0,8.237447099993005
1000,0.4,52,400,FAILURE,1008,32.0,0,8.223676599911414
1000,0.4,53,400,FAILURE,1005,36.0,0,8.110645500011742
1000,0.4,54,400,FAILURE,1009,27.0,0,8.127696000039577
1000,0.4,55,400,FAILURE,1007,34.0,0,8.192628499935381
1000,0.4,58,400,FAILURE,1010,32.0,0,7.964879799983464
1000,0.4,56,400,FAILURE,1005,31.0,0,8.136533500044607
1000,0.4,57,400,FAILURE,1009,29.0,0,8.124894500011578
1000,0.4,60,400,FAILURE,1006,29.0,0,8.11330770002678
1000,0.4,59,400,FAILURE,1001,30.0,0,8.218969900044613
1000,0.4,61,400,FAILURE,1005,31.0,0,8.144268000032753
1000,0.4,63,400,FAILURE,1001,32.0,0,8.17141030007042
1000,0.4,62,400,FAILURE,1011,35.0,0,8.258549299906008
1000,0.4,64,400,FAILURE,1006,28.0,0,8.110537100001238
1000,0.4,65,400,FAILURE,1005,31.0,0,8.208321499987505
1000,0.4,66,400,FAILURE,1005,29.0,0,7.891174099990167
1000,0.4,67,400,FAILURE,1013,32.0,0,7.855709500028752
1000,0.4,69,400,FAILURE,1010,31.0,0,7.832343699992634
1000,0.4,68,400,FAILURE,1009,31.0,0,7.9353151000104845
1000,0.4,70,400,FAILURE,1004,28.0,0,7.920160299981944
1000,0.4,71,400,FAILURE,1007,29.0,0,7.951426599989645
1000,0.4,73,400,FAILURE,1007,32.0,0,7.884091899963096
1000,0.4,72,400,FAILURE,1003,30.0,0,8.057784500066191
1000,0.4,74,400,FAILURE,1010,36.0,0,8.078259499976411
1000,0.4,75,400,FAILURE,1007,29.0,0,8.023891400080174
1000,0.4,76,400,FAILURE,1010,34.0,0,8.005797300022095
1000,0.4,78,400,FAILURE,1007,31.0,0,8.033098599989899
1000,0.4,79,400,FAILURE,1007,31.0,0,8.013209900003858
1000,0.4,82,400,FAILURE,1004,26.0,0,8.141457900055684
1000,0.4,77,400,FAILURE,1010,29.0,0,8.656851700041443
1000,0.4,81,400,FAILURE,1001,28.0,0,8.34945360000711
1000,0.4,83,400,FAILURE,1001,31.0,0,8.541894699912518
1000,0.4,80,400,FAILURE,1016,29.0,0,8.920821500010788
1000,0.4,86,400,FAILURE,1011,32.0,0,8.465086800046265
1000,0.4,85,400,FAILURE,1004,32.0,0,8.728085800074041
1000,0.4,84,400,FAILURE,1011,31.0,0,9.0499184000073
1000,0.4,87,400,FAILURE,1018,31.0,0,9.108156400034204
1000,0.4,89,400,FAILURE,1015,37.0,0,7.963028999976814
1000,0.4,88,400,FAILURE,1005,30.0,0,8.539250499918126
1000,0.4,92,400,FAILURE,1004,30.0,0,8.057644600048661
1000,0.4,90,400,FAILURE,1003,28.0,0,8.49796750000678
1000,0.4,95,400,FAILURE,1007,32.0,0,8.022662000032142
1000,0.4,93,400,FAILURE,1002,31.0,0,8.423382899956778
1000,0.4,91,400,FAILURE,1008,33.0,0,8.875993900001049
1000,0.4,94,400,FAILURE,1002,29.0,0,8.72498259996064
1000,0.4,96,400,FAILURE,1003,29.0,0,8.36401250003837
1000,0.4,97,400,FAILURE,1005,28.0,0,8.54004089999944
1000,0.4,98,400,FAILURE,1009,29.0,0,8.308898100047372
1000,0.4,99,400,FAILURE,1005,32.0,0,4.279502600082196
2000,0.0,7,0,FAILURE,2000,1010.0,0,10.274005000013858
2000,0.0,3,0,FAILURE,2000,1010.0,0,10.935002999962308
2000,0.0,0,0,FAILURE,2000,1010.0,0,10.957910900004208
2000,0.0,9,0,FAILURE,2000,1010.0,0,10.945149199920706
2000,0.0,6,0,FAILURE,2000,1010.0,0,11.048002899973653
2000,0.0,8,0,FAILURE,2000,1010.0,0,11.010165500105359
2000,0.0,10,0,FAILURE,2000,1010.0,0,11.063270900049247
2000,0.0,4,0,FAILURE,2000,1010.0,0,11.160253199981526
2000,0.0,5,0,FAILURE,2000,1010.0,0,11.205272099934518
2000,0.0,2,0,FAILURE,2000,1010.0,0,11.411117700044997
2000,0.0,1,0,FAILURE,2000,1010.0,0,11.496900900034234
2000,0.0,11,0,FAILURE,2000,1010.0,0,10.38042099995073
2000,0.0,14,0,FAILURE,2000,1010.0,0,9.79196179995779
2000,0.0,19,0,FAILURE,2000,1010.0,0,9.896343400003389
2000,0.0,12,0,FAILURE,2000,1010.0,0,10.519445099984296
2000,0.0,15,0,FAILURE,2000,1010.0,0,10.45054450002499
2000,0.0,17,0,FAILURE,2000,1010.0,0,10.414647400029935
2000,0.0,18,0,FAILURE,2000,1010.0,0,10.51030239998363
2000,0.0,20,0,FAILURE,2000,1010.0,0,10.431210299953818
2000,0.0,16,0,FAILURE,2000,1010.0,0,10.896467000013217
2000,0.0,13,0,FAILURE,2000,1010.0,0,11.062195200007409
2000,0.0,21,0,FAILURE,2000,1010.0,0,11.320687599945813
2000,0.0,23,0,FAILURE,2000,1010.0,0,9.763121500029229
2000,0.0,22,0,FAILURE,2000,1010.0,0,10.064415500033647
2000,0.0,24,0,FAILURE,2000,1010.0,0,9.883159500081092
2000,0.0,26,0,FAILURE,2000,1010.0,0,9.770474900025874
2000,0.0,25,0,FAILURE,2000,1010.0,0,10.054057599976659
2000,0.0,28,0,FAILURE,2000,1010.0,0,9.881727100000717
2000,0.0,27,0,FAILURE,2000,1010.0,0,10.11699819995556
2000,0.0,29,0,FAILURE,2000,1010.0,0,9.885135099990293
2000,0.0,30,0,FAILURE,2000,1010.0,0,9.781452600029297
2000,0.0,31,0,FAILURE,2000,1010.0,0,10.024113799910992
2000,0.0,32,0,FAILURE,2000,1010.0,0,10.098605399951339
2000,0.0,33,0,FAILURE,2000,1010.0,0,9.914430400007404
2000,0.0,34,0,FAILURE,2000,1010.0,0,9.885514500085264
2000,0.0,35,0,FAILURE,2000,1010.0,0,9.835408000042662
2000,0.0,36,0,FAILURE,2000,1010.0,0,10.022235400043428
2000,0.0,38,0,FAILURE,2000,1010.0,0,9.8421366000548
2000,0.0,41,0,FAILURE,2000,1010.0,0,9.77974579995498
2000,0.0,37,0,FAILURE,2000,1010.0,0,10.065543300006539
2000,0.0,39,0,FAILURE,2000,1010.0,0,9.919543899944983
2000,0.0,40,0,FAILURE,2000,1010.0,0,10.07158879993949
2000,0.0,42,0,FAILURE,2000,1010.0,0,9.972736899973825
2000,0.0,43,0,FAILURE,2000,1010.0,0,9.699834999977611
2000,0.0,44,0,FAILURE,2000,1010.0,0,10.093659800011665
2000,0.0,45,0,FAILURE,2000,1010.0,0,9.981319099897519
2000,0.0,46,0,FAILURE,2000,1010.0,0,10.257225399953313
2000,0.0,47,0,FAILURE,2000,1010.0,0,10.07639169995673
2000,0.0,48,0,FAILURE,2000,1010.0,0,10.018994700047188
2000,0.0,49,0,FAILURE,2000,1010.0,0,10.003007600083947
2000,0.0,51,0,FAILURE,2000,1010.0,0,10.071764299995266
2000,0.0,50,0,FAILURE,2000,1010.0,0,10.11879430001136
2000,0.0,52,0,FAILURE,2000,1010.0,0,9.942827199934982
2000,0.0,53,0,FAILURE,2000,1010.0,0,10.171125499997288
2000,0.0,54,0,FAILURE,2000,1010.0,0,10.179507299908437
2000,0.0,55,0,FAILURE,2000,1010.0,0,10.061934800003655
2000,0.0,56,0,FAILURE,2000,1010.0,0,10.01961640000809
2000,0.0,57,0,FAILURE,2000,1010.0,0,9.595144600025378
2000,0.0,61,0,FAILURE,2000,1010.0,0,9.298008800018579
2000,0.0,60,0,FAILURE,2000,1010.0,0,9.507741599925794
2000,0.0,59,0,FAILURE,2000,1010.0,0,10.003376599983312
2000,0.0,64,0,FAILURE,2000,1010.0,0,9.588627699995413
2000,0.0,58,0,FAILURE,2000,1010.0,0,10.397467900067568
2000,0.0,62,0,FAILURE,2000,1010.0,0,10.131270700017922
2000,0.0,63,0,FAILURE,2000,1010.0,0,10.215511900023557
2000,0.0,65,0,FAILURE,2000,1010.0,0,10.361705300048925
2000,0.0,66,0,FAILURE,2000,1010.0,0,9.643974800012074
2000,0.0,68,0,FAILURE,2000,1010.0,0,9.752799100009724
2000,0.0,69,0,FAILURE,2000,1010.0,0,9.653287600027397
2000,0.0,67,0,FAILURE,2000,1010.0,0,9.959114699973725
2000,0.0,70,0,FAILURE,2000,1010.0,0,9.629781600087881
2000,0.0,71,0,FAILURE,2000,1010.0,0,9.695909700007178
2000,0.0,72,0,FAILURE,2000,1010.0,0,9.58794409991242
2000,0.0,73,0,FAILURE,2000,1010.0,0,9.685257100034505
2000,0.0,74,0,FAILURE,2000,1010.0,0,9.721624300000258
2000,0.0,75,0,FAILURE,2000,1010.0,0,9.652754400041886
2000,0.0,76,0,FAILURE,2000,1010.0,0,9.636811499949545
2000,0.0,77,0,FAILURE,2000,1010.0,0,9.648875099956058
2000,0.0,78,0,FAILURE,2000,1010.0,0,9.57030380005017
2000,0.0,79,0,FAILURE,2000,1010.0,0,9.453509900020435
2000,0.0,80,0,FAILURE,2000,1010.0,0,9.551196700078435
2000,0.0,81,0,FAILURE,2000,1010.0,0,9.678856000071391
2000,0.0,82,0,FAILURE,2000,1010.0,0,9.656278399983421
2000,0.0,84,0,FAILURE,2000,1010.0,0,9.527523599914275
2000,0.0,83,0,FAILURE,2000,1010.0,0,9.665642600040883
2000,0.0,85,0,FAILURE,2000,1010.0,0,9.55873559997417
2000,0.0,86,0,FAILURE,2000,1010.0,0,9.712765300064348
2000,0.0,87,0,FAILURE,2000,1010.0,0,9.531654199934565
2000,0.0,88,0,FAILURE,2000,1010.0,0,9.520098100067116
2000,0.0,89,0,FAILURE,2000,1010.0,0,9.508726399973966
2000,0.0,90,0,FAILURE,2000,1010.0,0,9.448619600036182
2000,0.0,91,0,FAILURE,2000,1010.0,0,9.425107499933802
2000,0.0,92,0,FAILURE,2000,1010.0,0,9.427418699953705
2000,0.0,93,0,FAILURE,2000,1010.0,0,9.335672399960458
2000,0.0,94,0,FAILURE,2000,1010.0,0,9.191328400047496
2000,0.0,95,0,FAILURE,2000,1010.0,0,9.234433799982071
2000,0.0,96,0,FAILURE,2000,1010.0,0,9.198069400037639
2000,0.0,97,0,FAILURE,2000,1010.0,0,9.09912719996646
2000,0.0,98,0,FAILURE,2000,1010.0,0,8.53974549996201
2000,0.0,99,0,FAILURE,2000,1010.0,0,4.256171700078994
2000,0.05,8,100,SUCCESS,178901,3000.0,12189,9.858682599966414
2000,0.05,6,100,SUCCESS,168465,3000.0,11417,9.917781100026332
2000,0.05,4,100,SUCCESS,171030,3000.0,11667,9.932691500056535
2000,0.05,0,100,SUCCESS,184170,3000.0,12536,9.962123099947348
2000,0.05,9,100,SUCCESS,204227,3000.0,13855,9.915153000038117
2000,0.05,1,100,SUCCESS,202139,3000.0,13864,10.043687799945474
2000,0.05,3,100,SUCCESS,174615,3000.0,11806,10.06588369992096
2000,0.05,5,100,SUCCESS,202106,3000.0,13651,10.175467900000513
2000,0.05,7,100,SUCCESS,208034,3000.0,14528,10.185474600060843
2000,0.05,2,100,SUCCESS,211752,3000.0,14511,10.265596400015056
2000,0.05,10,100,SUCCESS,231426,3000.0,16073,10.291154899983667
2000,0.05,13,100,SUCCESS,190838,3000.0,13194,10.387671099975705
2000,0.05,14,100,SUCCESS,169770,3000.0,11602,10.497403700021096
2000,0.05,12,100,SUCCESS,187606,3000.0,12908,10.636810900061391
2000,0.05,17,100,SUCCESS,217651,3000.0,15250,10.516189599991776
2000,0.05,11,100,SUCCESS,184831,3000.0,12530,10.726053099962883
2000,0.05,16,100,SUCCESS,175859,3000.0,11903,10.6125563000096
2000,0.05,15,100,SUCCESS,202081,3000.0,13867,10.786028300062753
2000,0.05,20,100,SUCCESS,227487,3000.0,15478,10.566002400009893
2000,0.05,18,100,SUCCESS,201921,3000.0,13847,10.716244599898346
2000,0.05,19,100,SUCCESS,178401,3000.0,12123,11.071783300023526
2000,0.05,21,100,SUCCESS,201715,3000.0,13873,10.95295230008196
2000,0.05,22,100,SUCCESS,203297,3000.0,13879,10.245568300015293
2000,0.05,25,100,SUCCESS,184169,3000.0,12540,10.18590659997426
2000,0.05,24,100,SUCCESS,171436,3000.0,11852,10.529019100009464
2000,0.05,27,100,SUCCESS,220910,3000.0,15140,10.468981000012718
2000,0.05,23,100,SUCCESS,188137,3000.0,12766,10.676687700091861
2000,0.05,28,100,SUCCESS,178609,3000.0,12193,10.671724700019695
2000,0.05,29,100,SUCCESS,199755,3000.0,13608,10.590873699984513
2000,0.05,30,100,SUCCESS,190783,3000.0,12963,10.557906400063075
2000,0.05,26,100,SUCCESS,225017,3000.0,15473,10.836218199925497
2000,0.05,32,100,SUCCESS,209932,3000.0,14505,10.385322900023311
2000,0.05,31,100,SUCCESS,190695,3000.0,12999,10.487151099951006
2000,0.05,34,100,SUCCESS,209951,3000.0,14353,10.536978999967687
2000,0.05,33,100,SUCCESS,199684,3000.0,13492,10.750379599980079
2000,0.05,38,100,SUCCESS,208426,3000.0,14315,10.07327430008445
2000,0.05,36,100,SUCCESS,196371,3000.0,13854,10.540079899947159
2000,0.05,40,100,SUCCESS,160013,3000.0,10908,10.234275900060311
2000,0.05,37,100,SUCCESS,202553,3000.0,14069,10.684350399998948
2000,0.05,35,100,SUCCESS,190777,3000.0,12947,10.760520000010729
2000,0.05,39,100,SUCCESS,206528,3000.0,14185,10.56148909998592
2000,0.05,41,100,SUCCESS,225735,3000.0,15477,10.618294900050387
2000,0.05,43,100,SUCCESS,196013,3000.0,13428,10.440131300012581
2000,0.05,42,100,SUCCESS,197867,3000.0,13358,10.54202950000763
2000,0.05,45,100,SUCCESS,159911,3000.0,10872,10.19673700002022
2000,0.05,44,100,SUCCESS,198068,3000.0,13715,10.292407699977048
2000,0.05,46,100,SUCCESS,215479,3000.0,14717,10.21715000004042
2000,0.05,47,100,SUCCESS,167999,3000.0,11413,10.062209299998358
2000,0.05,48,100,SUCCESS,208888,3000.0,14396,10.182391399983317
2000,0.05,50,100,SUCCESS,227833,3000.0,15839,10.05904439999722
2000,0.05,49,100,SUCCESS,207597,3000.0,14428,10.192384900059551
2000,0.05,52,100,SUCCESS,214916,3000.0,14966,9.98744950001128
2000,0.05,51,100,SUCCESS,191362,3000.0,12950,10.113583000027575
2000,0.05,53,100,SUCCESS,189626,3000.0,13052,10.028239200008102
2000,0.05,54,100,SUCCESS,189576,3000.0,13027,10.117971200030297
2000,0.05,56,100,SUCCESS,200962,3000.0,13847,9.96551560005173
2000,0.05,55,100,SUCCESS,189945,3000.0,13020,10.077441800036468
2000,0.05,57,100,SUCCESS,224284,3000.0,15465,10.045264399959706
2000,0.05,58,100,SUCCESS,205697,3000.0,14321,10.177425800007768
2000,0.05,61,100,SUCCESS,176378,3000.0,11998,9.90686980006285
2000,0.05,60,100,SUCCESS,196244,3000.0,13643,10.079185100039467
2000,0.05,59,100,SUCCESS,230611,3000.0,16008,10.172488700016402
2000,0.05,62,100,SUCCESS,184118,3000.0,12483,10.024282500031404
2000,0.05,63,100,SUCCESS,213809,3000.0,14709,10.081476100021973
2000,0.05,64,100,SUCCESS,173829,3000.0,11843,9.986334099899977
2000,0.05,65,100,SUCCESS,215065,3000.0,14886,9.964490300044417
2000,0.05,67,100,SUCCESS,189165,3000.0,12988,10.210469900048338
2000,0.05,66,100,SUCCESS,210674,3000.0,14339,10.269217099994421
2000,0.05,68,100,SUCCESS,195760,3000.0,13380,10.218806099961512
2000,0.05,73,100,SUCCESS,186450,3000.0,12808,9.96671469998546
2000,0.05,72,100,SUCCESS,196859,3000.0,13700,10.051277000107802
2000,0.05,69,100,SUCCESS,207637,3000.0,14318,10.262792799971066
2000,0.05,71,100,SUCCESS,188900,3000.0,12901,10.1896851999918
2000,0.05,70,100,SUCCESS,220490,3000.0,15084,10.307253599981777
2000,0.05,75,100,SUCCESS,188531,3000.0,13042,10.129558600019664
2000,0.05,74,100,SUCCESS,232649,3000.0,16077,10.232061100075953
2000,0.05,76,100,SUCCESS,203756,3000.0,13866,10.237229600083083
2000,0.05,77,100,SUCCESS,193762,3000.0,13253,9.939017600030638
2000,0.05,78,100,SUCCESS,178631,3000.0,12186,10.004794899956323
2000,0.05,81,100,SUCCESS,202792,3000.0,13957,10.007407199940644
2000,0.05,80,100,SUCCESS,194362,3000.0,13509,10.055048099951819
2000,0.05,82,100,SUCCESS,228666,3000.0,15657,9.991068999981508
2000,0.05,79,100,SUCCESS,226123,3000.0,15667,10.189178099972196
2000,0.05,84,100,SUCCESS,218717,3000.0,14916,10.055380100035109
2000,0.05,83,100,SUCCESS,206347,3000.0,14079,10.10488160001114
2000,0.05,85,100,SUCCESS,196277,3000.0,13372,10.164239099947736
2000,0.05,87,100,SUCCESS,196461,3000.0,13433,10.017023400054313
2000,0.05,86,100,SUCCESS,195682,3000.0,13388,10.175813899957575
2000,0.05,88,100,SUCCESS,169544,3000.0,11441,10.092498800018802
2000,0.05,92,100,SUCCESS,202598,3000.0,13718,10.248732100008056
2000,0.05,93,100,SUCCESS,225796,3000.0,15490,10.249417099985294
2000,0.05,97,100,SUCCESS,201891,3000.0,13860,10.142380799981765
2000,0.05,98,100,SUCCESS,174462,3000.0,11822,10.148626399924979
2000,0.05,91,100,SUCCESS,207481,3000.0,14195,10.667287399992347
2000,0.05,89,100,SUCCESS,220664,3000.0,15477,11.01338040002156
2000,0.05,90,100,SUCCESS,216481,3000.0,14826,10.850061899982393
2000,0.05,96,100,SUCCESS,225287,3000.0,15447,10.467955300002359
2000,0.05,94,100,SUCCESS,188081,3000.0,12983,10.792203200049698
2000,0.05,95,100,SUCCESS,176843,3000.0,12051,10.927703200024553
2000,0.05,99,100,SUCCESS,163742,3000.0,11058,5.1150509000290185
2000,0.075,7,150,SUCCESS,197037,3000.0,13357,10.25943630002439
2000,0.075,8,150,SUCCESS,208015,3000.0,14099,10.267670699977316
2000,0.075,3,150,SUCCESS,198733,3000.0,13591,10.40516269998625
2000,0.075,0,150,SUCCESS,206392,3000.0,13937,10.456629600026645
2000,0.075,6,150,SUCCESS,189715,3000.0,13011,10.44728830002714
2000,0.075,2,150,SUCCESS,185995,3000.0,12475,10.468966200016439
2000,0.075,4,150,SUCCESS,197484,3000.0,13352,10.471578099997714
2000,0.075,10,150,SUCCESS,217357,3000.0,14841,10.451911500073038
2000,0.075,9,150,SUCCESS,235601,3000.0,16076,10.467734199948609
2000,0.075,1,150,SUCCESS,211082,3000.0,14474,10.622203000006266
2000,0.075,5,150,SUCCESS,229158,3000.0,16033,10.622667700052261
2000,0.075,12,150,SUCCESS,206260,3000.0,14094,9.852154599968344
2000,0.075,11,150,SUCCESS,192104,3000.0,12953,10.045945800025947
2000,0.075,15,150,SUCCESS,188056,3000.0,12781,9.983357200049795
2000,0.075,20,150,SUCCESS,170259,3000.0,11607,9.862403300008737
2000,0.075,13,150,SUCCESS,211416,3000.0,14494,10.123160399962217
2000,0.075,14,150,SUCCESS,207830,3000.0,14032,10.086217199917883
2000,0.075,17,150,SUCCESS,209247,3000.0,14186,10.07379569998011
2000,0.075,18,150,SUCCESS,211712,3000.0,14392,10.055646400083788
2000,0.075,19,150,SUCCESS,212319,3000.0,14312,10.155464799958281
2000,0.075,16,150,SUCCESS,212146,3000.0,14903,10.303116799914278
2000,0.075,21,150,SUCCESS,219157,3000.0,14893,10.168895600014366
2000,0.075,23,150,SUCCESS,191583,3000.0,13037,10.760562799987383
2000,0.075,30,150,SUCCESS,221462,3000.0,15133,10.454135000007227
2000,0.075,22,150,SUCCESS,204707,3000.0,13851,11.031223600031808
2000,0.075,32,150,SUCCESS,180190,3000.0,12133,10.379756000009365
2000,0.075,31,150,SUCCESS,194408,3000.0,13279,10.531777499942109
2000,0.075,25,150,SUCCESS,197291,3000.0,13409,10.828943000058644
2000,0.075,27,150,SUCCESS,221794,3000.0,15154,10.779655599966645
2000,0.075,28,150,SUCCESS,197495,3000.0,13385,10.765445399913006
2000,0.075,24,150,SUCCESS,171256,3000.0,11637,11.089475800050423
2000,0.075,26,150,SUCCESS,227174,3000.0,15439,11.082300600013696
2000,0.075,29,150,SUCCESS,211192,3000.0,14394,11.056848999927752
2000,0.075,35,150,SUCCESS,195748,3000.0,13191,10.63393910008017
2000,0.075,34,150,SUCCESS,223223,3000.0,15164,10.76206340000499
2000,0.075,33,150,SUCCESS,189849,3000.0,13143,10.88720229989849
2000,0.075,36,150,SUCCESS,195053,3000.0,13215,10.871940799988806
2000,0.075,41,150,SUCCESS,204126,3000.0,13753,10.574866299983114
2000,0.075,42,150,SUCCESS,165739,3000.0,11383,10.520795799908228
2000,0.075,39,150,SUCCESS,218933,3000.0,14883,10.874843499972485
2000,0.075,37,150,SUCCESS,197526,3000.0,13460,10.901067500002682
2000,0.075,40,150,SUCCESS,231839,3000.0,16093,10.932306300033815
2000,0.075,43,150,SUCCESS,212264,3000.0,14320,10.703344300040044
2000,0.075,38,150,SUCCESS,202075,3000.0,13855,11.083555400022306
2000,0.075,50,150,SUCCESS,197399,3000.0,13407,10.536545700044371
2000,0.075,49,150,SUCCESS,226211,3000.0,15423,10.906093999976292
2000,0.075,44,150,SUCCESS,185408,3000.0,12553,11.271060000057332
2000,0.075,47,150,SUCCESS,200417,3000.0,13593,11.029952800017782
2000,0.075,54,150,SUCCESS,217728,3000.0,14704,10.718057699967176
2000,0.075,48,150,SUCCESS,180427,3000.0,12123,11.055274000042118
2000,0.075,53,150,SUCCESS,234826,3000.0,16086,10.86361650004983
2000,0.075,46,150,SUCCESS,197392,3000.0,13417,11.311776900081895
2000,0.075,45,150,SUCCESS,197955,3000.0,13470,11.521884100046009
2000,0.075,51,150,SUCCESS,204247,3000.0,13863,11.25280539994128
2000,0.075,52,150,SUCCESS,197841,3000.0,13415,11.702319100033492
2000,0.075,55,150,SUCCESS,219663,3000.0,14956,10.74025520007126
2000,0.075,57,150,SUCCESS,203841,3000.0,13905,10.47653350001201
2000,0.075,59,150,SUCCESS,181101,3000.0,12177,10.789528300054371
2000,0.075,56,150,SUCCESS,211481,3000.0,14346,10.927917500026524
2000,0.075,61,150,SUCCESS,197947,3000.0,13414,10.860602700035088
2000,0.075,64,150,SUCCESS,183916,3000.0,12457,10.60479450004641
2000,0.075,60,150,SUCCESS,231412,3000.0,16072,10.90426970005501
2000,0.075,62,150,SUCCESS,204912,3000.0,13963,10.804810700006783
2000,0.075,63,150,SUCCESS,150606,3000.0,10214,10.696012999978848
2000,0.075,58,150,SUCCESS,197047,3000.0,13374,11.016260499949567
2000,0.075,65,150,SUCCESS,200881,3000.0,13499,10.590694700018503
2000,0.075,66,150,SUCCESS,210422,3000.0,14361,11.048223500023596
2000,0.075,67,150,SUCCESS,209442,3000.0,14361,10.971156599931419
2000,0.075,74,150,SUCCESS,202624,3000.0,13825,10.438274700078182
2000,0.075,70,150,SUCCESS,185743,3000.0,12612,10.508542799972929
2000,0.075,71,150,SUCCESS,191485,3000.0,12964,10.509470899938606
2000,0.075,69,150,SUCCESS,203150,3000.0,13860,10.833863700041547
2000,0.075,72,150,SUCCESS,203596,3000.0,13858,10.902473900001496
2000,0.075,75,150,SUCCESS,179804,3000.0,12147,10.870326000032946
2000,0.075,73,150,SUCCESS,190590,3000.0,12873,10.897210799972527
2000,0.075,68,150,SUCCESS,203024,3000.0,13861,11.085455500055104
2000,0.075,76,150,SUCCESS,234232,3000.0,16077,10.834947900031693
2000,0.075,80,150,SUCCESS,208617,3000.0,14343,10.211750600021333
2000,0.075,79,150,SUCCESS,218274,3000.0,14851,10.33933089999482
2000,0.075,81,150,SUCCESS,197069,3000.0,13303,10.39623329997994
2000,0.075,77,150,SUCCESS,185264,3000.0,12664,10.8897495000856
2000,0.075,78,150,SUCCESS,190219,3000.0,12897,10.92141139996238
2000,0.075,82,150,SUCCESS,226818,3000.0,15481,10.830698199919425
2000,0.075,85,150,SUCCESS,206440,3000.0,14162,10.702311799977906
2000,0.075,86,150,SUCCESS,185120,3000.0,12614,10.745011599967256
2000,0.075,83,150,SUCCESS,205505,3000.0,13844,10.81977249996271
2000,0.075,84,150,SUCCESS,223472,3000.0,15237,10.838472999981605
2000,0.075,87,150,SUCCESS,207067,3000.0,14100,10.74124809994828
2000,0.075,88,150,SUCCESS,211789,3000.0,14601,10.835751299979165
2000,0.075,89,150,SUCCESS,207004,3000.0,14010,10.900252500083297
2000,0.075,90,150,SUCCESS,194442,3000.0,13394,10.881885699927807
2000,0.075,91,150,SUCCESS,219327,3000.0,14962,10.573731899959967
2000,0.075,95,150,SUCCESS,185092,3000.0,12643,10.404833300039172
2000,0.075,97,150,SUCCESS,211179,3000.0,14432,10.482835400034674
2000,0.075,92,150,SUCCESS,191763,3000.0,13085,10.850030699977651
2000,0.075,93,150,SUCCESS,227358,3000.0,15477,10.739807099918835
2000,0.075,94,150,SUCCESS,208061,3000.0,14099,10.848645000020042
2000,0.075,96,150,SUCCESS,220406,3000.0,15159,10.81137720006518
2000,0.075,98,150,SUCCESS,208062,3000.0,14056,10.634048199979588
2000,0.075,99,150,SUCCESS,204340,3000.0,13879,4.530494899954647
2000,0.1,0,200,SUCCESS,152923,3000.0,10478,10.33584559999872
2000,0.1,2,200,SUCCESS,192129,3000.0,12746,10.459285499993712
2000,0.1,10,200,SUCCESS,185871,3000.0,12575,10.413068800000474
2000,0.1,8,200,SUCCESS,197843,3000.0,13549,10.438780599972233
2000,0.1,7,200,SUCCESS,211792,3000.0,14291,10.466065200045705
2000,0.1,3,200,SUCCESS,219164,3000.0,14950,10.502088699955493
2000,0.1,5,200,SUCCESS,227263,3000.0,15484,10.575728100026026
2000,0.1,1,200,SUCCESS,223587,3000.0,15311,10.60124879993964
2000,0.1,9,200,SUCCESS,232035,3000.0,15531,10.565774099901319
2000,0.1,4,200,SUCCESS,221411,3000.0,15046,10.72659430000931
2000,0.1,6,200,SUCCESS,232501,3000.0,16085,10.751566200051457
2000,0.1,11,200,SUCCESS,212617,3000.0,14305,10.130598600022495
2000,0.1,13,200,SUCCESS,208914,3000.0,14285,10.061900399974547
2000,0.1,14,200,SUCCESS,219965,3000.0,14762,10.064886200008914
2000,0.1,12,200,SUCCESS,209081,3000.0,14219,10.11770569998771
2000,0.1,17,200,SUCCESS,186710,3000.0,12497,10.057557299965993
2000,0.1,15,200,SUCCESS,184910,3000.0,12642,10.187687400029972
2000,0.1,16,200,SUCCESS,214532,3000.0,14615,10.224209400010295
2000,0.1,19,200,SUCCESS,212579,3000.0,14369,10.184135399991646
2000,0.1,21,200,SUCCESS,161406,3000.0,11122,10.051850999938324
2000,0.1,18,200,SUCCESS,220051,3000.0,14958,10.247550399973989
2000,0.1,20,200,SUCCESS,204895,3000.0,13786,10.389367499970831
2000,0.1,22,200,SUCCESS,233952,3000.0,15968,10.149156700004824
2000,0.1,23,200,SUCCESS,200015,3000.0,13612,10.142007500049658
2000,0.1,24,200,SUCCESS,211085,3000.0,14475,10.231015600031242
2000,0.1,26,200,SUCCESS,218837,3000.0,14992,10.231610500020906
2000,0.1,27,200,SUCCESS,217468,3000.0,14713,10.290451399981976
2000,0.1,28,200,SUCCESS,205714,3000.0,14014,10.259140299982391
2000,0.1,25,200,SUCCESS,211045,3000.0,14380,10.419549699989147
2000,0.1,31,200,SUCCESS,200520,3000.0,13634,10.154518399969675
2000,0.1,29,200,SUCCESS,209753,3000.0,14219,10.400257400004193
2000,0.1,30,200,SUCCESS,222960,3000.0,15240,10.51601020002272
2000,0.1,32,200,SUCCESS,236205,3000.0,16091,10.34496300003957
2000,0.1,34,200,SUCCESS,183008,3000.0,12468,10.018271000008099
2000,0.1,33,200,SUCCESS,204674,3000.0,13848,10.22243699990213
2000,0.1,35,200,SUCCESS,204610,3000.0,13882,10.263541099964641
2000,0.1,37,200,SUCCESS,179988,3000.0,12154,10.245971200056374
2000,0.1,36,200,SUCCESS,204173,3000.0,13844,10.40856300003361
2000,0.1,38,200,SUCCESS,228160,3000.0,15576,10.307028000010177
2000,0.1,39,200,SUCCESS,204876,3000.0,13840,10.346267399960198
2000,0.1,40,200,SUCCESS,217158,3000.0,14872,10.421774100046605
2000,0.1,43,200,SUCCESS,235638,3000.0,16034,10.222444899962284
2000,0.1,41,200,SUCCESS,226218,3000.0,15541,10.537747499998659
2000,0.1,42,200,SUCCESS,198108,3000.0,13465,10.420886100037023
2000,0.1,44,200,SUCCESS,185961,3000.0,12642,10.148107400047593
2000,0.1,46,200,SUCCESS,218230,3000.0,15010,10.0569149000803
2000,0.1,45,200,SUCCESS,198177,3000.0,13319,10.69199059996754
2000,0.1,47,200,SUCCESS,174952,3000.0,11752,10.447648500092328
2000,0.1,50,200,SUCCESS,205171,3000.0,13795,10.495412899996154
2000,0.1,49,200,SUCCESS,228160,3000.0,15607,10.556528800050728
2000,0.1,52,200,SUCCESS,219792,3000.0,15028,10.236691100057214
2000,0.1,48,200,SUCCESS,218707,3000.0,14958,10.71618510002736
2000,0.1,51,200,SUCCESS,188179,3000.0,12473,10.651674399967305
2000,0.1,53,200,SUCCESS,204754,3000.0,13903,10.620266900048591
2000,0.1,54,200,SUCCESS,223171,3000.0,15153,10.678698600037023
2000,0.1,55,200,SUCCESS,219979,3000.0,14889,10.244071800028905
2000,0.1,56,200,SUCCESS,217940,3000.0,14932,10.198840400087647
2000,0.1,58,200,SUCCESS,228406,3000.0,15751,10.141357899992727
2000,0.1,57,200,SUCCESS,219918,3000.0,14948,10.294778300100006
2000,0.1,59,200,SUCCESS,195140,3000.0,13188,10.063553299987689
2000,0.1,60,200,SUCCESS,232573,3000.0,15847,10.13256239995826
2000,0.1,61,200,SUCCESS,211747,3000.0,14284,10.259756800020114
2000,0.1,62,200,SUCCESS,205581,3000.0,14018,10.252444399986416
2000,0.1,63,200,SUCCESS,205037,3000.0,13966,10.30007769993972
2000,0.1,64,200,SUCCESS,231840,3000.0,16069,10.07024759997148
2000,0.1,65,200,SUCCESS,225803,3000.0,15643,10.357090000063181
2000,0.1,66,200,SUCCESS,219517,3000.0,14898,10.350826099980623
2000,0.1,67,200,SUCCESS,204294,3000.0,13966,10.321083700051531
2000,0.1,71,200,SUCCESS,178145,3000.0,12009,10.022974100080319
2000,0.1,70,200,SUCCESS,190031,3000.0,12814,10.126652600010857
2000,0.1,69,200,SUCCESS,207984,3000.0,13888,10.290335400030017
2000,0.1,68,200,SUCCESS,215926,3000.0,14620,10.32224450004287
2000,0.1,73,200,SUCCESS,210493,3000.0,14246,10.245428700000048
2000,0.1,74,200,SUCCESS,222672,3000.0,15372,10.144465200020932
2000,0.1,72,200,SUCCESS,227223,3000.0,15434,10.378146399976686
2000,0.1,75,200,SUCCESS,200595,3000.0,13600,10.393653200007975
2000,0.1,76,200,SUCCESS,204639,3000.0,13824,10.1469713000115
2000,0.1,77,200,SUCCESS,212001,3000.0,14367,10.058968500001356
2000,0.1,78,200,SUCCESS,192129,3000.0,13104,9.909768700017594
2000,0.1,82,200,SUCCESS,219716,3000.0,14841,10.064669799990952
2000,0.1,80,200,SUCCESS,200384,3000.0,13705,10.180506400065497
2000,0.1,79,200,SUCCESS,218371,3000.0,14934,10.278083699988201
2000,0.1,81,200,SUCCESS,230016,3000.0,15758,10.260879799956456
2000,0.1,85,200,SUCCESS,209435,3000.0,14451,10.002313600038178
2000,0.1,84,200,SUCCESS,219169,3000.0,14850,10.063584799994715
2000,0.1,83,200,SUCCESS,215631,3000.0,14797,10.215518400073051
2000,0.1,87,200,SUCCESS,194300,3000.0,13155,10.078346399939619
2000,0.1,86,200,SUCCESS,205188,3000.0,13824,10.219643200049177
2000,0.1,89,200,SUCCESS,212039,3000.0,14256,10.079086099984124
2000,0.1,88,200,SUCCESS,222539,3000.0,15230,10.364546799915843
2000,0.1,91,200,SUCCESS,219670,3000.0,15116,10.148591500008479
2000,0.1,93,200,SUCCESS,194614,3000.0,12970,10.026263999985531
2000,0.1,90,200,SUCCESS,197136,3000.0,13439,10.198887199978344
2000,0.1,92,200,SUCCESS,186206,3000.0,12445,10.139966799994
2000,0.1,94,200,SUCCESS,204713,3000.0,13829,9.988958799978718
2000,0.1,95,200,SUCCESS,233991,3000.0,16026,10.037812300026417
2000,0.1,96,200,SUCCESS,230891,3000.0,15911,9.943129999912344
2000,0.1,98,200,SUCCESS,189377,3000.0,12879,9.818709000013769
2000,0.1,97,200,SUCCESS,226689,3000.0,15372,9.857977999956347
2000,0.1,99,200,SUCCESS,170222,3000.0,11624,4.5716962000587955
2000,0.125,3,250,SUCCESS,225976,3000.0,15306,10.00682270003017
2000,0.125,7,250,SUCCESS,214260,3000.0,14813,9.997517099953257
2000,0.125,1,250,SUCCESS,209603,3000.0,13991,10.0268796000164
2000,0.125,6,250,SUCCESS,195376,3000.0,13299,10.030592800001614
2000,0.125,2,250,SUCCESS,219950,3000.0,14828,10.082645300077274
2000,0.125,5,250,SUCCESS,219563,3000.0,14976,10.22362790000625
2000,0.125,0,250,SUCCESS,204665,3000.0,13875,10.268207699991763
2000,0.125,8,250,SUCCESS,218794,3000.0,14813,10.238228400005028
2000,0.125,9,250,SUCCESS,213138,3000.0,14589,10.282143700052984
2000,0.125,4,250,SUCCESS,226704,3000.0,15163,10.339199600042775
2000,0.125,10,250,SUCCESS,214912,3000.0,14443,10.336890900041908
2000,0.125,11,250,SUCCESS,180971,3000.0,12287,10.134880699915811
2000,0.125,12,250,SUCCESS,180304,3000.0,12097,10.36714230000507
2000,0.125,13,250,SUCCESS,212287,3000.0,14353,10.376923199975863
2000,0.125,15,250,SUCCESS,226883,3000.0,15417,10.449469099985436
2000,0.125,14,250,SUCCESS,228706,3000.0,15186,10.86709830001928
2000,0.125,16,250,SUCCESS,205399,3000.0,13814,10.916498999926262
2000,0.125,18,250,SUCCESS,186368,3000.0,12244,10.963837199960835
2000,0.125,19,250,SUCCESS,212825,3000.0,14429,10.944758299971
2000,0.125,17,250,SUCCESS,228315,3000.0,15228,11.048839699942619
2000,0.125,21,250,SUCCESS,220585,3000.0,14746,10.949677199940197
2000,0.125,20,250,SUCCESS,212153,3000.0,14172,11.144726100028493
2000,0.125,22,250,SUCCESS,211276,3000.0,14526,10.378677900065668
2000,0.125,23,250,SUCCESS,189757,3000.0,13204,10.6741549000144
2000,0.125,24,250,SUCCESS,227840,3000.0,15548,10.860675600008108
2000,0.125,28,250,SUCCESS,153033,3000.0,10570,10.238712699967436
2000,0.125,26,250,SUCCESS,227145,3000.0,15423,10.624974000034854
2000,0.125,25,250,SUCCESS,235302,3000.0,16071,11.14206500002183
2000,0.125,29,250,SUCCESS,198294,3000.0,13708,10.628342399955727
2000,0.125,27,250,SUCCESS,179133,3000.0,12391,10.763481799978763
2000,0.125,30,250,SUCCESS,205129,3000.0,13807,10.83493280003313
2000,0.125,31,250,SUCCESS,212180,3000.0,14371,10.927280099946074
2000,0.125,32,250,SUCCESS,198461,3000.0,13244,10.846539900056086
2000,0.125,33,250,SUCCESS,198026,3000.0,13657,10.825178900035098
2000,0.125,34,250,SUCCESS,199490,3000.0,13431,10.8690955999773
2000,0.125,35,250,SUCCESS,205787,3000.0,13901,10.665489600040019
2000,0.125,37,250,SUCCESS,222051,3000.0,15446,10.607783499988727
2000,0.125,36,250,SUCCESS,192603,3000.0,12670,10.863745499984361
2000,0.125,38,250,SUCCESS,212080,3000.0,14267,10.965436600032263
2000,0.125,40,250,SUCCESS,204753,3000.0,13809,10.784833299927413
2000,0.125,39,250,SUCCESS,236684,3000.0,16093,11.01804130000528
2000,0.125,41,250,SUCCESS,227786,3000.0,15533,10.773875800077803
2000,0.125,42,250,SUCCESS,199307,3000.0,13405,10.964204999967478
2000,0.125,43,250,SUCCESS,212908,3000.0,14487,10.900584100047126
2000,0.125,44,250,SUCCESS,211951,3000.0,14387,10.788941500009969
2000,0.125,47,250,SUCCESS,204753,3000.0,13860,10.469870500033721
2000,0.125,45,250,SUCCESS,215754,3000.0,14791,10.696502799983136
2000,0.125,46,250,SUCCESS,205160,3000.0,13788,10.738210599985905
2000,0.125,48,250,SUCCESS,192616,3000.0,12499,10.50005939998664
2000,0.125,49,250,SUCCESS,198773,3000.0,13198,10.672053799964488
2000,0.125,50,250,SUCCESS,226361,3000.0,15730,10.770479100057855
2000,0.125,51,250,SUCCESS,215667,3000.0,15031,10.614766300073825
2000,0.125,52,250,SUCCESS,219832,3000.0,14831,10.878550699912012
2000,0.125,53,250,SUCCESS,211755,3000.0,14464,10.608332399977371
2000,0.125,54,250,SUCCESS,228018,3000.0,15688,10.702450499986298
2000,0.125,56,250,SUCCESS,219053,3000.0,14993,10.958339200005867
2000,0.125,57,250,SUCCESS,220728,3000.0,15043,11.45988340000622
2000,0.125,61,250,SUCCESS,198217,3000.0,13522,10.854333300027065
2000,0.125,60,250,SUCCESS,235775,3000.0,16044,11.320175500004552
2000,0.125,59,250,SUCCESS,186075,3000.0,12514,11.902802200056612
2000,0.125,55,250,SUCCESS,197416,3000.0,13332,12.673474900075234
2000,0.125,63,250,SUCCESS,212097,3000.0,14200,11.069656500010751
2000,0.125,58,250,SUCCESS,214026,3000.0,14630,12.210355299990624
2000,0.125,64,250,SUCCESS,212660,3000.0,14420,11.49811809998937
2000,0.125,62,250,SUCCESS,195996,3000.0,13309,12.047050899942406
2000,0.125,65,250,SUCCESS,149477,3000.0,10111,12.2659801999107
2000,0.125,66,250,SUCCESS,212352,3000.0,14284,10.881997900083661
2000,0.125,67,250,SUCCESS,224663,3000.0,15418,10.73921359993983
2000,0.125,70,250,SUCCESS,207957,3000.0,14097,10.69168490008451
2000,0.125,69,250,SUCCESS,210234,3000.0,14135,11.034793199971318
2000,0.125,73,250,SUCCESS,175187,3000.0,11699,10.82416020007804
2000,0.125,74,250,SUCCESS,226151,3000.0,15508,10.887639200082049
2000,0.125,68,250,SUCCESS,217816,3000.0,14899,11.956578299985267
2000,0.125,75,250,SUCCESS,198542,3000.0,13018,10.857793600065634
2000,0.125,72,250,SUCCESS,192022,3000.0,12874,11.62890500004869
2000,0.125,71,250,SUCCESS,208738,3000.0,14177,11.9301386999432
2000,0.125,76,250,SUCCESS,209058,3000.0,14022,11.430447899969295
2000,0.125,77,250,SUCCESS,220784,3000.0,14632,10.767001800006256
2000,0.125,78,250,SUCCESS,195432,3000.0,13350,10.608466799953021
2000,0.125,79,250,SUCCESS,219550,3000.0,15082,10.730864199926145
2000,0.125,81,250,SUCCESS,204500,3000.0,13903,10.543536400073208
2000,0.125,80,250,SUCCESS,192110,3000.0,13192,10.740864499937743
2000,0.125,83,250,SUCCESS,205789,3000.0,13887,10.617523900000378
2000,0.125,82,250,SUCCESS,228010,3000.0,15515,10.685655900044367
2000,0.125,84,250,SUCCESS,218932,3000.0,14738,10.68457790010143
2000,0.125,86,250,SUCCESS,205337,3000.0,13889,10.566576999961399
2000,0.125,85,250,SUCCESS,220068,3000.0,14793,10.820519300061278
2000,0.125,87,250,SUCCESS,235052,3000.0,16078,10.70536310004536
2000,0.125,88,250,SUCCESS,205364,3000.0,13842,10.759929500054568
2000,0.125,89,250,SUCCESS,211797,3000.0,14203,10.904126000008546
2000,0.125,90,250,SUCCESS,227788,3000.0,15545,10.5457572999876
2000,0.125,91,250,SUCCESS,211990,3000.0,14404,10.823544099926949
2000,0.125,92,250,SUCCESS,216287,3000.0,14397,10.954548200010322
2000,0.125,94,250,SUCCESS,219594,3000.0,14500,10.584540999960154
2000,0.125,93,250,SUCCESS,204119,3000.0,13899,10.644977999967523
2000,0.125,95,250,SUCCESS,156534,3000.0,10426,10.432365800021216
2000,0.125,96,250,SUCCESS,198407,3000.0,13063,10.473773500067182
2000,0.125,97,250,SUCCESS,192439,3000.0,12618,10.46506129996851
2000,0.125,98,250,SUCCESS,192297,3000.0,12779,9.99908580002375
2000,0.125,99,250,SUCCESS,210868,3000.0,14357,5.189713899977505
2000,0.15,0,300,FAILURE,2004,56.0,0,9.468557300046086
2000,0.15,9,300,FAILURE,2003,45.0,0,9.465444199973717
2000,0.15,1,300,SUCCESS,216084,3000.0,14296,10.057500300114043
2000,0.15,2,300,SUCCESS,178692,3000.0,12102,10.062637600000016
2000,0.15,6,300,SUCCESS,195558,3000.0,13502,10.14049929997418
2000,0.15,3,300,SUCCESS,186471,3000.0,12358,10.162410799995996
2000,0.15,4,300,SUCCESS,228997,3000.0,15303,10.200399299967103
2000,0.15,7,300,SUCCESS,226170,3000.0,15336,10.20053380005993
2000,0.15,5,300,SUCCESS,219755,3000.0,15025,10.222877099993639
2000,0.15,10,300,SUCCESS,192241,3000.0,12880,10.21755739999935
2000,0.15,8,300,SUCCESS,224066,3000.0,15257,10.248879199963994
2000,0.15,12,300,SUCCESS,219485,3000.0,15072,10.838009199942462
2000,0.15,20,300,FAILURE,2002,56.0,0,10.123261200031266
2000,0.15,11,300,SUCCESS,181228,3000.0,12375,10.985482099931687
2000,0.15,17,300,FAILURE,2003,46.0,0,10.263878300087526
2000,0.15,14,300,SUCCESS,205120,3000.0,13765,10.80867619998753
2000,0.15,13,300,SUCCESS,206210,3000.0,13954,10.905649699969217
2000,0.15,18,300,SUCCESS,212996,3000.0,14565,10.881936399964616
2000,0.15,16,300,SUCCESS,224038,3000.0,15310,11.00934440002311
2000,0.15,15,300,SUCCESS,228409,3000.0,15704,11.111732400022447
2000,0.15,19,300,SUCCESS,224421,3000.0,14745,11.133412499912083
2000,0.15,21,300,SUCCESS,192845,3000.0,12690,11.369319299934432
2000,0.15,25,300,SUCCESS,180143,3000.0,12072,10.449251399957575
2000,0.15,23,300,SUCCESS,212289,3000.0,14231,10.575413699960336
2000,0.15,24,300,SUCCESS,198318,3000.0,13226,11.017248500022106
2000,0.15,22,300,SUCCESS,232162,3000.0,16069,11.421550499973819
2000,0.15,27,300,SUCCESS,197995,3000.0,13708,10.945715600042604
2000,0.15,29,300,SUCCESS,205215,3000.0,13749,10.793462299974635
2000,0.15,30,300,SUCCESS,211123,3000.0,14508,10.83765769994352
2000,0.15,26,300,SUCCESS,215922,3000.0,14562,11.315546600031666
2000,0.15,31,300,SUCCESS,205970,3000.0,13945,11.097945499932393
2000,0.15,28,300,SUCCESS,186141,3000.0,12172,11.39331840001978
2000,0.15,32,300,SUCCESS,219022,3000.0,14502,11.109818600001745
2000,0.15,33,300,SUCCESS,176159,3000.0,11924,10.50159270002041
2000,0.15,35,300,SUCCESS,206066,3000.0,13931,10.546114800032228
2000,0.15,34,300,SUCCESS,211042,3000.0,14089,11.260650899959728
2000,0.15,37,300,SUCCESS,207394,3000.0,13670,10.762857900001109
2000,0.15,39,300,SUCCESS,195580,3000.0,13389,10.579490900039673
2000,0.15,36,300,SUCCESS,205596,3000.0,13820,11.089711700100452
2000,0.15,40,300,SUCCESS,225664,3000.0,15479,10.87831040006131
2000,0.15,41,300,SUCCESS,226654,3000.0,15489,10.642060699989088
2000,0.15,38,300,SUCCESS,219805,3000.0,15181,11.1617477000691
2000,0.15,42,300,SUCCESS,199669,3000.0,13661,10.790431800065562
2000,0.15,43,300,SUCCESS,227469,3000.0,15325,10.905787199968472
2000,0.15,44,300,SUCCESS,204757,3000.0,13848,11.078874900005758
2000,0.15,46,300,SUCCESS,205420,3000.0,13846,10.372619400033727
2000,0.15,47,300,SUCCESS,212364,3000.0,14260,10.169281500042416
2000,0.15,45,300,SUCCESS,186177,3000.0,12331,11.268128999974579
2000,0.15,49,300,SUCCESS,219738,3000.0,15045,10.456948600010946
2000,0.15,51,300,SUCCESS,235168,3000.0,15929,10.311813999898732
2000,0.15,53,300,SUCCESS,219343,3000.0,15183,10.209808100014925
2000,0.15,52,300,SUCCESS,220355,3000.0,14486,10.437309300061315
2000,0.15,48,300,SUCCESS,209756,3000.0,14043,11.299288499983959
2000,0.15,50,300,SUCCESS,220299,3000.0,14663,11.235986799933016
2000,0.15,54,300,SUCCESS,217822,3000.0,15018,10.937904000049457
2000,0.15,60,300,FAILURE,2002,54.0,0,9.43858099996578
2000,0.15,56,300,SUCCESS,229988,3000.0,15862,10.33272270008456
2000,0.15,55,300,SUCCESS,214527,3000.0,14635,10.955819799914025
2000,0.15,62,300,SUCCESS,198246,3000.0,13664,10.361972299986519
2000,0.15,61,300,SUCCESS,198399,3000.0,13368,10.633800100069493
2000,0.15,57,300,SUCCESS,229729,3000.0,15746,11.38950490008574
2000,0.15,58,300,SUCCESS,217653,3000.0,14881,11.249156299978495
2000,0.15,64,300,SUCCESS,199000,3000.0,13174,10.263279699953273
2000,0.15,59,300,SUCCESS,212665,3000.0,14362,11.367359700030647
2000,0.15,65,300,SUCCESS,149738,3000.0,10086,10.21011380001437
2000,0.15,63,300,SUCCESS,205983,3000.0,13971,11.254368599969894
2000,0.15,66,300,FAILURE,2000,49.0,0,9.949208699981682
2000,0.15,67,300,SUCCESS,197781,3000.0,13488,10.833345799939707
2000,0.15,70,300,FAILURE,2005,49.0,0,9.932104300009087
2000,0.15,68,300,SUCCESS,211138,3000.0,14531,10.681252799928188
2000,0.15,73,300,FAILURE,2001,59.0,0,9.904043500078842
2000,0.15,69,300,SUCCESS,205640,3000.0,13811,10.619762199930847
2000,0.15,71,300,SUCCESS,220116,3000.0,14840,10.705617899890058
2000,0.15,72,300,SUCCESS,204382,3000.0,13832,10.556371000013314
2000,0.15,74,300,SUCCESS,206390,3000.0,13866,10.610858100000769
2000,0.15,75,300,SUCCESS,199089,3000.0,13208,10.632647900027223
2000,0.15,76,300,SUCCESS,204636,3000.0,13768,10.591316499980167
2000,0.15,77,300,SUCCESS,219270,3000.0,14744,10.865425699972548
2000,0.15,78,300,SUCCESS,235692,3000.0,15977,10.786149799940176
2000,0.15,79,300,SUCCESS,198980,3000.0,13197,10.73304379999172
2000,0.15,80,300,SUCCESS,229405,3000.0,15410,10.749676500097848
2000,0.15,81,300,SUCCESS,198314,3000.0,13380,10.637346199946478
2000,0.15,82,300,SUCCESS,218592,3000.0,14791,10.807788499980234
2000,0.15,83,300,SUCCESS,162051,3000.0,11113,10.606174100073986
2000,0.15,84,300,SUCCESS,207526,3000.0,14023,10.727827399969101
2000,0.15,85,300,SUCCESS,204739,3000.0,13818,10.592482800013386
2000,0.15,86,300,SUCCESS,204245,3000.0,13914,10.681138499989174
2000,0.15,87,300,SUCCESS,187515,3000.0,12833,10.559670899994671
2000,0.15,88,300,SUCCESS,222389,3000.0,15153,10.712094799964689
2000,0.15,91,300,FAILURE,2002,53.0,0,10.12047999992501
2000,0.15,89,300,SUCCESS,208400,3000.0,14090,10.74392809998244
2000,0.15,90,300,SUCCESS,191504,3000.0,13169,10.575133700040169
2000,0.15,92,300,SUCCESS,212750,3000.0,14377,10.698092799982987
2000,0.15,93,300,SUCCESS,190289,3000.0,12716,10.484596699941903
2000,0.15,96,300,FAILURE,2004,51.0,0,10.040980100049637
2000,0.15,95,300,SUCCESS,197037,3000.0,13096,10.242286899941973
2000,0.15,94,300,SUCCESS,205935,3000.0,13945,10.570801199995913
2000,0.15,97,300,SUCCESS,212258,3000.0,14140,10.364042700035498
2000,0.15,98,300,SUCCESS,205657,3000.0,13887,10.193377900053747
2000,0.15,99,300,FAILURE,4015,93.0,0,5.023275399929844
2000,0.175,2,350,FAILURE,2002,51.0,0,9.763918800046667
2000,0.175,0,350,FAILURE,2004,48.0,0,10.532836699974723
2000,0.175,9,350,FAILURE,2004,43.0,0,10.514661199995317
2000,0.175,8,350,SUCCESS,228302,3000.0,15338,10.533978099934757
2000,0.175,5,350,SUCCESS,219872,3000.0,14851,10.842002399964258
2000,0.175,6,350,SUCCESS,232341,3000.0,15892,10.868986699962988
2000,0.175,1,350,SUCCESS,234730,3000.0,15884,10.96219160000328
2000,0.175,10,350,FAILURE,2008,46.0,0,10.93217949999962
2000,0.175,3,350,SUCCESS,192687,3000.0,12536,11.084357400075532
2000,0.175,4,350,SUCCESS,228741,3000.0,15282,11.111653100000694
2000,0.175,7,350,SUCCESS,202222,3000.0,13834,11.539792299969122
2000,0.175,17,350,FAILURE,2004,46.0,0,9.808946799952537
2000,0.175,16,350,FAILURE,2001,43.0,0,9.947086400003172
2000,0.175,11,350,SUCCESS,219445,3000.0,14534,11.27512490004301
2000,0.175,12,350,SUCCESS,213227,3000.0,14698,10.941771699930541
2000,0.175,14,350,SUCCESS,184242,3000.0,12751,11.060785700101405
2000,0.175,15,350,SUCCESS,228193,3000.0,15658,10.811766600003466
2000,0.175,13,350,SUCCESS,212960,3000.0,14648,11.303116700029932
2000,0.175,18,350,SUCCESS,193622,3000.0,13508,10.897329399944283
2000,0.175,20,350,FAILURE,2006,51.0,0,10.865564799983986
2000,0.175,21,350,SUCCESS,223964,3000.0,15140,10.682945000007749
2000,0.175,19,350,SUCCESS,216871,3000.0,12363,11.366934400051832
2000,0.175,23,350,SUCCESS,205036,3000.0,13723,10.305303700035438
2000,0.175,22,350,SUCCESS,198161,3000.0,13718,10.382832000032067
2000,0.175,24,350,SUCCESS,228777,3000.0,15122,10.585691199987195
2000,0.175,25,350,SUCCESS,180217,3000.0,12055,10.199221800081432
2000,0.175,26,350,FAILURE,2008,47.0,0,10.037965099909343
2000,0.175,30,350,FAILURE,2004,52.0,0,9.719686699914746
2000,0.175,27,350,SUCCESS,220091,3000.0,14579,10.208706900011748
2000,0.175,32,350,FAILURE,2002,45.0,0,9.612449300009757
2000,0.175,28,350,SUCCESS,229573,3000.0,15545,10.54286729998421
2000,0.175,29,350,SUCCESS,212681,3000.0,14371,10.620206600055099
2000,0.175,31,350,SUCCESS,206039,3000.0,13965,10.633822500007227
2000,0.175,34,350,FAILURE,2006,45.0,0,9.811098400037736
2000,0.175,40,350,FAILURE,2012,51.0,0,9.722256800043397
2000,0.175,33,350,SUCCESS,186447,3000.0,12219,10.649224600056186
2000,0.175,36,350,SUCCESS,186650,3000.0,12423,10.221923199947923
2000,0.175,35,350,SUCCESS,213499,3000.0,14783,10.320886600064114
2000,0.175,38,350,SUCCESS,205452,3000.0,13770,10.393475499935448
2000,0.175,37,350,SUCCESS,198513,3000.0,13162,10.508808200014755
2000,0.175,41,350,FAILURE,2003,46.0,0,9.871727199992165
2000,0.175,39,350,SUCCESS,205880,3000.0,13874,10.624792299931869
2000,0.175,42,350,SUCCESS,193801,3000.0,12888,10.490569300018251
2000,0.175,43,350,SUCCESS,192462,3000.0,12592,10.564731499995105
2000,0.175,44,350,SUCCESS,180457,3000.0,12107,10.341423799982294
2000,0.175,47,350,SUCCESS,212454,3000.0,14340,10.192076499923132
2000,0.175,45,350,SUCCESS,212642,3000.0,14306,10.341539500048384
2000,0.175,48,350,SUCCESS,200469,3000.0,13119,10.2167648000177
2000,0.175,46,350,SUCCESS,228568,3000.0,15140,10.395415000035428
2000,0.175,49,350,SUCCESS,228018,3000.0,15216,10.265990599989891
2000,0.175,50,350,SUCCESS,229002,3000.0,15477,10.252765499986708
2000,0.175,51,350,SUCCESS,209251,3000.0,14120,10.202633599983528
2000,0.175,52,350,SUCCESS,212278,3000.0,14316,10.22758409997914
2000,0.175,54,350,FAILURE,2006,41.0,0,9.721876599942334
2000,0.175,53,350,SUCCESS,218258,3000.0,14579,10.334123100037687
2000,0.175,55,350,SUCCESS,192214,3000.0,12670,9.777789700077847
2000,0.175,57,350,FAILURE,2000,43.0,0,9.123924299958162
2000,0.175,60,350,FAILURE,2003,48.0,0,9.212587999994867
2000,0.175,56,350,SUCCESS,220006,3000.0,14415,9.670001899939962
2000,0.175,58,350,SUCCESS,211730,3000.0,14461,9.759424000047147
2000,0.175,59,350,SUCCESS,236794,3000.0,15976,9.867677600006573
2000,0.175,61,350,SUCCESS,198336,3000.0,13540,9.783198400051333
2000,0.175,62,350,SUCCESS,233997,3000.0,15907,9.880631999927573
2000,0.175,65,350,FAILURE,2004,46.0,0,9.053630799986422
2000,0.175,64,350,FAILURE,2004,47.0,0,9.328485199948773
2000,0.175,63,350,SUCCESS,206075,3000.0,13975,9.800138300051913
2000,0.175,66,350,FAILURE,2001,45.0,0,8.985409999964759
2000,0.175,67,350,SUCCESS,213851,3000.0,14252,9.614139200071804
2000,0.175,70,350,FAILURE,2006,49.0,0,9.017490900005214
2000,0.175,68,350,SUCCESS,227783,3000.0,15672,9.660439800005406
2000,0.175,71,350,FAILURE,2006,47.0,0,9.18079860007856
2000,0.175,73,350,FAILURE,2006,54.0,0,9.09890329989139
2000,0.175,69,350,SUCCESS,198674,3000.0,12996,9.762999600032344
2000,0.175,72,350,SUCCESS,186205,3000.0,12162,9.709596000029705
2000,0.175,76,350,SUCCESS,186287,3000.0,12287,9.647595399990678
2000,0.175,74,350,SUCCESS,236335,3000.0,16011,10.078414799994789
2000,0.175,75,350,SUCCESS,211939,3000.0,14334,10.007783700013533
2000,0.175,77,350,FAILURE,2008,44.0,0,9.033245800063014
2000,0.175,82,350,FAILURE,2004,43.0,0,9.084423299995251
2000,0.175,79,350,SUCCESS,199166,3000.0,13246,9.813065299997106
2000,0.175,78,350,SUCCESS,235810,3000.0,16017,9.899095700006
2000,0.175,81,350,SUCCESS,170758,3000.0,10881,9.67830139992293
2000,0.175,80,350,SUCCESS,213121,3000.0,14636,9.733876000042073
2000,0.175,84,350,FAILURE,2008,48.0,0,9.042700899997726
2000,0.175,83,350,SUCCESS,211939,3000.0,14512,9.754597699968144
2000,0.175,85,350,SUCCESS,214298,3000.0,14474,9.76750139996875
2000,0.175,87,350,SUCCESS,198782,3000.0,12911,9.838075299980119
2000,0.175,86,350,SUCCESS,196811,3000.0,12946,9.93489499995485
2000,0.175,88,350,FAILURE,2003,54.0,0,9.205408199923113
2000,0.175,91,350,FAILURE,2002,50.0,0,9.580621899920516
2000,0.175,93,350,SUCCESS,170222,3000.0,11232,9.739419899997301
2000,0.175,89,350,SUCCESS,224423,3000.0,15230,10.200889800093137
2000,0.175,92,350,SUCCESS,212490,3000.0,14275,9.91403519990854
2000,0.175,90,350,SUCCESS,213062,3000.0,14080,10.09858849993907
2000,0.175,94,350,SUCCESS,205991,3000.0,13968,9.888581099919975
2000,0.175,96,350,FAILURE,2004,47.0,0,9.269803900038823
2000,0.175,95,350,SUCCESS,175669,3000.0,11706,9.989216099958867
2000,0.175,98,350,SUCCESS,176132,3000.0,11951,9.428999399999157
2000,0.175,97,350,SUCCESS,211496,3000.0,14174,9.623558299965225
2000,0.175,99,350,SUCCESS,200222,3000.0,13850,5.733029600000009
2000,0.2,10,400,FAILURE,2007,42.0,0,8.858119699987583
2000,0.2,2,400,FAILURE,2001,50.0,0,8.940553499967791
2000,0.2,0,400,FAILURE,2005,48.0,0,8.967126699979417
2000,0.2,6,400,FAILURE,2004,43.0,0,9.027198099996895
2000,0.2,9,400,FAILURE,2002,41.0,0,9.193249700008892
2000,0.2,1,400,SUCCESS,220204,3000.0,15057,9.503154000034556
2000,0.2,3,400,SUCCESS,192774,3000.0,12632,9.61357859999407
2000,0.2,5,400,SUCCESS,214854,3000.0,14452,9.660225700004958
2000,0.2,4,400,SUCCESS,229844,3000.0,15626,9.684192499960773
2000,0.2,7,400,SUCCESS,220991,3000.0,15154,9.739058399922214
2000,0.2,8,400,SUCCESS,203849,3000.0,13923,9.796781299985014
2000,0.2,11,400,FAILURE,2008,45.0,0,9.020896499976516
2000,0.2,16,400,FAILURE,2001,43.0,0,9.154898799955845
2000,0.2,12,400,SUCCESS,198641,3000.0,12838,9.751386099960655
2000,0.2,14,400,SUCCESS,204596,3000.0,13747,9.787947500008158
2000,0.2,17,400,FAILURE,2004,41.0,0,9.26510259998031
2000,0.2,13,400,SUCCESS,229412,3000.0,15370,10.03221500001382
2000,0.2,21,400,FAILURE,2005,44.0,0,9.216359800077043
2000,0.2,20,400,FAILURE,2003,46.0,0,9.309437899966724
2000,0.2,15,400,SUCCESS,232782,3000.0,15845,10.148706899955869
2000,0.2,18,400,SUCCESS,213131,3000.0,14767,9.80161439999938
2000,0.2,19,400,SUCCESS,204842,3000.0,13845,9.926968400017358
2000,0.2,22,400,SUCCESS,205109,3000.0,13662,9.71513829997275
2000,0.2,26,400,FAILURE,2005,44.0,0,8.972732400055975
2000,0.2,23,400,SUCCESS,181639,3000.0,12018,9.694629000034183
2000,0.2,30,400,FAILURE,2004,48.0,0,9.077843000064604
2000,0.2,24,400,SUCCESS,180099,3000.0,12053,9.771097199991345
2000,0.2,25,400,SUCCESS,219247,3000.0,15406,9.828939799917862
2000,0.2,31,400,FAILURE,2005,53.0,0,9.286165999947116
2000,0.2,32,400,FAILURE,2002,42.0,0,9.162743799970485
2000,0.2,27,400,SUCCESS,220019,3000.0,14625,9.78667519998271
2000,0.2,29,400,SUCCESS,212955,3000.0,14455,9.768488200032152
2000,0.2,28,400,SUCCESS,229863,3000.0,15677,9.835584900109097
2000,0.2,33,400,SUCCESS,189923,3000.0,13004,10.029322999995202
2000,0.2,35,400,FAILURE,2005,42.0,0,9.497898300061934
2000,0.2,41,400,FAILURE,2002,46.0,0,9.427581600029953
2000,0.2,34,400,SUCCESS,181014,3000.0,12356,10.372422900050879
2000,0.2,38,400,FAILURE,2007,42.0,0,9.638639500015415
2000,0.2,40,400,FAILURE,2010,42.0,0,9.622540800017305
2000,0.2,36,400,SUCCESS,214896,3000.0,14622,10.078531200066209
2000,0.2,37,400,SUCCESS,198143,3000.0,13811,10.204260500031523
2000,0.2,43,400,FAILURE,6007,107.0,0,9.812094099936076
2000,0.2,39,400,SUCCESS,206042,3000.0,13923,10.274029499967583
2000,0.2,42,400,SUCCESS,219685,3000.0,14434,10.538801499991678
2000,0.2,44,400,FAILURE,2006,42.0,0,9.323856199975125
2000,0.2,47,400,FAILURE,2008,50.0,0,9.364497700007632
2000,0.2,48,400,FAILURE,2007,41.0,0,9.336981200031005
2000,0.2,50,400,FAILURE,2010,45.0,0,9.334600199945271
2000,0.2,45,400,SUCCESS,176294,3000.0,11994,10.025384100037627
2000,0.2,46,400,SUCCESS,228611,3000.0,15002,10.014094999991357
2000,0.2,51,400,SUCCESS,204145,3000.0,13948,9.90515200002119
2000,0.2,49,400,SUCCESS,228552,3000.0,15104,10.19369009998627
2000,0.2,54,400,FAILURE,2006,40.0,0,9.241115199984051
2000,0.2,52,400,SUCCESS,192539,3000.0,12413,10.000665099942125
2000,0.2,53,400,SUCCESS,219778,3000.0,14425,10.06436910002958
2000,0.2,55,400,SUCCESS,173339,3000.0,11267,9.481484799995087
2000,0.2,56,400,FAILURE,2008,47.0,0,8.938484500045888
2000,0.2,57,400,FAILURE,2002,41.0,0,9.090912299929187
2000,0.2,58,400,FAILURE,2011,47.0,0,9.034085699939169
2000,0.2,60,400,FAILURE,2005,43.0,0,8.996785299968906
2000,0.2,59,400,SUCCESS,236518,3000.0,15951,9.835154199972749
2000,0.2,61,400,FAILURE,2008,46.0,0,9.171578000066802
2000,0.2,65,400,FAILURE,2005,45.0,0,9.03890559996944
2000,0.2,63,400,SUCCESS,166101,3000.0,10911,9.576523400028236
2000,0.2,64,400,SUCCESS,220621,3000.0,14524,9.785426500020549
2000,0.2,62,400,SUCCESS,199450,3000.0,13335,10.03164800000377
2000,0.2,66,400,FAILURE,2000,43.0,0,8.999578399932943
2000,0.2,69,400,FAILURE,2013,49.0,0,9.257824399974197
2000,0.2,70,400,FAILURE,2005,44.0,0,9.677896999986842
2000,0.2,67,400,SUCCESS,198367,3000.0,13659,10.661702499957755
2000,0.2,68,400,SUCCESS,228060,3000.0,15755,10.478062000009231
2000,0.2,72,400,FAILURE,2002,45.0,0,10.03794690000359
2000,0.2,71,400,FAILURE,2008,43.0,0,10.158046600059606
2000,0.2,73,400,SUCCESS,219779,3000.0,14333,9.903862099978141
2000,0.2,75,400,FAILURE,2009,44.0,0,9.62425579992123
2000,0.2,74,400,SUCCESS,236583,3000.0,16025,10.49082519998774
2000,0.2,76,400,SUCCESS,224094,3000.0,14783,10.476181300007738
2000,0.2,77,400,FAILURE,2005,43.0,0,9.588715800084174
2000,0.2,81,400,FAILURE,2002,42.0,0,9.391372199985199
2000,0.2,78,400,SUCCESS,234806,3000.0,15897,10.443059799959883
2000,0.2,79,400,SUCCESS,228609,3000.0,15005,10.192688400042243
2000,0.2,80,400,SUCCESS,216180,3000.0,14165,10.233101499965414
2000,0.2,82,400,FAILURE,2001,38.0,0,9.704763900022954
2000,0.2,86,400,FAILURE,4021,91.0,0,9.504802100011148
2000,0.2,83,400,SUCCESS,211916,3000.0,14085,10.318231499986723
2000,0.2,85,400,SUCCESS,206141,3000.0,13930,10.10441350005567
2000,0.2,84,400,SUCCESS,227360,3000.0,15690,10.43667879991699
2000,0.2,87,400,SUCCESS,220551,3000.0,14503,10.391424900037237
2000,0.2,88,400,FAILURE,2003,46.0,0,9.184078200021759
2000,0.2,90,400,FAILURE,2006,42.0,0,9.115774399950169
2000,0.2,91,400,FAILURE,2007,50.0,0,9.062284899991937
2000,0.2,89,400,SUCCESS,227520,3000.0,15740,9.590267499908805
2000,0.2,93,400,SUCCESS,186514,3000.0,12207,9.35437610000372
2000,0.2,92,400,SUCCESS,232516,3000.0,15903,9.582248600083403
2000,0.2,96,400,FAILURE,2005,45.0,0,8.83606429991778
2000,0.2,97,400,FAILURE,2003,42.0,0,8.626262900070287
2000,0.2,94,400,SUCCESS,212053,3000.0,14697,9.135451999958605
2000,0.2,95,400,SUCCESS,219886,3000.0,14622,9.184437099960633
2000,0.2,98,400,SUCCESS,218135,3000.0,14785,8.449118999997154
2000,0.2,99,400,FAILURE,2008,49.0,0,5.370302999974228
2000,0.225,7,450,FAILURE,2008,44.0,0,8.922397899907082
2000,0.225,2,450,FAILURE,2005,45.0,0,8.997930299956352
2000,0.225,5,450,FAILURE,2001,45.0,0,9.016244000056759
2000,0.225,6,450,FAILURE,2005,40.0,0,9.020444300025702
2000,0.225,0,450,FAILURE,2003,48.0,0,9.129366100067273
2000,0.225,10,450,FAILURE,2008,42.0,0,9.117551400093362
2000,0.225,9,450,FAILURE,2002,40.0,0,9.146350900060497
2000,0.225,8,450,FAILURE,2015,51.0,0,9.15079790004529
2000,0.225,1,450,FAILURE,2006,44.0,0,9.26284730003681
2000,0.225,4,450,SUCCESS,237326,3000.0,16022,9.844594799913466
2000,0.225,3,450,SUCCESS,199814,3000.0,13407,9.886487900046632
2000,0.225,11,450,FAILURE,2008,40.0,0,9.160544499987736
2000,0.225,13,450,FAILURE,2008,46.0,0,9.099704199936241
2000,0.225,14,450,FAILURE,2012,47.0,0,9.188660499989055
2000,0.225,16,450,FAILURE,2006,39.0,0,9.144244999974035
2000,0.225,17,450,FAILURE,2005,39.0,0,9.259055700036697
2000,0.225,19,450,FAILURE,2018,39.0,0,9.175106199923903
2000,0.225,12,450,SUCCESS,202559,3000.0,13897,9.8380618999945
2000,0.225,20,450,FAILURE,2004,40.0,0,9.195914300042205
2000,0.225,18,450,SUCCESS,233362,3000.0,15809,10.032959599979222
2000,0.225,15,450,SUCCESS,219419,3000.0,14490,10.103919300017878
2000,0.225,21,450,FAILURE,2002,43.0,0,9.406011099927127
2000,0.225,23,450,FAILURE,2006,37.0,0,8.902787299943157
2000,0.225,25,450,FAILURE,2005,51.0,0,9.142407699953765
2000,0.225,26,450,FAILURE,2002,42.0,0,9.12376350001432
2000,0.225,22,450,SUCCESS,206037,3000.0,13963,9.703658599988557
2000,0.225,24,450,SUCCESS,220016,3000.0,14688,9.655070699984208
2000,0.225,27,450,SUCCESS,220208,3000.0,14395,9.582470400026068
2000,0.225,31,450,FAILURE,2008,51.0,0,8.909128500032239
2000,0.225,32,450,FAILURE,2004,41.0,0,8.91436029993929
2000,0.225,30,450,FAILURE,2003,43.0,0,9.032965900027193
2000,0.225,28,450,SUCCESS,229987,3000.0,15802,9.67166809993796
2000,0.225,29,450,SUCCESS,215380,3000.0,15021,9.634180100052617
2000,0.225,35,450,FAILURE,2002,40.0,0,9.188240400049835
2000,0.225,34,450,FAILURE,2010,41.0,0,9.300213400041685
2000,0.225,37,450,FAILURE,4019,77.0,0,8.894164900062606
2000,0.225,38,450,FAILURE,2008,41.0,0,8.889906199998222
2000,0.225,36,450,FAILURE,8012,147.0,0,9.14240290003363
2000,0.225,33,450,SUCCESS,237109,3000.0,15991,10.050143899978139
2000,0.225,41,450,FAILURE,2004,40.0,0,8.993059400003403
2000,0.225,39,450,FAILURE,2009,43.0,0,9.39680230000522
2000,0.225,40,450,FAILURE,2009,42.0,0,9.50147149991244
2000,0.225,42,450,SUCCESS,219984,3000.0,14401,10.551261199987493
2000,0.225,43,450,SUCCESS,228346,3000.0,15445,10.513455900014378
2000,0.225,44,450,FAILURE,2005,39.0,0,9.792872700025328
2000,0.225,50,450,FAILURE,2010,38.0,0,9.341793500003405
2000,0.225,47,450,FAILURE,2007,49.0,0,9.74026660004165
2000,0.225,46,450,SUCCESS,216425,3000.0,14213,10.066368900006637
2000,0.225,48,450,FAILURE,2008,41.0,0,10.287596000009216
2000,0.225,45,450,SUCCESS,198812,3000.0,12852,10.921971900039352
2000,0.225,52,450,FAILURE,2006,47.0,0,9.96924260002561
2000,0.225,51,450,FAILURE,2001,43.0,0,10.214562400011346
2000,0.225,49,450,SUCCESS,228192,3000.0,15802,10.76313720003236
2000,0.225,53,450,FAILURE,2011,44.0,0,9.886003599967808
2000,0.225,54,450,FAILURE,2007,39.0,0,9.823708300013095
2000,0.225,55,450,FAILURE,2004,40.0,0,9.363699599984102
2000,0.225,57,450,FAILURE,2005,40.0,0,9.37380179995671
2000,0.225,56,450,FAILURE,2006,46.0,0,9.557464300072752
2000,0.225,58,450,FAILURE,2009,43.0,0,9.332231899956241
2000,0.225,62,450,FAILURE,2010,49.0,0,9.17922070005443
2000,0.225,61,450,FAILURE,2007,42.0,0,9.365344400051981
2000,0.225,60,450,FAILURE,2003,40.0,0,9.475966700003482
2000,0.225,59,450,SUCCESS,220346,3000.0,14843,10.01619950006716
2000,0.225,63,450,SUCCESS,166319,3000.0,11346,9.834560899995267
2000,0.225,64,450,FAILURE,2008,43.0,0,9.125229400000535
2000,0.225,65,450,SUCCESS,199565,3000.0,13638,9.939643899910152
2000,0.225,66,450,FAILURE,2001,41.0,0,9.286841799970716
2000,0.225,67,450,FAILURE,2010,42.0,0,9.633455199887976
2000,0.225,69,450,FAILURE,2006,40.0,0,9.74912900000345
2000,0.225,68,450,SUCCESS,228221,3000.0,15533,10.404808199964464
2000,0.225,72,450,FAILURE,2003,42.0,0,9.526708699995652
2000,0.225,70,450,FAILURE,2002,40.0,0,9.899775000056252
2000,0.225,71,450,FAILURE,2003,41.0,0,9.786096900003031
2000,0.225,73,450,FAILURE,2008,44.0,0,9.592872699955478
2000,0.225,74,450,SUCCESS,236123,3000.0,15954,10.372262099990621
2000,0.225,75,450,SUCCESS,206562,3000.0,13992,10.212710099993274
2000,0.225,76,450,SUCCESS,220362,3000.0,14349,10.657481299946085
2000,0.225,77,450,FAILURE,2007,42.0,0,9.904064300004393
2000,0.225,79,450,FAILURE,2006,43.0,0,9.87646559998393
2000,0.225,78,450,SUCCESS,192498,3000.0,12420,10.69869580003433
2000,0.225,81,450,FAILURE,2005,41.0,0,9.758653400000185
2000,0.225,83,450,FAILURE,2002,45.0,0,9.6455509000225
2000,0.225,82,450,FAILURE,2004,37.0,0,9.694263600045815
2000,0.225,84,450,FAILURE,2007,45.0,0,9.76431220001541
2000,0.225,80,450,SUCCESS,228175,3000.0,15084,10.71993159991689
2000,0.225,86,450,FAILURE,2013,46.0,0,9.568954500020482
2000,0.225,85,450,SUCCESS,199637,3000.0,13199,10.22455349995289
2000,0.225,87,450,SUCCESS,213168,3000.0,14698,10.53901720000431
2000,0.225,88,450,FAILURE,2004,45.0,0,9.554457299993373
2000,0.225,90,450,FAILURE,2006,41.0,0,9.340038900030777
2000,0.225,91,450,FAILURE,2009,50.0,0,9.490784200024791
2000,0.225,89,450,SUCCESS,211979,3000.0,14116,10.215005000005476
2000,0.225,93,450,FAILURE,2005,44.0,0,9.610361899947748
2000,0.225,95,450,FAILURE,2004,47.0,0,9.312185099930502
2000,0.225,92,450,SUCCESS,234221,3000.0,16041,10.178402899997309
2000,0.225,94,450,SUCCESS,214168,3000.0,14575,10.088110500015318
2000,0.225,96,450,FAILURE,2009,42.0,0,9.14949990005698
2000,0.225,97,450,FAILURE,2004,41.0,0,8.910045900032856
2000,0.225,98,450,FAILURE,6015,109.0,0,7.813876100000925
2000,0.225,99,450,FAILURE,2006,48.0,0,4.965414100093767
2000,0.25,1,500,FAILURE,2008,40.0,0,9.241842800052837
2000,0.25,0,500,FAILURE,2001,48.0,0,9.254211300052702
2000,0.25,5,500,FAILURE,2002,43.0,0,9.250405900063924
2000,0.25,2,500,FAILURE,2007,39.0,0,9.263739200076088
2000,0.25,7,500,FAILURE,2009,41.0,0,9.271749299950898
2000,0.25,3,500,FAILURE,2006,39.0,0,9.327835900010541
2000,0.25,6,500,FAILURE,2009,40.0,0,9.328564499970526
2000,0.25,10,500,FAILURE,2006,37.0,0,9.344072200008668
2000,0.25,8,500,FAILURE,2008,48.0,0,9.371812100056559
2000,0.25,9,500,FAILURE,2006,39.0,0,9.40031940001063
2000,0.25,4,500,SUCCESS,218319,3000.0,15294,10.088114400045015
2000,0.25,14,500,FAILURE,2014,44.0,0,9.412228200002573
2000,0.25,17,500,FAILURE,2006,35.0,0,9.367813599994406
2000,0.25,19,500,FAILURE,2012,39.0,0,9.382144199917093
2000,0.25,13,500,FAILURE,2005,43.0,0,9.612895700032823
2000,0.25,12,500,FAILURE,2004,45.0,0,9.650614999933168
2000,0.25,11,500,FAILURE,2008,40.0,0,9.789482499938458
2000,0.25,16,500,FAILURE,2005,36.0,0,9.794960899977013
2000,0.25,20,500,FAILURE,2008,41.0,0,9.698087799944915
2000,0.25,18,500,FAILURE,2008,41.0,0,9.815514600020833
2000,0.25,21,500,FAILURE,2000,38.0,0,9.607451000018045
2000,0.25,15,500,SUCCESS,234320,3000.0,15911,10.550074799917638
2000,0.25,22,500,FAILURE,2006,47.0,0,9.106083999969997
2000,0.25,25,500,FAILURE,2004,50.0,0,9.220014000078663
2000,0.25,24,500,SUCCESS,220203,3000.0,14332,10.02926929993555
2000,0.25,26,500,FAILURE,2002,40.0,0,9.927558700088412
2000,0.25,23,500,FAILURE,2005,34.0,0,10.277653399971314
2000,0.25,30,500,FAILURE,2005,41.0,0,9.83542859996669
2000,0.25,29,500,FAILURE,2009,44.0,0,9.909485200070776
2000,0.25,28,500,FAILURE,2003,41.0,0,10.116339400061406
2000,0.25,27,500,SUCCESS,220248,3000.0,14281,10.747900299960747
2000,0.25,31,500,FAILURE,2008,40.0,0,10.123126800055616
2000,0.25,32,500,SUCCESS,236864,3000.0,15976,10.850426000077277
2000,0.25,33,500,FAILURE,2012,46.0,0,9.666540700010955
2000,0.25,34,500,FAILURE,2007,36.0,0,9.523909899988212
2000,0.25,35,500,FAILURE,2006,38.0,0,9.511332100024447
2000,0.25,36,500,FAILURE,2002,43.0,0,9.567175200092606
2000,0.25,37,500,FAILURE,2008,37.0,0,9.566234500030987
2000,0.25,40,500,FAILURE,2012,40.0,0,9.545609300024807
2000,0.25,38,500,FAILURE,2009,41.0,0,9.75204560009297
2000,0.25,39,500,FAILURE,2005,43.0,0,9.819700199994259
2000,0.25,42,500,FAILURE,2009,42.0,0,9.550136600038968
2000,0.25,41,500,FAILURE,2008,36.0,0,9.803022399893962
2000,0.25,43,500,SUCCESS,228119,3000.0,15405,10.3636766000418
2000,0.25,44,500,FAILURE,2007,37.0,0,9.500658300006762
2000,0.25,46,500,FAILURE,2005,44.0,0,9.412686600000598
2000,0.25,47,500,FAILURE,2005,47.0,0,9.704809500020929
2000,0.25,50,500,FAILURE,2007,38.0,0,9.324628100031987
2000,0.25,45,500,SUCCESS,220513,3000.0,14451,10.59177069994621
2000,0.25,51,500,FAILURE,2003,43.0,0,9.379843800095841
2000,0.25,48,500,FAILURE,2008,39.0,0,9.900865599978715
2000,0.25,49,500,FAILURE,2010,47.0,0,9.835317000048235
2000,0.25,53,500,FAILURE,2012,44.0,0,9.783533000038005
2000,0.25,52,500,FAILURE,2004,43.0,0,10.059629199909978
2000,0.25,54,500,FAILURE,2009,38.0,0,9.245313200051896
2000,0.25,55,500,FAILURE,2005,39.0,0,9.890669499989599
2000,0.25,56,500,FAILURE,2014,45.0,0,9.315462499973364
2000,0.25,60,500,FAILURE,2003,40.0,0,9.49901020003017
2000,0.25,57,500,FAILURE,2005,38.0,0,9.756848499993794
2000,0.25,58,500,FAILURE,2008,43.0,0,9.802788599976338
2000,0.25,61,500,FAILURE,2002,37.0,0,9.652783400029875
2000,0.25,62,500,FAILURE,2011,48.0,0,9.662470599985681
2000,0.25,59,500,SUCCESS,219328,3000.0,14873,10.39214999997057
2000,0.25,63,500,FAILURE,4023,76.0,0,9.54238500003703
2000,0.25,64,500,FAILURE,2010,39.0,0,9.67866730003152
2000,0.25,65,500,SUCCESS,226722,3000.0,15777,10.438160600024275
2000,0.25,66,500,FAILURE,2004,39.0,0,9.507863000035286
2000,0.25,67,500,FAILURE,2011,41.0,0,9.665707900072448
2000,0.25,69,500,FAILURE,2003,40.0,0,9.613305700011551
2000,0.25,70,500,FAILURE,2006,39.0,0,9.644570800010115
2000,0.25,71,500,FAILURE,2007,40.0,0,9.594257900025696
2000,0.25,72,500,FAILURE,2007,42.0,0,9.565028800047003
2000,0.25,68,500,SUCCESS,231052,3000.0,15557,10.398620399995707
2000,0.25,73,500,FAILURE,2006,41.0,0,9.661857799976133
2000,0.25,74,500,FAILURE,2013,51.0,0,9.578170399996452
2000,0.25,75,500,SUCCESS,226295,3000.0,15321,10.49432679999154
2000,0.25,76,500,SUCCESS,220259,3000.0,14330,10.411942199920304
2000,0.25,77,500,FAILURE,2009,42.0,0,9.331880299956538
2000,0.25,80,500,FAILURE,2005,39.0,0,9.19676870002877
2000,0.25,79,500,FAILURE,2008,43.0,0,9.332964800065383
2000,0.25,78,500,SUCCESS,199941,3000.0,13854,10.196519699995406
2000,0.25,82,500,FAILURE,2004,37.0,0,9.359371099970303
2000,0.25,83,500,FAILURE,2002,45.0,0,9.298661299981177
2000,0.25,84,500,FAILURE,2007,41.0,0,9.26144050003495
2000,0.25,85,500,FAILURE,4013,82.0,0,9.187868000008166
2000,0.25,81,500,SUCCESS,236903,3000.0,15987,10.01396150002256
2000,0.25,86,500,FAILURE,2007,43.0,0,9.09575760003645
2000,0.25,87,500,SUCCESS,213808,3000.0,14765,9.836219000048004
2000,0.25,88,500,FAILURE,2006,45.0,0,9.446121599990875
2000,0.25,90,500,FAILURE,2007,38.0,0,9.331193799967878
2000,0.25,91,500,FAILURE,2007,50.0,0,9.437045499915257
2000,0.25,92,500,FAILURE,2010,42.0,0,9.324326100060716
2000,0.25,93,500,FAILURE,2006,44.0,0,9.418331500026397
2000,0.25,89,500,SUCCESS,220614,3000.0,14549,10.182089100009762
2000,0.25,96,500,FAILURE,2009,40.0,0,9.303896900033578
2000,0.25,95,500,FAILURE,2004,44.0,0,9.51676780008711
2000,0.25,94,500,SUCCESS,212652,3000.0,14647,10.002983900019899
2000,0.25,97,500,FAILURE,2006,39.0,0,8.923307799967006
2000,0.25,98,500,FAILURE,2010,41.0,0,7.722910300013609
2000,0.25,99,500,FAILURE,2003,44.0,0,5.049264200031757
2000,0.275,0,550,FAILURE,2003,47.0,0,8.826605300069787
2000,0.275,2,550,FAILURE,2012,39.0,0,8.961894299951382
2000,0.275,6,550,FAILURE,2009,38.0,0,8.95943950000219
2000,0.275,3,550,FAILURE,2007,37.0,0,8.974848399986513
2000,0.275,8,550,FAILURE,2008,47.0,0,8.979255400015973
2000,0.275,7,550,FAILURE,2010,41.0,0,9.03590479993727
2000,0.275,10,550,FAILURE,2008,35.0,0,9.03028050006833
2000,0.275,9,550,FAILURE,2011,41.0,0,9.065555699984543
2000,0.275,1,550,FAILURE,2008,40.0,0,9.11752950004302
2000,0.275,4,550,FAILURE,2019,39.0,0,9.141625500051305
2000,0.275,5,550,FAILURE,2005,43.0,0,9.192122200038284
2000,0.275,14,550,FAILURE,2010,37.0,0,9.013855800032616
2000,0.275,11,550,FAILURE,2011,39.0,0,9.283268400002271
2000,0.275,12,550,FAILURE,2004,41.0,0,9.16963279992342
2000,0.275,18,550,FAILURE,2007,39.0,0,9.048311099992134
2000,0.275,20,550,FAILURE,2006,38.0,0,9.03314779989887
2000,0.275,13,550,FAILURE,2007,41.0,0,9.231877700076438
2000,0.275,19,550,FAILURE,2014,39.0,0,9.142975499969907
2000,0.275,16,550,FAILURE,2008,35.0,0,9.209400700055994
2000,0.275,17,550,FAILURE,2003,34.0,0,9.243386899936013
2000,0.275,21,550,FAILURE,2002,37.0,0,9.187042500008829
2000,0.275,15,550,SUCCESS,205838,3000.0,13973,9.838378899963573
2000,0.275,22,550,FAILURE,2006,46.0,0,8.838010499952361
2000,0.275,23,550,FAILURE,2007,34.0,0,8.965386900003068
2000,0.275,26,550,FAILURE,2004,38.0,0,8.96417440008372
2000,0.275,29,550,FAILURE,2010,42.0,0,8.921256800065748
2000,0.275,28,550,FAILURE,2003,38.0,0,9.134013599948958
2000,0.275,31,550,FAILURE,2011,40.0,0,9.008020399953239
2000,0.275,30,550,FAILURE,2006,41.0,0,9.12769890006166
2000,0.275,25,550,SUCCESS,192576,3000.0,12439,9.62307630002033
2000,0.275,27,550,SUCCESS,194388,3000.0,12668,9.677464900072664
2000,0.275,24,550,SUCCESS,220336,3000.0,14251,9.760984600055963
2000,0.275,32,550,SUCCESS,192991,3000.0,12661,9.68731339997612
2000,0.275,34,550,FAILURE,2008,36.0,0,8.915532600018196
2000,0.275,35,550,FAILURE,2009,35.0,0,9.0090531000169
2000,0.275,36,550,FAILURE,2002,41.0,0,9.049262200016528
2000,0.275,39,550,FAILURE,2019,48.0,0,8.905408899998292
2000,0.275,37,550,FAILURE,2005,37.0,0,9.047005599946715
2000,0.275,38,550,FAILURE,2011,41.0,0,9.097856499953195
2000,0.275,33,550,SUCCESS,231784,3000.0,15644,9.773401799960993
2000,0.275,40,550,FAILURE,2013,41.0,0,9.043826699955389
2000,0.275,42,550,FAILURE,2008,37.0,0,9.036650700028986
2000,0.275,41,550,FAILURE,2009,35.0,0,9.164223099942319
2000,0.275,43,550,FAILURE,2008,38.0,0,9.275743999984115
2000,0.275,44,550,FAILURE,2009,34.0,0,8.930671900045127
2000,0.275,45,550,FAILURE,2003,39.0,0,9.029689699993469
2000,0.275,46,550,FAILURE,2011,41.0,0,9.042399100027978
2000,0.275,48,550,FAILURE,2008,37.0,0,8.985916399979033
2000,0.275,50,550,FAILURE,2006,37.0,0,8.929572599940002
2000,0.275,47,550,FAILURE,2006,45.0,0,9.196903000003658
2000,0.275,49,550,FAILURE,2011,44.0,0,9.087700700038113
2000,0.275,51,550,FAILURE,2005,36.0,0,8.978551200008951
2000,0.275,52,550,FAILURE,2003,41.0,0,9.071184599888511
2000,0.275,53,550,FAILURE,2013,35.0,0,9.009830499999225
2000,0.275,54,550,FAILURE,2010,37.0,0,9.052958500105888
2000,0.275,55,550,FAILURE,2013,38.0,0,8.823259999975562
2000,0.275,56,550,FAILURE,2007,45.0,0,8.958325499901548
2000,0.275,57,550,FAILURE,2005,36.0,0,9.052853800007142
2000,0.275,58,550,FAILURE,2010,42.0,0,8.937909200089052
2000,0.275,60,550,FAILURE,2008,40.0,0,8.940868600038812
2000,0.275,61,550,FAILURE,2002,35.0,0,9.031413599965163
2000,0.275,59,550,FAILURE,2006,40.0,0,9.103003100026399
2000,0.275,62,550,FAILURE,2014,37.0,0,9.018254700000398
2000,0.275,63,550,FAILURE,2004,39.0,0,8.89282509998884
2000,0.275,64,550,FAILURE,2007,38.0,0,8.903207499999553
2000,0.275,65,550,FAILURE,2009,40.0,0,9.215900899958797
2000,0.275,67,550,FAILURE,2011,37.0,0,9.261879500001669
2000,0.275,66,550,FAILURE,2008,39.0,0,9.800031899940223
2000,0.275,70,550,FAILURE,2008,39.0,0,9.187639600015245
2000,0.275,68,550,FAILURE,2003,42.0,0,9.621596200042404
2000,0.275,74,550,FAILURE,2021,51.0,0,9.117140099988319
2000,0.275,72,550,FAILURE,2009,40.0,0,9.506920299958438
2000,0.275,73,550,FAILURE,2008,38.0,0,9.483630900038406
2000,0.275,69,550,FAILURE,2006,40.0,0,9.976335800020024
2000,0.275,71,550,FAILURE,2009,38.0,0,10.032313999952748
2000,0.275,75,550,FAILURE,2012,36.0,0,9.764415600104257
2000,0.275,76,550,FAILURE,4023,87.0,0,9.625490300008096
2000,0.275,78,550,FAILURE,2008,40.0,0,9.311210299958475
2000,0.275,77,550,FAILURE,2009,37.0,0,9.49508990009781
2000,0.275,80,550,FAILURE,2013,38.0,0,9.309333899989724
2000,0.275,82,550,FAILURE,2004,35.0,0,9.168968299985863
2000,0.275,79,550,FAILURE,2016,45.0,0,9.668263000086881
2000,0.275,81,550,FAILURE,2008,37.0,0,9.551490199984983
2000,0.275,83,550,FAILURE,2007,44.0,0,9.438352200086229
2000,0.275,86,550,FAILURE,2006,36.0,0,9.135697799967602
2000,0.275,84,550,FAILURE,2015,40.0,0,9.596604599966668
2000,0.275,85,550,FAILURE,2011,37.0,0,9.566372900037095
2000,0.275,87,550,FAILURE,2009,39.0,0,9.470208400045522
2000,0.275,88,550,FAILURE,2006,38.0,0,9.310579600045457
2000,0.275,91,550,FAILURE,2006,40.0,0,9.48342699999921
2000,0.275,90,550,FAILURE,2009,38.0,0,9.60912110004574
2000,0.275,93,550,FAILURE,2005,44.0,0,9.443844200111926
2000,0.275,92,550,FAILURE,2005,38.0,0,9.764031899976544
2000,0.275,89,550,SUCCESS,166628,3000.0,11530,10.26020429993514
2000,0.275,95,550,FAILURE,2003,36.0,0,9.498001600033604
2000,0.275,96,550,FAILURE,2009,40.0,0,9.574491300038062
2000,0.275,97,550,FAILURE,2005,38.0,0,9.478785900049843
2000,0.275,94,550,SUCCESS,237169,3000.0,16049,10.077155499951914
2000,0.275,98,550,FAILURE,2009,40.0,0,8.80557540000882
2000,0.275,99,550,FAILURE,2005,44.0,0,4.628527199965902
2000,0.3,8,600,FAILURE,2009,44.0,0,9.543410900048912
2000,0.3,4,600,FAILURE,2015,37.0,0,9.59032859990839
2000,0.3,2,600,FAILURE,2012,39.0,0,9.627225399948657
2000,0.3,6,600,FAILURE,2008,36.0,0,9.616265899967402
2000,0.3,1,600,FAILURE,2009,38.0,0,9.652401499915868
2000,0.3,5,600,FAILURE,2009,42.0,0,9.738216300029308
2000,0.3,0,600,FAILURE,2002,40.0,0,9.796663900022395
2000,0.3,10,600,FAILURE,2007,34.0,0,9.698889199993573
2000,0.3,9,600,FAILURE,2010,35.0,0,9.785118700005114
2000,0.3,3,600,FAILURE,2007,37.0,0,9.900456900009885
2000,0.3,7,600,FAILURE,2008,40.0,0,9.916951999999583
2000,0.3,11,600,FAILURE,2014,39.0,0,9.408661599969491
2000,0.3,18,600,FAILURE,2011,39.0,0,9.38890000001993
2000,0.3,12,600,FAILURE,2004,38.0,0,9.70094390003942
2000,0.3,14,600,FAILURE,2013,37.0,0,9.730856099980883
2000,0.3,13,600,FAILURE,2007,37.0,0,9.784747799974866
2000,0.3,16,600,FAILURE,2008,34.0,0,9.76057539996691
2000,0.3,19,600,FAILURE,2012,38.0,0,9.76895720011089
2000,0.3,17,600,FAILURE,2005,34.0,0,9.948205500026233
2000,0.3,20,600,FAILURE,2007,38.0,0,9.874938299995847
2000,0.3,21,600,FAILURE,2002,35.0,0,9.899852900067344
2000,0.3,15,600,SUCCESS,234581,3000.0,15843,10.245004100026563
2000,0.3,22,600,FAILURE,2009,39.0,0,9.830240500043146
2000,0.3,23,600,FAILURE,2010,35.0,0,9.667433899943717
2000,0.3,24,600,FAILURE,2014,43.0,0,9.705363300046884
2000,0.3,28,600,FAILURE,2014,37.0,0,9.562330599990673
2000,0.3,27,600,FAILURE,2012,41.0,0,9.69215780007653
2000,0.3,25,600,FAILURE,2007,42.0,0,9.90660999994725
2000,0.3,26,600,FAILURE,2012,35.0,0,9.929291800013743
2000,0.3,29,600,FAILURE,2010,42.0,0,9.702203300083056
2000,0.3,31,600,FAILURE,2012,40.0,0,9.603437900077552
2000,0.3,30,600,FAILURE,2008,37.0,0,9.753737300052308
2000,0.3,32,600,FAILURE,2015,35.0,0,9.878260700032115
2000,0.3,34,600,FAILURE,2011,36.0,0,9.571484599960968
2000,0.3,35,600,FAILURE,2008,35.0,0,9.67480440007057
2000,0.3,39,600,FAILURE,2005,37.0,0,9.46216530003585
2000,0.3,36,600,FAILURE,2006,39.0,0,9.706621400080621
2000,0.3,37,600,FAILURE,2006,36.0,0,9.681493600015529
2000,0.3,41,600,FAILURE,2009,35.0,0,9.494806100032292
2000,0.3,38,600,FAILURE,2013,41.0,0,9.868768000043929
2000,0.3,42,600,FAILURE,2007,36.0,0,9.623953200061806
2000,0.3,40,600,FAILURE,2009,38.0,0,9.746477499953471
2000,0.3,33,600,SUCCESS,213485,3000.0,14332,10.686945799971
2000,0.3,43,600,FAILURE,2004,34.0,0,9.785910199978389
2000,0.3,44,600,FAILURE,2005,33.0,0,9.2999104000628
2000,0.3,49,600,FAILURE,2011,42.0,0,8.98902940005064
2000,0.3,46,600,FAILURE,2008,40.0,0,9.146729900036007
2000,0.3,45,600,FAILURE,2003,38.0,0,9.477901400066912
2000,0.3,48,600,FAILURE,2005,36.0,0,9.42102619993966
2000,0.3,47,600,FAILURE,2008,45.0,0,9.69324160006363
2000,0.3,51,600,FAILURE,2006,33.0,0,9.804598000016995
2000,0.3,50,600,FAILURE,2005,36.0,0,9.899693199899048
2000,0.3,52,600,FAILURE,2004,39.0,0,9.89625409990549
2000,0.3,53,600,FAILURE,2014,35.0,0,9.737050600000657
2000,0.3,54,600,FAILURE,2010,35.0,0,9.85379819991067
2000,0.3,58,600,FAILURE,2016,39.0,0,9.36882719991263
2000,0.3,55,600,FAILURE,2006,38.0,0,9.82058570010122
2000,0.3,56,600,FAILURE,2006,41.0,0,9.806606100057252
2000,0.3,57,600,FAILURE,2008,33.0,0,9.899330600048415
2000,0.3,59,600,FAILURE,2009,38.0,0,9.752715100068599
2000,0.3,60,600,FAILURE,2008,40.0,0,9.566082799923606
2000,0.3,61,600,FAILURE,2004,34.0,0,9.421670900075696
2000,0.3,63,600,FAILURE,2010,35.0,0,9.546435100026429
2000,0.3,62,600,FAILURE,2012,35.0,0,9.731056399992667
2000,0.3,65,600,FAILURE,2008,32.0,0,9.621828300063498
2000,0.3,64,600,FAILURE,2009,38.0,0,9.846885100007057
2000,0.3,66,600,FAILURE,2005,39.0,0,9.424825699999928
2000,0.3,67,600,FAILURE,2010,36.0,0,9.643403499969281
2000,0.3,68,600,FAILURE,2004,42.0,0,9.658063099952415
2000,0.3,69,600,FAILURE,2010,37.0,0,9.772581900004297
2000,0.3,71,600,FAILURE,2010,38.0,0,9.601332499994896
2000,0.3,70,600,FAILURE,2009,36.0,0,9.723249000031501
2000,0.3,72,600,FAILURE,2011,39.0,0,9.552106800023466
2000,0.3,73,600,FAILURE,2010,38.0,0,9.692345899995416
2000,0.3,74,600,FAILURE,2023,46.0,0,9.683227499946952
2000,0.3,76,600,FAILURE,2009,43.0,0,9.611652699997649
2000,0.3,75,600,FAILURE,2013,36.0,0,9.698249400011264
2000,0.3,78,600,FAILURE,2013,40.0,0,9.822623700019903
2000,0.3,77,600,FAILURE,2011,34.0,0,10.269088899949566
2000,0.3,80,600,FAILURE,2016,34.0,0,9.645242500002496
2000,0.3,79,600,FAILURE,2019,45.0,0,9.915390299982391
2000,0.3,81,600,FAILURE,2010,36.0,0,9.84116680000443
2000,0.3,83,600,FAILURE,2007,38.0,0,9.942682399996556
2000,0.3,82,600,FAILURE,2003,34.0,0,10.266312400111929
2000,0.3,85,600,FAILURE,2012,37.0,0,9.749705700087361
2000,0.3,86,600,FAILURE,2007,36.0,0,9.667665699962527
2000,0.3,87,600,FAILURE,2009,36.0,0,9.639345800038427
2000,0.3,84,600,FAILURE,2013,40.0,0,10.301998100010678
2000,0.3,88,600,FAILURE,2006,37.0,0,9.68147779989522
2000,0.3,91,600,FAILURE,2004,35.0,0,9.747457999968901
2000,0.3,90,600,FAILURE,2007,38.0,0,9.855284300050698
2000,0.3,92,600,FAILURE,2006,35.0,0,9.72812690003775
2000,0.3,94,600,FAILURE,2013,42.0,0,9.360948299989104
2000,0.3,89,600,SUCCESS,205428,3000.0,13699,10.188721400103532
2000,0.3,93,600,FAILURE,2007,40.0,0,9.548664500005543
2000,0.3,96,600,FAILURE,2008,39.0,0,9.399498600047082
2000,0.3,95,600,FAILURE,2003,34.0,0,9.668978399946354
2000,0.3,97,600,FAILURE,2006,37.0,0,9.538854299928062
2000,0.3,98,600,FAILURE,2012,40.0,0,9.516167499939911
2000,0.3,99,600,FAILURE,2003,39.0,0,4.596732500009239
2000,0.325,8,650,FAILURE,2016,44.0,0,9.3693903000094
2000,0.325,0,650,FAILURE,2003,40.0,0,9.459085599984974
2000,0.325,1,650,FAILURE,2013,35.0,0,9.514531100052409
2000,0.325,9,650,FAILURE,2006,35.0,0,9.482539399992675
2000,0.325,2,650,FAILURE,2008,34.0,0,9.611510299961083
2000,0.325,6,650,FAILURE,2008,36.0,0,9.586620999965817
2000,0.325,5,650,FAILURE,2008,38.0,0,9.62025709997397
2000,0.325,3,650,FAILURE,2008,35.0,0,9.648616699967533
2000,0.325,10,650,FAILURE,2016,33.0,0,9.63424149993807
2000,0.325,7,650,FAILURE,2006,36.0,0,9.715078299981542
2000,0.325,4,650,FAILURE,2015,37.0,0,9.833275699988008
2000,0.325,13,650,FAILURE,2007,37.0,0,9.306306099984795
2000,0.325,14,650,FAILURE,2008,37.0,0,9.427239799988456
2000,0.325,11,650,FAILURE,2013,37.0,0,9.672433500061743
2000,0.325,18,650,FAILURE,2011,38.0,0,9.437651499989443
2000,0.325,17,650,FAILURE,2006,34.0,0,9.469939499977045
2000,0.325,16,650,FAILURE,2007,34.0,0,9.558847099891864
2000,0.325,12,650,FAILURE,2004,37.0,0,9.750342500046827
2000,0.325,19,650,FAILURE,2014,38.0,0,9.570293999975547
2000,0.325,21,650,FAILURE,2008,34.0,0,9.46991360001266
2000,0.325,20,650,FAILURE,2007,38.0,0,9.805555899976753
2000,0.325,15,650,SUCCESS,235274,3000.0,15856,10.52332319994457
2000,0.325,22,650,FAILURE,2008,38.0,0,9.289732499979436
2000,0.325,23,650,FAILURE,2006,31.0,0,9.359943700022995
2000,0.325,24,650,FAILURE,2013,38.0,0,9.375027799978852
2000,0.325,25,650,FAILURE,2011,42.0,0,9.364470700034872
2000,0.325,26,650,FAILURE,2015,35.0,0,9.391483800020069
2000,0.325,27,650,FAILURE,2006,39.0,0,9.346706200041808
2000,0.325,28,650,FAILURE,2012,35.0,0,9.297266699955799
2000,0.325,29,650,FAILURE,2008,42.0,0,9.289437800063752
2000,0.325,30,650,FAILURE,2008,37.0,0,9.354555500089191
2000,0.325,31,650,FAILURE,2012,37.0,0,9.250604800065048
2000,0.325,32,650,FAILURE,2016,35.0,0,9.256191899999976
2000,0.325,33,650,FAILURE,2007,36.0,0,9.155798999941908
2000,0.325,34,650,FAILURE,2011,33.0,0,9.330198799958453
2000,0.325,40,650,FAILURE,2016,36.0,0,9.153123799944296
2000,0.325,39,650,FAILURE,2008,36.0,0,9.190398400067352
2000,0.325,36,650,FAILURE,2011,39.0,0,9.319296499947086
2000,0.325,35,650,FAILURE,2007,34.0,0,9.34007440006826
2000,0.325,37,650,FAILURE,2010,38.0,0,9.304246399900876
2000,0.325,38,650,FAILURE,2014,40.0,0,9.395687800017186
2000,0.325,41,650,FAILURE,2015,35.0,0,9.410960500012152
2000,0.325,42,650,FAILURE,2009,36.0,0,9.374051899998449
2000,0.325,43,650,FAILURE,2006,33.0,0,9.151313899899833
2000,0.325,44,650,FAILURE,2004,33.0,0,9.002480700029992
2000,0.325,47,650,FAILURE,2010,43.0,0,9.315369899966754
2000,0.325,46,650,FAILURE,2011,39.0,0,9.354709299979731
2000,0.325,48,650,FAILURE,2009,35.0,0,9.271503899944946
2000,0.325,45,650,FAILURE,2001,35.0,0,9.608532599988393
2000,0.325,49,650,FAILURE,2011,40.0,0,9.507623499957845
2000,0.325,51,650,FAILURE,2008,33.0,0,9.43782440002542
2000,0.325,50,650,FAILURE,2005,36.0,0,9.585375100024976
2000,0.325,53,650,FAILURE,2016,35.0,0,9.398260700050741
2000,0.325,52,650,FAILURE,2010,37.0,0,9.537902100011706
2000,0.325,54,650,FAILURE,2015,35.0,0,9.092209400027059
2000,0.325,55,650,FAILURE,2008,33.0,0,9.825851900037378
2000,0.325,56,650,FAILURE,2009,37.0,0,9.462988400016911
2000,0.325,57,650,FAILURE,2008,33.0,0,9.55558329995256
2000,0.325,60,650,FAILURE,2009,33.0,0,9.428301900043152
2000,0.325,58,650,FAILURE,2021,39.0,0,9.814712299965322
2000,0.325,62,650,FAILURE,2011,34.0,0,9.560189300100319
2000,0.325,65,650,FAILURE,2009,31.0,0,9.519609999959357
2000,0.325,63,650,FAILURE,2006,34.0,0,9.589853699901141
2000,0.325,59,650,FAILURE,2007,37.0,0,9.923547099926509
2000,0.325,64,650,FAILURE,2015,36.0,0,9.55544520006515
2000,0.325,61,650,FAILURE,2008,34.0,0,9.936201400007121
2000,0.325,66,650,FAILURE,2004,39.0,0,9.72857189993374
2000,0.325,67,650,FAILURE,2014,36.0,0,9.436768000014126
2000,0.325,68,650,FAILURE,2007,41.0,0,9.878430200042203
2000,0.325,71,650,FAILURE,2011,36.0,0,9.56220490008127
2000,0.325,69,650,FAILURE,2013,37.0,0,9.994843299966305
2000,0.325,70,650,FAILURE,2009,36.0,0,9.950131400022656
2000,0.325,73,650,FAILURE,2014,37.0,0,9.795897700008936
2000,0.325,76,650,FAILURE,2009,43.0,0,9.691506200004369
2000,0.325,72,650,FAILURE,2010,38.0,0,9.954331999993883
2000,0.325,74,650,FAILURE,2034,46.0,0,10.035925999982283
2000,0.325,75,650,FAILURE,2009,31.0,0,10.19909969996661
2000,0.325,78,650,FAILURE,2008,40.0,0,9.430719499941915
2000,0.325,77,650,FAILURE,2015,34.0,0,9.701966800028458
2000,0.325,79,650,FAILURE,2011,36.0,0,9.373986699967645
2000,0.325,80,650,FAILURE,2012,34.0,0,9.653853700030595
2000,0.325,82,650,FAILURE,2004,34.0,0,9.616335000027902
2000,0.325,83,650,FAILURE,2008,37.0,0,9.59554270002991
2000,0.325,84,650,FAILURE,2015,36.0,0,9.603189899935387
2000,0.325,81,650,FAILURE,2014,34.0,0,9.942400000058115
2000,0.325,86,650,FAILURE,2007,31.0,0,9.483509999932721
2000,0.325,85,650,FAILURE,2014,36.0,0,9.630823100102134
2000,0.325,87,650,FAILURE,2012,36.0,0,9.769182199961506
2000,0.325,88,650,FAILURE,2007,36.0,0,9.670052100089379
2000,0.325,90,650,FAILURE,2008,38.0,0,9.591378499986604
2000,0.325,91,650,FAILURE,2007,35.0,0,9.673890899983235
2000,0.325,93,650,FAILURE,2008,40.0,0,9.419306900002994
2000,0.325,92,650,FAILURE,2014,38.0,0,9.588699099957012
2000,0.325,89,650,SUCCESS,228622,3000.0,15291,10.547048300039023
2000,0.325,97,650,FAILURE,2007,37.0,0,9.456620499957353
2000,0.325,95,650,FAILURE,2005,34.0,0,9.6356907999143
2000,0.325,94,650,FAILURE,2013,37.0,0,9.747968500014395
2000,0.325,96,650,FAILURE,2010,39.0,0,9.68630599998869
2000,0.325,98,650,FAILURE,2014,39.0,0,9.459372299956158
2000,0.325,99,650,FAILURE,2016,39.0,0,4.752637100056745
2000,0.35,1,700,FAILURE,2009,34.0,0,9.951456099981442
2000,0.35,9,700,FAILURE,2010,35.0,0,9.893477399949916
2000,0.35,7,700,FAILURE,2006,36.0,0,10.03217349993065
2000,0.35,2,700,FAILURE,2011,33.0,0,10.237072299933061
2000,0.35,8,700,FAILURE,2013,40.0,0,10.177967700059526
2000,0.35,3,700,FAILURE,2009,35.0,0,10.296620900044218
2000,0.35,5,700,FAILURE,2008,37.0,0,10.308427499956451
2000,0.35,6,700,FAILURE,2008,35.0,0,11.207422200008295
2000,0.35,4,700,FAILURE,2014,34.0,0,11.374206000007689
2000,0.35,10,700,FAILURE,2018,33.0,0,11.376886299927719
2000,0.35,0,700,FAILURE,2005,38.0,0,11.556631100014783
2000,0.35,11,700,FAILURE,2017,37.0,0,10.0818874000106
2000,0.35,13,700,FAILURE,2008,37.0,0,10.102588500012644
2000,0.35,12,700,FAILURE,2004,37.0,0,10.35635509993881
2000,0.35,17,700,FAILURE,2007,34.0,0,10.348760099965148
2000,0.35,16,700,FAILURE,2011,34.0,0,10.468300000065938
2000,0.35,14,700,FAILURE,2010,37.0,0,10.643182800034992
2000,0.35,15,700,SUCCESS,204826,3000.0,13939,10.829485299997032
2000,0.35,18,700,FAILURE,2013,38.0,0,10.198101699934341
2000,0.35,19,700,FAILURE,2015,37.0,0,10.344182000029832
2000,0.35,20,700,FAILURE,2012,35.0,0,10.354796199942939
2000,0.35,21,700,FAILURE,2005,34.0,0,10.60033430007752
2000,0.35,22,700,FAILURE,2011,38.0,0,10.17796590004582
2000,0.35,23,700,FAILURE,2009,30.0,0,10.203106599976309
2000,0.35,24,700,FAILURE,2014,37.0,0,10.059051999938674
2000,0.35,25,700,FAILURE,2013,42.0,0,10.074394600000232
2000,0.35,29,700,FAILURE,2010,40.0,0,9.956309200031683
2000,0.35,26,700,FAILURE,2017,34.0,0,10.89893780008424
2000,0.35,30,700,FAILURE,2007,34.0,0,10.045403100084513
2000,0.35,27,700,FAILURE,2020,47.0,0,10.933032800094225
2000,0.35,28,700,FAILURE,2013,34.0,0,11.030940200085752
2000,0.35,32,700,FAILURE,2018,35.0,0,10.288049999973737
2000,0.35,31,700,FAILURE,2017,37.0,0,10.914466800051741
2000,0.35,33,700,FAILURE,2005,34.0,0,9.867957300040871
2000,0.35,34,700,FAILURE,2010,31.0,0,9.828063299995847
2000,0.35,35,700,FAILURE,2006,33.0,0,9.85088599997107
2000,0.35,36,700,FAILURE,2014,38.0,0,9.998147499980405
2000,0.35,37,700,FAILURE,2012,37.0,0,9.924265900044702
2000,0.35,38,700,FAILURE,2014,34.0,0,9.973016600008123
2000,0.35,40,700,FAILURE,2014,34.0,0,9.898029200034216
2000,0.35,39,700,FAILURE,2003,35.0,0,9.98111459997017
2000,0.35,41,700,FAILURE,2019,35.0,0,10.042002200032584
2000,0.35,42,700,FAILURE,2010,31.0,0,9.961502599995583
2000,0.35,43,700,FAILURE,2009,32.0,0,9.967141599976458
2000,0.35,44,700,FAILURE,2005,33.0,0,10.620347599964589
2000,0.35,47,700,FAILURE,2012,43.0,0,10.737569599994458
2000,0.35,45,700,FAILURE,2004,35.0,0,11.750918800011277
2000,0.35,46,700,FAILURE,2011,36.0,0,11.889843099983409
2000,0.35,49,700,FAILURE,2011,39.0,0,10.53102469991427
2000,0.35,50,700,FAILURE,2006,36.0,0,10.473517899983563
2000,0.35,48,700,FAILURE,2013,33.0,0,10.968036699923687
2000,0.35,52,700,FAILURE,2012,35.0,0,10.7517177000409
2000,0.35,54,700,FAILURE,2015,34.0,0,10.330217499984428
2000,0.35,53,700,FAILURE,2014,35.0,0,10.950938699999824
2000,0.35,51,700,FAILURE,2007,33.0,0,11.662273599999025
2000,0.35,55,700,FAILURE,2017,33.0,0,10.205933699966408
2000,0.35,56,700,FAILURE,2011,34.0,0,10.163464500103146
2000,0.35,57,700,FAILURE,2007,33.0,0,10.228154800017364
2000,0.35,60,700,FAILURE,2010,32.0,0,10.222482800018042
2000,0.35,59,700,FAILURE,2005,37.0,0,10.245035600033589
2000,0.35,58,700,FAILURE,2020,37.0,0,10.28073660004884
2000,0.35,61,700,FAILURE,2012,34.0,0,10.250411999993958
2000,0.35,62,700,FAILURE,2011,33.0,0,10.390601600054651
2000,0.35,63,700,FAILURE,2008,34.0,0,10.379156799986959
2000,0.35,65,700,FAILURE,2013,31.0,0,10.057238999987021
2000,0.35,64,700,FAILURE,2014,36.0,0,10.239974800031632
2000,0.35,66,700,FAILURE,2004,33.0,0,10.462662099977024
2000,0.35,67,700,FAILURE,2019,36.0,0,9.756839900044724
2000,0.35,71,700,FAILURE,2012,35.0,0,9.587351400055923
2000,0.35,69,700,FAILURE,2013,34.0,0,9.863969000056386
2000,0.35,72,700,FAILURE,2017,37.0,0,9.738914699992165
2000,0.35,70,700,FAILURE,2009,32.0,0,9.958515800070018
2000,0.35,68,700,SUCCESS,220142,3000.0,14096,10.425927100004628
2000,0.35,74,700,FAILURE,2037,46.0,0,9.40683600003831
2000,0.35,76,700,FAILURE,2008,40.0,0,9.4979187999852
2000,0.35,73,700,FAILURE,2014,36.0,0,9.909379999968223
2000,0.35,75,700,FAILURE,2008,31.0,0,10.151745300041512
2000,0.35,78,700,FAILURE,2018,40.0,0,9.743409899994731
2000,0.35,80,700,FAILURE,2014,34.0,0,9.496414600056596
2000,0.35,79,700,FAILURE,2009,35.0,0,9.798563499934971
2000,0.35,77,700,FAILURE,2011,32.0,0,10.466947000008076
2000,0.35,81,700,FAILURE,2014,34.0,0,9.759268500027247
2000,0.35,82,700,FAILURE,2006,32.0,0,9.765623799990863
2000,0.35,84,700,FAILURE,2013,36.0,0,9.985454099951312
2000,0.35,83,700,FAILURE,2011,36.0,0,10.229278499959037
2000,0.35,85,700,FAILURE,2015,35.0,0,9.930790100013837
2000,0.35,86,700,FAILURE,2006,31.0,0,9.901581899961457
2000,0.35,87,700,FAILURE,2009,35.0,0,9.858395999995992
2000,0.35,88,700,FAILURE,2007,34.0,0,9.812527399975806
2000,0.35,90,700,FAILURE,2010,38.0,0,9.738396300002933
2000,0.35,92,700,FAILURE,2018,38.0,0,9.514013499952853
2000,0.35,91,700,FAILURE,2009,34.0,0,9.759818500024267
2000,0.35,89,700,SUCCESS,176931,3000.0,12056,10.16245770000387
2000,0.35,93,700,FAILURE,2009,39.0,0,9.828353599994443
2000,0.35,95,700,FAILURE,2011,34.0,0,9.44167769991327
2000,0.35,94,700,FAILURE,2010,36.0,0,9.74326779996045
2000,0.35,96,700,FAILURE,2008,35.0,0,9.63090230000671
2000,0.35,97,700,FAILURE,2006,33.0,0,9.717415299965069
2000,0.35,98,700,FAILURE,2017,36.0,0,9.40950069995597
2000,0.35,99,700,FAILURE,2017,38.0,0,5.06697060004808
2000,0.4,4,800,FAILURE,2019,32.0,0,9.537403500056826
2000,0.4,0,800,FAILURE,2008,33.0,0,9.62896969995927
2000,0.4,5,800,FAILURE,2010,36.0,0,9.723269199952483
2000,0.4,2,800,FAILURE,2012,32.0,0,9.742419200018048
2000,0.4,3,800,FAILURE,2018,33.0,0,9.746163500007242
2000,0.4,6,800,FAILURE,2010,33.0,0,9.769928899942897
2000,0.4,9,800,FAILURE,2014,34.0,0,9.857866500038654
2000,0.4,1,800,FAILURE,2014,33.0,0,9.898727199994028
2000,0.4,7,800,FAILURE,2007,35.0,0,9.877781799994409
2000,0.4,8,800,FAILURE,2025,36.0,0,9.996326699969359
2000,0.4,10,800,FAILURE,2016,32.0,0,9.998268999974243
2000,0.4,11,800,FAILURE,2022,35.0,0,9.715235100011341
2000,0.4,12,800,FAILURE,2009,35.0,0,9.748066199943423
2000,0.4,17,800,FAILURE,2005,29.0,0,9.50200350000523
2000,0.4,14,800,FAILURE,2009,37.0,0,9.70454119995702
2000,0.4,13,800,FAILURE,2014,34.0,0,9.793174899998121
2000,0.4,19,800,FAILURE,2014,37.0,0,9.676307099987753
2000,0.4,16,800,FAILURE,2009,31.0,0,10.203889700002037
2000,0.4,21,800,FAILURE,2009,31.0,0,10.090807300060987
2000,0.4,15,800,SUCCESS,175724,3000.0,10933,10.39348049997352
2000,0.4,18,800,FAILURE,2023,35.0,0,10.371939899981953
2000,0.4,20,800,FAILURE,2015,35.0,0,10.29451290005818
2000,0.4,25,800,FAILURE,2015,38.0,0,9.437790399999358
2000,0.4,27,800,FAILURE,2010,35.0,0,9.484409599914216
2000,0.4,22,800,FAILURE,2013,36.0,0,9.804930299986154
2000,0.4,26,800,FAILURE,2020,32.0,0,9.566854299977422
2000,0.4,23,800,FAILURE,2009,28.0,0,9.828372100018896
2000,0.4,24,800,FAILURE,2012,35.0,0,9.978174399933778
2000,0.4,28,800,FAILURE,2012,33.0,0,9.821150599978864
2000,0.4,30,800,FAILURE,2017,34.0,0,9.854853499913588
2000,0.4,31,800,FAILURE,2014,33.0,0,9.770947700017132
2000,0.4,29,800,FAILURE,2013,39.0,0,9.978532899986021
2000,0.4,32,800,FAILURE,2009,31.0,0,9.829134200001135
2000,0.4,33,800,FAILURE,2005,29.0,0,9.570214600069448
2000,0.4,34,800,FAILURE,2012,30.0,0,9.53744630003348
2000,0.4,37,800,FAILURE,2016,34.0,0,9.452626900048926
2000,0.4,35,800,FAILURE,2010,30.0,0,9.691394299967214
2000,0.4,36,800,FAILURE,2007,34.0,0,9.677746000001207
2000,0.4,38,800,FAILURE,2011,34.0,0,9.569815499940887
2000,0.4,39,800,FAILURE,2023,32.0,0,9.473017200012691
2000,0.4,41,800,FAILURE,2011,30.0,0,9.577038999996148
2000,0.4,40,800,FAILURE,2015,30.0,0,9.66678349999711
2000,0.4,43,800,FAILURE,2006,29.0,0,9.585651600034907
2000,0.4,42,800,FAILURE,2010,31.0,0,9.629903900087811
2000,0.4,44,800,FAILURE,2006,31.0,0,9.825914800050668
2000,0.4,47,800,FAILURE,2020,37.0,0,9.527732399990782
2000,0.4,45,800,FAILURE,2005,33.0,0,9.700725700007752
2000,0.4,49,800,FAILURE,2015,37.0,0,9.438269400037825
2000,0.4,46,800,FAILURE,2012,35.0,0,9.781083500012755
2000,0.4,48,800,FAILURE,2015,33.0,0,9.686579699977301
2000,0.4,50,800,FAILURE,2008,33.0,0,9.515406799968332
2000,0.4,54,800,FAILURE,2011,33.0,0,9.497125099995174
2000,0.4,51,800,FAILURE,2011,32.0,0,9.819751400034875
2000,0.4,53,800,FAILURE,2021,35.0,0,9.711415999918245
2000,0.4,52,800,FAILURE,2007,33.0,0,9.78243429993745
2000,0.4,57,800,FAILURE,2007,32.0,0,9.546665399917401
2000,0.4,59,800,FAILURE,2010,34.0,0,9.640783699927852
2000,0.4,61,800,FAILURE,2014,31.0,0,9.296782299992628
2000,0.4,60,800,FAILURE,2012,31.0,0,9.63264079997316
2000,0.4,55,800,FAILURE,2032,34.0,0,10.036450400017202
2000,0.4,56,800,FAILURE,2015,32.0,0,10.181535199983045
2000,0.4,58,800,FAILURE,2020,36.0,0,10.120032500009984
2000,0.4,63,800,FAILURE,2015,33.0,0,9.420660399948247
2000,0.4,65,800,FAILURE,2016,31.0,0,9.717348299920559
2000,0.4,62,800,FAILURE,2012,32.0,0,9.999144800007343
2000,0.4,64,800,FAILURE,2015,36.0,0,10.097815599991009
2000,0.4,66,800,FAILURE,2010,30.0,0,9.65880009997636
2000,0.4,69,800,FAILURE,2017,31.0,0,9.608031400013715
2000,0.4,70,800,FAILURE,2010,31.0,0,9.450512700015679
2000,0.4,67,800,FAILURE,2013,32.0,0,9.717758900020272
2000,0.4,68,800,FAILURE,4036,76.0,0,9.727498999913223
2000,0.4,71,800,FAILURE,2012,32.0,0,9.691822600085288
2000,0.4,72,800,FAILURE,2022,35.0,0,9.680956299998797
2000,0.4,73,800,FAILURE,2015,36.0,0,9.639868599944748
2000,0.4,75,800,FAILURE,2008,30.0,0,9.479896600008942
2000,0.4,74,800,FAILURE,2026,40.0,0,9.762525800033472
2000,0.4,76,800,FAILURE,2004,38.0,0,9.481216399930418
2000,0.4,77,800,FAILURE,2013,32.0,0,9.68711479997728
2000,0.4,78,800,FAILURE,2023,35.0,0,9.572909999988042
2000,0.4,79,800,FAILURE,2009,33.0,0,9.664526400039904
2000,0.4,81,800,FAILURE,2018,32.0,0,9.693652200046927
2000,0.4,80,800,FAILURE,2018,32.0,0,9.729738799971528
2000,0.4,83,800,FAILURE,2014,35.0,0,9.703731599962339
2000,0.4,82,800,FAILURE,2008,30.0,0,9.877763100084849
2000,0.4,84,800,FAILURE,2018,31.0,0,9.742404700024053
2000,0.4,85,800,FAILURE,2008,33.0,0,9.728126300033182
2000,0.4,87,800,FAILURE,2016,34.0,0,9.778936599963345
2000,0.4,86,800,FAILURE,2005,30.0,0,9.947902599931695
2000,0.4,88,800,FAILURE,2005,33.0,0,9.773592800018378
2000,0.4,89,800,FAILURE,2025,37.0,0,9.784391400055028
2000,0.4,90,800,FAILURE,2009,33.0,0,9.791613000095822
2000,0.4,91,800,FAILURE,2010,32.0,0,9.71180159994401
2000,0.4,92,800,FAILURE,2016,37.0,0,9.885038399952464
2000,0.4,93,800,FAILURE,2006,37.0,0,9.728876999928616
2000,0.4,94,800,FAILURE,2010,33.0,0,9.809172000037506
2000,0.4,95,800,FAILURE,2016,32.0,0,9.937891399953514
2000,0.4,96,800,FAILURE,2008,33.0,0,9.890912699978799
2000,0.4,97,800,FAILURE,2011,32.0,0,9.70648940000683
2000,0.4,98,800,FAILURE,2016,34.0,0,9.793446899973787
2000,0.4,99,800,FAILURE,2016,35.0,0,5.254807500052266
