pair_index,N,I_ext,g_syn,p,realization,seed,number_of_shortcuts,total_spikes,mean_firing_rate,runtime_seconds
0,250,0.95,0.1,0.0,0,0,0,250,0.0005025125628140704,4.140615499927662
0,250,0.95,0.1,0.0,1,1,0,250,0.0005025125628140704,4.097177300020121
0,250,0.95,0.1,0.0,2,2,0,250,0.0005025125628140704,4.071124000009149
0,250,0.95,0.1,0.0,3,3,0,250,0.0005025125628140704,3.9397177000064403
0,250,0.95,0.1,0.0,4,4,0,250,0.0005025125628140704,4.137268000049517
0,250,0.95,0.1,0.0,5,5,0,250,0.0005025125628140704,4.109473700053059
0,250,0.95,0.1,0.0,6,6,0,250,0.0005025125628140704,4.140879099955782
0,250,0.95,0.1,0.0,7,7,0,250,0.0005025125628140704,4.162773899966851
0,250,0.95,0.1,0.0,8,8,0,250,0.0005025125628140704,4.121124599943869
0,250,0.95,0.1,0.0,9,9,0,250,0.0005025125628140704,4.171933399979025
0,250,0.95,0.1,0.0,10,10,0,250,0.0005025125628140704,4.167158700060099
0,250,0.95,0.1,0.0,11,11,0,250,0.0005025125628140704,4.172363799996674
0,250,0.95,0.1,0.0,12,12,0,250,0.0005025125628140704,4.163191300001927
0,250,0.95,0.1,0.0,13,13,0,250,0.0005025125628140704,4.314892799942754
0,250,0.95,0.1,0.0,14,14,0,250,0.0005025125628140704,4.636404799995944
0,250,0.95,0.1,0.0,15,15,0,250,0.0005025125628140704,4.288479600101709
0,250,0.95,0.1,0.0,16,16,0,250,0.0005025125628140704,4.194535000016913
0,250,0.95,0.1,0.0,17,17,0,250,0.0005025125628140704,4.2319817000534385
0,250,0.95,0.1,0.0,18,18,0,250,0.0005025125628140704,4.236852600006387
0,250,0.95,0.1,0.0,19,19,0,250,0.0005025125628140704,4.6165548999561
0,250,0.95,0.1,0.0,20,20,0,250,0.0005025125628140704,4.287715299986303
0,250,0.95,0.1,0.0,21,21,0,250,0.0005025125628140704,4.605928500066511
0,250,0.95,0.1,0.0,22,22,0,250,0.0005025125628140704,4.258702299906872
0,250,0.95,0.1,0.0,23,23,0,250,0.0005025125628140704,4.440154499956407
0,250,0.95,0.1,0.0,24,24,0,250,0.0005025125628140704,4.31227230001241
0,250,0.95,0.1,0.0,25,25,0,250,0.0005025125628140704,4.457376100006513
0,250,0.95,0.1,0.0,26,26,0,250,0.0005025125628140704,3.9953000999521464
0,250,0.95,0.1,0.0,27,27,0,250,0.0005025125628140704,4.089835799997672
0,250,0.95,0.1,0.0,28,28,0,250,0.0005025125628140704,4.339285399997607
0,250,0.95,0.1,0.0,29,29,0,250,0.0005025125628140704,4.5404241000069305
0,250,0.95,0.1,0.0,30,30,0,250,0.0005025125628140704,3.972687599947676
0,250,0.95,0.1,0.0,31,31,0,250,0.0005025125628140704,4.530056599993259
0,250,0.95,0.1,0.0,32,32,0,250,0.0005025125628140704,4.327040600008331
0,250,0.95,0.1,0.0,33,33,0,250,0.0005025125628140704,4.562490199925378
0,250,0.95,0.1,0.0,34,34,0,250,0.0005025125628140704,4.37278850004077
0,250,0.95,0.1,0.0,35,35,0,250,0.0005025125628140704,4.660858000046574
0,250,0.95,0.1,0.0,36,36,0,250,0.0005025125628140704,4.5414504000218585
0,250,0.95,0.1,0.0,37,37,0,250,0.0005025125628140704,4.569225399987772
0,250,0.95,0.1,0.0,38,38,0,250,0.0005025125628140704,4.687663299962878
0,250,0.95,0.1,0.0,39,39,0,250,0.0005025125628140704,4.814771300065331
0,250,0.95,0.1,0.0,40,40,0,250,0.0005025125628140704,4.583453299943358
0,250,0.95,0.1,0.0,41,41,0,250,0.0005025125628140704,4.413066199980676
0,250,0.95,0.1,0.0,42,42,0,250,0.0005025125628140704,4.470711299916729
0,250,0.95,0.1,0.0,43,43,0,250,0.0005025125628140704,4.392673399997875
0,250,0.95,0.1,0.0,44,44,0,250,0.0005025125628140704,4.4525169000262395
0,250,0.95,0.1,0.0,45,45,0,250,0.0005025125628140704,3.9804811000358313
0,250,0.95,0.1,0.0,46,46,0,250,0.0005025125628140704,4.144918099977076
0,250,0.95,0.1,0.0,47,47,0,250,0.0005025125628140704,4.346635899972171
0,250,0.95,0.1,0.0,48,48,0,250,0.0005025125628140704,4.189340099925175
0,250,0.95,0.1,0.0,49,49,0,250,0.0005025125628140704,4.492558600031771
0,250,0.95,0.1,0.0,50,50,0,250,0.0005025125628140704,4.3195336000062525
0,250,0.95,0.1,0.0,51,51,0,250,0.0005025125628140704,4.344210100010969
0,250,0.95,0.1,0.0,52,52,0,250,0.0005025125628140704,4.270356599939987
0,250,0.95,0.1,0.0,53,53,0,250,0.0005025125628140704,4.587698300019838
0,250,0.95,0.1,0.0,54,54,0,250,0.0005025125628140704,4.066252399934456
0,250,0.95,0.1,0.0,55,55,0,250,0.0005025125628140704,4.263469700003043
0,250,0.95,0.1,0.0,56,56,0,250,0.0005025125628140704,4.439598599914461
0,250,0.95,0.1,0.0,57,57,0,250,0.0005025125628140704,4.39136850007344
0,250,0.95,0.1,0.0,58,58,0,250,0.0005025125628140704,4.387781900004484
0,250,0.95,0.1,0.0,59,59,0,250,0.0005025125628140704,4.44020170008298
0,250,0.95,0.1,0.0,60,60,0,250,0.0005025125628140704,4.4009443001123145
0,250,0.95,0.1,0.0,61,61,0,250,0.0005025125628140704,4.411870400072075
0,250,0.95,0.1,0.0,62,62,0,250,0.0005025125628140704,4.385413000010885
0,250,0.95,0.1,0.0,63,63,0,250,0.0005025125628140704,4.348472799989395
0,250,0.95,0.1,0.0,64,64,0,250,0.0005025125628140704,4.358898899983615
0,250,0.95,0.1,0.0,65,65,0,250,0.0005025125628140704,4.402466699946672
0,250,0.95,0.1,0.0,66,66,0,250,0.0005025125628140704,4.320052700000815
0,250,0.95,0.1,0.0,67,67,0,250,0.0005025125628140704,4.303815999999642
0,250,0.95,0.1,0.0,68,68,0,250,0.0005025125628140704,4.333568800007924
0,250,0.95,0.1,0.0,69,69,0,250,0.0005025125628140704,4.306944999960251
0,250,0.95,0.1,0.0,70,70,0,250,0.0005025125628140704,4.244872600072995
0,250,0.95,0.1,0.0,71,71,0,250,0.0005025125628140704,4.360956200049259
0,250,0.95,0.1,0.0,72,72,0,250,0.0005025125628140704,4.3598609999753535
0,250,0.95,0.1,0.0,73,73,0,250,0.0005025125628140704,4.32385270006489
0,250,0.95,0.1,0.0,74,74,0,250,0.0005025125628140704,4.301274699973874
0,250,0.95,0.1,0.0,75,75,0,250,0.0005025125628140704,4.29048349999357
0,250,0.95,0.1,0.0,76,76,0,250,0.0005025125628140704,4.3072048999601975
0,250,0.95,0.1,0.0,77,77,0,250,0.0005025125628140704,4.365348300081678
0,250,0.95,0.1,0.0,78,78,0,250,0.0005025125628140704,4.351578100002371
0,250,0.95,0.1,0.0,79,79,0,250,0.0005025125628140704,4.4045174000784755
0,250,0.95,0.1,0.0,80,80,0,250,0.0005025125628140704,4.279391699936241
0,250,0.95,0.1,0.0,81,81,0,250,0.0005025125628140704,4.360139899887145
0,250,0.95,0.1,0.0,82,82,0,250,0.0005025125628140704,4.280660099931993
0,250,0.95,0.1,0.0,83,83,0,250,0.0005025125628140704,4.410125899943523
0,250,0.95,0.1,0.0,84,84,0,250,0.0005025125628140704,4.304482000065036
0,250,0.95,0.1,0.0,85,85,0,250,0.0005025125628140704,4.338612899999134
0,250,0.95,0.1,0.0,86,86,0,250,0.0005025125628140704,4.323445799993351
0,250,0.95,0.1,0.0,87,87,0,250,0.0005025125628140704,4.340573300025426
0,250,0.95,0.1,0.0,88,88,0,250,0.0005025125628140704,4.27928969997447
0,250,0.95,0.1,0.0,89,89,0,250,0.0005025125628140704,4.397311000037007
0,250,0.95,0.1,0.0,90,90,0,250,0.0005025125628140704,4.296931299963035
0,250,0.95,0.1,0.0,91,91,0,250,0.0005025125628140704,4.436041299952194
0,250,0.95,0.1,0.0,92,92,0,250,0.0005025125628140704,4.330326499999501
0,250,0.95,0.1,0.0,93,93,0,250,0.0005025125628140704,4.378344099968672
0,250,0.95,0.1,0.0,94,94,0,250,0.0005025125628140704,4.275568200042471
0,250,0.95,0.1,0.0,95,95,0,250,0.0005025125628140704,4.321197699988261
0,250,0.95,0.1,0.0,96,96,0,250,0.0005025125628140704,4.3733280000742525
0,250,0.95,0.1,0.0,97,97,0,250,0.0005025125628140704,4.369536699960008
0,250,0.95,0.1,0.0,98,98,0,250,0.0005025125628140704,4.389909000019543
0,250,0.95,0.1,0.0,99,99,0,250,0.0005025125628140704,4.39357439999003
0,250,0.95,0.1,0.05,0,5000,12,12729,0.025585929648241208,4.411708900006488
0,250,0.95,0.1,0.05,1,5001,12,8785,0.01765829145728643,4.567052000085823
0,250,0.95,0.1,0.05,2,5002,12,250,0.0005025125628140704,4.44753020000644
0,250,0.95,0.1,0.05,3,5003,12,15360,0.030874371859296482,4.398820700007491
0,250,0.95,0.1,0.05,4,5004,12,14351,0.028846231155778893,4.42744529992342
0,250,0.95,0.1,0.05,5,5005,12,13685,0.02750753768844221,4.499966400093399
0,250,0.95,0.1,0.05,6,5006,12,15298,0.030749748743718594,4.531905199983157
0,250,0.95,0.1,0.05,7,5007,12,16567,0.033300502512562814,4.4883377000223845
0,250,0.95,0.1,0.05,8,5008,12,250,0.0005025125628140704,4.522246700013056
0,250,0.95,0.1,0.05,9,5009,12,11808,0.023734673366834172,4.519298500032164
0,250,0.95,0.1,0.05,10,5010,12,14397,0.028938693467336685,4.492419400019571
0,250,0.95,0.1,0.05,11,5011,12,250,0.0005025125628140704,4.382307699997909
0,250,0.95,0.1,0.05,12,5012,12,8596,0.017278391959798994,4.47347520000767
0,250,0.95,0.1,0.05,13,5013,12,250,0.0005025125628140704,4.4293370000086725
0,250,0.95,0.1,0.05,14,5014,12,250,0.0005025125628140704,4.3727178000845015
0,250,0.95,0.1,0.05,15,5015,12,250,0.0005025125628140704,4.3901571999304
0,250,0.95,0.1,0.05,16,5016,12,250,0.0005025125628140704,4.400412600021809
0,250,0.95,0.1,0.05,17,5017,12,15713,0.03158391959798995,4.472458599950187
0,250,0.95,0.1,0.05,18,5018,12,250,0.0005025125628140704,4.366740299970843
0,250,0.95,0.1,0.05,19,5019,12,250,0.0005025125628140704,4.391165299923159
0,250,0.95,0.1,0.05,20,5020,12,9963,0.020026130653266333,4.501883500022814
0,250,0.95,0.1,0.05,21,5021,12,10885,0.021879396984924623,4.484103500028141
0,250,0.95,0.1,0.05,22,5022,12,250,0.0005025125628140704,4.455193300032988
0,250,0.95,0.1,0.05,23,5023,12,12920,0.025969849246231157,4.553080599987879
0,250,0.95,0.1,0.05,24,5024,12,250,0.0005025125628140704,4.511732399929315
0,250,0.95,0.1,0.05,25,5025,12,13021,0.02617286432160804,4.496334200026467
0,250,0.95,0.1,0.05,26,5026,12,13043,0.02621708542713568,4.555338199948892
0,250,0.95,0.1,0.05,27,5027,12,12453,0.025031155778894473,4.49541779991705
0,250,0.95,0.1,0.05,28,5028,12,250,0.0005025125628140704,4.443854099954478
0,250,0.95,0.1,0.05,29,5029,12,15023,0.030196984924623117,4.575649400008842
0,250,0.95,0.1,0.05,30,5030,12,10523,0.021151758793969848,4.437024999991991
0,250,0.95,0.1,0.05,31,5031,12,250,0.0005025125628140704,4.433917499962263
0,250,0.95,0.1,0.05,32,5032,12,8663,0.017413065326633167,4.502625299966894
0,250,0.95,0.1,0.05,33,5033,12,16465,0.03309547738693467,4.533081499976106
0,250,0.95,0.1,0.05,34,5034,12,14389,0.028922613065326633,4.516000300063752
0,250,0.95,0.1,0.05,35,5035,12,16373,0.032910552763819094,4.521463899989612
0,250,0.95,0.1,0.05,36,5036,12,12904,0.025937688442211056,4.534321499988437
0,250,0.95,0.1,0.05,37,5037,12,13731,0.0276,4.494956800015643
0,250,0.95,0.1,0.05,38,5038,12,15290,0.030733668341708542,4.464170299936086
0,250,0.95,0.1,0.05,39,5039,12,14964,0.030078391959798997,4.508384799933992
0,250,0.95,0.1,0.05,40,5040,12,250,0.0005025125628140704,4.411596199963242
0,250,0.95,0.1,0.05,41,5041,12,250,0.0005025125628140704,4.38319289998617
0,250,0.95,0.1,0.05,42,5042,12,13858,0.027855276381909547,4.477733600069769
0,250,0.95,0.1,0.05,43,5043,12,9197,0.01848643216080402,4.475101200048812
0,250,0.95,0.1,0.05,44,5044,12,250,0.0005025125628140704,4.430602299980819
0,250,0.95,0.1,0.05,45,5045,12,14071,0.028283417085427136,4.576951799914241
0,250,0.95,0.1,0.05,46,5046,12,250,0.0005025125628140704,4.507531000068411
0,250,0.95,0.1,0.05,47,5047,12,10964,0.02203819095477387,4.6002473999978974
0,250,0.95,0.1,0.05,48,5048,12,250,0.0005025125628140704,4.451340999919921
0,250,0.95,0.1,0.05,49,5049,12,14542,0.029230150753768846,4.590891700005159
0,250,0.95,0.1,0.05,50,5050,12,14445,0.029035175879396986,4.493266999954358
0,250,0.95,0.1,0.05,51,5051,12,250,0.0005025125628140704,4.486157200066373
0,250,0.95,0.1,0.05,52,5052,12,12363,0.024850251256281406,4.530665299971588
0,250,0.95,0.1,0.05,53,5053,12,8257,0.016596984924623116,4.488248300040141
0,250,0.95,0.1,0.05,54,5054,12,10711,0.02152964824120603,4.519999300013296
0,250,0.95,0.1,0.05,55,5055,12,8893,0.01787537688442211,4.494153600069694
0,250,0.95,0.1,0.05,56,5056,12,250,0.0005025125628140704,4.44732809998095
0,250,0.95,0.1,0.05,57,5057,12,14731,0.029610050251256282,4.493454799987376
0,250,0.95,0.1,0.05,58,5058,12,14883,0.029915577889447237,4.593175400048494
0,250,0.95,0.1,0.05,59,5059,12,253,0.0005085427135678392,4.438625299953856
0,250,0.95,0.1,0.05,60,5060,12,250,0.0005025125628140704,4.377591100055724
0,250,0.95,0.1,0.05,61,5061,12,251,0.0005045226130653267,4.4029983000364155
0,250,0.95,0.1,0.05,62,5062,12,13641,0.027419095477386933,4.503685100004077
0,250,0.95,0.1,0.05,63,5063,12,14898,0.02994572864321608,4.518624200019985
0,250,0.95,0.1,0.05,64,5064,12,250,0.0005025125628140704,4.468102499959059
0,250,0.95,0.1,0.05,65,5065,12,14569,0.029284422110552762,4.4958065000828356
0,250,0.95,0.1,0.05,66,5066,12,251,0.0005045226130653267,4.378751200041734
0,250,0.95,0.1,0.05,67,5067,12,16938,0.03404623115577889,4.549528300063685
0,250,0.95,0.1,0.05,68,5068,12,250,0.0005025125628140704,4.466243400005624
0,250,0.95,0.1,0.05,69,5069,12,11836,0.023790954773869347,4.51858929998707
0,250,0.95,0.1,0.05,70,5070,12,7962,0.016004020100502513,4.495865999953821
0,250,0.95,0.1,0.05,71,5071,12,10735,0.02157788944723618,4.52534769999329
0,250,0.95,0.1,0.05,72,5072,12,16931,0.0340321608040201,4.606371100060642
0,250,0.95,0.1,0.05,73,5073,12,250,0.0005025125628140704,4.442303900024854
0,250,0.95,0.1,0.05,74,5074,12,250,0.0005025125628140704,4.387303099967539
0,250,0.95,0.1,0.05,75,5075,12,250,0.0005025125628140704,4.4693782000103965
0,250,0.95,0.1,0.05,76,5076,12,7753,0.015583919597989949,4.476296099950559
0,250,0.95,0.1,0.05,77,5077,12,250,0.0005025125628140704,4.437656500027515
0,250,0.95,0.1,0.05,78,5078,12,250,0.0005025125628140704,4.324644100037403
0,250,0.95,0.1,0.05,79,5079,12,250,0.0005025125628140704,4.329333700006828
0,250,0.95,0.1,0.05,80,5080,12,250,0.0005025125628140704,4.468959799967706
0,250,0.95,0.1,0.05,81,5081,12,16506,0.03317788944723618,4.48607860004995
0,250,0.95,0.1,0.05,82,5082,12,11696,0.023509547738693466,4.634708300000057
0,250,0.95,0.1,0.05,83,5083,12,16613,0.0333929648241206,4.6676625000545755
0,250,0.95,0.1,0.05,84,5084,12,16778,0.03372462311557789,4.678281000000425
0,250,0.95,0.1,0.05,85,5085,12,14315,0.028773869346733667,4.679563399986364
0,250,0.95,0.1,0.05,86,5086,12,250,0.0005025125628140704,4.34335410001222
0,250,0.95,0.1,0.05,87,5087,12,15698,0.031553768844221106,4.572563500027172
0,250,0.95,0.1,0.05,88,5088,12,15860,0.031879396984924625,4.582908499985933
0,250,0.95,0.1,0.05,89,5089,12,250,0.0005025125628140704,4.489489699946716
0,250,0.95,0.1,0.05,90,5090,12,250,0.0005025125628140704,4.45116469997447
0,250,0.95,0.1,0.05,91,5091,12,14259,0.028661306532663317,4.593086699955165
0,250,0.95,0.1,0.05,92,5092,12,14018,0.028176884422110554,4.6044304999522865
0,250,0.95,0.1,0.05,93,5093,12,250,0.0005025125628140704,4.431692099897191
0,250,0.95,0.1,0.05,94,5094,12,250,0.0005025125628140704,4.477140599978156
0,250,0.95,0.1,0.05,95,5095,12,11977,0.024074371859296482,4.615160099929199
0,250,0.95,0.1,0.05,96,5096,12,15814,0.03178693467336684,4.573152499971911
0,250,0.95,0.1,0.05,97,5097,12,11528,0.02317185929648241,4.606996300048195
0,250,0.95,0.1,0.05,98,5098,12,250,0.0005025125628140704,4.4464903000043705
0,250,0.95,0.1,0.05,99,5099,12,13011,0.026152763819095478,4.566908999928273
0,250,0.95,0.1,0.1,0,10000,25,250,0.0005025125628140704,4.438680900027975
0,250,0.95,0.1,0.1,1,10001,25,250,0.0005025125628140704,4.4268913000123575
0,250,0.95,0.1,0.1,2,10002,25,12502,0.025129648241206032,4.597300999914296
0,250,0.95,0.1,0.1,3,10003,25,250,0.0005025125628140704,4.439066999941133
0,250,0.95,0.1,0.1,4,10004,25,250,0.0005025125628140704,4.462248400086537
0,250,0.95,0.1,0.1,5,10005,25,250,0.0005025125628140704,4.410732100019231
0,250,0.95,0.1,0.1,6,10006,25,15447,0.031049246231155778,4.535587199963629
0,250,0.95,0.1,0.1,7,10007,25,250,0.0005025125628140704,4.477908700006083
0,250,0.95,0.1,0.1,8,10008,25,12432,0.02498894472361809,4.531455799937248
0,250,0.95,0.1,0.1,9,10009,25,250,0.0005025125628140704,4.469725999981165
0,250,0.95,0.1,0.1,10,10010,25,250,0.0005025125628140704,4.418696600012481
0,250,0.95,0.1,0.1,11,10011,25,15501,0.031157788944723618,4.533797200070694
0,250,0.95,0.1,0.1,12,10012,25,250,0.0005025125628140704,4.443707599886693
0,250,0.95,0.1,0.1,13,10013,25,17046,0.03426331658291457,4.545365200028755
0,250,0.95,0.1,0.1,14,10014,25,15940,0.032040201005025123,4.587131000007503
0,250,0.95,0.1,0.1,15,10015,25,250,0.0005025125628140704,4.434768499922939
0,250,0.95,0.1,0.1,16,10016,25,251,0.0005045226130653267,4.441367799998261
0,250,0.95,0.1,0.1,17,10017,25,250,0.0005025125628140704,4.498691299930215
0,250,0.95,0.1,0.1,18,10018,25,250,0.0005025125628140704,4.442975800018758
0,250,0.95,0.1,0.1,19,10019,25,250,0.0005025125628140704,4.684405299951322
0,250,0.95,0.1,0.1,20,10020,25,16485,0.0331356783919598,4.641521100071259
0,250,0.95,0.1,0.1,21,10021,25,13807,0.02775276381909548,4.811053700046614
0,250,0.95,0.1,0.1,22,10022,25,250,0.0005025125628140704,4.727127999998629
0,250,0.95,0.1,0.1,23,10023,25,250,0.0005025125628140704,5.110164099955
0,250,0.95,0.1,0.1,24,10024,25,250,0.0005025125628140704,4.5796936000697315
0,250,0.95,0.1,0.1,25,10025,25,250,0.0005025125628140704,4.821590599953197
0,250,0.95,0.1,0.1,26,10026,25,250,0.0005025125628140704,4.8409054999938235
0,250,0.95,0.1,0.1,27,10027,25,250,0.0005025125628140704,4.557235599961132
0,250,0.95,0.1,0.1,28,10028,25,250,0.0005025125628140704,4.514288000063971
0,250,0.95,0.1,0.1,29,10029,25,250,0.0005025125628140704,4.601659399922937
0,250,0.95,0.1,0.1,30,10030,25,250,0.0005025125628140704,4.548220199998468
0,250,0.95,0.1,0.1,31,10031,25,250,0.0005025125628140704,5.002854700083844
0,250,0.95,0.1,0.1,32,10032,25,15923,0.03200603015075377,5.125958500080742
0,250,0.95,0.1,0.1,33,10033,25,250,0.0005025125628140704,4.482038800022565
0,250,0.95,0.1,0.1,34,10034,25,250,0.0005025125628140704,4.608359199948609
0,250,0.95,0.1,0.1,35,10035,25,250,0.0005025125628140704,4.53685829997994
0,250,0.95,0.1,0.1,36,10036,25,250,0.0005025125628140704,5.060706399963237
0,250,0.95,0.1,0.1,37,10037,25,250,0.0005025125628140704,4.469090800033882
0,250,0.95,0.1,0.1,38,10038,25,15042,0.030235175879396985,4.698696299921721
0,250,0.95,0.1,0.1,39,10039,25,250,0.0005025125628140704,4.841427700011991
0,250,0.95,0.1,0.1,40,10040,25,250,0.0005025125628140704,5.194967099931091
0,250,0.95,0.1,0.1,41,10041,25,250,0.0005025125628140704,4.363396900007501
0,250,0.95,0.1,0.1,42,10042,25,250,0.0005025125628140704,4.9059567000949755
0,250,0.95,0.1,0.1,43,10043,25,17023,0.034217085427135675,4.833195100072771
0,250,0.95,0.1,0.1,44,10044,25,14606,0.029358793969849247,4.692917099921033
0,250,0.95,0.1,0.1,45,10045,25,250,0.0005025125628140704,4.391794099938124
0,250,0.95,0.1,0.1,46,10046,25,16393,0.032950753768844224,5.142942599952221
0,250,0.95,0.1,0.1,47,10047,25,15487,0.03112964824120603,4.342626400059089
0,250,0.95,0.1,0.1,48,10048,25,16982,0.03413467336683417,4.7262623000424355
0,250,0.95,0.1,0.1,49,10049,25,12455,0.025035175879396986,4.315821500029415
0,250,0.95,0.1,0.1,50,10050,25,250,0.0005025125628140704,5.032967499922961
0,250,0.95,0.1,0.1,51,10051,25,250,0.0005025125628140704,4.6098234000382945
0,250,0.95,0.1,0.1,52,10052,25,13113,0.02635778894472362,5.225848599919118
0,250,0.95,0.1,0.1,53,10053,25,250,0.0005025125628140704,4.777829399914481
0,250,0.95,0.1,0.1,54,10054,25,250,0.0005025125628140704,4.605468000052497
0,250,0.95,0.1,0.1,55,10055,25,17051,0.03427336683417086,4.538666799897328
0,250,0.95,0.1,0.1,56,10056,25,250,0.0005025125628140704,4.527881000074558
0,250,0.95,0.1,0.1,57,10057,25,250,0.0005025125628140704,4.526011500041932
0,250,0.95,0.1,0.1,58,10058,25,250,0.0005025125628140704,4.466757399961352
0,250,0.95,0.1,0.1,59,10059,25,14683,0.02951356783919598,4.612943300046027
0,250,0.95,0.1,0.1,60,10060,25,250,0.0005025125628140704,4.552786299958825
0,250,0.95,0.1,0.1,61,10061,25,16424,0.033013065326633166,4.75878749997355
0,250,0.95,0.1,0.1,62,10062,25,250,0.0005025125628140704,4.576127800042741
0,250,0.95,0.1,0.1,63,10063,25,12949,0.02602814070351759,4.658044200041331
0,250,0.95,0.1,0.1,64,10064,25,250,0.0005025125628140704,4.493208699976094
0,250,0.95,0.1,0.1,65,10065,25,16014,0.03218894472361809,4.568418000009842
0,250,0.95,0.1,0.1,66,10066,25,250,0.0005025125628140704,4.494880700018257
0,250,0.95,0.1,0.1,67,10067,25,13794,0.027726633165829146,4.578207900049165
0,250,0.95,0.1,0.1,68,10068,25,12848,0.025825125628140704,4.607783899991773
0,250,0.95,0.1,0.1,69,10069,25,251,0.0005045226130653267,4.506496499991044
0,250,0.95,0.1,0.1,70,10070,25,250,0.0005025125628140704,4.405965799931437
0,250,0.95,0.1,0.1,71,10071,25,250,0.0005025125628140704,4.4375162000069395
0,250,0.95,0.1,0.1,72,10072,25,17051,0.03427336683417086,4.511797799961641
0,250,0.95,0.1,0.1,73,10073,25,250,0.0005025125628140704,4.425421299994923
0,250,0.95,0.1,0.1,74,10074,25,11548,0.023212060301507537,4.482120900065638
0,250,0.95,0.1,0.1,75,10075,25,250,0.0005025125628140704,4.3437648001126945
0,250,0.95,0.1,0.1,76,10076,25,250,0.0005025125628140704,4.417168400017545
0,250,0.95,0.1,0.1,77,10077,25,250,0.0005025125628140704,4.325137500069104
0,250,0.95,0.1,0.1,78,10078,25,250,0.0005025125628140704,4.435951099963859
0,250,0.95,0.1,0.1,79,10079,25,250,0.0005025125628140704,4.337981299962848
0,250,0.95,0.1,0.1,80,10080,25,15040,0.030231155778894472,4.474869999918155
0,250,0.95,0.1,0.1,81,10081,25,250,0.0005025125628140704,4.412510699941777
0,250,0.95,0.1,0.1,82,10082,25,250,0.0005025125628140704,4.381303999922238
0,250,0.95,0.1,0.1,83,10083,25,16478,0.033121608040201006,4.533462699968368
0,250,0.95,0.1,0.1,84,10084,25,250,0.0005025125628140704,4.438753800000995
0,250,0.95,0.1,0.1,85,10085,25,250,0.0005025125628140704,4.511542799999006
0,250,0.95,0.1,0.1,86,10086,25,14775,0.029698492462311557,4.450666000018828
0,250,0.95,0.1,0.1,87,10087,25,250,0.0005025125628140704,4.247326800017618
0,250,0.95,0.1,0.1,88,10088,25,16502,0.033169849246231155,4.399954400025308
0,250,0.95,0.1,0.1,89,10089,25,250,0.0005025125628140704,4.333506400114857
0,250,0.95,0.1,0.1,90,10090,25,250,0.0005025125628140704,4.303358900011517
0,250,0.95,0.1,0.1,91,10091,25,250,0.0005025125628140704,4.290707200067118
0,250,0.95,0.1,0.1,92,10092,25,250,0.0005025125628140704,4.341369800036773
0,250,0.95,0.1,0.1,93,10093,25,13031,0.026192964824120604,4.478835099958815
0,250,0.95,0.1,0.1,94,10094,25,15321,0.030795979899497488,4.381587499985471
0,250,0.95,0.1,0.1,95,10095,25,14099,0.02833969849246231,4.317053500097245
0,250,0.95,0.1,0.1,96,10096,25,15441,0.031037185929648242,4.465319700073451
0,250,0.95,0.1,0.1,97,10097,25,10015,0.02013065326633166,4.288073499919847
0,250,0.95,0.1,0.1,98,10098,25,13767,0.027672361809045226,4.461530999979004
0,250,0.95,0.1,0.1,99,10099,25,250,0.0005025125628140704,4.225752199999988
0,250,0.95,0.1,0.15000000000000002,0,15000,38,250,0.0005025125628140704,4.263680299976841
0,250,0.95,0.1,0.15000000000000002,1,15001,38,250,0.0005025125628140704,4.300976900034584
0,250,0.95,0.1,0.15000000000000002,2,15002,38,250,0.0005025125628140704,4.299411899992265
0,250,0.95,0.1,0.15000000000000002,3,15003,38,250,0.0005025125628140704,4.309631600044668
0,250,0.95,0.1,0.15000000000000002,4,15004,38,250,0.0005025125628140704,4.344920399948023
0,250,0.95,0.1,0.15000000000000002,5,15005,38,250,0.0005025125628140704,4.297753599938005
0,250,0.95,0.1,0.15000000000000002,6,15006,38,250,0.0005025125628140704,4.152689700014889
0,250,0.95,0.1,0.15000000000000002,7,15007,38,250,0.0005025125628140704,4.304058699985035
0,250,0.95,0.1,0.15000000000000002,8,15008,38,15007,0.030164824120603013,4.335168799967505
0,250,0.95,0.1,0.15000000000000002,9,15009,38,250,0.0005025125628140704,4.1843173999805
0,250,0.95,0.1,0.15000000000000002,10,15010,38,250,0.0005025125628140704,4.1055739999283105
0,250,0.95,0.1,0.15000000000000002,11,15011,38,250,0.0005025125628140704,4.227857599966228
0,250,0.95,0.1,0.15000000000000002,12,15012,38,250,0.0005025125628140704,4.286718799965456
0,250,0.95,0.1,0.15000000000000002,13,15013,38,250,0.0005025125628140704,4.175314899999648
0,250,0.95,0.1,0.15000000000000002,14,15014,38,250,0.0005025125628140704,4.1888758999994025
0,250,0.95,0.1,0.15000000000000002,15,15015,38,250,0.0005025125628140704,4.162948400015011
0,250,0.95,0.1,0.15000000000000002,16,15016,38,250,0.0005025125628140704,4.1851091999560595
0,250,0.95,0.1,0.15000000000000002,17,15017,38,250,0.0005025125628140704,4.232571200001985
0,250,0.95,0.1,0.15000000000000002,18,15018,38,250,0.0005025125628140704,4.222259799949825
0,250,0.95,0.1,0.15000000000000002,19,15019,38,250,0.0005025125628140704,4.241399599937722
0,250,0.95,0.1,0.15000000000000002,20,15020,38,250,0.0005025125628140704,4.222467300016433
0,250,0.95,0.1,0.15000000000000002,21,15021,38,17022,0.034215075376884424,4.209713399992324
0,250,0.95,0.1,0.15000000000000002,22,15022,38,250,0.0005025125628140704,4.212810900062323
0,250,0.95,0.1,0.15000000000000002,23,15023,38,250,0.0005025125628140704,4.161424799938686
0,250,0.95,0.1,0.15000000000000002,24,15024,38,250,0.0005025125628140704,4.238393500098027
0,250,0.95,0.1,0.15000000000000002,25,15025,38,250,0.0005025125628140704,4.146419000113383
0,250,0.95,0.1,0.15000000000000002,26,15026,38,250,0.0005025125628140704,4.181166299968027
0,250,0.95,0.1,0.15000000000000002,27,15027,38,501,0.001007035175879397,4.278720400063321
0,250,0.95,0.1,0.15000000000000002,28,15028,38,250,0.0005025125628140704,4.208950700005516
0,250,0.95,0.1,0.15000000000000002,29,15029,38,250,0.0005025125628140704,4.22851070004981
0,250,0.95,0.1,0.15000000000000002,30,15030,38,250,0.0005025125628140704,4.182360099977814
0,250,0.95,0.1,0.15000000000000002,31,15031,38,250,0.0005025125628140704,4.30946350004524
0,250,0.95,0.1,0.15000000000000002,32,15032,38,250,0.0005025125628140704,4.304539799923077
0,250,0.95,0.1,0.15000000000000002,33,15033,38,250,0.0005025125628140704,4.3426457000896335
0,250,0.95,0.1,0.15000000000000002,34,15034,38,250,0.0005025125628140704,4.3699159999378026
0,250,0.95,0.1,0.15000000000000002,35,15035,38,250,0.0005025125628140704,4.149508900009096
0,250,0.95,0.1,0.15000000000000002,36,15036,38,250,0.0005025125628140704,4.263997800066136
0,250,0.95,0.1,0.15000000000000002,37,15037,38,251,0.0005045226130653267,4.244224500027485
0,250,0.95,0.1,0.15000000000000002,38,15038,38,250,0.0005025125628140704,4.251239400007762
0,250,0.95,0.1,0.15000000000000002,39,15039,38,250,0.0005025125628140704,4.328790199942887
0,250,0.95,0.1,0.15000000000000002,40,15040,38,250,0.0005025125628140704,4.334367499919608
0,250,0.95,0.1,0.15000000000000002,41,15041,38,250,0.0005025125628140704,4.104063200065866
0,250,0.95,0.1,0.15000000000000002,42,15042,38,250,0.0005025125628140704,4.201319999992847
0,250,0.95,0.1,0.15000000000000002,43,15043,38,250,0.0005025125628140704,4.3069642999907956
0,250,0.95,0.1,0.15000000000000002,44,15044,38,16411,0.03298693467336684,4.235520099988207
0,250,0.95,0.1,0.15000000000000002,45,15045,38,250,0.0005025125628140704,4.3058237999212
0,250,0.95,0.1,0.15000000000000002,46,15046,38,250,0.0005025125628140704,4.336817899951711
0,250,0.95,0.1,0.15000000000000002,47,15047,38,250,0.0005025125628140704,4.351164899999276
0,250,0.95,0.1,0.15000000000000002,48,15048,38,250,0.0005025125628140704,4.247914000065066
0,250,0.95,0.1,0.15000000000000002,49,15049,38,250,0.0005025125628140704,4.2560113000217825
0,250,0.95,0.1,0.15000000000000002,50,15050,38,250,0.0005025125628140704,4.349686900037341
0,250,0.95,0.1,0.15000000000000002,51,15051,38,250,0.0005025125628140704,4.303116500028409
0,250,0.95,0.1,0.15000000000000002,52,15052,38,250,0.0005025125628140704,4.181011100066826
0,250,0.95,0.1,0.15000000000000002,53,15053,38,250,0.0005025125628140704,4.227173099992797
0,250,0.95,0.1,0.15000000000000002,54,15054,38,250,0.0005025125628140704,4.429408100084402
0,250,0.95,0.1,0.15000000000000002,55,15055,38,250,0.0005025125628140704,4.80632820003666
0,250,0.95,0.1,0.15000000000000002,56,15056,38,250,0.0005025125628140704,4.627009099931456
0,250,0.95,0.1,0.15000000000000002,57,15057,38,250,0.0005025125628140704,4.814251499949023
0,250,0.95,0.1,0.15000000000000002,58,15058,38,250,0.0005025125628140704,4.480270200059749
0,250,0.95,0.1,0.15000000000000002,59,15059,38,250,0.0005025125628140704,4.240426499978639
0,250,0.95,0.1,0.15000000000000002,60,15060,38,250,0.0005025125628140704,4.154058999964036
0,250,0.95,0.1,0.15000000000000002,61,15061,38,250,0.0005025125628140704,4.784786800039001
0,250,0.95,0.1,0.15000000000000002,62,15062,38,250,0.0005025125628140704,4.201785399927758
0,250,0.95,0.1,0.15000000000000002,63,15063,38,250,0.0005025125628140704,4.4899974999716505
0,250,0.95,0.1,0.15000000000000002,64,15064,38,250,0.0005025125628140704,4.483205200056545
0,250,0.95,0.1,0.15000000000000002,65,15065,38,12747,0.025622110552763817,4.619606699910946
0,250,0.95,0.1,0.15000000000000002,66,15066,38,250,0.0005025125628140704,4.48750889999792
0,250,0.95,0.1,0.15000000000000002,67,15067,38,250,0.0005025125628140704,4.468640099978074
0,250,0.95,0.1,0.15000000000000002,68,15068,38,250,0.0005025125628140704,4.480219300021417
0,250,0.95,0.1,0.15000000000000002,69,15069,38,250,0.0005025125628140704,4.37629280006513
0,250,0.95,0.1,0.15000000000000002,70,15070,38,250,0.0005025125628140704,4.435292100068182
0,250,0.95,0.1,0.15000000000000002,71,15071,38,250,0.0005025125628140704,4.470634100027382
0,250,0.95,0.1,0.15000000000000002,72,15072,38,250,0.0005025125628140704,4.48458849999588
0,250,0.95,0.1,0.15000000000000002,73,15073,38,250,0.0005025125628140704,4.499895700020716
0,250,0.95,0.1,0.15000000000000002,74,15074,38,251,0.0005045226130653267,4.535467499983497
0,250,0.95,0.1,0.15000000000000002,75,15075,38,250,0.0005025125628140704,4.4528907999629155
0,250,0.95,0.1,0.15000000000000002,76,15076,38,250,0.0005025125628140704,4.440739799989387
0,250,0.95,0.1,0.15000000000000002,77,15077,38,250,0.0005025125628140704,4.485865600057878
0,250,0.95,0.1,0.15000000000000002,78,15078,38,250,0.0005025125628140704,4.451175400055945
0,250,0.95,0.1,0.15000000000000002,79,15079,38,250,0.0005025125628140704,4.4825000000419095
0,250,0.95,0.1,0.15000000000000002,80,15080,38,250,0.0005025125628140704,4.478144700056873
0,250,0.95,0.1,0.15000000000000002,81,15081,38,16027,0.03221507537688442,4.601952999946661
0,250,0.95,0.1,0.15000000000000002,82,15082,38,250,0.0005025125628140704,4.44972160004545
0,250,0.95,0.1,0.15000000000000002,83,15083,38,250,0.0005025125628140704,4.451518299989402
0,250,0.95,0.1,0.15000000000000002,84,15084,38,250,0.0005025125628140704,4.489715000032447
0,250,0.95,0.1,0.15000000000000002,85,15085,38,251,0.0005045226130653267,4.449417199939489
0,250,0.95,0.1,0.15000000000000002,86,15086,38,250,0.0005025125628140704,4.4962512999773026
0,250,0.95,0.1,0.15000000000000002,87,15087,38,250,0.0005025125628140704,4.425967099959962
0,250,0.95,0.1,0.15000000000000002,88,15088,38,250,0.0005025125628140704,4.451011700090021
0,250,0.95,0.1,0.15000000000000002,89,15089,38,250,0.0005025125628140704,4.483481100061908
0,250,0.95,0.1,0.15000000000000002,90,15090,38,13771,0.027680402010050252,4.586233199923299
0,250,0.95,0.1,0.15000000000000002,91,15091,38,250,0.0005025125628140704,4.459952099947259
0,250,0.95,0.1,0.15000000000000002,92,15092,38,250,0.0005025125628140704,4.467715200036764
0,250,0.95,0.1,0.15000000000000002,93,15093,38,250,0.0005025125628140704,4.47213299991563
0,250,0.95,0.1,0.15000000000000002,94,15094,38,250,0.0005025125628140704,4.494491700083017
0,250,0.95,0.1,0.15000000000000002,95,15095,38,250,0.0005025125628140704,4.535912999999709
0,250,0.95,0.1,0.15000000000000002,96,15096,38,250,0.0005025125628140704,4.5632332999957725
0,250,0.95,0.1,0.15000000000000002,97,15097,38,250,0.0005025125628140704,4.472977800061926
0,250,0.95,0.1,0.15000000000000002,98,15098,38,250,0.0005025125628140704,4.535227600019425
0,250,0.95,0.1,0.15000000000000002,99,15099,38,250,0.0005025125628140704,4.512705800007097
0,250,0.95,0.1,0.2,0,20000,50,250,0.0005025125628140704,4.495727099943906
0,250,0.95,0.1,0.2,1,20001,50,250,0.0005025125628140704,4.536015099962242
0,250,0.95,0.1,0.2,2,20002,50,250,0.0005025125628140704,4.535669900011271
0,250,0.95,0.1,0.2,3,20003,50,250,0.0005025125628140704,4.505253099952824
0,250,0.95,0.1,0.2,4,20004,50,250,0.0005025125628140704,4.616596200037748
0,250,0.95,0.1,0.2,5,20005,50,250,0.0005025125628140704,4.5044264000607654
0,250,0.95,0.1,0.2,6,20006,50,250,0.0005025125628140704,4.40864939999301
0,250,0.95,0.1,0.2,7,20007,50,250,0.0005025125628140704,4.792813900043257
0,250,0.95,0.1,0.2,8,20008,50,250,0.0005025125628140704,4.499585899990052
0,250,0.95,0.1,0.2,9,20009,50,250,0.0005025125628140704,4.44570670009125
0,250,0.95,0.1,0.2,10,20010,50,250,0.0005025125628140704,4.472481300006621
0,250,0.95,0.1,0.2,11,20011,50,250,0.0005025125628140704,4.086445999913849
0,250,0.95,0.1,0.2,12,20012,50,250,0.0005025125628140704,4.885426399996504
0,250,0.95,0.1,0.2,13,20013,50,250,0.0005025125628140704,4.576814100029878
0,250,0.95,0.1,0.2,14,20014,50,250,0.0005025125628140704,4.460696900030598
0,250,0.95,0.1,0.2,15,20015,50,250,0.0005025125628140704,4.415873000049032
0,250,0.95,0.1,0.2,16,20016,50,250,0.0005025125628140704,4.780792800011113
0,250,0.95,0.1,0.2,17,20017,50,250,0.0005025125628140704,4.202322399942204
0,250,0.95,0.1,0.2,18,20018,50,250,0.0005025125628140704,4.406502299942076
0,250,0.95,0.1,0.2,19,20019,50,250,0.0005025125628140704,4.781071500037797
0,250,0.95,0.1,0.2,20,20020,50,250,0.0005025125628140704,4.217246300075203
0,250,0.95,0.1,0.2,21,20021,50,250,0.0005025125628140704,4.481491300044581
0,250,0.95,0.1,0.2,22,20022,50,251,0.0005045226130653267,4.456526599940844
0,250,0.95,0.1,0.2,23,20023,50,250,0.0005025125628140704,4.502292999997735
0,250,0.95,0.1,0.2,24,20024,50,250,0.0005025125628140704,4.73688429989852
0,250,0.95,0.1,0.2,25,20025,50,250,0.0005025125628140704,4.222867199918255
0,250,0.95,0.1,0.2,26,20026,50,250,0.0005025125628140704,4.664655299973674
0,250,0.95,0.1,0.2,27,20027,50,250,0.0005025125628140704,4.400401300052181
0,250,0.95,0.1,0.2,28,20028,50,250,0.0005025125628140704,4.530323800048791
0,250,0.95,0.1,0.2,29,20029,50,250,0.0005025125628140704,4.332984200096689
0,250,0.95,0.1,0.2,30,20030,50,250,0.0005025125628140704,4.521729700034484
0,250,0.95,0.1,0.2,31,20031,50,250,0.0005025125628140704,4.327394700027071
0,250,0.95,0.1,0.2,32,20032,50,250,0.0005025125628140704,4.673997499980032
0,250,0.95,0.1,0.2,33,20033,50,250,0.0005025125628140704,4.482175000011921
0,250,0.95,0.1,0.2,34,20034,50,250,0.0005025125628140704,4.468224299955182
0,250,0.95,0.1,0.2,35,20035,50,250,0.0005025125628140704,4.755191200063564
0,250,0.95,0.1,0.2,36,20036,50,250,0.0005025125628140704,4.3261277000419796
0,250,0.95,0.1,0.2,37,20037,50,250,0.0005025125628140704,4.792877300060354
0,250,0.95,0.1,0.2,38,20038,50,250,0.0005025125628140704,4.547491700039245
0,250,0.95,0.1,0.2,39,20039,50,250,0.0005025125628140704,4.605241199955344
0,250,0.95,0.1,0.2,40,20040,50,250,0.0005025125628140704,4.455204600002617
0,250,0.95,0.1,0.2,41,20041,50,250,0.0005025125628140704,4.515472900005989
0,250,0.95,0.1,0.2,42,20042,50,250,0.0005025125628140704,4.540011600009166
0,250,0.95,0.1,0.2,43,20043,50,250,0.0005025125628140704,4.806325499899685
0,250,0.95,0.1,0.2,44,20044,50,250,0.0005025125628140704,4.279857500107028
0,250,0.95,0.1,0.2,45,20045,50,250,0.0005025125628140704,4.896233799983747
0,250,0.95,0.1,0.2,46,20046,50,251,0.0005045226130653267,4.374161000014283
0,250,0.95,0.1,0.2,47,20047,50,250,0.0005025125628140704,4.853822600096464
0,250,0.95,0.1,0.2,48,20048,50,250,0.0005025125628140704,4.74265079991892
0,250,0.95,0.1,0.2,49,20049,50,250,0.0005025125628140704,4.603101200074889
0,250,0.95,0.1,0.2,50,20050,50,250,0.0005025125628140704,4.3824660000391304
0,250,0.95,0.1,0.2,51,20051,50,250,0.0005025125628140704,4.55043179995846
0,250,0.95,0.1,0.2,52,20052,50,250,0.0005025125628140704,4.500273699988611
0,250,0.95,0.1,0.2,53,20053,50,250,0.0005025125628140704,4.470188300008886
0,250,0.95,0.1,0.2,54,20054,50,250,0.0005025125628140704,4.50111209996976
0,250,0.95,0.1,0.2,55,20055,50,250,0.0005025125628140704,4.5140129999490455
0,250,0.95,0.1,0.2,56,20056,50,250,0.0005025125628140704,4.49451470002532
0,250,0.95,0.1,0.2,57,20057,50,250,0.0005025125628140704,4.499978599953465
0,250,0.95,0.1,0.2,58,20058,50,15032,0.03021507537688442,4.595012699952349
0,250,0.95,0.1,0.2,59,20059,50,250,0.0005025125628140704,4.511236899998039
0,250,0.95,0.1,0.2,60,20060,50,250,0.0005025125628140704,4.499361099908128
0,250,0.95,0.1,0.2,61,20061,50,250,0.0005025125628140704,4.504096399992704
0,250,0.95,0.1,0.2,62,20062,50,250,0.0005025125628140704,4.542905099922791
0,250,0.95,0.1,0.2,63,20063,50,250,0.0005025125628140704,4.521616999991238
0,250,0.95,0.1,0.2,64,20064,50,250,0.0005025125628140704,4.4800878000678495
0,250,0.95,0.1,0.2,65,20065,50,250,0.0005025125628140704,4.5007484999950975
0,250,0.95,0.1,0.2,66,20066,50,250,0.0005025125628140704,4.504374100011773
0,250,0.95,0.1,0.2,67,20067,50,250,0.0005025125628140704,4.5887629999779165
0,250,0.95,0.1,0.2,68,20068,50,250,0.0005025125628140704,4.521875600097701
0,250,0.95,0.1,0.2,69,20069,50,250,0.0005025125628140704,4.579560899990611
0,250,0.95,0.1,0.2,70,20070,50,250,0.0005025125628140704,4.500239300075918
0,250,0.95,0.1,0.2,71,20071,50,250,0.0005025125628140704,4.599787799990736
0,250,0.95,0.1,0.2,72,20072,50,250,0.0005025125628140704,4.499721099971794
0,250,0.95,0.1,0.2,73,20073,50,250,0.0005025125628140704,4.665942099993117
0,250,0.95,0.1,0.2,74,20074,50,250,0.0005025125628140704,4.633422000100836
0,250,0.95,0.1,0.2,75,20075,50,250,0.0005025125628140704,4.695086000021547
0,250,0.95,0.1,0.2,76,20076,50,250,0.0005025125628140704,4.532227199990302
0,250,0.95,0.1,0.2,77,20077,50,250,0.0005025125628140704,4.663216000073589
0,250,0.95,0.1,0.2,78,20078,50,250,0.0005025125628140704,4.605205499916337
0,250,0.95,0.1,0.2,79,20079,50,250,0.0005025125628140704,4.62494060001336
0,250,0.95,0.1,0.2,80,20080,50,250,0.0005025125628140704,4.684704500017688
0,250,0.95,0.1,0.2,81,20081,50,250,0.0005025125628140704,4.594102400005795
0,250,0.95,0.1,0.2,82,20082,50,250,0.0005025125628140704,4.645925999968313
0,250,0.95,0.1,0.2,83,20083,50,250,0.0005025125628140704,4.631960400030948
0,250,0.95,0.1,0.2,84,20084,50,250,0.0005025125628140704,4.574158799950965
0,250,0.95,0.1,0.2,85,20085,50,250,0.0005025125628140704,4.556426200084388
0,250,0.95,0.1,0.2,86,20086,50,250,0.0005025125628140704,4.552395600010641
0,250,0.95,0.1,0.2,87,20087,50,250,0.0005025125628140704,4.571513800066896
0,250,0.95,0.1,0.2,88,20088,50,250,0.0005025125628140704,4.569698799983598
0,250,0.95,0.1,0.2,89,20089,50,250,0.0005025125628140704,4.5549228000454605
0,250,0.95,0.1,0.2,90,20090,50,250,0.0005025125628140704,4.60154040006455
0,250,0.95,0.1,0.2,91,20091,50,250,0.0005025125628140704,4.495636400068179
0,250,0.95,0.1,0.2,92,20092,50,250,0.0005025125628140704,4.542517800000496
0,250,0.95,0.1,0.2,93,20093,50,250,0.0005025125628140704,4.5603579999879
0,250,0.95,0.1,0.2,94,20094,50,250,0.0005025125628140704,4.547592899994925
0,250,0.95,0.1,0.2,95,20095,50,250,0.0005025125628140704,4.6034231999656186
0,250,0.95,0.1,0.2,96,20096,50,250,0.0005025125628140704,4.502661100006662
0,250,0.95,0.1,0.2,97,20097,50,250,0.0005025125628140704,4.509210100048222
0,250,0.95,0.1,0.2,98,20098,50,250,0.0005025125628140704,4.514620399917476
0,250,0.95,0.1,0.2,99,20099,50,250,0.0005025125628140704,4.42460570007097
0,250,0.95,0.1,0.25,0,25000,62,250,0.0005025125628140704,4.475367299979553
0,250,0.95,0.1,0.25,1,25001,62,250,0.0005025125628140704,4.465708800009452
0,250,0.95,0.1,0.25,2,25002,62,250,0.0005025125628140704,4.456367600010708
0,250,0.95,0.1,0.25,3,25003,62,250,0.0005025125628140704,4.393816300085746
0,250,0.95,0.1,0.25,4,25004,62,250,0.0005025125628140704,4.4891902999952435
0,250,0.95,0.1,0.25,5,25005,62,250,0.0005025125628140704,4.442967799957842
0,250,0.95,0.1,0.25,6,25006,62,250,0.0005025125628140704,4.368689600029029
0,250,0.95,0.1,0.25,7,25007,62,250,0.0005025125628140704,4.353791299974546
0,250,0.95,0.1,0.25,8,25008,62,250,0.0005025125628140704,4.2936535000335425
0,250,0.95,0.1,0.25,9,25009,62,253,0.0005085427135678392,4.241215500049293
0,250,0.95,0.1,0.25,10,25010,62,250,0.0005025125628140704,4.31070620007813
0,250,0.95,0.1,0.25,11,25011,62,250,0.0005025125628140704,4.195113900001161
0,250,0.95,0.1,0.25,12,25012,62,252,0.0005065326633165829,4.29224689991679
0,250,0.95,0.1,0.25,13,25013,62,250,0.0005025125628140704,4.280319100013003
0,250,0.95,0.1,0.25,14,25014,62,250,0.0005025125628140704,4.331961099989712
0,250,0.95,0.1,0.25,15,25015,62,250,0.0005025125628140704,4.340933299972676
0,250,0.95,0.1,0.25,16,25016,62,250,0.0005025125628140704,4.256222500000149
0,250,0.95,0.1,0.25,17,25017,62,250,0.0005025125628140704,4.400698299985379
0,250,0.95,0.1,0.25,18,25018,62,251,0.0005045226130653267,4.358271999983117
0,250,0.95,0.1,0.25,19,25019,62,250,0.0005025125628140704,4.339201199938543
0,250,0.95,0.1,0.25,20,25020,62,15515,0.031185929648241205,4.483622699975967
0,250,0.95,0.1,0.25,21,25021,62,250,0.0005025125628140704,4.442323899944313
0,250,0.95,0.1,0.25,22,25022,62,250,0.0005025125628140704,4.277288399985991
0,250,0.95,0.1,0.25,23,25023,62,250,0.0005025125628140704,4.445359500008635
0,250,0.95,0.1,0.25,24,25024,62,250,0.0005025125628140704,4.479955399991013
0,250,0.95,0.1,0.25,25,25025,62,250,0.0005025125628140704,4.463409999967553
0,250,0.95,0.1,0.25,26,25026,62,250,0.0005025125628140704,4.529546499950811
0,250,0.95,0.1,0.25,27,25027,62,250,0.0005025125628140704,4.515025699976832
0,250,0.95,0.1,0.25,28,25028,62,250,0.0005025125628140704,4.305317000020295
0,250,0.95,0.1,0.25,29,25029,62,250,0.0005025125628140704,4.43853369995486
0,250,0.95,0.1,0.25,30,25030,62,250,0.0005025125628140704,4.399893400026485
0,250,0.95,0.1,0.25,31,25031,62,250,0.0005025125628140704,4.278203200083226
0,250,0.95,0.1,0.25,32,25032,62,250,0.0005025125628140704,4.232853699941188
0,250,0.95,0.1,0.25,33,25033,62,250,0.0005025125628140704,4.364209199906327
0,250,0.95,0.1,0.25,34,25034,62,250,0.0005025125628140704,4.330348700052127
0,250,0.95,0.1,0.25,35,25035,62,250,0.0005025125628140704,4.386317300028168
0,250,0.95,0.1,0.25,36,25036,62,250,0.0005025125628140704,4.168943300028332
0,250,0.95,0.1,0.25,37,25037,62,250,0.0005025125628140704,4.185014300048351
0,250,0.95,0.1,0.25,38,25038,62,250,0.0005025125628140704,4.294476600014605
0,250,0.95,0.1,0.25,39,25039,62,250,0.0005025125628140704,4.257721500005573
0,250,0.95,0.1,0.25,40,25040,62,251,0.0005045226130653267,4.272503999993205
0,250,0.95,0.1,0.25,41,25041,62,250,0.0005025125628140704,4.187616499955766
0,250,0.95,0.1,0.25,42,25042,62,250,0.0005025125628140704,4.248460000031628
0,250,0.95,0.1,0.25,43,25043,62,250,0.0005025125628140704,4.216299599967897
0,250,0.95,0.1,0.25,44,25044,62,250,0.0005025125628140704,4.178145200014114
0,250,0.95,0.1,0.25,45,25045,62,250,0.0005025125628140704,4.265786999952979
0,250,0.95,0.1,0.25,46,25046,62,250,0.0005025125628140704,4.231554799946025
0,250,0.95,0.1,0.25,47,25047,62,250,0.0005025125628140704,4.206084699952044
0,250,0.95,0.1,0.25,48,25048,62,250,0.0005025125628140704,4.293847099994309
0,250,0.95,0.1,0.25,49,25049,62,250,0.0005025125628140704,4.322825399925932
0,250,0.95,0.1,0.25,50,25050,62,250,0.0005025125628140704,4.286440800060518
0,250,0.95,0.1,0.25,51,25051,62,250,0.0005025125628140704,4.2056564999511465
0,250,0.95,0.1,0.25,52,25052,62,250,0.0005025125628140704,4.242961299954914
0,250,0.95,0.1,0.25,53,25053,62,252,0.0005065326633165829,4.119807800045237
0,250,0.95,0.1,0.25,54,25054,62,250,0.0005025125628140704,4.173371899989434
0,250,0.95,0.1,0.25,55,25055,62,250,0.0005025125628140704,4.205054400023073
0,250,0.95,0.1,0.25,56,25056,62,250,0.0005025125628140704,4.14294220006559
0,250,0.95,0.1,0.25,57,25057,62,250,0.0005025125628140704,4.245817399933003
0,250,0.95,0.1,0.25,58,25058,62,250,0.0005025125628140704,4.218554700026289
0,250,0.95,0.1,0.25,59,25059,62,250,0.0005025125628140704,4.306012099958025
0,250,0.95,0.1,0.25,60,25060,62,250,0.0005025125628140704,4.306856599985622
0,250,0.95,0.1,0.25,61,25061,62,250,0.0005025125628140704,4.186298899934627
0,250,0.95,0.1,0.25,62,25062,62,250,0.0005025125628140704,4.423391200019978
0,250,0.95,0.1,0.25,63,25063,62,250,0.0005025125628140704,4.347081699990667
0,250,0.95,0.1,0.25,64,25064,62,250,0.0005025125628140704,4.285604699980468
0,250,0.95,0.1,0.25,65,25065,62,250,0.0005025125628140704,4.328691400005482
0,250,0.95,0.1,0.25,66,25066,62,250,0.0005025125628140704,4.4142493000254035
0,250,0.95,0.1,0.25,67,25067,62,250,0.0005025125628140704,4.356677000061609
0,250,0.95,0.1,0.25,68,25068,62,250,0.0005025125628140704,4.418735499959439
0,250,0.95,0.1,0.25,69,25069,62,250,0.0005025125628140704,4.434325500042178
0,250,0.95,0.1,0.25,70,25070,62,250,0.0005025125628140704,4.524957200046629
0,250,0.95,0.1,0.25,71,25071,62,250,0.0005025125628140704,4.547391299973242
0,250,0.95,0.1,0.25,72,25072,62,250,0.0005025125628140704,4.49710309994407
0,250,0.95,0.1,0.25,73,25073,62,250,0.0005025125628140704,4.5295480999629945
0,250,0.95,0.1,0.25,74,25074,62,250,0.0005025125628140704,4.419557400047779
0,250,0.95,0.1,0.25,75,25075,62,252,0.0005065326633165829,4.515810300013982
0,250,0.95,0.1,0.25,76,25076,62,250,0.0005025125628140704,4.691571500035934
0,250,0.95,0.1,0.25,77,25077,62,250,0.0005025125628140704,4.732836200040765
0,250,0.95,0.1,0.25,78,25078,62,250,0.0005025125628140704,4.337820200016722
0,250,0.95,0.1,0.25,79,25079,62,250,0.0005025125628140704,4.691633200040087
0,250,0.95,0.1,0.25,80,25080,62,250,0.0005025125628140704,4.342687999946065
0,250,0.95,0.1,0.25,81,25081,62,250,0.0005025125628140704,4.827986500109546
0,250,0.95,0.1,0.25,82,25082,62,250,0.0005025125628140704,4.494420800008811
0,250,0.95,0.1,0.25,83,25083,62,250,0.0005025125628140704,4.255483300075866
0,250,0.95,0.1,0.25,84,25084,62,250,0.0005025125628140704,4.657062400016002
0,250,0.95,0.1,0.25,85,25085,62,250,0.0005025125628140704,4.2129001000430435
0,250,0.95,0.1,0.25,86,25086,62,250,0.0005025125628140704,4.112449200008996
0,250,0.95,0.1,0.25,87,25087,62,250,0.0005025125628140704,4.5266388999298215
0,250,0.95,0.1,0.25,88,25088,62,250,0.0005025125628140704,4.517344400053844
0,250,0.95,0.1,0.25,89,25089,62,250,0.0005025125628140704,4.843917999998666
0,250,0.95,0.1,0.25,90,25090,62,250,0.0005025125628140704,4.566744600073434
0,250,0.95,0.1,0.25,91,25091,62,250,0.0005025125628140704,4.671271599945612
0,250,0.95,0.1,0.25,92,25092,62,250,0.0005025125628140704,4.621912200003862
0,250,0.95,0.1,0.25,93,25093,62,250,0.0005025125628140704,4.610608799965121
0,250,0.95,0.1,0.25,94,25094,62,250,0.0005025125628140704,4.584825500031002
0,250,0.95,0.1,0.25,95,25095,62,250,0.0005025125628140704,4.522287799976766
0,250,0.95,0.1,0.25,96,25096,62,250,0.0005025125628140704,4.536690999986604
0,250,0.95,0.1,0.25,97,25097,62,250,0.0005025125628140704,4.559123500017449
0,250,0.95,0.1,0.25,98,25098,62,250,0.0005025125628140704,4.350138999987394
0,250,0.95,0.1,0.25,99,25099,62,250,0.0005025125628140704,4.565633099991828
0,250,0.95,0.1,0.30000000000000004,0,30000,75,250,0.0005025125628140704,4.466215000022203
0,250,0.95,0.1,0.30000000000000004,1,30001,75,250,0.0005025125628140704,4.2795226000016555
0,250,0.95,0.1,0.30000000000000004,2,30002,75,250,0.0005025125628140704,4.634517299942672
0,250,0.95,0.1,0.30000000000000004,3,30003,75,250,0.0005025125628140704,4.2124940999783576
0,250,0.95,0.1,0.30000000000000004,4,30004,75,250,0.0005025125628140704,4.752594999969006
0,250,0.95,0.1,0.30000000000000004,5,30005,75,250,0.0005025125628140704,4.455061799963005
0,250,0.95,0.1,0.30000000000000004,6,30006,75,250,0.0005025125628140704,4.4429406999843195
0,250,0.95,0.1,0.30000000000000004,7,30007,75,250,0.0005025125628140704,4.647563700098544
0,250,0.95,0.1,0.30000000000000004,8,30008,75,250,0.0005025125628140704,4.749048500088975
0,250,0.95,0.1,0.30000000000000004,9,30009,75,250,0.0005025125628140704,4.315998399979435
0,250,0.95,0.1,0.30000000000000004,10,30010,75,250,0.0005025125628140704,4.630210500094108
0,250,0.95,0.1,0.30000000000000004,11,30011,75,250,0.0005025125628140704,4.450215599965304
0,250,0.95,0.1,0.30000000000000004,12,30012,75,250,0.0005025125628140704,4.300440000020899
0,250,0.95,0.1,0.30000000000000004,13,30013,75,250,0.0005025125628140704,4.603600700036623
0,250,0.95,0.1,0.30000000000000004,14,30014,75,250,0.0005025125628140704,4.452080799965188
0,250,0.95,0.1,0.30000000000000004,15,30015,75,250,0.0005025125628140704,4.5015606000088155
0,250,0.95,0.1,0.30000000000000004,16,30016,75,250,0.0005025125628140704,4.27494349994231
0,250,0.95,0.1,0.30000000000000004,17,30017,75,250,0.0005025125628140704,4.313598399981856
0,250,0.95,0.1,0.30000000000000004,18,30018,75,250,0.0005025125628140704,4.263993300031871
0,250,0.95,0.1,0.30000000000000004,19,30019,75,250,0.0005025125628140704,4.266605200013146
0,250,0.95,0.1,0.30000000000000004,20,30020,75,250,0.0005025125628140704,4.139829199993983
0,250,0.95,0.1,0.30000000000000004,21,30021,75,250,0.0005025125628140704,5.152146300068125
0,250,0.95,0.1,0.30000000000000004,22,30022,75,250,0.0005025125628140704,5.169262000010349
0,250,0.95,0.1,0.30000000000000004,23,30023,75,250,0.0005025125628140704,5.166888799984008
0,250,0.95,0.1,0.30000000000000004,24,30024,75,250,0.0005025125628140704,5.186230699997395
0,250,0.95,0.1,0.30000000000000004,25,30025,75,250,0.0005025125628140704,5.141845400095917
0,250,0.95,0.1,0.30000000000000004,26,30026,75,250,0.0005025125628140704,4.352231999975629
0,250,0.95,0.1,0.30000000000000004,27,30027,75,250,0.0005025125628140704,4.414365299977362
0,250,0.95,0.1,0.30000000000000004,28,30028,75,250,0.0005025125628140704,4.529533399967477
0,250,0.95,0.1,0.30000000000000004,29,30029,75,250,0.0005025125628140704,4.598698000074364
0,250,0.95,0.1,0.30000000000000004,30,30030,75,250,0.0005025125628140704,4.566336099989712
0,250,0.95,0.1,0.30000000000000004,31,30031,75,250,0.0005025125628140704,4.595029199961573
0,250,0.95,0.1,0.30000000000000004,32,30032,75,250,0.0005025125628140704,4.539335299981758
0,250,0.95,0.1,0.30000000000000004,33,30033,75,250,0.0005025125628140704,4.564608699991368
0,250,0.95,0.1,0.30000000000000004,34,30034,75,250,0.0005025125628140704,4.533087800024077
0,250,0.95,0.1,0.30000000000000004,35,30035,75,250,0.0005025125628140704,4.514492600108497
0,250,0.95,0.1,0.30000000000000004,36,30036,75,250,0.0005025125628140704,4.62068279995583
0,250,0.95,0.1,0.30000000000000004,37,30037,75,250,0.0005025125628140704,4.4971613000379875
0,250,0.95,0.1,0.30000000000000004,38,30038,75,250,0.0005025125628140704,4.491782899945974
0,250,0.95,0.1,0.30000000000000004,39,30039,75,250,0.0005025125628140704,4.458646500017494
0,250,0.95,0.1,0.30000000000000004,40,30040,75,250,0.0005025125628140704,4.480240699951537
0,250,0.95,0.1,0.30000000000000004,41,30041,75,250,0.0005025125628140704,4.545562500017695
0,250,0.95,0.1,0.30000000000000004,42,30042,75,250,0.0005025125628140704,4.4871732000028715
0,250,0.95,0.1,0.30000000000000004,43,30043,75,250,0.0005025125628140704,4.506897000013851
0,250,0.95,0.1,0.30000000000000004,44,30044,75,250,0.0005025125628140704,4.533547000028193
0,250,0.95,0.1,0.30000000000000004,45,30045,75,250,0.0005025125628140704,4.617340299999341
0,250,0.95,0.1,0.30000000000000004,46,30046,75,250,0.0005025125628140704,4.518908599973656
0,250,0.95,0.1,0.30000000000000004,47,30047,75,250,0.0005025125628140704,4.535029400023632
0,250,0.95,0.1,0.30000000000000004,48,30048,75,250,0.0005025125628140704,4.535562300006859
0,250,0.95,0.1,0.30000000000000004,49,30049,75,250,0.0005025125628140704,4.519356100005098
0,250,0.95,0.1,0.30000000000000004,50,30050,75,250,0.0005025125628140704,4.482458300073631
0,250,0.95,0.1,0.30000000000000004,51,30051,75,250,0.0005025125628140704,4.455049799988046
0,250,0.95,0.1,0.30000000000000004,52,30052,75,250,0.0005025125628140704,4.515989999985322
0,250,0.95,0.1,0.30000000000000004,53,30053,75,251,0.0005045226130653267,4.459840799914673
0,250,0.95,0.1,0.30000000000000004,54,30054,75,250,0.0005025125628140704,4.522437199950218
0,250,0.95,0.1,0.30000000000000004,55,30055,75,250,0.0005025125628140704,4.482569999992847
0,250,0.95,0.1,0.30000000000000004,56,30056,75,250,0.0005025125628140704,4.504340399987996
0,250,0.95,0.1,0.30000000000000004,57,30057,75,250,0.0005025125628140704,4.475021499907598
0,250,0.95,0.1,0.30000000000000004,58,30058,75,250,0.0005025125628140704,4.453148999949917
0,250,0.95,0.1,0.30000000000000004,59,30059,75,250,0.0005025125628140704,4.529739100020379
0,250,0.95,0.1,0.30000000000000004,60,30060,75,250,0.0005025125628140704,4.492402200005017
0,250,0.95,0.1,0.30000000000000004,61,30061,75,250,0.0005025125628140704,4.498192099970765
0,250,0.95,0.1,0.30000000000000004,62,30062,75,250,0.0005025125628140704,4.47003800002858
0,250,0.95,0.1,0.30000000000000004,63,30063,75,250,0.0005025125628140704,4.540051999967545
0,250,0.95,0.1,0.30000000000000004,64,30064,75,250,0.0005025125628140704,4.494602599996142
0,250,0.95,0.1,0.30000000000000004,65,30065,75,250,0.0005025125628140704,4.562464999966323
0,250,0.95,0.1,0.30000000000000004,66,30066,75,250,0.0005025125628140704,4.510862999944948
0,250,0.95,0.1,0.30000000000000004,67,30067,75,250,0.0005025125628140704,4.499611599952914
0,250,0.95,0.1,0.30000000000000004,68,30068,75,250,0.0005025125628140704,4.53070760006085
0,250,0.95,0.1,0.30000000000000004,69,30069,75,250,0.0005025125628140704,4.459813800058328
0,250,0.95,0.1,0.30000000000000004,70,30070,75,250,0.0005025125628140704,4.61522410006728
0,250,0.95,0.1,0.30000000000000004,71,30071,75,250,0.0005025125628140704,4.462655000039376
0,250,0.95,0.1,0.30000000000000004,72,30072,75,250,0.0005025125628140704,4.442414200049825
0,250,0.95,0.1,0.30000000000000004,73,30073,75,250,0.0005025125628140704,4.51769340003375
0,250,0.95,0.1,0.30000000000000004,74,30074,75,250,0.0005025125628140704,4.446358599932864
0,250,0.95,0.1,0.30000000000000004,75,30075,75,250,0.0005025125628140704,4.457403799984604
0,250,0.95,0.1,0.30000000000000004,76,30076,75,250,0.0005025125628140704,4.475874499999918
0,250,0.95,0.1,0.30000000000000004,77,30077,75,250,0.0005025125628140704,4.493106399895623
0,250,0.95,0.1,0.30000000000000004,78,30078,75,250,0.0005025125628140704,4.505688300007023
0,250,0.95,0.1,0.30000000000000004,79,30079,75,250,0.0005025125628140704,4.537615200038999
0,250,0.95,0.1,0.30000000000000004,80,30080,75,250,0.0005025125628140704,4.4761285999557
0,250,0.95,0.1,0.30000000000000004,81,30081,75,250,0.0005025125628140704,4.494867599918507
0,250,0.95,0.1,0.30000000000000004,82,30082,75,250,0.0005025125628140704,4.494836800033227
0,250,0.95,0.1,0.30000000000000004,83,30083,75,250,0.0005025125628140704,4.360443399986252
0,250,0.95,0.1,0.30000000000000004,84,30084,75,250,0.0005025125628140704,4.365721100009978
0,250,0.95,0.1,0.30000000000000004,85,30085,75,250,0.0005025125628140704,4.430019799969159
0,250,0.95,0.1,0.30000000000000004,86,30086,75,250,0.0005025125628140704,4.3990104999393225
0,250,0.95,0.1,0.30000000000000004,87,30087,75,250,0.0005025125628140704,4.398913000011817
0,250,0.95,0.1,0.30000000000000004,88,30088,75,250,0.0005025125628140704,4.3779334999853745
0,250,0.95,0.1,0.30000000000000004,89,30089,75,250,0.0005025125628140704,4.399605899932794
0,250,0.95,0.1,0.30000000000000004,90,30090,75,250,0.0005025125628140704,4.304194799973629
0,250,0.95,0.1,0.30000000000000004,91,30091,75,251,0.0005045226130653267,4.369760699919425
0,250,0.95,0.1,0.30000000000000004,92,30092,75,250,0.0005025125628140704,4.394315100042149
0,250,0.95,0.1,0.30000000000000004,93,30093,75,250,0.0005025125628140704,4.408472800045274
0,250,0.95,0.1,0.30000000000000004,94,30094,75,250,0.0005025125628140704,4.4067330999532714
0,250,0.95,0.1,0.30000000000000004,95,30095,75,250,0.0005025125628140704,4.435978100053035
0,250,0.95,0.1,0.30000000000000004,96,30096,75,250,0.0005025125628140704,4.5001839000033215
0,250,0.95,0.1,0.30000000000000004,97,30097,75,250,0.0005025125628140704,4.433074000058696
0,250,0.95,0.1,0.30000000000000004,98,30098,75,250,0.0005025125628140704,4.4877105000196025
0,250,0.95,0.1,0.30000000000000004,99,30099,75,250,0.0005025125628140704,4.506828499957919
0,250,0.95,0.1,0.35000000000000003,0,35000,88,250,0.0005025125628140704,4.480052700033411
0,250,0.95,0.1,0.35000000000000003,1,35001,88,250,0.0005025125628140704,4.518632200080901
0,250,0.95,0.1,0.35000000000000003,2,35002,88,250,0.0005025125628140704,4.475096800015308
0,250,0.95,0.1,0.35000000000000003,3,35003,88,250,0.0005025125628140704,4.575557700009085
0,250,0.95,0.1,0.35000000000000003,4,35004,88,250,0.0005025125628140704,4.463867199956439
0,250,0.95,0.1,0.35000000000000003,5,35005,88,250,0.0005025125628140704,4.527505700010806
0,250,0.95,0.1,0.35000000000000003,6,35006,88,250,0.0005025125628140704,4.507913899957202
0,250,0.95,0.1,0.35000000000000003,7,35007,88,250,0.0005025125628140704,4.556299599935301
0,250,0.95,0.1,0.35000000000000003,8,35008,88,250,0.0005025125628140704,4.4117199999745935
0,250,0.95,0.1,0.35000000000000003,9,35009,88,250,0.0005025125628140704,4.32034149998799
0,250,0.95,0.1,0.35000000000000003,10,35010,88,250,0.0005025125628140704,4.2842995000537485
0,250,0.95,0.1,0.35000000000000003,11,35011,88,250,0.0005025125628140704,4.4588626000331715
0,250,0.95,0.1,0.35000000000000003,12,35012,88,250,0.0005025125628140704,4.556044099968858
0,250,0.95,0.1,0.35000000000000003,13,35013,88,250,0.0005025125628140704,4.500835399958305
0,250,0.95,0.1,0.35000000000000003,14,35014,88,250,0.0005025125628140704,4.59954659990035
0,250,0.95,0.1,0.35000000000000003,15,35015,88,250,0.0005025125628140704,4.227848000009544
0,250,0.95,0.1,0.35000000000000003,16,35016,88,250,0.0005025125628140704,4.490588300046511
0,250,0.95,0.1,0.35000000000000003,17,35017,88,250,0.0005025125628140704,4.416643299977295
0,250,0.95,0.1,0.35000000000000003,18,35018,88,250,0.0005025125628140704,4.388624600018375
0,250,0.95,0.1,0.35000000000000003,19,35019,88,250,0.0005025125628140704,4.405384200043045
0,250,0.95,0.1,0.35000000000000003,20,35020,88,250,0.0005025125628140704,4.30458729993552
0,250,0.95,0.1,0.35000000000000003,21,35021,88,250,0.0005025125628140704,4.331585000036284
0,250,0.95,0.1,0.35000000000000003,22,35022,88,250,0.0005025125628140704,4.6724448999157175
0,250,0.95,0.1,0.35000000000000003,23,35023,88,250,0.0005025125628140704,4.774436000036076
0,250,0.95,0.1,0.35000000000000003,24,35024,88,250,0.0005025125628140704,4.869432300096378
0,250,0.95,0.1,0.35000000000000003,25,35025,88,250,0.0005025125628140704,4.905157600063831
0,250,0.95,0.1,0.35000000000000003,26,35026,88,250,0.0005025125628140704,4.365550299989991
0,250,0.95,0.1,0.35000000000000003,27,35027,88,250,0.0005025125628140704,4.165118400007486
0,250,0.95,0.1,0.35000000000000003,28,35028,88,250,0.0005025125628140704,4.2874574000015855
0,250,0.95,0.1,0.35000000000000003,29,35029,88,250,0.0005025125628140704,4.581387900048867
0,250,0.95,0.1,0.35000000000000003,30,35030,88,250,0.0005025125628140704,4.627357200020924
0,250,0.95,0.1,0.35000000000000003,31,35031,88,250,0.0005025125628140704,4.589152499916963
0,250,0.95,0.1,0.35000000000000003,32,35032,88,250,0.0005025125628140704,4.627619000035338
0,250,0.95,0.1,0.35000000000000003,33,35033,88,250,0.0005025125628140704,4.75771439995151
0,250,0.95,0.1,0.35000000000000003,34,35034,88,250,0.0005025125628140704,4.803243100061081
0,250,0.95,0.1,0.35000000000000003,35,35035,88,250,0.0005025125628140704,4.8727536998922005
0,250,0.95,0.1,0.35000000000000003,36,35036,88,250,0.0005025125628140704,4.840854400070384
0,250,0.95,0.1,0.35000000000000003,37,35037,88,250,0.0005025125628140704,4.65662380005233
0,250,0.95,0.1,0.35000000000000003,38,35038,88,250,0.0005025125628140704,4.955962199950591
0,250,0.95,0.1,0.35000000000000003,39,35039,88,250,0.0005025125628140704,5.068515200051479
0,250,0.95,0.1,0.35000000000000003,40,35040,88,250,0.0005025125628140704,5.002806200063787
0,250,0.95,0.1,0.35000000000000003,41,35041,88,250,0.0005025125628140704,5.038019899977371
0,250,0.95,0.1,0.35000000000000003,42,35042,88,250,0.0005025125628140704,5.127895400044508
0,250,0.95,0.1,0.35000000000000003,43,35043,88,250,0.0005025125628140704,5.207785300095566
0,250,0.95,0.1,0.35000000000000003,44,35044,88,250,0.0005025125628140704,5.1773792000021785
0,250,0.95,0.1,0.35000000000000003,45,35045,88,250,0.0005025125628140704,5.541268300032243
0,250,0.95,0.1,0.35000000000000003,46,35046,88,250,0.0005025125628140704,5.141492799972184
0,250,0.95,0.1,0.35000000000000003,47,35047,88,250,0.0005025125628140704,5.433310099993832
0,250,0.95,0.1,0.35000000000000003,48,35048,88,250,0.0005025125628140704,4.922799999942072
0,250,0.95,0.1,0.35000000000000003,49,35049,88,250,0.0005025125628140704,5.223534699995071
0,250,0.95,0.1,0.35000000000000003,50,35050,88,250,0.0005025125628140704,4.882661100011319
0,250,0.95,0.1,0.35000000000000003,51,35051,88,250,0.0005025125628140704,5.388829299947247
0,250,0.95,0.1,0.35000000000000003,52,35052,88,250,0.0005025125628140704,4.7155083999969065
0,250,0.95,0.1,0.35000000000000003,53,35053,88,250,0.0005025125628140704,4.58763419999741
0,250,0.95,0.1,0.35000000000000003,54,35054,88,250,0.0005025125628140704,4.552524300059304
0,250,0.95,0.1,0.35000000000000003,55,35055,88,250,0.0005025125628140704,4.853690200019628
0,250,0.95,0.1,0.35000000000000003,56,35056,88,250,0.0005025125628140704,4.884294499992393
0,250,0.95,0.1,0.35000000000000003,57,35057,88,250,0.0005025125628140704,4.918511700001545
0,250,0.95,0.1,0.35000000000000003,58,35058,88,250,0.0005025125628140704,4.8294886000221595
0,250,0.95,0.1,0.35000000000000003,59,35059,88,250,0.0005025125628140704,4.964761999901384
0,250,0.95,0.1,0.35000000000000003,60,35060,88,250,0.0005025125628140704,4.959780000033788
0,250,0.95,0.1,0.35000000000000003,61,35061,88,250,0.0005025125628140704,5.0432496999856085
0,250,0.95,0.1,0.35000000000000003,62,35062,88,250,0.0005025125628140704,5.152151299989782
0,250,0.95,0.1,0.35000000000000003,63,35063,88,250,0.0005025125628140704,4.895241699996404
0,250,0.95,0.1,0.35000000000000003,64,35064,88,250,0.0005025125628140704,5.068542000022717
0,250,0.95,0.1,0.35000000000000003,65,35065,88,250,0.0005025125628140704,4.699844400049187
0,250,0.95,0.1,0.35000000000000003,66,35066,88,250,0.0005025125628140704,4.813431199989282
0,250,0.95,0.1,0.35000000000000003,67,35067,88,250,0.0005025125628140704,4.559784900047816
0,250,0.95,0.1,0.35000000000000003,68,35068,88,250,0.0005025125628140704,4.6809500000672415
0,250,0.95,0.1,0.35000000000000003,69,35069,88,250,0.0005025125628140704,4.605096900020726
0,250,0.95,0.1,0.35000000000000003,70,35070,88,250,0.0005025125628140704,4.725885900086723
0,250,0.95,0.1,0.35000000000000003,71,35071,88,250,0.0005025125628140704,4.70180420007091
0,250,0.95,0.1,0.35000000000000003,72,35072,88,250,0.0005025125628140704,4.824653399991803
0,250,0.95,0.1,0.35000000000000003,73,35073,88,250,0.0005025125628140704,4.750706799910404
0,250,0.95,0.1,0.35000000000000003,74,35074,88,250,0.0005025125628140704,4.580413999967277
0,250,0.95,0.1,0.35000000000000003,75,35075,88,250,0.0005025125628140704,4.8355666000861675
0,250,0.95,0.1,0.35000000000000003,76,35076,88,250,0.0005025125628140704,4.782128100050613
0,250,0.95,0.1,0.35000000000000003,77,35077,88,250,0.0005025125628140704,6.414935600012541
0,250,0.95,0.1,0.35000000000000003,78,35078,88,250,0.0005025125628140704,6.565937599982135
0,250,0.95,0.1,0.35000000000000003,79,35079,88,250,0.0005025125628140704,5.9270379999652505
0,250,0.95,0.1,0.35000000000000003,80,35080,88,250,0.0005025125628140704,6.015248200041242
0,250,0.95,0.1,0.35000000000000003,81,35081,88,250,0.0005025125628140704,7.4505298000294715
0,250,0.95,0.1,0.35000000000000003,82,35082,88,250,0.0005025125628140704,6.460960900061764
0,250,0.95,0.1,0.35000000000000003,83,35083,88,250,0.0005025125628140704,7.058661899995059
0,250,0.95,0.1,0.35000000000000003,84,35084,88,250,0.0005025125628140704,7.743751800036989
0,250,0.95,0.1,0.35000000000000003,85,35085,88,250,0.0005025125628140704,6.99195429997053
0,250,0.95,0.1,0.35000000000000003,86,35086,88,250,0.0005025125628140704,8.396404900006019
0,250,0.95,0.1,0.35000000000000003,87,35087,88,250,0.0005025125628140704,8.218727500061505
0,250,0.95,0.1,0.35000000000000003,88,35088,88,250,0.0005025125628140704,7.055748400045559
0,250,0.95,0.1,0.35000000000000003,89,35089,88,250,0.0005025125628140704,6.916245299973525
0,250,0.95,0.1,0.35000000000000003,90,35090,88,250,0.0005025125628140704,7.174236200051382
0,250,0.95,0.1,0.35000000000000003,91,35091,88,250,0.0005025125628140704,6.765468799974769
0,250,0.95,0.1,0.35000000000000003,92,35092,88,250,0.0005025125628140704,6.243260800023563
0,250,0.95,0.1,0.35000000000000003,93,35093,88,250,0.0005025125628140704,6.373365700012073
0,250,0.95,0.1,0.35000000000000003,94,35094,88,250,0.0005025125628140704,7.060517200035974
0,250,0.95,0.1,0.35000000000000003,95,35095,88,250,0.0005025125628140704,6.424704800010659
0,250,0.95,0.1,0.35000000000000003,96,35096,88,250,0.0005025125628140704,6.031511000008322
0,250,0.95,0.1,0.35000000000000003,97,35097,88,250,0.0005025125628140704,5.72021759999916
0,250,0.95,0.1,0.35000000000000003,98,35098,88,250,0.0005025125628140704,6.604067599982955
0,250,0.95,0.1,0.35000000000000003,99,35099,88,250,0.0005025125628140704,6.357140299980529
0,250,0.95,0.1,0.4,0,40000,100,250,0.0005025125628140704,6.155974799999967
0,250,0.95,0.1,0.4,1,40001,100,250,0.0005025125628140704,6.035110099939629
0,250,0.95,0.1,0.4,2,40002,100,250,0.0005025125628140704,6.235283199930564
0,250,0.95,0.1,0.4,3,40003,100,250,0.0005025125628140704,5.396373099996708
0,250,0.95,0.1,0.4,4,40004,100,250,0.0005025125628140704,5.3429297000402585
0,250,0.95,0.1,0.4,5,40005,100,250,0.0005025125628140704,6.569134999997914
0,250,0.95,0.1,0.4,6,40006,100,250,0.0005025125628140704,6.585954700014554
0,250,0.95,0.1,0.4,7,40007,100,250,0.0005025125628140704,6.849270900012925
0,250,0.95,0.1,0.4,8,40008,100,250,0.0005025125628140704,5.609217700082809
0,250,0.95,0.1,0.4,9,40009,100,250,0.0005025125628140704,5.727270400035195
0,250,0.95,0.1,0.4,10,40010,100,250,0.0005025125628140704,5.651540399994701
0,250,0.95,0.1,0.4,11,40011,100,250,0.0005025125628140704,6.436344500049017
0,250,0.95,0.1,0.4,12,40012,100,250,0.0005025125628140704,5.753299199976027
0,250,0.95,0.1,0.4,13,40013,100,250,0.0005025125628140704,5.1493738000281155
0,250,0.95,0.1,0.4,14,40014,100,250,0.0005025125628140704,5.227585199987516
0,250,0.95,0.1,0.4,15,40015,100,250,0.0005025125628140704,6.033257300034165
0,250,0.95,0.1,0.4,16,40016,100,250,0.0005025125628140704,5.089631299953908
0,250,0.95,0.1,0.4,17,40017,100,250,0.0005025125628140704,5.139284900040366
0,250,0.95,0.1,0.4,18,40018,100,250,0.0005025125628140704,4.882746399962343
0,250,0.95,0.1,0.4,19,40019,100,250,0.0005025125628140704,5.375745099969208
0,250,0.95,0.1,0.4,20,40020,100,250,0.0005025125628140704,5.411877700011246
0,250,0.95,0.1,0.4,21,40021,100,250,0.0005025125628140704,5.285564100020565
0,250,0.95,0.1,0.4,22,40022,100,250,0.0005025125628140704,4.8838680000044405
0,250,0.95,0.1,0.4,23,40023,100,250,0.0005025125628140704,5.144756600027904
0,250,0.95,0.1,0.4,24,40024,100,250,0.0005025125628140704,4.7355346999829635
0,250,0.95,0.1,0.4,25,40025,100,250,0.0005025125628140704,4.741240500006825
0,250,0.95,0.1,0.4,26,40026,100,250,0.0005025125628140704,4.611518999910913
0,250,0.95,0.1,0.4,27,40027,100,250,0.0005025125628140704,4.750724700046703
0,250,0.95,0.1,0.4,28,40028,100,250,0.0005025125628140704,4.881579600041732
0,250,0.95,0.1,0.4,29,40029,100,250,0.0005025125628140704,4.806694500031881
0,250,0.95,0.1,0.4,30,40030,100,250,0.0005025125628140704,4.8020721999928355
0,250,0.95,0.1,0.4,31,40031,100,250,0.0005025125628140704,4.736181800020859
0,250,0.95,0.1,0.4,32,40032,100,250,0.0005025125628140704,4.747817500028759
0,250,0.95,0.1,0.4,33,40033,100,250,0.0005025125628140704,4.702484000008553
0,250,0.95,0.1,0.4,34,40034,100,250,0.0005025125628140704,4.795293000061065
0,250,0.95,0.1,0.4,35,40035,100,250,0.0005025125628140704,4.68286669999361
0,250,0.95,0.1,0.4,36,40036,100,250,0.0005025125628140704,4.721334699890576
0,250,0.95,0.1,0.4,37,40037,100,250,0.0005025125628140704,4.655989799997769
0,250,0.95,0.1,0.4,38,40038,100,250,0.0005025125628140704,4.856941199977882
0,250,0.95,0.1,0.4,39,40039,100,250,0.0005025125628140704,4.789359600050375
0,250,0.95,0.1,0.4,40,40040,100,250,0.0005025125628140704,4.7669765000464395
0,250,0.95,0.1,0.4,41,40041,100,250,0.0005025125628140704,4.822419099975377
0,250,0.95,0.1,0.4,42,40042,100,250,0.0005025125628140704,5.204504999914207
0,250,0.95,0.1,0.4,43,40043,100,250,0.0005025125628140704,4.839357299963012
0,250,0.95,0.1,0.4,44,40044,100,250,0.0005025125628140704,4.847448599990457
0,250,0.95,0.1,0.4,45,40045,100,250,0.0005025125628140704,4.979137199930847
0,250,0.95,0.1,0.4,46,40046,100,250,0.0005025125628140704,5.015568499919027
0,250,0.95,0.1,0.4,47,40047,100,250,0.0005025125628140704,5.0392614000011235
0,250,0.95,0.1,0.4,48,40048,100,250,0.0005025125628140704,5.125682400073856
0,250,0.95,0.1,0.4,49,40049,100,250,0.0005025125628140704,4.873923999955878
0,250,0.95,0.1,0.4,50,40050,100,250,0.0005025125628140704,4.9416456000180915
0,250,0.95,0.1,0.4,51,40051,100,250,0.0005025125628140704,4.910598000045866
0,250,0.95,0.1,0.4,52,40052,100,250,0.0005025125628140704,4.772393899969757
0,250,0.95,0.1,0.4,53,40053,100,251,0.0005045226130653267,4.747470299946144
0,250,0.95,0.1,0.4,54,40054,100,250,0.0005025125628140704,4.818929000059143
0,250,0.95,0.1,0.4,55,40055,100,250,0.0005025125628140704,4.7940162000013515
0,250,0.95,0.1,0.4,56,40056,100,250,0.0005025125628140704,4.689787300070748
0,250,0.95,0.1,0.4,57,40057,100,250,0.0005025125628140704,4.666590500040911
0,250,0.95,0.1,0.4,58,40058,100,250,0.0005025125628140704,4.787472199997865
0,250,0.95,0.1,0.4,59,40059,100,250,0.0005025125628140704,4.772281300043687
0,250,0.95,0.1,0.4,60,40060,100,250,0.0005025125628140704,4.75689729989972
0,250,0.95,0.1,0.4,61,40061,100,250,0.0005025125628140704,4.767781600006856
0,250,0.95,0.1,0.4,62,40062,100,250,0.0005025125628140704,4.824370600050315
0,250,0.95,0.1,0.4,63,40063,100,250,0.0005025125628140704,4.8042238999623805
0,250,0.95,0.1,0.4,64,40064,100,250,0.0005025125628140704,4.720360900042579
0,250,0.95,0.1,0.4,65,40065,100,250,0.0005025125628140704,4.803459499962628
0,250,0.95,0.1,0.4,66,40066,100,250,0.0005025125628140704,4.6956498000072315
0,250,0.95,0.1,0.4,67,40067,100,250,0.0005025125628140704,4.719694999977946
0,250,0.95,0.1,0.4,68,40068,100,250,0.0005025125628140704,4.786715300055221
0,250,0.95,0.1,0.4,69,40069,100,250,0.0005025125628140704,4.779363899957389
0,250,0.95,0.1,0.4,70,40070,100,250,0.0005025125628140704,4.859809400048107
0,250,0.95,0.1,0.4,71,40071,100,250,0.0005025125628140704,4.831294500036165
0,250,0.95,0.1,0.4,72,40072,100,250,0.0005025125628140704,4.826876600040123
0,250,0.95,0.1,0.4,73,40073,100,250,0.0005025125628140704,4.855177599936724
0,250,0.95,0.1,0.4,74,40074,100,250,0.0005025125628140704,4.828724100021645
0,250,0.95,0.1,0.4,75,40075,100,250,0.0005025125628140704,4.787354000029154
0,250,0.95,0.1,0.4,76,40076,100,250,0.0005025125628140704,4.829701300011948
0,250,0.95,0.1,0.4,77,40077,100,250,0.0005025125628140704,4.747348599950783
0,250,0.95,0.1,0.4,78,40078,100,250,0.0005025125628140704,4.810345000005327
0,250,0.95,0.1,0.4,79,40079,100,250,0.0005025125628140704,4.799544399953447
0,250,0.95,0.1,0.4,80,40080,100,250,0.0005025125628140704,4.816824399982579
0,250,0.95,0.1,0.4,81,40081,100,250,0.0005025125628140704,4.876297599985264
0,250,0.95,0.1,0.4,82,40082,100,250,0.0005025125628140704,4.72348939999938
0,250,0.95,0.1,0.4,83,40083,100,250,0.0005025125628140704,4.880690900026821
0,250,0.95,0.1,0.4,84,40084,100,250,0.0005025125628140704,4.7367913000052795
0,250,0.95,0.1,0.4,85,40085,100,250,0.0005025125628140704,4.874992900062352
0,250,0.95,0.1,0.4,86,40086,100,250,0.0005025125628140704,4.678102700039744
0,250,0.95,0.1,0.4,87,40087,100,250,0.0005025125628140704,4.805793300038204
0,250,0.95,0.1,0.4,88,40088,100,250,0.0005025125628140704,4.734654999920167
0,250,0.95,0.1,0.4,89,40089,100,250,0.0005025125628140704,4.78670699999202
0,250,0.95,0.1,0.4,90,40090,100,250,0.0005025125628140704,4.666647600010037
0,250,0.95,0.1,0.4,91,40091,100,250,0.0005025125628140704,4.823177500045858
0,250,0.95,0.1,0.4,92,40092,100,250,0.0005025125628140704,4.733311099931598
0,250,0.95,0.1,0.4,93,40093,100,250,0.0005025125628140704,4.866303400020115
0,250,0.95,0.1,0.4,94,40094,100,250,0.0005025125628140704,5.051105899969116
0,250,0.95,0.1,0.4,95,40095,100,250,0.0005025125628140704,4.803410599939525
0,250,0.95,0.1,0.4,96,40096,100,250,0.0005025125628140704,4.85733180004172
0,250,0.95,0.1,0.4,97,40097,100,250,0.0005025125628140704,4.797213299898431
0,250,0.95,0.1,0.4,98,40098,100,250,0.0005025125628140704,4.648278799955733
0,250,0.95,0.1,0.4,99,40099,100,250,0.0005025125628140704,4.8688581000315025
0,250,0.95,0.1,0.45,0,45000,112,250,0.0005025125628140704,4.997434200020507
0,250,0.95,0.1,0.45,1,45001,112,250,0.0005025125628140704,4.647832899936475
0,250,0.95,0.1,0.45,2,45002,112,250,0.0005025125628140704,4.78641709999647
0,250,0.95,0.1,0.45,3,45003,112,250,0.0005025125628140704,4.940158399986103
0,250,0.95,0.1,0.45,4,45004,112,250,0.0005025125628140704,4.8111433000303805
0,250,0.95,0.1,0.45,5,45005,112,250,0.0005025125628140704,4.6014168000547215
0,250,0.95,0.1,0.45,6,45006,112,250,0.0005025125628140704,4.672500499989837
0,250,0.95,0.1,0.45,7,45007,112,250,0.0005025125628140704,4.9666538999881595
0,250,0.95,0.1,0.45,8,45008,112,250,0.0005025125628140704,4.725475299987011
0,250,0.95,0.1,0.45,9,45009,112,250,0.0005025125628140704,4.891677299980074
0,250,0.95,0.1,0.45,10,45010,112,250,0.0005025125628140704,5.040333900018595
0,250,0.95,0.1,0.45,11,45011,112,250,0.0005025125628140704,4.7600501999258995
0,250,0.95,0.1,0.45,12,45012,112,250,0.0005025125628140704,4.629453599918634
0,250,0.95,0.1,0.45,13,45013,112,250,0.0005025125628140704,4.776290399953723
0,250,0.95,0.1,0.45,14,45014,112,250,0.0005025125628140704,4.863886300008744
0,250,0.95,0.1,0.45,15,45015,112,250,0.0005025125628140704,4.929885999998078
0,250,0.95,0.1,0.45,16,45016,112,250,0.0005025125628140704,4.7922171000391245
0,250,0.95,0.1,0.45,17,45017,112,250,0.0005025125628140704,4.737463099998422
0,250,0.95,0.1,0.45,18,45018,112,250,0.0005025125628140704,4.574961900012568
0,250,0.95,0.1,0.45,19,45019,112,250,0.0005025125628140704,5.048808299936354
0,250,0.95,0.1,0.45,20,45020,112,250,0.0005025125628140704,4.6531926998868585
0,250,0.95,0.1,0.45,21,45021,112,250,0.0005025125628140704,4.643981300061569
0,250,0.95,0.1,0.45,22,45022,112,250,0.0005025125628140704,4.679046400007792
0,250,0.95,0.1,0.45,23,45023,112,250,0.0005025125628140704,4.781963899964467
0,250,0.95,0.1,0.45,24,45024,112,250,0.0005025125628140704,5.026312100002542
0,250,0.95,0.1,0.45,25,45025,112,250,0.0005025125628140704,4.793211200041696
0,250,0.95,0.1,0.45,26,45026,112,250,0.0005025125628140704,4.50082159996964
0,250,0.95,0.1,0.45,27,45027,112,250,0.0005025125628140704,4.740722500020638
0,250,0.95,0.1,0.45,28,45028,112,250,0.0005025125628140704,4.752733499975875
0,250,0.95,0.1,0.45,29,45029,112,250,0.0005025125628140704,4.6940224000718445
0,250,0.95,0.1,0.45,30,45030,112,250,0.0005025125628140704,4.816603900049813
0,250,0.95,0.1,0.45,31,45031,112,250,0.0005025125628140704,4.754128700005822
0,250,0.95,0.1,0.45,32,45032,112,250,0.0005025125628140704,4.775523699936457
0,250,0.95,0.1,0.45,33,45033,112,250,0.0005025125628140704,4.775821299990639
0,250,0.95,0.1,0.45,34,45034,112,250,0.0005025125628140704,4.711704400018789
0,250,0.95,0.1,0.45,35,45035,112,250,0.0005025125628140704,4.951356400037184
0,250,0.95,0.1,0.45,36,45036,112,250,0.0005025125628140704,5.223474600003101
0,250,0.95,0.1,0.45,37,45037,112,250,0.0005025125628140704,5.303172499989159
0,250,0.95,0.1,0.45,38,45038,112,250,0.0005025125628140704,5.285689699929208
0,250,0.95,0.1,0.45,39,45039,112,251,0.0005045226130653267,4.943755400017835
0,250,0.95,0.1,0.45,40,45040,112,250,0.0005025125628140704,4.535274300025776
0,250,0.95,0.1,0.45,41,45041,112,250,0.0005025125628140704,5.108421899960376
0,250,0.95,0.1,0.45,42,45042,112,250,0.0005025125628140704,5.105542299919762
0,250,0.95,0.1,0.45,43,45043,112,250,0.0005025125628140704,4.999779799953103
0,250,0.95,0.1,0.45,44,45044,112,251,0.0005045226130653267,5.466872800025158
0,250,0.95,0.1,0.45,45,45045,112,250,0.0005025125628140704,5.190200899960473
0,250,0.95,0.1,0.45,46,45046,112,250,0.0005025125628140704,5.350580499973148
0,250,0.95,0.1,0.45,47,45047,112,251,0.0005045226130653267,4.995394799974747
0,250,0.95,0.1,0.45,48,45048,112,250,0.0005025125628140704,5.508483699988574
0,250,0.95,0.1,0.45,49,45049,112,250,0.0005025125628140704,5.030647399951704
0,250,0.95,0.1,0.45,50,45050,112,250,0.0005025125628140704,5.796105399960652
0,250,0.95,0.1,0.45,51,45051,112,250,0.0005025125628140704,5.076722000027075
0,250,0.95,0.1,0.45,52,45052,112,250,0.0005025125628140704,5.09758940001484
0,250,0.95,0.1,0.45,53,45053,112,250,0.0005025125628140704,4.706628000014462
0,250,0.95,0.1,0.45,54,45054,112,250,0.0005025125628140704,5.181317000067793
0,250,0.95,0.1,0.45,55,45055,112,250,0.0005025125628140704,5.1382379999849945
0,250,0.95,0.1,0.45,56,45056,112,250,0.0005025125628140704,7.790625800029375
0,250,0.95,0.1,0.45,57,45057,112,251,0.0005045226130653267,7.407433799933642
0,250,0.95,0.1,0.45,58,45058,112,250,0.0005025125628140704,4.933369299978949
0,250,0.95,0.1,0.45,59,45059,112,250,0.0005025125628140704,9.463002700009383
0,250,0.95,0.1,0.45,60,45060,112,250,0.0005025125628140704,6.02788910001982
0,250,0.95,0.1,0.45,61,45061,112,250,0.0005025125628140704,5.467915900051594
0,250,0.95,0.1,0.45,62,45062,112,250,0.0005025125628140704,7.257716799969785
0,250,0.95,0.1,0.45,63,45063,112,250,0.0005025125628140704,5.808483100030571
0,250,0.95,0.1,0.45,64,45064,112,250,0.0005025125628140704,5.67815839999821
0,250,0.95,0.1,0.45,65,45065,112,250,0.0005025125628140704,7.660433100070804
0,250,0.95,0.1,0.45,66,45066,112,250,0.0005025125628140704,5.7700514000607654
0,250,0.95,0.1,0.45,67,45067,112,250,0.0005025125628140704,5.4526005000807345
0,250,0.95,0.1,0.45,68,45068,112,250,0.0005025125628140704,5.481004799949005
0,250,0.95,0.1,0.45,69,45069,112,250,0.0005025125628140704,5.349416499957442
0,250,0.95,0.1,0.45,70,45070,112,250,0.0005025125628140704,5.900416199932806
0,250,0.95,0.1,0.45,71,45071,112,250,0.0005025125628140704,5.040528399986215
0,250,0.95,0.1,0.45,72,45072,112,250,0.0005025125628140704,4.7747496999800205
0,250,0.95,0.1,0.45,73,45073,112,250,0.0005025125628140704,5.255767400027253
0,250,0.95,0.1,0.45,74,45074,112,250,0.0005025125628140704,4.754589300020598
0,250,0.95,0.1,0.45,75,45075,112,250,0.0005025125628140704,5.05432820005808
0,250,0.95,0.1,0.45,76,45076,112,250,0.0005025125628140704,4.787151099997573
0,250,0.95,0.1,0.45,77,45077,112,250,0.0005025125628140704,4.940002299961634
0,250,0.95,0.1,0.45,78,45078,112,250,0.0005025125628140704,4.737587100011297
0,250,0.95,0.1,0.45,79,45079,112,250,0.0005025125628140704,5.957599900080822
0,250,0.95,0.1,0.45,80,45080,112,250,0.0005025125628140704,5.156507899984717
0,250,0.95,0.1,0.45,81,45081,112,250,0.0005025125628140704,6.103842999902554
0,250,0.95,0.1,0.45,82,45082,112,250,0.0005025125628140704,5.191625000094064
0,250,0.95,0.1,0.45,83,45083,112,250,0.0005025125628140704,4.833610799978487
0,250,0.95,0.1,0.45,84,45084,112,250,0.0005025125628140704,5.026634800015017
0,250,0.95,0.1,0.45,85,45085,112,250,0.0005025125628140704,5.454346499987878
0,250,0.95,0.1,0.45,86,45086,112,250,0.0005025125628140704,4.941981400013901
0,250,0.95,0.1,0.45,87,45087,112,250,0.0005025125628140704,4.806404199916869
0,250,0.95,0.1,0.45,88,45088,112,250,0.0005025125628140704,4.805326699977741
0,250,0.95,0.1,0.45,89,45089,112,250,0.0005025125628140704,4.722507099970244
0,250,0.95,0.1,0.45,90,45090,112,250,0.0005025125628140704,4.802487700013444
0,250,0.95,0.1,0.45,91,45091,112,250,0.0005025125628140704,4.646257000043988
0,250,0.95,0.1,0.45,92,45092,112,250,0.0005025125628140704,4.769337599980645
0,250,0.95,0.1,0.45,93,45093,112,250,0.0005025125628140704,4.680066999979317
0,250,0.95,0.1,0.45,94,45094,112,250,0.0005025125628140704,4.683124199975282
0,250,0.95,0.1,0.45,95,45095,112,250,0.0005025125628140704,4.845807099947706
0,250,0.95,0.1,0.45,96,45096,112,250,0.0005025125628140704,4.66865330003202
0,250,0.95,0.1,0.45,97,45097,112,250,0.0005025125628140704,4.885646100039594
0,250,0.95,0.1,0.45,98,45098,112,250,0.0005025125628140704,4.88846950000152
0,250,0.95,0.1,0.45,99,45099,112,250,0.0005025125628140704,4.833095400012098
0,250,0.95,0.1,0.5,0,50000,125,250,0.0005025125628140704,4.823315200046636
0,250,0.95,0.1,0.5,1,50001,125,250,0.0005025125628140704,4.839498099987395
0,250,0.95,0.1,0.5,2,50002,125,250,0.0005025125628140704,4.871186600066721
0,250,0.95,0.1,0.5,3,50003,125,250,0.0005025125628140704,4.95049899991136
0,250,0.95,0.1,0.5,4,50004,125,250,0.0005025125628140704,4.907020500046201
0,250,0.95,0.1,0.5,5,50005,125,250,0.0005025125628140704,4.869928100029938
0,250,0.95,0.1,0.5,6,50006,125,250,0.0005025125628140704,4.89770440000575
0,250,0.95,0.1,0.5,7,50007,125,250,0.0005025125628140704,4.801296000019647
0,250,0.95,0.1,0.5,8,50008,125,250,0.0005025125628140704,4.758947700029239
0,250,0.95,0.1,0.5,9,50009,125,250,0.0005025125628140704,4.728087299969047
0,250,0.95,0.1,0.5,10,50010,125,250,0.0005025125628140704,4.7880644999677315
0,250,0.95,0.1,0.5,11,50011,125,250,0.0005025125628140704,4.648618499981239
0,250,0.95,0.1,0.5,12,50012,125,250,0.0005025125628140704,4.910872899927199
0,250,0.95,0.1,0.5,13,50013,125,250,0.0005025125628140704,4.638353999936953
0,250,0.95,0.1,0.5,14,50014,125,250,0.0005025125628140704,4.704614700051025
0,250,0.95,0.1,0.5,15,50015,125,250,0.0005025125628140704,4.978628900018521
0,250,0.95,0.1,0.5,16,50016,125,250,0.0005025125628140704,4.722466500010341
0,250,0.95,0.1,0.5,17,50017,125,250,0.0005025125628140704,4.794213999994099
0,250,0.95,0.1,0.5,18,50018,125,250,0.0005025125628140704,4.767360600060783
0,250,0.95,0.1,0.5,19,50019,125,250,0.0005025125628140704,4.881321800057776
0,250,0.95,0.1,0.5,20,50020,125,250,0.0005025125628140704,4.896150499931537
0,250,0.95,0.1,0.5,21,50021,125,250,0.0005025125628140704,5.001764399930835
0,250,0.95,0.1,0.5,22,50022,125,250,0.0005025125628140704,4.943390499916859
0,250,0.95,0.1,0.5,23,50023,125,250,0.0005025125628140704,4.942702900036238
0,250,0.95,0.1,0.5,24,50024,125,250,0.0005025125628140704,4.840344600030221
0,250,0.95,0.1,0.5,25,50025,125,250,0.0005025125628140704,4.885429999907501
0,250,0.95,0.1,0.5,26,50026,125,250,0.0005025125628140704,4.9288370999274775
0,250,0.95,0.1,0.5,27,50027,125,250,0.0005025125628140704,4.86404049990233
0,250,0.95,0.1,0.5,28,50028,125,250,0.0005025125628140704,5.825532300048508
0,250,0.95,0.1,0.5,29,50029,125,250,0.0005025125628140704,4.837431199965067
0,250,0.95,0.1,0.5,30,50030,125,250,0.0005025125628140704,5.799914199975319
0,250,0.95,0.1,0.5,31,50031,125,250,0.0005025125628140704,5.8950192999327555
0,250,0.95,0.1,0.5,32,50032,125,250,0.0005025125628140704,4.860102899954654
0,250,0.95,0.1,0.5,33,50033,125,250,0.0005025125628140704,5.991462600068189
0,250,0.95,0.1,0.5,34,50034,125,250,0.0005025125628140704,5.238373800064437
0,250,0.95,0.1,0.5,35,50035,125,250,0.0005025125628140704,4.935142300091684
0,250,0.95,0.1,0.5,36,50036,125,250,0.0005025125628140704,5.38818759995047
0,250,0.95,0.1,0.5,37,50037,125,250,0.0005025125628140704,5.338323200005107
0,250,0.95,0.1,0.5,38,50038,125,250,0.0005025125628140704,4.905475000035949
0,250,0.95,0.1,0.5,39,50039,125,250,0.0005025125628140704,5.352801000000909
0,250,0.95,0.1,0.5,40,50040,125,250,0.0005025125628140704,5.619581299950369
0,250,0.95,0.1,0.5,41,50041,125,250,0.0005025125628140704,4.850351999979466
0,250,0.95,0.1,0.5,42,50042,125,250,0.0005025125628140704,5.653971299994737
0,250,0.95,0.1,0.5,43,50043,125,250,0.0005025125628140704,5.886373199988157
0,250,0.95,0.1,0.5,44,50044,125,250,0.0005025125628140704,5.9357779999263585
0,250,0.95,0.1,0.5,45,50045,125,250,0.0005025125628140704,5.28078499995172
0,250,0.95,0.1,0.5,46,50046,125,250,0.0005025125628140704,5.068852399941534
0,250,0.95,0.1,0.5,47,50047,125,250,0.0005025125628140704,5.280552700045519
0,250,0.95,0.1,0.5,48,50048,125,250,0.0005025125628140704,5.035370199941099
0,250,0.95,0.1,0.5,49,50049,125,250,0.0005025125628140704,4.98037669993937
0,250,0.95,0.1,0.5,50,50050,125,250,0.0005025125628140704,5.777973100077361
0,250,0.95,0.1,0.5,51,50051,125,250,0.0005025125628140704,5.417562899994664
0,250,0.95,0.1,0.5,52,50052,125,250,0.0005025125628140704,5.1389510000590235
0,250,0.95,0.1,0.5,53,50053,125,250,0.0005025125628140704,5.0825968000572175
0,250,0.95,0.1,0.5,54,50054,125,250,0.0005025125628140704,5.5918750000419095
0,250,0.95,0.1,0.5,55,50055,125,250,0.0005025125628140704,5.150968899950385
0,250,0.95,0.1,0.5,56,50056,125,250,0.0005025125628140704,4.972628299961798
0,250,0.95,0.1,0.5,57,50057,125,250,0.0005025125628140704,5.499449199996889
0,250,0.95,0.1,0.5,58,50058,125,250,0.0005025125628140704,5.06388400006108
0,250,0.95,0.1,0.5,59,50059,125,250,0.0005025125628140704,5.121168099925853
0,250,0.95,0.1,0.5,60,50060,125,250,0.0005025125628140704,5.1260599999222904
0,250,0.95,0.1,0.5,61,50061,125,250,0.0005025125628140704,5.370101099950261
0,250,0.95,0.1,0.5,62,50062,125,250,0.0005025125628140704,5.114133499911986
0,250,0.95,0.1,0.5,63,50063,125,250,0.0005025125628140704,5.2454843000741675
0,250,0.95,0.1,0.5,64,50064,125,250,0.0005025125628140704,4.687321099918336
0,250,0.95,0.1,0.5,65,50065,125,250,0.0005025125628140704,5.41325440001674
0,250,0.95,0.1,0.5,66,50066,125,250,0.0005025125628140704,4.759064100100659
0,250,0.95,0.1,0.5,67,50067,125,250,0.0005025125628140704,4.740542600047775
0,250,0.95,0.1,0.5,68,50068,125,250,0.0005025125628140704,4.900052300072275
0,250,0.95,0.1,0.5,69,50069,125,251,0.0005045226130653267,5.213707600021735
0,250,0.95,0.1,0.5,70,50070,125,250,0.0005025125628140704,5.074876799946651
0,250,0.95,0.1,0.5,71,50071,125,250,0.0005025125628140704,5.244153899955563
0,250,0.95,0.1,0.5,72,50072,125,250,0.0005025125628140704,4.89627610007301
0,250,0.95,0.1,0.5,73,50073,125,250,0.0005025125628140704,5.016453900025226
0,250,0.95,0.1,0.5,74,50074,125,250,0.0005025125628140704,4.7795679999981076
0,250,0.95,0.1,0.5,75,50075,125,250,0.0005025125628140704,4.848507500020787
0,250,0.95,0.1,0.5,76,50076,125,250,0.0005025125628140704,4.9215728000272065
0,250,0.95,0.1,0.5,77,50077,125,250,0.0005025125628140704,4.870842000003904
0,250,0.95,0.1,0.5,78,50078,125,250,0.0005025125628140704,5.330626799957827
0,250,0.95,0.1,0.5,79,50079,125,250,0.0005025125628140704,5.242095900001004
0,250,0.95,0.1,0.5,80,50080,125,250,0.0005025125628140704,5.2484805000713095
0,250,0.95,0.1,0.5,81,50081,125,250,0.0005025125628140704,4.957618199987337
0,250,0.95,0.1,0.5,82,50082,125,250,0.0005025125628140704,5.282381700002588
0,250,0.95,0.1,0.5,83,50083,125,250,0.0005025125628140704,5.377434800029732
0,250,0.95,0.1,0.5,84,50084,125,250,0.0005025125628140704,5.15043269994203
0,250,0.95,0.1,0.5,85,50085,125,250,0.0005025125628140704,5.337794300052337
0,250,0.95,0.1,0.5,86,50086,125,250,0.0005025125628140704,5.062424000003375
0,250,0.95,0.1,0.5,87,50087,125,250,0.0005025125628140704,5.29882110003382
0,250,0.95,0.1,0.5,88,50088,125,250,0.0005025125628140704,5.730283000040799
0,250,0.95,0.1,0.5,89,50089,125,250,0.0005025125628140704,5.431420900044031
0,250,0.95,0.1,0.5,90,50090,125,250,0.0005025125628140704,4.98388439998962
0,250,0.95,0.1,0.5,91,50091,125,250,0.0005025125628140704,5.60348619997967
0,250,0.95,0.1,0.5,92,50092,125,250,0.0005025125628140704,4.799180500092916
0,250,0.95,0.1,0.5,93,50093,125,250,0.0005025125628140704,5.157549099996686
0,250,0.95,0.1,0.5,94,50094,125,250,0.0005025125628140704,5.270750100025907
0,250,0.95,0.1,0.5,95,50095,125,250,0.0005025125628140704,5.507610599976033
0,250,0.95,0.1,0.5,96,50096,125,250,0.0005025125628140704,6.1752934999531135
0,250,0.95,0.1,0.5,97,50097,125,250,0.0005025125628140704,5.730760399950668
0,250,0.95,0.1,0.5,98,50098,125,250,0.0005025125628140704,5.103804099955596
0,250,0.95,0.1,0.5,99,50099,125,250,0.0005025125628140704,5.937738400069065
0,250,0.95,0.1,0.55,0,55000,138,250,0.0005025125628140704,5.557365100015886
0,250,0.95,0.1,0.55,1,55001,138,250,0.0005025125628140704,5.82860939996317
0,250,0.95,0.1,0.55,2,55002,138,250,0.0005025125628140704,5.313830200000666
0,250,0.95,0.1,0.55,3,55003,138,250,0.0005025125628140704,5.6662442000815645
0,250,0.95,0.1,0.55,4,55004,138,250,0.0005025125628140704,5.425090900040232
0,250,0.95,0.1,0.55,5,55005,138,250,0.0005025125628140704,5.057446500053629
0,250,0.95,0.1,0.55,6,55006,138,250,0.0005025125628140704,4.663127300096676
0,250,0.95,0.1,0.55,7,55007,138,250,0.0005025125628140704,4.948432400007732
0,250,0.95,0.1,0.55,8,55008,138,250,0.0005025125628140704,4.606972399982624
0,250,0.95,0.1,0.55,9,55009,138,250,0.0005025125628140704,4.850941199925728
0,250,0.95,0.1,0.55,10,55010,138,250,0.0005025125628140704,4.7993601999478415
0,250,0.95,0.1,0.55,11,55011,138,250,0.0005025125628140704,4.844025200000033
0,250,0.95,0.1,0.55,12,55012,138,250,0.0005025125628140704,4.803689199965447
0,250,0.95,0.1,0.55,13,55013,138,250,0.0005025125628140704,4.699324400047772
0,250,0.95,0.1,0.55,14,55014,138,250,0.0005025125628140704,4.869119900045916
0,250,0.95,0.1,0.55,15,55015,138,250,0.0005025125628140704,5.122816100018099
0,250,0.95,0.1,0.55,16,55016,138,250,0.0005025125628140704,4.917468799976632
0,250,0.95,0.1,0.55,17,55017,138,250,0.0005025125628140704,4.9791496999096125
0,250,0.95,0.1,0.55,18,55018,138,250,0.0005025125628140704,5.110691800015047
0,250,0.95,0.1,0.55,19,55019,138,250,0.0005025125628140704,4.808698500040919
0,250,0.95,0.1,0.55,20,55020,138,250,0.0005025125628140704,4.836805899976753
0,250,0.95,0.1,0.55,21,55021,138,250,0.0005025125628140704,4.892068199929781
0,250,0.95,0.1,0.55,22,55022,138,250,0.0005025125628140704,4.75252930005081
0,250,0.95,0.1,0.55,23,55023,138,250,0.0005025125628140704,4.936970999930054
0,250,0.95,0.1,0.55,24,55024,138,250,0.0005025125628140704,4.712733400054276
0,250,0.95,0.1,0.55,25,55025,138,250,0.0005025125628140704,4.890684299985878
0,250,0.95,0.1,0.55,26,55026,138,250,0.0005025125628140704,4.774330000043847
0,250,0.95,0.1,0.55,27,55027,138,250,0.0005025125628140704,4.801037600031123
0,250,0.95,0.1,0.55,28,55028,138,250,0.0005025125628140704,4.785177499987185
0,250,0.95,0.1,0.55,29,55029,138,250,0.0005025125628140704,4.73758870002348
0,250,0.95,0.1,0.55,30,55030,138,250,0.0005025125628140704,4.7155772999394685
0,250,0.95,0.1,0.55,31,55031,138,250,0.0005025125628140704,4.746859399951063
0,250,0.95,0.1,0.55,32,55032,138,250,0.0005025125628140704,4.691263799904846
0,250,0.95,0.1,0.55,33,55033,138,250,0.0005025125628140704,4.636980400071479
0,250,0.95,0.1,0.55,34,55034,138,250,0.0005025125628140704,4.837348399916664
0,250,0.95,0.1,0.55,35,55035,138,250,0.0005025125628140704,4.853832799941301
0,250,0.95,0.1,0.55,36,55036,138,250,0.0005025125628140704,4.632647699909285
0,250,0.95,0.1,0.55,37,55037,138,250,0.0005025125628140704,4.623430900042877
0,250,0.95,0.1,0.55,38,55038,138,250,0.0005025125628140704,4.905502600013278
0,250,0.95,0.1,0.55,39,55039,138,250,0.0005025125628140704,4.8670442999573424
0,250,0.95,0.1,0.55,40,55040,138,250,0.0005025125628140704,5.00831239996478
0,250,0.95,0.1,0.55,41,55041,138,250,0.0005025125628140704,4.725974999950267
0,250,0.95,0.1,0.55,42,55042,138,250,0.0005025125628140704,4.953349699964747
0,250,0.95,0.1,0.55,43,55043,138,250,0.0005025125628140704,5.12296129995957
0,250,0.95,0.1,0.55,44,55044,138,250,0.0005025125628140704,4.84404260001611
0,250,0.95,0.1,0.55,45,55045,138,250,0.0005025125628140704,5.090257899952121
0,250,0.95,0.1,0.55,46,55046,138,250,0.0005025125628140704,5.304885299992748
0,250,0.95,0.1,0.55,47,55047,138,250,0.0005025125628140704,5.415324199944735
0,250,0.95,0.1,0.55,48,55048,138,250,0.0005025125628140704,5.168793300050311
0,250,0.95,0.1,0.55,49,55049,138,250,0.0005025125628140704,5.047903900034726
0,250,0.95,0.1,0.55,50,55050,138,250,0.0005025125628140704,5.450395600055344
0,250,0.95,0.1,0.55,51,55051,138,250,0.0005025125628140704,4.993950300035067
0,250,0.95,0.1,0.55,52,55052,138,250,0.0005025125628140704,4.981206699972972
0,250,0.95,0.1,0.55,53,55053,138,250,0.0005025125628140704,4.89045810000971
0,250,0.95,0.1,0.55,54,55054,138,250,0.0005025125628140704,4.8695016000419855
0,250,0.95,0.1,0.55,55,55055,138,250,0.0005025125628140704,4.76209380000364
0,250,0.95,0.1,0.55,56,55056,138,250,0.0005025125628140704,4.956680700066499
0,250,0.95,0.1,0.55,57,55057,138,250,0.0005025125628140704,4.95171469997149
0,250,0.95,0.1,0.55,58,55058,138,250,0.0005025125628140704,4.873189999954775
0,250,0.95,0.1,0.55,59,55059,138,250,0.0005025125628140704,5.0832940000109375
0,250,0.95,0.1,0.55,60,55060,138,250,0.0005025125628140704,4.913056500023231
0,250,0.95,0.1,0.55,61,55061,138,250,0.0005025125628140704,5.020843500038609
0,250,0.95,0.1,0.55,62,55062,138,250,0.0005025125628140704,5.050750499940477
0,250,0.95,0.1,0.55,63,55063,138,250,0.0005025125628140704,5.001689300057478
0,250,0.95,0.1,0.55,64,55064,138,250,0.0005025125628140704,4.699330999981612
0,250,0.95,0.1,0.55,65,55065,138,250,0.0005025125628140704,5.0175118000479415
0,250,0.95,0.1,0.55,66,55066,138,250,0.0005025125628140704,5.434594399994239
0,250,0.95,0.1,0.55,67,55067,138,250,0.0005025125628140704,4.835703499964438
0,250,0.95,0.1,0.55,68,55068,138,250,0.0005025125628140704,5.188904899987392
0,250,0.95,0.1,0.55,69,55069,138,250,0.0005025125628140704,4.892211699974723
0,250,0.95,0.1,0.55,70,55070,138,250,0.0005025125628140704,5.438053800025955
0,250,0.95,0.1,0.55,71,55071,138,250,0.0005025125628140704,4.93141459999606
0,250,0.95,0.1,0.55,72,55072,138,250,0.0005025125628140704,4.990918600000441
0,250,0.95,0.1,0.55,73,55073,138,250,0.0005025125628140704,5.30618830001913
0,250,0.95,0.1,0.55,74,55074,138,250,0.0005025125628140704,5.865093300002627
0,250,0.95,0.1,0.55,75,55075,138,250,0.0005025125628140704,4.986051399959251
0,250,0.95,0.1,0.55,76,55076,138,250,0.0005025125628140704,5.350960400071926
0,250,0.95,0.1,0.55,77,55077,138,250,0.0005025125628140704,5.276381100062281
0,250,0.95,0.1,0.55,78,55078,138,250,0.0005025125628140704,5.5057863999390975
0,250,0.95,0.1,0.55,79,55079,138,250,0.0005025125628140704,5.8003721999702975
0,250,0.95,0.1,0.55,80,55080,138,250,0.0005025125628140704,5.516518900054507
0,250,0.95,0.1,0.55,81,55081,138,250,0.0005025125628140704,5.84143629996106
0,250,0.95,0.1,0.55,82,55082,138,250,0.0005025125628140704,5.395580399897881
0,250,0.95,0.1,0.55,83,55083,138,250,0.0005025125628140704,5.888519800035283
0,250,0.95,0.1,0.55,84,55084,138,250,0.0005025125628140704,5.506786200101487
0,250,0.95,0.1,0.55,85,55085,138,250,0.0005025125628140704,5.507285400060937
0,250,0.95,0.1,0.55,86,55086,138,250,0.0005025125628140704,5.332123199943453
0,250,0.95,0.1,0.55,87,55087,138,250,0.0005025125628140704,5.13168999995105
0,250,0.95,0.1,0.55,88,55088,138,250,0.0005025125628140704,5.08264189993497
0,250,0.95,0.1,0.55,89,55089,138,250,0.0005025125628140704,5.110577500076033
0,250,0.95,0.1,0.55,90,55090,138,250,0.0005025125628140704,4.876785200089216
0,250,0.95,0.1,0.55,91,55091,138,250,0.0005025125628140704,5.176732399966568
0,250,0.95,0.1,0.55,92,55092,138,250,0.0005025125628140704,4.849329799995758
0,250,0.95,0.1,0.55,93,55093,138,250,0.0005025125628140704,5.1092293000547215
0,250,0.95,0.1,0.55,94,55094,138,250,0.0005025125628140704,4.875280800042674
0,250,0.95,0.1,0.55,95,55095,138,250,0.0005025125628140704,5.528220399981365
0,250,0.95,0.1,0.55,96,55096,138,250,0.0005025125628140704,4.732246399973519
0,250,0.95,0.1,0.55,97,55097,138,250,0.0005025125628140704,5.343335599987768
0,250,0.95,0.1,0.55,98,55098,138,250,0.0005025125628140704,5.522097499924712
0,250,0.95,0.1,0.55,99,55099,138,250,0.0005025125628140704,4.448351900093257
0,250,0.95,0.1,0.6000000000000001,0,60000,150,250,0.0005025125628140704,4.423867299919948
0,250,0.95,0.1,0.6000000000000001,1,60001,150,250,0.0005025125628140704,4.979722600081004
0,250,0.95,0.1,0.6000000000000001,2,60002,150,250,0.0005025125628140704,5.392790700076148
0,250,0.95,0.1,0.6000000000000001,3,60003,150,250,0.0005025125628140704,4.588515999959782
0,250,0.95,0.1,0.6000000000000001,4,60004,150,250,0.0005025125628140704,5.957838600035757
0,250,0.95,0.1,0.6000000000000001,5,60005,150,250,0.0005025125628140704,4.550263800076209
0,250,0.95,0.1,0.6000000000000001,6,60006,150,250,0.0005025125628140704,4.765046900021844
0,250,0.95,0.1,0.6000000000000001,7,60007,150,250,0.0005025125628140704,5.541432099998929
0,250,0.95,0.1,0.6000000000000001,8,60008,150,250,0.0005025125628140704,5.172777900006622
0,250,0.95,0.1,0.6000000000000001,9,60009,150,250,0.0005025125628140704,5.161901699961163
0,250,0.95,0.1,0.6000000000000001,10,60010,150,250,0.0005025125628140704,4.912071699975058
0,250,0.95,0.1,0.6000000000000001,11,60011,150,250,0.0005025125628140704,5.594289500033483
0,250,0.95,0.1,0.6000000000000001,12,60012,150,250,0.0005025125628140704,5.3151929000159726
0,250,0.95,0.1,0.6000000000000001,13,60013,150,250,0.0005025125628140704,5.104526899987832
0,250,0.95,0.1,0.6000000000000001,14,60014,150,250,0.0005025125628140704,5.132411699974909
0,250,0.95,0.1,0.6000000000000001,15,60015,150,250,0.0005025125628140704,5.139890799997374
0,250,0.95,0.1,0.6000000000000001,16,60016,150,250,0.0005025125628140704,5.525780300027691
0,250,0.95,0.1,0.6000000000000001,17,60017,150,250,0.0005025125628140704,5.083176199928857
0,250,0.95,0.1,0.6000000000000001,18,60018,150,250,0.0005025125628140704,5.2754135999130085
0,250,0.95,0.1,0.6000000000000001,19,60019,150,250,0.0005025125628140704,4.903673200053163
0,250,0.95,0.1,0.6000000000000001,20,60020,150,250,0.0005025125628140704,5.10620859998744
0,250,0.95,0.1,0.6000000000000001,21,60021,150,251,0.0005045226130653267,5.004750100080855
0,250,0.95,0.1,0.6000000000000001,22,60022,150,250,0.0005025125628140704,5.330539799993858
0,250,0.95,0.1,0.6000000000000001,23,60023,150,250,0.0005025125628140704,4.7888717999449
0,250,0.95,0.1,0.6000000000000001,24,60024,150,250,0.0005025125628140704,4.91235889995005
0,250,0.95,0.1,0.6000000000000001,25,60025,150,250,0.0005025125628140704,5.035308300051838
0,250,0.95,0.1,0.6000000000000001,26,60026,150,250,0.0005025125628140704,5.051383999991231
0,250,0.95,0.1,0.6000000000000001,27,60027,150,250,0.0005025125628140704,4.707816899986938
0,250,0.95,0.1,0.6000000000000001,28,60028,150,250,0.0005025125628140704,5.064386799931526
0,250,0.95,0.1,0.6000000000000001,29,60029,150,250,0.0005025125628140704,4.77636550005991
0,250,0.95,0.1,0.6000000000000001,30,60030,150,250,0.0005025125628140704,5.129115300020203
0,250,0.95,0.1,0.6000000000000001,31,60031,150,250,0.0005025125628140704,4.7388430999126285
0,250,0.95,0.1,0.6000000000000001,32,60032,150,250,0.0005025125628140704,5.033059600042179
0,250,0.95,0.1,0.6000000000000001,33,60033,150,250,0.0005025125628140704,4.992341400007717
0,250,0.95,0.1,0.6000000000000001,34,60034,150,250,0.0005025125628140704,4.934912500088103
0,250,0.95,0.1,0.6000000000000001,35,60035,150,250,0.0005025125628140704,4.930255900020711
0,250,0.95,0.1,0.6000000000000001,36,60036,150,250,0.0005025125628140704,4.969735800055787
0,250,0.95,0.1,0.6000000000000001,37,60037,150,250,0.0005025125628140704,4.883605399983935
0,250,0.95,0.1,0.6000000000000001,38,60038,150,250,0.0005025125628140704,4.864459700067528
0,250,0.95,0.1,0.6000000000000001,39,60039,150,250,0.0005025125628140704,4.89052619994618
0,250,0.95,0.1,0.6000000000000001,40,60040,150,250,0.0005025125628140704,4.789577399962582
0,250,0.95,0.1,0.6000000000000001,41,60041,150,250,0.0005025125628140704,4.754343800013885
0,250,0.95,0.1,0.6000000000000001,42,60042,150,250,0.0005025125628140704,4.748481399961747
0,250,0.95,0.1,0.6000000000000001,43,60043,150,250,0.0005025125628140704,4.7283313999651
0,250,0.95,0.1,0.6000000000000001,44,60044,150,250,0.0005025125628140704,4.67905110004358
0,250,0.95,0.1,0.6000000000000001,45,60045,150,250,0.0005025125628140704,4.670056100003421
0,250,0.95,0.1,0.6000000000000001,46,60046,150,250,0.0005025125628140704,4.688450200017542
0,250,0.95,0.1,0.6000000000000001,47,60047,150,250,0.0005025125628140704,4.630004299920984
0,250,0.95,0.1,0.6000000000000001,48,60048,150,250,0.0005025125628140704,4.74941339995712
0,250,0.95,0.1,0.6000000000000001,49,60049,150,250,0.0005025125628140704,4.534331499948166
0,250,0.95,0.1,0.6000000000000001,50,60050,150,250,0.0005025125628140704,4.8000772999366745
0,250,0.95,0.1,0.6000000000000001,51,60051,150,250,0.0005025125628140704,4.67364529997576
0,250,0.95,0.1,0.6000000000000001,52,60052,150,250,0.0005025125628140704,4.818722199997865
0,250,0.95,0.1,0.6000000000000001,53,60053,150,250,0.0005025125628140704,4.600156600004993
0,250,0.95,0.1,0.6000000000000001,54,60054,150,250,0.0005025125628140704,4.614275500061922
0,250,0.95,0.1,0.6000000000000001,55,60055,150,251,0.0005045226130653267,4.658076800056733
0,250,0.95,0.1,0.6000000000000001,56,60056,150,250,0.0005025125628140704,4.304848300060257
0,250,0.95,0.1,0.6000000000000001,57,60057,150,250,0.0005025125628140704,4.305774000007659
0,250,0.95,0.1,0.6000000000000001,58,60058,150,250,0.0005025125628140704,4.887200099998154
0,250,0.95,0.1,0.6000000000000001,59,60059,150,250,0.0005025125628140704,4.8938744000624865
0,250,0.95,0.1,0.6000000000000001,60,60060,150,250,0.0005025125628140704,4.284761899965815
0,250,0.95,0.1,0.6000000000000001,61,60061,150,250,0.0005025125628140704,4.735618500038981
0,250,0.95,0.1,0.6000000000000001,62,60062,150,250,0.0005025125628140704,4.665001599933021
0,250,0.95,0.1,0.6000000000000001,63,60063,150,250,0.0005025125628140704,4.658366000046954
0,250,0.95,0.1,0.6000000000000001,64,60064,150,250,0.0005025125628140704,4.716684799990617
0,250,0.95,0.1,0.6000000000000001,65,60065,150,250,0.0005025125628140704,4.6395927999401465
0,250,0.95,0.1,0.6000000000000001,66,60066,150,250,0.0005025125628140704,4.693976100068539
0,250,0.95,0.1,0.6000000000000001,67,60067,150,250,0.0005025125628140704,4.733900099992752
0,250,0.95,0.1,0.6000000000000001,68,60068,150,250,0.0005025125628140704,4.671772200032137
0,250,0.95,0.1,0.6000000000000001,69,60069,150,250,0.0005025125628140704,4.800804500002414
0,250,0.95,0.1,0.6000000000000001,70,60070,150,250,0.0005025125628140704,4.729678699979559
0,250,0.95,0.1,0.6000000000000001,71,60071,150,250,0.0005025125628140704,4.777123000007123
0,250,0.95,0.1,0.6000000000000001,72,60072,150,250,0.0005025125628140704,4.668016700074077
0,250,0.95,0.1,0.6000000000000001,73,60073,150,250,0.0005025125628140704,4.676128800027072
0,250,0.95,0.1,0.6000000000000001,74,60074,150,250,0.0005025125628140704,4.638296899967827
0,250,0.95,0.1,0.6000000000000001,75,60075,150,250,0.0005025125628140704,4.623114299960434
0,250,0.95,0.1,0.6000000000000001,76,60076,150,250,0.0005025125628140704,4.712657299940474
0,250,0.95,0.1,0.6000000000000001,77,60077,150,250,0.0005025125628140704,4.943223899928853
0,250,0.95,0.1,0.6000000000000001,78,60078,150,250,0.0005025125628140704,4.906491099973209
0,250,0.95,0.1,0.6000000000000001,79,60079,150,250,0.0005025125628140704,4.693832699907944
0,250,0.95,0.1,0.6000000000000001,80,60080,150,250,0.0005025125628140704,4.792095700046048
0,250,0.95,0.1,0.6000000000000001,81,60081,150,250,0.0005025125628140704,4.884901700075716
0,250,0.95,0.1,0.6000000000000001,82,60082,150,250,0.0005025125628140704,4.6661552001023665
0,250,0.95,0.1,0.6000000000000001,83,60083,150,250,0.0005025125628140704,4.732182600069791
0,250,0.95,0.1,0.6000000000000001,84,60084,150,250,0.0005025125628140704,4.752655199961737
0,250,0.95,0.1,0.6000000000000001,85,60085,150,250,0.0005025125628140704,4.92674500006251
0,250,0.95,0.1,0.6000000000000001,86,60086,150,250,0.0005025125628140704,4.804260200005956
0,250,0.95,0.1,0.6000000000000001,87,60087,150,250,0.0005025125628140704,5.056453899946064
0,250,0.95,0.1,0.6000000000000001,88,60088,150,250,0.0005025125628140704,5.077566899941303
0,250,0.95,0.1,0.6000000000000001,89,60089,150,250,0.0005025125628140704,4.794575799955055
0,250,0.95,0.1,0.6000000000000001,90,60090,150,250,0.0005025125628140704,5.074371400056407
0,250,0.95,0.1,0.6000000000000001,91,60091,150,250,0.0005025125628140704,4.87713719997555
0,250,0.95,0.1,0.6000000000000001,92,60092,150,250,0.0005025125628140704,4.866723099956289
0,250,0.95,0.1,0.6000000000000001,93,60093,150,250,0.0005025125628140704,4.9195163999684155
0,250,0.95,0.1,0.6000000000000001,94,60094,150,250,0.0005025125628140704,4.915269899996929
0,250,0.95,0.1,0.6000000000000001,95,60095,150,250,0.0005025125628140704,5.707566099939868
0,250,0.95,0.1,0.6000000000000001,96,60096,150,250,0.0005025125628140704,5.487100099911913
0,250,0.95,0.1,0.6000000000000001,97,60097,150,250,0.0005025125628140704,4.78065820003394
0,250,0.95,0.1,0.6000000000000001,98,60098,150,250,0.0005025125628140704,5.5326480000512674
0,250,0.95,0.1,0.6000000000000001,99,60099,150,250,0.0005025125628140704,4.771876799990423
0,250,0.95,0.1,0.65,0,65000,162,250,0.0005025125628140704,4.685820800019428
0,250,0.95,0.1,0.65,1,65001,162,250,0.0005025125628140704,4.823944899952039
0,250,0.95,0.1,0.65,2,65002,162,250,0.0005025125628140704,4.72846369992476
0,250,0.95,0.1,0.65,3,65003,162,250,0.0005025125628140704,4.663169299950823
0,250,0.95,0.1,0.65,4,65004,162,250,0.0005025125628140704,4.668970900005661
0,250,0.95,0.1,0.65,5,65005,162,250,0.0005025125628140704,5.054898099973798
0,250,0.95,0.1,0.65,6,65006,162,250,0.0005025125628140704,4.67288590001408
0,250,0.95,0.1,0.65,7,65007,162,250,0.0005025125628140704,4.885761099983938
0,250,0.95,0.1,0.65,8,65008,162,250,0.0005025125628140704,5.027335299993865
0,250,0.95,0.1,0.65,9,65009,162,250,0.0005025125628140704,4.784085900057107
0,250,0.95,0.1,0.65,10,65010,162,250,0.0005025125628140704,4.892814800026827
0,250,0.95,0.1,0.65,11,65011,162,250,0.0005025125628140704,4.745152099989355
0,250,0.95,0.1,0.65,12,65012,162,250,0.0005025125628140704,4.860283600050025
0,250,0.95,0.1,0.65,13,65013,162,250,0.0005025125628140704,5.09201459994074
0,250,0.95,0.1,0.65,14,65014,162,250,0.0005025125628140704,4.895633400068618
0,250,0.95,0.1,0.65,15,65015,162,250,0.0005025125628140704,4.7903836000477895
0,250,0.95,0.1,0.65,16,65016,162,250,0.0005025125628140704,4.937639000010677
0,250,0.95,0.1,0.65,17,65017,162,250,0.0005025125628140704,4.704417399945669
0,250,0.95,0.1,0.65,18,65018,162,250,0.0005025125628140704,4.796998600009829
0,250,0.95,0.1,0.65,19,65019,162,250,0.0005025125628140704,4.780049700057134
0,250,0.95,0.1,0.65,20,65020,162,250,0.0005025125628140704,4.698330500046723
0,250,0.95,0.1,0.65,21,65021,162,250,0.0005025125628140704,4.732374100014567
0,250,0.95,0.1,0.65,22,65022,162,251,0.0005045226130653267,4.713029699982144
0,250,0.95,0.1,0.65,23,65023,162,250,0.0005025125628140704,4.713519199984148
0,250,0.95,0.1,0.65,24,65024,162,250,0.0005025125628140704,4.636836300021969
0,250,0.95,0.1,0.65,25,65025,162,250,0.0005025125628140704,4.661566199967638
0,250,0.95,0.1,0.65,26,65026,162,250,0.0005025125628140704,4.714421299984679
0,250,0.95,0.1,0.65,27,65027,162,250,0.0005025125628140704,4.680129499989562
0,250,0.95,0.1,0.65,28,65028,162,250,0.0005025125628140704,4.607301699928939
0,250,0.95,0.1,0.65,29,65029,162,250,0.0005025125628140704,4.694649599958211
0,250,0.95,0.1,0.65,30,65030,162,250,0.0005025125628140704,4.653102800017223
0,250,0.95,0.1,0.65,31,65031,162,250,0.0005025125628140704,4.714396100025624
0,250,0.95,0.1,0.65,32,65032,162,250,0.0005025125628140704,4.6655566999688745
0,250,0.95,0.1,0.65,33,65033,162,252,0.0005065326633165829,4.579384500044398
0,250,0.95,0.1,0.65,34,65034,162,250,0.0005025125628140704,4.675502699916251
0,250,0.95,0.1,0.65,35,65035,162,250,0.0005025125628140704,4.590667900047265
0,250,0.95,0.1,0.65,36,65036,162,250,0.0005025125628140704,4.500121199991554
0,250,0.95,0.1,0.65,37,65037,162,250,0.0005025125628140704,4.604462999966927
0,250,0.95,0.1,0.65,38,65038,162,250,0.0005025125628140704,4.750516999978572
0,250,0.95,0.1,0.65,39,65039,162,250,0.0005025125628140704,4.642967700026929
0,250,0.95,0.1,0.65,40,65040,162,250,0.0005025125628140704,4.609761000028811
0,250,0.95,0.1,0.65,41,65041,162,250,0.0005025125628140704,4.704624500009231
0,250,0.95,0.1,0.65,42,65042,162,250,0.0005025125628140704,4.713144100038335
0,250,0.95,0.1,0.65,43,65043,162,250,0.0005025125628140704,4.528507799957879
0,250,0.95,0.1,0.65,44,65044,162,250,0.0005025125628140704,4.53794279997237
0,250,0.95,0.1,0.65,45,65045,162,250,0.0005025125628140704,4.489586099982262
0,250,0.95,0.1,0.65,46,65046,162,250,0.0005025125628140704,4.547885699896142
0,250,0.95,0.1,0.65,47,65047,162,250,0.0005025125628140704,4.520102799986489
0,250,0.95,0.1,0.65,48,65048,162,250,0.0005025125628140704,4.604234800091945
0,250,0.95,0.1,0.65,49,65049,162,250,0.0005025125628140704,4.648246900062077
0,250,0.95,0.1,0.65,50,65050,162,250,0.0005025125628140704,4.613208999973722
0,250,0.95,0.1,0.65,51,65051,162,250,0.0005025125628140704,4.623003499931656
0,250,0.95,0.1,0.65,52,65052,162,250,0.0005025125628140704,4.498501699999906
0,250,0.95,0.1,0.65,53,65053,162,250,0.0005025125628140704,4.7507634999929
0,250,0.95,0.1,0.65,54,65054,162,250,0.0005025125628140704,4.629212699946947
0,250,0.95,0.1,0.65,55,65055,162,250,0.0005025125628140704,4.330430099973455
0,250,0.95,0.1,0.65,56,65056,162,250,0.0005025125628140704,4.8039629000704736
0,250,0.95,0.1,0.65,57,65057,162,250,0.0005025125628140704,4.500196500099264
0,250,0.95,0.1,0.65,58,65058,162,250,0.0005025125628140704,4.612950500100851
0,250,0.95,0.1,0.65,59,65059,162,250,0.0005025125628140704,4.904861700022593
0,250,0.95,0.1,0.65,60,65060,162,250,0.0005025125628140704,4.614520099945366
0,250,0.95,0.1,0.65,61,65061,162,250,0.0005025125628140704,4.125331800081767
0,250,0.95,0.1,0.65,62,65062,162,250,0.0005025125628140704,4.534027899964713
0,250,0.95,0.1,0.65,63,65063,162,250,0.0005025125628140704,4.228526400052942
0,250,0.95,0.1,0.65,64,65064,162,250,0.0005025125628140704,4.596996000036597
0,250,0.95,0.1,0.65,65,65065,162,250,0.0005025125628140704,4.472405400010757
0,250,0.95,0.1,0.65,66,65066,162,250,0.0005025125628140704,4.845973699935712
0,250,0.95,0.1,0.65,67,65067,162,250,0.0005025125628140704,4.886059100041166
0,250,0.95,0.1,0.65,68,65068,162,250,0.0005025125628140704,4.4575141000095755
0,250,0.95,0.1,0.65,69,65069,162,250,0.0005025125628140704,4.457187199965119
0,250,0.95,0.1,0.65,70,65070,162,250,0.0005025125628140704,4.779288100078702
0,250,0.95,0.1,0.65,71,65071,162,250,0.0005025125628140704,4.508355699945241
0,250,0.95,0.1,0.65,72,65072,162,250,0.0005025125628140704,4.533965500071645
0,250,0.95,0.1,0.65,73,65073,162,250,0.0005025125628140704,4.593163300072774
0,250,0.95,0.1,0.65,74,65074,162,250,0.0005025125628140704,4.575329400016926
0,250,0.95,0.1,0.65,75,65075,162,250,0.0005025125628140704,4.538804300012998
0,250,0.95,0.1,0.65,76,65076,162,250,0.0005025125628140704,4.571297799935564
0,250,0.95,0.1,0.65,77,65077,162,250,0.0005025125628140704,4.59393450000789
0,250,0.95,0.1,0.65,78,65078,162,250,0.0005025125628140704,4.581096600042656
0,250,0.95,0.1,0.65,79,65079,162,250,0.0005025125628140704,4.520666899974458
0,250,0.95,0.1,0.65,80,65080,162,250,0.0005025125628140704,4.591067499946803
0,250,0.95,0.1,0.65,81,65081,162,250,0.0005025125628140704,4.5326963000698015
0,250,0.95,0.1,0.65,82,65082,162,250,0.0005025125628140704,4.514831699896604
0,250,0.95,0.1,0.65,83,65083,162,250,0.0005025125628140704,4.594935600063764
0,250,0.95,0.1,0.65,84,65084,162,250,0.0005025125628140704,4.539230499998666
0,250,0.95,0.1,0.65,85,65085,162,250,0.0005025125628140704,4.515977000002749
0,250,0.95,0.1,0.65,86,65086,162,250,0.0005025125628140704,4.524194100056775
0,250,0.95,0.1,0.65,87,65087,162,250,0.0005025125628140704,4.568699299939908
0,250,0.95,0.1,0.65,88,65088,162,250,0.0005025125628140704,4.631247200071812
0,250,0.95,0.1,0.65,89,65089,162,250,0.0005025125628140704,4.664066600031219
0,250,0.95,0.1,0.65,90,65090,162,250,0.0005025125628140704,4.504622899927199
0,250,0.95,0.1,0.65,91,65091,162,250,0.0005025125628140704,4.532559600076638
0,250,0.95,0.1,0.65,92,65092,162,250,0.0005025125628140704,4.554028499987908
0,250,0.95,0.1,0.65,93,65093,162,250,0.0005025125628140704,4.551260100095533
0,250,0.95,0.1,0.65,94,65094,162,250,0.0005025125628140704,4.558940899907611
0,250,0.95,0.1,0.65,95,65095,162,250,0.0005025125628140704,4.584498600102961
0,250,0.95,0.1,0.65,96,65096,162,250,0.0005025125628140704,4.537770500057377
0,250,0.95,0.1,0.65,97,65097,162,250,0.0005025125628140704,4.6414978000102565
0,250,0.95,0.1,0.65,98,65098,162,250,0.0005025125628140704,4.546839999966323
0,250,0.95,0.1,0.65,99,65099,162,250,0.0005025125628140704,4.64510700001847
0,250,0.95,0.1,0.7000000000000001,0,70000,175,250,0.0005025125628140704,4.663903699954972
0,250,0.95,0.1,0.7000000000000001,1,70001,175,250,0.0005025125628140704,4.485879999934696
0,250,0.95,0.1,0.7000000000000001,2,70002,175,250,0.0005025125628140704,4.509447599994019
0,250,0.95,0.1,0.7000000000000001,3,70003,175,250,0.0005025125628140704,4.485133999958634
0,250,0.95,0.1,0.7000000000000001,4,70004,175,250,0.0005025125628140704,4.476190399960615
0,250,0.95,0.1,0.7000000000000001,5,70005,175,250,0.0005025125628140704,4.50202730007004
0,250,0.95,0.1,0.7000000000000001,6,70006,175,250,0.0005025125628140704,4.569823199999519
0,250,0.95,0.1,0.7000000000000001,7,70007,175,250,0.0005025125628140704,4.531180799938738
0,250,0.95,0.1,0.7000000000000001,8,70008,175,250,0.0005025125628140704,5.049846800044179
0,250,0.95,0.1,0.7000000000000001,9,70009,175,250,0.0005025125628140704,4.527570400037803
0,250,0.95,0.1,0.7000000000000001,10,70010,175,250,0.0005025125628140704,5.024331199936569
0,250,0.95,0.1,0.7000000000000001,11,70011,175,250,0.0005025125628140704,4.5595826000208035
0,250,0.95,0.1,0.7000000000000001,12,70012,175,250,0.0005025125628140704,5.043839399935678
0,250,0.95,0.1,0.7000000000000001,13,70013,175,250,0.0005025125628140704,4.524473899975419
0,250,0.95,0.1,0.7000000000000001,14,70014,175,250,0.0005025125628140704,4.567587499972433
0,250,0.95,0.1,0.7000000000000001,15,70015,175,250,0.0005025125628140704,4.622273499961011
0,250,0.95,0.1,0.7000000000000001,16,70016,175,250,0.0005025125628140704,4.561428799992427
0,250,0.95,0.1,0.7000000000000001,17,70017,175,250,0.0005025125628140704,4.55662739998661
0,250,0.95,0.1,0.7000000000000001,18,70018,175,250,0.0005025125628140704,4.57154240005184
0,250,0.95,0.1,0.7000000000000001,19,70019,175,250,0.0005025125628140704,4.59655290003866
0,250,0.95,0.1,0.7000000000000001,20,70020,175,250,0.0005025125628140704,4.619885600055568
0,250,0.95,0.1,0.7000000000000001,21,70021,175,250,0.0005025125628140704,4.650743299978785
0,250,0.95,0.1,0.7000000000000001,22,70022,175,250,0.0005025125628140704,4.56113980000373
0,250,0.95,0.1,0.7000000000000001,23,70023,175,250,0.0005025125628140704,4.551169199985452
0,250,0.95,0.1,0.7000000000000001,24,70024,175,250,0.0005025125628140704,4.6077942999545485
0,250,0.95,0.1,0.7000000000000001,25,70025,175,250,0.0005025125628140704,4.566343600046821
0,250,0.95,0.1,0.7000000000000001,26,70026,175,250,0.0005025125628140704,4.576078600017354
0,250,0.95,0.1,0.7000000000000001,27,70027,175,250,0.0005025125628140704,4.667386999935843
0,250,0.95,0.1,0.7000000000000001,28,70028,175,250,0.0005025125628140704,4.56537309999112
0,250,0.95,0.1,0.7000000000000001,29,70029,175,250,0.0005025125628140704,4.556516699958593
0,250,0.95,0.1,0.7000000000000001,30,70030,175,250,0.0005025125628140704,4.531917600077577
0,250,0.95,0.1,0.7000000000000001,31,70031,175,250,0.0005025125628140704,4.624230200075544
0,250,0.95,0.1,0.7000000000000001,32,70032,175,250,0.0005025125628140704,4.553702999954112
0,250,0.95,0.1,0.7000000000000001,33,70033,175,250,0.0005025125628140704,4.638707399950363
0,250,0.95,0.1,0.7000000000000001,34,70034,175,250,0.0005025125628140704,4.640829199925065
0,250,0.95,0.1,0.7000000000000001,35,70035,175,250,0.0005025125628140704,4.666584599995986
0,250,0.95,0.1,0.7000000000000001,36,70036,175,250,0.0005025125628140704,4.624078099965118
0,250,0.95,0.1,0.7000000000000001,37,70037,175,250,0.0005025125628140704,4.6237636000150815
0,250,0.95,0.1,0.7000000000000001,38,70038,175,250,0.0005025125628140704,4.514079099986702
0,250,0.95,0.1,0.7000000000000001,39,70039,175,250,0.0005025125628140704,4.599049200071022
0,250,0.95,0.1,0.7000000000000001,40,70040,175,250,0.0005025125628140704,4.5007585000712425
0,250,0.95,0.1,0.7000000000000001,41,70041,175,250,0.0005025125628140704,4.532187900040299
0,250,0.95,0.1,0.7000000000000001,42,70042,175,250,0.0005025125628140704,4.735909500042908
0,250,0.95,0.1,0.7000000000000001,43,70043,175,250,0.0005025125628140704,4.7630146000301465
0,250,0.95,0.1,0.7000000000000001,44,70044,175,250,0.0005025125628140704,4.555386600084603
0,250,0.95,0.1,0.7000000000000001,45,70045,175,250,0.0005025125628140704,4.581976999994367
0,250,0.95,0.1,0.7000000000000001,46,70046,175,250,0.0005025125628140704,4.947214700048789
0,250,0.95,0.1,0.7000000000000001,47,70047,175,250,0.0005025125628140704,4.621920200064778
0,250,0.95,0.1,0.7000000000000001,48,70048,175,250,0.0005025125628140704,4.872925499919802
0,250,0.95,0.1,0.7000000000000001,49,70049,175,250,0.0005025125628140704,4.543958300026134
0,250,0.95,0.1,0.7000000000000001,50,70050,175,250,0.0005025125628140704,4.591891700052656
0,250,0.95,0.1,0.7000000000000001,51,70051,175,250,0.0005025125628140704,4.485158699913882
0,250,0.95,0.1,0.7000000000000001,52,70052,175,250,0.0005025125628140704,4.907092800014652
0,250,0.95,0.1,0.7000000000000001,53,70053,175,250,0.0005025125628140704,4.784588000038639
0,250,0.95,0.1,0.7000000000000001,54,70054,175,250,0.0005025125628140704,4.59555550001096
0,250,0.95,0.1,0.7000000000000001,55,70055,175,250,0.0005025125628140704,4.629859700100496
0,250,0.95,0.1,0.7000000000000001,56,70056,175,250,0.0005025125628140704,4.517301800078712
0,250,0.95,0.1,0.7000000000000001,57,70057,175,250,0.0005025125628140704,4.4951565999072045
0,250,0.95,0.1,0.7000000000000001,58,70058,175,250,0.0005025125628140704,4.532173000043258
0,250,0.95,0.1,0.7000000000000001,59,70059,175,250,0.0005025125628140704,4.558688299963251
0,250,0.95,0.1,0.7000000000000001,60,70060,175,250,0.0005025125628140704,4.532673199893907
0,250,0.95,0.1,0.7000000000000001,61,70061,175,250,0.0005025125628140704,4.571219700039364
0,250,0.95,0.1,0.7000000000000001,62,70062,175,250,0.0005025125628140704,4.608200400019996
0,250,0.95,0.1,0.7000000000000001,63,70063,175,250,0.0005025125628140704,4.584777899901383
0,250,0.95,0.1,0.7000000000000001,64,70064,175,250,0.0005025125628140704,4.541878000018187
0,250,0.95,0.1,0.7000000000000001,65,70065,175,250,0.0005025125628140704,4.592753599979915
0,250,0.95,0.1,0.7000000000000001,66,70066,175,250,0.0005025125628140704,4.558794800075702
0,250,0.95,0.1,0.7000000000000001,67,70067,175,250,0.0005025125628140704,4.47043600003235
0,250,0.95,0.1,0.7000000000000001,68,70068,175,250,0.0005025125628140704,4.491640100022778
0,250,0.95,0.1,0.7000000000000001,69,70069,175,250,0.0005025125628140704,4.5254402999999
0,250,0.95,0.1,0.7000000000000001,70,70070,175,250,0.0005025125628140704,4.56705700000748
0,250,0.95,0.1,0.7000000000000001,71,70071,175,250,0.0005025125628140704,4.420124000054784
0,250,0.95,0.1,0.7000000000000001,72,70072,175,250,0.0005025125628140704,4.594940899987705
0,250,0.95,0.1,0.7000000000000001,73,70073,175,250,0.0005025125628140704,4.570579300052486
0,250,0.95,0.1,0.7000000000000001,74,70074,175,250,0.0005025125628140704,4.501875200076029
0,250,0.95,0.1,0.7000000000000001,75,70075,175,250,0.0005025125628140704,4.4984393999911845
0,250,0.95,0.1,0.7000000000000001,76,70076,175,250,0.0005025125628140704,4.485297800041735
0,250,0.95,0.1,0.7000000000000001,77,70077,175,250,0.0005025125628140704,4.513682099990547
0,250,0.95,0.1,0.7000000000000001,78,70078,175,250,0.0005025125628140704,4.497286299942061
0,250,0.95,0.1,0.7000000000000001,79,70079,175,250,0.0005025125628140704,4.490715300082229
0,250,0.95,0.1,0.7000000000000001,80,70080,175,250,0.0005025125628140704,4.468481000047177
0,250,0.95,0.1,0.7000000000000001,81,70081,175,250,0.0005025125628140704,4.556550099980086
0,250,0.95,0.1,0.7000000000000001,82,70082,175,250,0.0005025125628140704,4.546493300003931
0,250,0.95,0.1,0.7000000000000001,83,70083,175,250,0.0005025125628140704,4.504871799959801
0,250,0.95,0.1,0.7000000000000001,84,70084,175,250,0.0005025125628140704,4.531915099942125
0,250,0.95,0.1,0.7000000000000001,85,70085,175,250,0.0005025125628140704,4.589536500046961
0,250,0.95,0.1,0.7000000000000001,86,70086,175,250,0.0005025125628140704,4.546189700020477
0,250,0.95,0.1,0.7000000000000001,87,70087,175,250,0.0005025125628140704,4.548733199946582
0,250,0.95,0.1,0.7000000000000001,88,70088,175,250,0.0005025125628140704,4.540937899961136
0,250,0.95,0.1,0.7000000000000001,89,70089,175,250,0.0005025125628140704,4.573847499908879
0,250,0.95,0.1,0.7000000000000001,90,70090,175,250,0.0005025125628140704,4.556433300022036
0,250,0.95,0.1,0.7000000000000001,91,70091,175,250,0.0005025125628140704,4.534258899977431
0,250,0.95,0.1,0.7000000000000001,92,70092,175,250,0.0005025125628140704,4.483548199990764
0,250,0.95,0.1,0.7000000000000001,93,70093,175,250,0.0005025125628140704,4.930229300050996
0,250,0.95,0.1,0.7000000000000001,94,70094,175,250,0.0005025125628140704,5.182920999941416
0,250,0.95,0.1,0.7000000000000001,95,70095,175,250,0.0005025125628140704,4.44992959999945
0,250,0.95,0.1,0.7000000000000001,96,70096,175,250,0.0005025125628140704,5.185999699984677
0,250,0.95,0.1,0.7000000000000001,97,70097,175,250,0.0005025125628140704,4.212625700049102
0,250,0.95,0.1,0.7000000000000001,98,70098,175,250,0.0005025125628140704,5.1624189000576735
0,250,0.95,0.1,0.7000000000000001,99,70099,175,250,0.0005025125628140704,5.137580299982801
0,250,0.95,0.1,0.75,0,75000,188,250,0.0005025125628140704,4.324241399997845
0,250,0.95,0.1,0.75,1,75001,188,250,0.0005025125628140704,4.120177499949932
0,250,0.95,0.1,0.75,2,75002,188,250,0.0005025125628140704,4.320868300041184
0,250,0.95,0.1,0.75,3,75003,188,250,0.0005025125628140704,4.465524800005369
0,250,0.95,0.1,0.75,4,75004,188,250,0.0005025125628140704,4.768412600038573
0,250,0.95,0.1,0.75,5,75005,188,250,0.0005025125628140704,4.426266099908389
0,250,0.95,0.1,0.75,6,75006,188,250,0.0005025125628140704,4.600013899966143
0,250,0.95,0.1,0.75,7,75007,188,250,0.0005025125628140704,4.609790500020608
0,250,0.95,0.1,0.75,8,75008,188,250,0.0005025125628140704,4.571947599994019
0,250,0.95,0.1,0.75,9,75009,188,250,0.0005025125628140704,4.597839799942449
0,250,0.95,0.1,0.75,10,75010,188,250,0.0005025125628140704,4.589970999979414
0,250,0.95,0.1,0.75,11,75011,188,250,0.0005025125628140704,4.51066379994154
0,250,0.95,0.1,0.75,12,75012,188,250,0.0005025125628140704,4.655305300024338
0,250,0.95,0.1,0.75,13,75013,188,250,0.0005025125628140704,4.522786400048062
0,250,0.95,0.1,0.75,14,75014,188,250,0.0005025125628140704,4.6107457999605685
0,250,0.95,0.1,0.75,15,75015,188,250,0.0005025125628140704,4.511236199992709
0,250,0.95,0.1,0.75,16,75016,188,250,0.0005025125628140704,4.59842239995487
0,250,0.95,0.1,0.75,17,75017,188,250,0.0005025125628140704,4.5908659000415355
0,250,0.95,0.1,0.75,18,75018,188,250,0.0005025125628140704,4.617266700020991
0,250,0.95,0.1,0.75,19,75019,188,250,0.0005025125628140704,4.526888099964708
0,250,0.95,0.1,0.75,20,75020,188,250,0.0005025125628140704,4.569368500029668
0,250,0.95,0.1,0.75,21,75021,188,250,0.0005025125628140704,4.511066299979575
0,250,0.95,0.1,0.75,22,75022,188,250,0.0005025125628140704,4.489238900016062
0,250,0.95,0.1,0.75,23,75023,188,250,0.0005025125628140704,4.578822599956766
0,250,0.95,0.1,0.75,24,75024,188,250,0.0005025125628140704,4.517948699998669
0,250,0.95,0.1,0.75,25,75025,188,250,0.0005025125628140704,4.598250500042923
0,250,0.95,0.1,0.75,26,75026,188,250,0.0005025125628140704,4.561174399917945
0,250,0.95,0.1,0.75,27,75027,188,250,0.0005025125628140704,4.471534900018014
0,250,0.95,0.1,0.75,28,75028,188,250,0.0005025125628140704,4.6058474000310525
0,250,0.95,0.1,0.75,29,75029,188,250,0.0005025125628140704,4.590982699999586
0,250,0.95,0.1,0.75,30,75030,188,250,0.0005025125628140704,4.5028221000684425
0,250,0.95,0.1,0.75,31,75031,188,250,0.0005025125628140704,4.592105999938212
0,250,0.95,0.1,0.75,32,75032,188,250,0.0005025125628140704,4.4888944999547675
0,250,0.95,0.1,0.75,33,75033,188,250,0.0005025125628140704,4.434993900009431
0,250,0.95,0.1,0.75,34,75034,188,250,0.0005025125628140704,4.4909137999638915
0,250,0.95,0.1,0.75,35,75035,188,250,0.0005025125628140704,4.63540190004278
0,250,0.95,0.1,0.75,36,75036,188,250,0.0005025125628140704,4.526421400019899
0,250,0.95,0.1,0.75,37,75037,188,250,0.0005025125628140704,4.591153400018811
0,250,0.95,0.1,0.75,38,75038,188,250,0.0005025125628140704,4.618239599978551
0,250,0.95,0.1,0.75,39,75039,188,250,0.0005025125628140704,4.509207800030708
0,250,0.95,0.1,0.75,40,75040,188,250,0.0005025125628140704,4.539198199985549
0,250,0.95,0.1,0.75,41,75041,188,250,0.0005025125628140704,4.636600299971178
0,250,0.95,0.1,0.75,42,75042,188,250,0.0005025125628140704,4.501584499957971
0,250,0.95,0.1,0.75,43,75043,188,250,0.0005025125628140704,4.470656200079247
0,250,0.95,0.1,0.75,44,75044,188,250,0.0005025125628140704,4.581778399995528
0,250,0.95,0.1,0.75,45,75045,188,250,0.0005025125628140704,4.569669300108217
0,250,0.95,0.1,0.75,46,75046,188,250,0.0005025125628140704,4.53441019996535
0,250,0.95,0.1,0.75,47,75047,188,250,0.0005025125628140704,4.496897000004537
0,250,0.95,0.1,0.75,48,75048,188,250,0.0005025125628140704,4.562518400023691
0,250,0.95,0.1,0.75,49,75049,188,250,0.0005025125628140704,4.567821800010279
0,250,0.95,0.1,0.75,50,75050,188,250,0.0005025125628140704,4.53582250000909
0,250,0.95,0.1,0.75,51,75051,188,250,0.0005025125628140704,4.532274299999699
0,250,0.95,0.1,0.75,52,75052,188,250,0.0005025125628140704,4.586096499930136
0,250,0.95,0.1,0.75,53,75053,188,250,0.0005025125628140704,4.501177900005132
0,250,0.95,0.1,0.75,54,75054,188,250,0.0005025125628140704,4.502558299922384
0,250,0.95,0.1,0.75,55,75055,188,250,0.0005025125628140704,4.578999000019394
0,250,0.95,0.1,0.75,56,75056,188,250,0.0005025125628140704,4.563370199990459
0,250,0.95,0.1,0.75,57,75057,188,250,0.0005025125628140704,4.5230536999879405
0,250,0.95,0.1,0.75,58,75058,188,250,0.0005025125628140704,4.537603299948387
0,250,0.95,0.1,0.75,59,75059,188,250,0.0005025125628140704,4.564220799948089
0,250,0.95,0.1,0.75,60,75060,188,250,0.0005025125628140704,4.471663099946454
0,250,0.95,0.1,0.75,61,75061,188,250,0.0005025125628140704,4.576286700088531
0,250,0.95,0.1,0.75,62,75062,188,250,0.0005025125628140704,4.496440700022504
0,250,0.95,0.1,0.75,63,75063,188,250,0.0005025125628140704,4.5885427999310195
0,250,0.95,0.1,0.75,64,75064,188,250,0.0005025125628140704,4.582815799978562
0,250,0.95,0.1,0.75,65,75065,188,250,0.0005025125628140704,4.621244600042701
0,250,0.95,0.1,0.75,66,75066,188,250,0.0005025125628140704,4.529596000094898
0,250,0.95,0.1,0.75,67,75067,188,250,0.0005025125628140704,4.52764969994314
0,250,0.95,0.1,0.75,68,75068,188,250,0.0005025125628140704,4.525216999929398
0,250,0.95,0.1,0.75,69,75069,188,250,0.0005025125628140704,4.494824699941091
0,250,0.95,0.1,0.75,70,75070,188,250,0.0005025125628140704,4.514107900089584
0,250,0.95,0.1,0.75,71,75071,188,250,0.0005025125628140704,4.492419500020333
0,250,0.95,0.1,0.75,72,75072,188,250,0.0005025125628140704,4.677031300030649
0,250,0.95,0.1,0.75,73,75073,188,250,0.0005025125628140704,4.532018700032495
0,250,0.95,0.1,0.75,74,75074,188,250,0.0005025125628140704,4.691144399926998
0,250,0.95,0.1,0.75,75,75075,188,250,0.0005025125628140704,4.720420200028457
0,250,0.95,0.1,0.75,76,75076,188,250,0.0005025125628140704,4.6984239999437705
0,250,0.95,0.1,0.75,77,75077,188,250,0.0005025125628140704,4.681758499937132
0,250,0.95,0.1,0.75,78,75078,188,250,0.0005025125628140704,4.793496900005266
0,250,0.95,0.1,0.75,79,75079,188,250,0.0005025125628140704,4.6726579000242054
0,250,0.95,0.1,0.75,80,75080,188,250,0.0005025125628140704,4.640581200015731
0,250,0.95,0.1,0.75,81,75081,188,250,0.0005025125628140704,4.775441300007515
0,250,0.95,0.1,0.75,82,75082,188,250,0.0005025125628140704,4.639315500040539
0,250,0.95,0.1,0.75,83,75083,188,250,0.0005025125628140704,4.442997600068338
0,250,0.95,0.1,0.75,84,75084,188,250,0.0005025125628140704,4.59293429995887
0,250,0.95,0.1,0.75,85,75085,188,250,0.0005025125628140704,4.66037270007655
0,250,0.95,0.1,0.75,86,75086,188,250,0.0005025125628140704,4.608060700003989
0,250,0.95,0.1,0.75,87,75087,188,250,0.0005025125628140704,4.607554899994284
0,250,0.95,0.1,0.75,88,75088,188,250,0.0005025125628140704,4.670377200003713
0,250,0.95,0.1,0.75,89,75089,188,250,0.0005025125628140704,4.643721800064668
0,250,0.95,0.1,0.75,90,75090,188,250,0.0005025125628140704,4.278434899984859
0,250,0.95,0.1,0.75,91,75091,188,250,0.0005025125628140704,4.583411699975841
0,250,0.95,0.1,0.75,92,75092,188,250,0.0005025125628140704,4.322533400030807
0,250,0.95,0.1,0.75,93,75093,188,250,0.0005025125628140704,4.728714999975637
0,250,0.95,0.1,0.75,94,75094,188,250,0.0005025125628140704,4.39471969997976
0,250,0.95,0.1,0.75,95,75095,188,250,0.0005025125628140704,4.587272399920039
0,250,0.95,0.1,0.75,96,75096,188,250,0.0005025125628140704,4.512099800049327
0,250,0.95,0.1,0.75,97,75097,188,250,0.0005025125628140704,4.569465099950321
0,250,0.95,0.1,0.75,98,75098,188,250,0.0005025125628140704,4.4889045000309125
0,250,0.95,0.1,0.75,99,75099,188,250,0.0005025125628140704,4.52661669999361
0,250,0.95,0.1,0.8,0,80000,200,250,0.0005025125628140704,4.545020200079307
0,250,0.95,0.1,0.8,1,80001,200,250,0.0005025125628140704,4.520663099945523
0,250,0.95,0.1,0.8,2,80002,200,250,0.0005025125628140704,4.589045900036581
0,250,0.95,0.1,0.8,3,80003,200,250,0.0005025125628140704,4.483899599988945
0,250,0.95,0.1,0.8,4,80004,200,250,0.0005025125628140704,4.553694300004281
0,250,0.95,0.1,0.8,5,80005,200,250,0.0005025125628140704,4.499248899985105
0,250,0.95,0.1,0.8,6,80006,200,250,0.0005025125628140704,4.495319499983452
0,250,0.95,0.1,0.8,7,80007,200,250,0.0005025125628140704,4.536896000034176
0,250,0.95,0.1,0.8,8,80008,200,250,0.0005025125628140704,4.493564900010824
0,250,0.95,0.1,0.8,9,80009,200,250,0.0005025125628140704,4.4881963999941945
0,250,0.95,0.1,0.8,10,80010,200,250,0.0005025125628140704,4.509994599968195
0,250,0.95,0.1,0.8,11,80011,200,250,0.0005025125628140704,4.504287600051612
0,250,0.95,0.1,0.8,12,80012,200,250,0.0005025125628140704,4.582754799979739
0,250,0.95,0.1,0.8,13,80013,200,250,0.0005025125628140704,4.570897400029935
0,250,0.95,0.1,0.8,14,80014,200,250,0.0005025125628140704,4.503599300049245
0,250,0.95,0.1,0.8,15,80015,200,250,0.0005025125628140704,4.599593400023878
0,250,0.95,0.1,0.8,16,80016,200,250,0.0005025125628140704,4.508276400039904
0,250,0.95,0.1,0.8,17,80017,200,250,0.0005025125628140704,4.494933699956164
0,250,0.95,0.1,0.8,18,80018,200,250,0.0005025125628140704,4.602225099923089
0,250,0.95,0.1,0.8,19,80019,200,250,0.0005025125628140704,4.468149299966171
0,250,0.95,0.1,0.8,20,80020,200,250,0.0005025125628140704,4.460118799936026
0,250,0.95,0.1,0.8,21,80021,200,250,0.0005025125628140704,4.463308000005782
0,250,0.95,0.1,0.8,22,80022,200,250,0.0005025125628140704,4.51445140002761
0,250,0.95,0.1,0.8,23,80023,200,250,0.0005025125628140704,4.536807800061069
0,250,0.95,0.1,0.8,24,80024,200,250,0.0005025125628140704,4.621136900037527
0,250,0.95,0.1,0.8,25,80025,200,250,0.0005025125628140704,4.510835599969141
0,250,0.95,0.1,0.8,26,80026,200,250,0.0005025125628140704,4.540907300077379
0,250,0.95,0.1,0.8,27,80027,200,250,0.0005025125628140704,4.4561428000452
0,250,0.95,0.1,0.8,28,80028,200,250,0.0005025125628140704,4.525029300013557
0,250,0.95,0.1,0.8,29,80029,200,250,0.0005025125628140704,4.461413700017147
0,250,0.95,0.1,0.8,30,80030,200,250,0.0005025125628140704,4.573457500082441
0,250,0.95,0.1,0.8,31,80031,200,250,0.0005025125628140704,4.438985300017521
0,250,0.95,0.1,0.8,32,80032,200,250,0.0005025125628140704,4.535778300021775
0,250,0.95,0.1,0.8,33,80033,200,250,0.0005025125628140704,4.536709500011057
0,250,0.95,0.1,0.8,34,80034,200,250,0.0005025125628140704,4.5538116999669
0,250,0.95,0.1,0.8,35,80035,200,250,0.0005025125628140704,4.5394440001109615
0,250,0.95,0.1,0.8,36,80036,200,250,0.0005025125628140704,4.5368581000948325
0,250,0.95,0.1,0.8,37,80037,200,250,0.0005025125628140704,4.55061699997168
0,250,0.95,0.1,0.8,38,80038,200,250,0.0005025125628140704,4.546560000046156
0,250,0.95,0.1,0.8,39,80039,200,250,0.0005025125628140704,4.507472799974494
0,250,0.95,0.1,0.8,40,80040,200,250,0.0005025125628140704,4.524635600042529
0,250,0.95,0.1,0.8,41,80041,200,250,0.0005025125628140704,4.537624899996445
0,250,0.95,0.1,0.8,42,80042,200,250,0.0005025125628140704,4.489647399983369
0,250,0.95,0.1,0.8,43,80043,200,250,0.0005025125628140704,4.531089800060727
0,250,0.95,0.1,0.8,44,80044,200,250,0.0005025125628140704,4.495085300062783
0,250,0.95,0.1,0.8,45,80045,200,250,0.0005025125628140704,4.560000300058164
0,250,0.95,0.1,0.8,46,80046,200,250,0.0005025125628140704,4.502035700017586
0,250,0.95,0.1,0.8,47,80047,200,250,0.0005025125628140704,4.5489738000324
0,250,0.95,0.1,0.8,48,80048,200,250,0.0005025125628140704,4.548122600070201
0,250,0.95,0.1,0.8,49,80049,200,250,0.0005025125628140704,4.636248599970713
0,250,0.95,0.1,0.8,50,80050,200,250,0.0005025125628140704,4.399930900079198
0,250,0.95,0.1,0.8,51,80051,200,250,0.0005025125628140704,4.5052953999256715
0,250,0.95,0.1,0.8,52,80052,200,250,0.0005025125628140704,4.728724600048736
0,250,0.95,0.1,0.8,53,80053,200,250,0.0005025125628140704,4.569446999928914
0,250,0.95,0.1,0.8,54,80054,200,250,0.0005025125628140704,4.685261700069532
0,250,0.95,0.1,0.8,55,80055,200,250,0.0005025125628140704,4.437952500069514
0,250,0.95,0.1,0.8,56,80056,200,250,0.0005025125628140704,4.574417300056666
0,250,0.95,0.1,0.8,57,80057,200,250,0.0005025125628140704,4.707896600011736
0,250,0.95,0.1,0.8,58,80058,200,250,0.0005025125628140704,4.414977299980819
0,250,0.95,0.1,0.8,59,80059,200,250,0.0005025125628140704,4.54973249998875
0,250,0.95,0.1,0.8,60,80060,200,250,0.0005025125628140704,4.57857450004667
0,250,0.95,0.1,0.8,61,80061,200,250,0.0005025125628140704,4.486556799965911
0,250,0.95,0.1,0.8,62,80062,200,250,0.0005025125628140704,4.570118600036949
0,250,0.95,0.1,0.8,63,80063,200,250,0.0005025125628140704,4.517615600023419
0,250,0.95,0.1,0.8,64,80064,200,250,0.0005025125628140704,4.537405600072816
0,250,0.95,0.1,0.8,65,80065,200,250,0.0005025125628140704,4.468488799990155
0,250,0.95,0.1,0.8,66,80066,200,250,0.0005025125628140704,4.493672100012191
0,250,0.95,0.1,0.8,67,80067,200,250,0.0005025125628140704,4.569065099931322
0,250,0.95,0.1,0.8,68,80068,200,250,0.0005025125628140704,4.533579100039788
0,250,0.95,0.1,0.8,69,80069,200,250,0.0005025125628140704,4.463735800003633
0,250,0.95,0.1,0.8,70,80070,200,250,0.0005025125628140704,4.534717599977739
0,250,0.95,0.1,0.8,71,80071,200,250,0.0005025125628140704,4.468984999926761
0,250,0.95,0.1,0.8,72,80072,200,250,0.0005025125628140704,4.586312600062229
0,250,0.95,0.1,0.8,73,80073,200,250,0.0005025125628140704,4.451777199981734
0,250,0.95,0.1,0.8,74,80074,200,250,0.0005025125628140704,4.538913199910894
0,250,0.95,0.1,0.8,75,80075,200,250,0.0005025125628140704,4.558572200010531
0,250,0.95,0.1,0.8,76,80076,200,250,0.0005025125628140704,4.5294910001102835
0,250,0.95,0.1,0.8,77,80077,200,250,0.0005025125628140704,4.5202240000944585
0,250,0.95,0.1,0.8,78,80078,200,250,0.0005025125628140704,4.593606200069189
0,250,0.95,0.1,0.8,79,80079,200,250,0.0005025125628140704,4.4352283999323845
0,250,0.95,0.1,0.8,80,80080,200,250,0.0005025125628140704,4.554558900068514
0,250,0.95,0.1,0.8,81,80081,200,250,0.0005025125628140704,4.560804900014773
0,250,0.95,0.1,0.8,82,80082,200,250,0.0005025125628140704,4.450047999969684
0,250,0.95,0.1,0.8,83,80083,200,250,0.0005025125628140704,4.543855599942617
0,250,0.95,0.1,0.8,84,80084,200,250,0.0005025125628140704,4.450470900046639
0,250,0.95,0.1,0.8,85,80085,200,250,0.0005025125628140704,4.563130100024864
0,250,0.95,0.1,0.8,86,80086,200,250,0.0005025125628140704,4.523155800066888
0,250,0.95,0.1,0.8,87,80087,200,250,0.0005025125628140704,4.525567499920726
0,250,0.95,0.1,0.8,88,80088,200,250,0.0005025125628140704,4.4646073000039905
0,250,0.95,0.1,0.8,89,80089,200,250,0.0005025125628140704,4.594238999998197
0,250,0.95,0.1,0.8,90,80090,200,250,0.0005025125628140704,4.603044699993916
0,250,0.95,0.1,0.8,91,80091,200,250,0.0005025125628140704,4.547752800048329
0,250,0.95,0.1,0.8,92,80092,200,250,0.0005025125628140704,4.524373700027354
0,250,0.95,0.1,0.8,93,80093,200,250,0.0005025125628140704,4.458027899963781
0,250,0.95,0.1,0.8,94,80094,200,250,0.0005025125628140704,4.493659400031902
0,250,0.95,0.1,0.8,95,80095,200,250,0.0005025125628140704,4.526526800007559
0,250,0.95,0.1,0.8,96,80096,200,250,0.0005025125628140704,4.56673600000795
0,250,0.95,0.1,0.8,97,80097,200,250,0.0005025125628140704,4.569449199945666
0,250,0.95,0.1,0.8,98,80098,200,250,0.0005025125628140704,4.5753024000441656
0,250,0.95,0.1,0.8,99,80099,200,250,0.0005025125628140704,4.5341834999853745
0,250,0.95,0.1,0.8500000000000001,0,85000,213,250,0.0005025125628140704,4.544738599914126
0,250,0.95,0.1,0.8500000000000001,1,85001,213,250,0.0005025125628140704,4.581423899973743
0,250,0.95,0.1,0.8500000000000001,2,85002,213,250,0.0005025125628140704,4.612146900035441
0,250,0.95,0.1,0.8500000000000001,3,85003,213,250,0.0005025125628140704,4.498806199990213
0,250,0.95,0.1,0.8500000000000001,4,85004,213,250,0.0005025125628140704,4.506555400090292
0,250,0.95,0.1,0.8500000000000001,5,85005,213,250,0.0005025125628140704,4.460051600006409
0,250,0.95,0.1,0.8500000000000001,6,85006,213,250,0.0005025125628140704,4.485428899992257
0,250,0.95,0.1,0.8500000000000001,7,85007,213,250,0.0005025125628140704,4.585440500057302
0,250,0.95,0.1,0.8500000000000001,8,85008,213,250,0.0005025125628140704,4.51560529996641
0,250,0.95,0.1,0.8500000000000001,9,85009,213,250,0.0005025125628140704,4.571864400058985
0,250,0.95,0.1,0.8500000000000001,10,85010,213,250,0.0005025125628140704,4.482042000046931
0,250,0.95,0.1,0.8500000000000001,11,85011,213,250,0.0005025125628140704,4.55952949996572
0,250,0.95,0.1,0.8500000000000001,12,85012,213,250,0.0005025125628140704,4.513966799946502
0,250,0.95,0.1,0.8500000000000001,13,85013,213,250,0.0005025125628140704,4.556927000056021
0,250,0.95,0.1,0.8500000000000001,14,85014,213,250,0.0005025125628140704,4.487218299997039
0,250,0.95,0.1,0.8500000000000001,15,85015,213,250,0.0005025125628140704,4.542610600008629
0,250,0.95,0.1,0.8500000000000001,16,85016,213,250,0.0005025125628140704,4.506392800016329
0,250,0.95,0.1,0.8500000000000001,17,85017,213,250,0.0005025125628140704,4.568679900025018
0,250,0.95,0.1,0.8500000000000001,18,85018,213,250,0.0005025125628140704,4.62174450000748
0,250,0.95,0.1,0.8500000000000001,19,85019,213,250,0.0005025125628140704,4.553097900003195
0,250,0.95,0.1,0.8500000000000001,20,85020,213,250,0.0005025125628140704,4.536411300068721
0,250,0.95,0.1,0.8500000000000001,21,85021,213,250,0.0005025125628140704,4.606487700017169
0,250,0.95,0.1,0.8500000000000001,22,85022,213,250,0.0005025125628140704,4.610984000028111
0,250,0.95,0.1,0.8500000000000001,23,85023,213,250,0.0005025125628140704,4.675698200007901
0,250,0.95,0.1,0.8500000000000001,24,85024,213,250,0.0005025125628140704,4.6042028000811115
0,250,0.95,0.1,0.8500000000000001,25,85025,213,250,0.0005025125628140704,4.5368847999488935
0,250,0.95,0.1,0.8500000000000001,26,85026,213,250,0.0005025125628140704,4.663692100089975
0,250,0.95,0.1,0.8500000000000001,27,85027,213,250,0.0005025125628140704,4.551643899991177
0,250,0.95,0.1,0.8500000000000001,28,85028,213,250,0.0005025125628140704,4.498710799962282
0,250,0.95,0.1,0.8500000000000001,29,85029,213,250,0.0005025125628140704,4.489862100104801
0,250,0.95,0.1,0.8500000000000001,30,85030,213,250,0.0005025125628140704,4.473094300017692
0,250,0.95,0.1,0.8500000000000001,31,85031,213,250,0.0005025125628140704,4.467587199993432
0,250,0.95,0.1,0.8500000000000001,32,85032,213,250,0.0005025125628140704,4.552032899926417
0,250,0.95,0.1,0.8500000000000001,33,85033,213,250,0.0005025125628140704,4.562359999981709
0,250,0.95,0.1,0.8500000000000001,34,85034,213,250,0.0005025125628140704,4.572969200089574
0,250,0.95,0.1,0.8500000000000001,35,85035,213,250,0.0005025125628140704,4.571668400079943
0,250,0.95,0.1,0.8500000000000001,36,85036,213,250,0.0005025125628140704,4.4418660999508575
0,250,0.95,0.1,0.8500000000000001,37,85037,213,250,0.0005025125628140704,4.602965200087056
0,250,0.95,0.1,0.8500000000000001,38,85038,213,250,0.0005025125628140704,4.480442700092681
0,250,0.95,0.1,0.8500000000000001,39,85039,213,250,0.0005025125628140704,4.445049499976449
0,250,0.95,0.1,0.8500000000000001,40,85040,213,250,0.0005025125628140704,4.531737099983729
0,250,0.95,0.1,0.8500000000000001,41,85041,213,251,0.0005045226130653267,4.534249600023031
0,250,0.95,0.1,0.8500000000000001,42,85042,213,250,0.0005025125628140704,4.531337500084192
0,250,0.95,0.1,0.8500000000000001,43,85043,213,250,0.0005025125628140704,4.49611329997424
0,250,0.95,0.1,0.8500000000000001,44,85044,213,250,0.0005025125628140704,4.787330499966629
0,250,0.95,0.1,0.8500000000000001,45,85045,213,250,0.0005025125628140704,4.722271399921738
0,250,0.95,0.1,0.8500000000000001,46,85046,213,250,0.0005025125628140704,4.202871200046502
0,250,0.95,0.1,0.8500000000000001,47,85047,213,250,0.0005025125628140704,4.485456399968825
0,250,0.95,0.1,0.8500000000000001,48,85048,213,250,0.0005025125628140704,4.267347900080495
0,250,0.95,0.1,0.8500000000000001,49,85049,213,250,0.0005025125628140704,4.532937100040726
0,250,0.95,0.1,0.8500000000000001,50,85050,213,250,0.0005025125628140704,4.647024199948646
0,250,0.95,0.1,0.8500000000000001,51,85051,213,250,0.0005025125628140704,4.4383251999970526
0,250,0.95,0.1,0.8500000000000001,52,85052,213,250,0.0005025125628140704,4.603579200105742
0,250,0.95,0.1,0.8500000000000001,53,85053,213,250,0.0005025125628140704,4.488460200023837
0,250,0.95,0.1,0.8500000000000001,54,85054,213,250,0.0005025125628140704,4.461821399978362
0,250,0.95,0.1,0.8500000000000001,55,85055,213,250,0.0005025125628140704,4.517139900010079
0,250,0.95,0.1,0.8500000000000001,56,85056,213,250,0.0005025125628140704,4.550089900032617
0,250,0.95,0.1,0.8500000000000001,57,85057,213,250,0.0005025125628140704,4.481577700003982
0,250,0.95,0.1,0.8500000000000001,58,85058,213,250,0.0005025125628140704,4.451414600014687
0,250,0.95,0.1,0.8500000000000001,59,85059,213,250,0.0005025125628140704,4.5755842999788
0,250,0.95,0.1,0.8500000000000001,60,85060,213,250,0.0005025125628140704,4.531330400030129
0,250,0.95,0.1,0.8500000000000001,61,85061,213,250,0.0005025125628140704,4.463691900018603
0,250,0.95,0.1,0.8500000000000001,62,85062,213,250,0.0005025125628140704,4.54119899997022
0,250,0.95,0.1,0.8500000000000001,63,85063,213,250,0.0005025125628140704,4.519966899999417
0,250,0.95,0.1,0.8500000000000001,64,85064,213,250,0.0005025125628140704,4.491305199917406
0,250,0.95,0.1,0.8500000000000001,65,85065,213,250,0.0005025125628140704,4.598013199982233
0,250,0.95,0.1,0.8500000000000001,66,85066,213,250,0.0005025125628140704,4.653696099994704
0,250,0.95,0.1,0.8500000000000001,67,85067,213,250,0.0005025125628140704,4.5916538999881595
0,250,0.95,0.1,0.8500000000000001,68,85068,213,250,0.0005025125628140704,4.48558699991554
0,250,0.95,0.1,0.8500000000000001,69,85069,213,250,0.0005025125628140704,4.476713299984112
0,250,0.95,0.1,0.8500000000000001,70,85070,213,250,0.0005025125628140704,4.551138199982233
0,250,0.95,0.1,0.8500000000000001,71,85071,213,250,0.0005025125628140704,4.550154100055806
0,250,0.95,0.1,0.8500000000000001,72,85072,213,250,0.0005025125628140704,4.52755190001335
0,250,0.95,0.1,0.8500000000000001,73,85073,213,250,0.0005025125628140704,4.495630900026299
0,250,0.95,0.1,0.8500000000000001,74,85074,213,250,0.0005025125628140704,4.593716299976222
0,250,0.95,0.1,0.8500000000000001,75,85075,213,250,0.0005025125628140704,4.487999900011346
0,250,0.95,0.1,0.8500000000000001,76,85076,213,250,0.0005025125628140704,4.642476399894804
0,250,0.95,0.1,0.8500000000000001,77,85077,213,250,0.0005025125628140704,4.539890200016089
0,250,0.95,0.1,0.8500000000000001,78,85078,213,250,0.0005025125628140704,4.609220799989998
0,250,0.95,0.1,0.8500000000000001,79,85079,213,251,0.0005045226130653267,4.571579999988899
0,250,0.95,0.1,0.8500000000000001,80,85080,213,250,0.0005025125628140704,4.548293099971488
0,250,0.95,0.1,0.8500000000000001,81,85081,213,250,0.0005025125628140704,4.607395799946971
0,250,0.95,0.1,0.8500000000000001,82,85082,213,250,0.0005025125628140704,4.565087100025266
0,250,0.95,0.1,0.8500000000000001,83,85083,213,250,0.0005025125628140704,4.47075209999457
0,250,0.95,0.1,0.8500000000000001,84,85084,213,250,0.0005025125628140704,4.473746299976483
0,250,0.95,0.1,0.8500000000000001,85,85085,213,250,0.0005025125628140704,4.502823599963449
0,250,0.95,0.1,0.8500000000000001,86,85086,213,250,0.0005025125628140704,4.614595100050792
0,250,0.95,0.1,0.8500000000000001,87,85087,213,250,0.0005025125628140704,4.47869310004171
0,250,0.95,0.1,0.8500000000000001,88,85088,213,250,0.0005025125628140704,4.5879376999801025
0,250,0.95,0.1,0.8500000000000001,89,85089,213,250,0.0005025125628140704,4.569718300015666
0,250,0.95,0.1,0.8500000000000001,90,85090,213,250,0.0005025125628140704,4.539713999954984
0,250,0.95,0.1,0.8500000000000001,91,85091,213,250,0.0005025125628140704,4.536285900045186
0,250,0.95,0.1,0.8500000000000001,92,85092,213,250,0.0005025125628140704,4.530687099904753
0,250,0.95,0.1,0.8500000000000001,93,85093,213,250,0.0005025125628140704,4.565015500062145
0,250,0.95,0.1,0.8500000000000001,94,85094,213,250,0.0005025125628140704,4.468513999949209
0,250,0.95,0.1,0.8500000000000001,95,85095,213,250,0.0005025125628140704,4.50399900006596
0,250,0.95,0.1,0.8500000000000001,96,85096,213,250,0.0005025125628140704,4.578752000001259
0,250,0.95,0.1,0.8500000000000001,97,85097,213,250,0.0005025125628140704,4.513990399893373
0,250,0.95,0.1,0.8500000000000001,98,85098,213,250,0.0005025125628140704,4.470603200024925
0,250,0.95,0.1,0.8500000000000001,99,85099,213,250,0.0005025125628140704,4.446054699947126
0,250,0.95,0.1,0.9,0,90000,225,250,0.0005025125628140704,4.456711000064388
0,250,0.95,0.1,0.9,1,90001,225,250,0.0005025125628140704,4.577322700060904
0,250,0.95,0.1,0.9,2,90002,225,250,0.0005025125628140704,4.763107299921103
0,250,0.95,0.1,0.9,3,90003,225,250,0.0005025125628140704,4.733007800066844
0,250,0.95,0.1,0.9,4,90004,225,250,0.0005025125628140704,4.834376199985854
0,250,0.95,0.1,0.9,5,90005,225,250,0.0005025125628140704,4.43721430003643
0,250,0.95,0.1,0.9,6,90006,225,250,0.0005025125628140704,4.395588400075212
0,250,0.95,0.1,0.9,7,90007,225,250,0.0005025125628140704,4.679655599989928
0,250,0.95,0.1,0.9,8,90008,225,250,0.0005025125628140704,4.440586299984716
0,250,0.95,0.1,0.9,9,90009,225,250,0.0005025125628140704,4.525143300066702
0,250,0.95,0.1,0.9,10,90010,225,250,0.0005025125628140704,4.486214700038545
0,250,0.95,0.1,0.9,11,90011,225,250,0.0005025125628140704,4.71036260004621
0,250,0.95,0.1,0.9,12,90012,225,250,0.0005025125628140704,4.7329009000677615
0,250,0.95,0.1,0.9,13,90013,225,250,0.0005025125628140704,4.342686700052582
0,250,0.95,0.1,0.9,14,90014,225,250,0.0005025125628140704,4.725759300054051
0,250,0.95,0.1,0.9,15,90015,225,250,0.0005025125628140704,4.758717600023374
0,250,0.95,0.1,0.9,16,90016,225,250,0.0005025125628140704,4.223558200057596
0,250,0.95,0.1,0.9,17,90017,225,250,0.0005025125628140704,4.296812699991278
0,250,0.95,0.1,0.9,18,90018,225,250,0.0005025125628140704,4.502716200076975
0,250,0.95,0.1,0.9,19,90019,225,250,0.0005025125628140704,4.57677069993224
0,250,0.95,0.1,0.9,20,90020,225,250,0.0005025125628140704,4.514694699901156
0,250,0.95,0.1,0.9,21,90021,225,250,0.0005025125628140704,4.583856399985962
0,250,0.95,0.1,0.9,22,90022,225,250,0.0005025125628140704,4.553034499986097
0,250,0.95,0.1,0.9,23,90023,225,250,0.0005025125628140704,4.5442192000336945
0,250,0.95,0.1,0.9,24,90024,225,250,0.0005025125628140704,4.4815606999909505
0,250,0.95,0.1,0.9,25,90025,225,250,0.0005025125628140704,4.46846599993296
0,250,0.95,0.1,0.9,26,90026,225,250,0.0005025125628140704,4.600485099945217
0,250,0.95,0.1,0.9,27,90027,225,250,0.0005025125628140704,4.573941300041042
0,250,0.95,0.1,0.9,28,90028,225,250,0.0005025125628140704,4.49025759997312
0,250,0.95,0.1,0.9,29,90029,225,250,0.0005025125628140704,4.496881400002167
0,250,0.95,0.1,0.9,30,90030,225,251,0.0005045226130653267,4.555055500008166
0,250,0.95,0.1,0.9,31,90031,225,250,0.0005025125628140704,4.500751700019464
0,250,0.95,0.1,0.9,32,90032,225,250,0.0005025125628140704,4.511764899943955
0,250,0.95,0.1,0.9,33,90033,225,250,0.0005025125628140704,4.549248300027102
0,250,0.95,0.1,0.9,34,90034,225,250,0.0005025125628140704,4.509042200050317
0,250,0.95,0.1,0.9,35,90035,225,250,0.0005025125628140704,4.531284800032154
0,250,0.95,0.1,0.9,36,90036,225,250,0.0005025125628140704,4.507464200025424
0,250,0.95,0.1,0.9,37,90037,225,250,0.0005025125628140704,4.544589800061658
0,250,0.95,0.1,0.9,38,90038,225,250,0.0005025125628140704,4.504316099919379
0,250,0.95,0.1,0.9,39,90039,225,250,0.0005025125628140704,4.481596500030719
0,250,0.95,0.1,0.9,40,90040,225,250,0.0005025125628140704,4.529096299898811
0,250,0.95,0.1,0.9,41,90041,225,250,0.0005025125628140704,4.485141200013459
0,250,0.95,0.1,0.9,42,90042,225,250,0.0005025125628140704,4.513986100093462
0,250,0.95,0.1,0.9,43,90043,225,250,0.0005025125628140704,4.551619499921799
0,250,0.95,0.1,0.9,44,90044,225,250,0.0005025125628140704,4.5881668999791145
0,250,0.95,0.1,0.9,45,90045,225,250,0.0005025125628140704,4.508583300048485
0,250,0.95,0.1,0.9,46,90046,225,250,0.0005025125628140704,4.480438700062223
0,250,0.95,0.1,0.9,47,90047,225,250,0.0005025125628140704,4.522949800011702
0,250,0.95,0.1,0.9,48,90048,225,250,0.0005025125628140704,4.537309899926186
0,250,0.95,0.1,0.9,49,90049,225,250,0.0005025125628140704,4.514757999917492
0,250,0.95,0.1,0.9,50,90050,225,250,0.0005025125628140704,4.4861893999623135
0,250,0.95,0.1,0.9,51,90051,225,250,0.0005025125628140704,4.584774299990386
0,250,0.95,0.1,0.9,52,90052,225,250,0.0005025125628140704,4.5366511000320315
0,250,0.95,0.1,0.9,53,90053,225,250,0.0005025125628140704,4.588105599978007
0,250,0.95,0.1,0.9,54,90054,225,250,0.0005025125628140704,4.447905000066385
0,250,0.95,0.1,0.9,55,90055,225,250,0.0005025125628140704,4.638096999959089
0,250,0.95,0.1,0.9,56,90056,225,250,0.0005025125628140704,4.970647000009194
0,250,0.95,0.1,0.9,57,90057,225,250,0.0005025125628140704,4.566574699943885
0,250,0.95,0.1,0.9,58,90058,225,250,0.0005025125628140704,4.9565128000685945
0,250,0.95,0.1,0.9,59,90059,225,250,0.0005025125628140704,4.909371600020677
0,250,0.95,0.1,0.9,60,90060,225,250,0.0005025125628140704,4.949268799973652
0,250,0.95,0.1,0.9,61,90061,225,250,0.0005025125628140704,4.2487162000034004
0,250,0.95,0.1,0.9,62,90062,225,250,0.0005025125628140704,4.658196099917404
0,250,0.95,0.1,0.9,63,90063,225,250,0.0005025125628140704,4.504757599905133
0,250,0.95,0.1,0.9,64,90064,225,250,0.0005025125628140704,4.793503099936061
0,250,0.95,0.1,0.9,65,90065,225,250,0.0005025125628140704,4.568777899956331
0,250,0.95,0.1,0.9,66,90066,225,250,0.0005025125628140704,4.440704700071365
0,250,0.95,0.1,0.9,67,90067,225,250,0.0005025125628140704,4.740198099985719
0,250,0.95,0.1,0.9,68,90068,225,250,0.0005025125628140704,4.730347700067796
0,250,0.95,0.1,0.9,69,90069,225,250,0.0005025125628140704,4.592417899984866
0,250,0.95,0.1,0.9,70,90070,225,250,0.0005025125628140704,4.528331300010905
0,250,0.95,0.1,0.9,71,90071,225,250,0.0005025125628140704,4.539234099909663
0,250,0.95,0.1,0.9,72,90072,225,250,0.0005025125628140704,4.481169900042005
0,250,0.95,0.1,0.9,73,90073,225,250,0.0005025125628140704,4.602399199968204
0,250,0.95,0.1,0.9,74,90074,225,250,0.0005025125628140704,4.525779900024645
0,250,0.95,0.1,0.9,75,90075,225,250,0.0005025125628140704,4.597611199948005
0,250,0.95,0.1,0.9,76,90076,225,250,0.0005025125628140704,4.486671799910255
0,250,0.95,0.1,0.9,77,90077,225,250,0.0005025125628140704,4.5274780000327155
0,250,0.95,0.1,0.9,78,90078,225,250,0.0005025125628140704,4.481339699937962
0,250,0.95,0.1,0.9,79,90079,225,250,0.0005025125628140704,4.5728267000522465
0,250,0.95,0.1,0.9,80,90080,225,250,0.0005025125628140704,4.547473200014792
0,250,0.95,0.1,0.9,81,90081,225,250,0.0005025125628140704,4.546183100086637
0,250,0.95,0.1,0.9,82,90082,225,251,0.0005045226130653267,4.520658000023104
0,250,0.95,0.1,0.9,83,90083,225,250,0.0005025125628140704,4.506810300052166
0,250,0.95,0.1,0.9,84,90084,225,250,0.0005025125628140704,4.5917630000039935
0,250,0.95,0.1,0.9,85,90085,225,250,0.0005025125628140704,4.548986500012688
0,250,0.95,0.1,0.9,86,90086,225,250,0.0005025125628140704,4.515120299998671
0,250,0.95,0.1,0.9,87,90087,225,250,0.0005025125628140704,4.575895999907516
0,250,0.95,0.1,0.9,88,90088,225,250,0.0005025125628140704,4.571133800083771
0,250,0.95,0.1,0.9,89,90089,225,250,0.0005025125628140704,4.595967800007202
0,250,0.95,0.1,0.9,90,90090,225,250,0.0005025125628140704,4.595896900049411
0,250,0.95,0.1,0.9,91,90091,225,250,0.0005025125628140704,4.5646788000594825
0,250,0.95,0.1,0.9,92,90092,225,250,0.0005025125628140704,4.556522300001234
0,250,0.95,0.1,0.9,93,90093,225,250,0.0005025125628140704,4.538887899951078
0,250,0.95,0.1,0.9,94,90094,225,251,0.0005045226130653267,4.520833599963225
0,250,0.95,0.1,0.9,95,90095,225,250,0.0005025125628140704,4.608142000040971
0,250,0.95,0.1,0.9,96,90096,225,250,0.0005025125628140704,4.599645899957977
0,250,0.95,0.1,0.9,97,90097,225,250,0.0005025125628140704,4.530212200013921
0,250,0.95,0.1,0.9,98,90098,225,250,0.0005025125628140704,4.682627899921499
0,250,0.95,0.1,0.9,99,90099,225,250,0.0005025125628140704,4.586907499935478
0,250,0.95,0.1,0.9500000000000001,0,95000,238,250,0.0005025125628140704,4.638571099960245
0,250,0.95,0.1,0.9500000000000001,1,95001,238,250,0.0005025125628140704,4.786380299949087
0,250,0.95,0.1,0.9500000000000001,2,95002,238,251,0.0005045226130653267,4.612405500025488
0,250,0.95,0.1,0.9500000000000001,3,95003,238,250,0.0005025125628140704,4.803822900052182
0,250,0.95,0.1,0.9500000000000001,4,95004,238,250,0.0005025125628140704,4.634260500082746
0,250,0.95,0.1,0.9500000000000001,5,95005,238,250,0.0005025125628140704,4.659839399973862
0,250,0.95,0.1,0.9500000000000001,6,95006,238,250,0.0005025125628140704,4.712644499959424
0,250,0.95,0.1,0.9500000000000001,7,95007,238,250,0.0005025125628140704,4.697059499914758
0,250,0.95,0.1,0.9500000000000001,8,95008,238,250,0.0005025125628140704,4.705785300000571
0,250,0.95,0.1,0.9500000000000001,9,95009,238,250,0.0005025125628140704,4.70695850008633
0,250,0.95,0.1,0.9500000000000001,10,95010,238,250,0.0005025125628140704,4.713357499917038
0,250,0.95,0.1,0.9500000000000001,11,95011,238,250,0.0005025125628140704,4.58874110004399
0,250,0.95,0.1,0.9500000000000001,12,95012,238,250,0.0005025125628140704,4.711672600009479
0,250,0.95,0.1,0.9500000000000001,13,95013,238,250,0.0005025125628140704,4.801912599941716
0,250,0.95,0.1,0.9500000000000001,14,95014,238,250,0.0005025125628140704,4.586654099985026
0,250,0.95,0.1,0.9500000000000001,15,95015,238,250,0.0005025125628140704,4.795051299966872
0,250,0.95,0.1,0.9500000000000001,16,95016,238,250,0.0005025125628140704,4.670666899997741
0,250,0.95,0.1,0.9500000000000001,17,95017,238,250,0.0005025125628140704,5.051671499968506
0,250,0.95,0.1,0.9500000000000001,18,95018,238,250,0.0005025125628140704,5.115170600009151
0,250,0.95,0.1,0.9500000000000001,19,95019,238,250,0.0005025125628140704,5.165208799997345
0,250,0.95,0.1,0.9500000000000001,20,95020,238,250,0.0005025125628140704,5.235512700048275
0,250,0.95,0.1,0.9500000000000001,21,95021,238,250,0.0005025125628140704,5.134054200025275
0,250,0.95,0.1,0.9500000000000001,22,95022,238,250,0.0005025125628140704,5.239648800110444
0,250,0.95,0.1,0.9500000000000001,23,95023,238,250,0.0005025125628140704,5.06577039998956
0,250,0.95,0.1,0.9500000000000001,24,95024,238,250,0.0005025125628140704,5.001426900038496
0,250,0.95,0.1,0.9500000000000001,25,95025,238,250,0.0005025125628140704,5.352899999939837
0,250,0.95,0.1,0.9500000000000001,26,95026,238,250,0.0005025125628140704,4.98475259996485
0,250,0.95,0.1,0.9500000000000001,27,95027,238,250,0.0005025125628140704,5.322400200064294
0,250,0.95,0.1,0.9500000000000001,28,95028,238,250,0.0005025125628140704,5.307108800043352
0,250,0.95,0.1,0.9500000000000001,29,95029,238,250,0.0005025125628140704,4.699343700078316
0,250,0.95,0.1,0.9500000000000001,30,95030,238,250,0.0005025125628140704,4.999134800047614
0,250,0.95,0.1,0.9500000000000001,31,95031,238,250,0.0005025125628140704,4.42634869995527
0,250,0.95,0.1,0.9500000000000001,32,95032,238,250,0.0005025125628140704,4.480406400049105
0,250,0.95,0.1,0.9500000000000001,33,95033,238,250,0.0005025125628140704,4.9214033000171185
0,250,0.95,0.1,0.9500000000000001,34,95034,238,250,0.0005025125628140704,4.45111739996355
0,250,0.95,0.1,0.9500000000000001,35,95035,238,250,0.0005025125628140704,4.519125499995425
0,250,0.95,0.1,0.9500000000000001,36,95036,238,250,0.0005025125628140704,4.7876260000048205
0,250,0.95,0.1,0.9500000000000001,37,95037,238,250,0.0005025125628140704,4.555741799995303
0,250,0.95,0.1,0.9500000000000001,38,95038,238,250,0.0005025125628140704,4.52633889997378
0,250,0.95,0.1,0.9500000000000001,39,95039,238,250,0.0005025125628140704,4.617746300064027
0,250,0.95,0.1,0.9500000000000001,40,95040,238,250,0.0005025125628140704,4.632561599952169
0,250,0.95,0.1,0.9500000000000001,41,95041,238,250,0.0005025125628140704,4.5131036000093445
0,250,0.95,0.1,0.9500000000000001,42,95042,238,250,0.0005025125628140704,4.587227099924348
0,250,0.95,0.1,0.9500000000000001,43,95043,238,250,0.0005025125628140704,4.549582400009967
0,250,0.95,0.1,0.9500000000000001,44,95044,238,250,0.0005025125628140704,4.607901600073092
0,250,0.95,0.1,0.9500000000000001,45,95045,238,250,0.0005025125628140704,4.738643000018783
0,250,0.95,0.1,0.9500000000000001,46,95046,238,250,0.0005025125628140704,4.737940300023183
0,250,0.95,0.1,0.9500000000000001,47,95047,238,250,0.0005025125628140704,4.295955799985677
0,250,0.95,0.1,0.9500000000000001,48,95048,238,250,0.0005025125628140704,4.731469799997285
0,250,0.95,0.1,0.9500000000000001,49,95049,238,250,0.0005025125628140704,4.626532300026156
0,250,0.95,0.1,0.9500000000000001,50,95050,238,250,0.0005025125628140704,4.821314299944788
0,250,0.95,0.1,0.9500000000000001,51,95051,238,250,0.0005025125628140704,4.236799099948257
0,250,0.95,0.1,0.9500000000000001,52,95052,238,250,0.0005025125628140704,4.522322200005874
0,250,0.95,0.1,0.9500000000000001,53,95053,238,250,0.0005025125628140704,4.585766199976206
0,250,0.95,0.1,0.9500000000000001,54,95054,238,250,0.0005025125628140704,4.4054592999164015
0,250,0.95,0.1,0.9500000000000001,55,95055,238,250,0.0005025125628140704,4.534417900023982
0,250,0.95,0.1,0.9500000000000001,56,95056,238,250,0.0005025125628140704,4.588805600069463
0,250,0.95,0.1,0.9500000000000001,57,95057,238,250,0.0005025125628140704,4.565561100025661
0,250,0.95,0.1,0.9500000000000001,58,95058,238,250,0.0005025125628140704,4.642338200006634
0,250,0.95,0.1,0.9500000000000001,59,95059,238,250,0.0005025125628140704,4.564205800066702
0,250,0.95,0.1,0.9500000000000001,60,95060,238,250,0.0005025125628140704,4.584017500048503
0,250,0.95,0.1,0.9500000000000001,61,95061,238,250,0.0005025125628140704,4.517821300076321
0,250,0.95,0.1,0.9500000000000001,62,95062,238,250,0.0005025125628140704,4.633754399954341
0,250,0.95,0.1,0.9500000000000001,63,95063,238,250,0.0005025125628140704,4.641894100001082
0,250,0.95,0.1,0.9500000000000001,64,95064,238,250,0.0005025125628140704,4.627524200011976
0,250,0.95,0.1,0.9500000000000001,65,95065,238,250,0.0005025125628140704,4.6277224000077695
0,250,0.95,0.1,0.9500000000000001,66,95066,238,250,0.0005025125628140704,4.591969500062987
0,250,0.95,0.1,0.9500000000000001,67,95067,238,250,0.0005025125628140704,4.584155200049281
0,250,0.95,0.1,0.9500000000000001,68,95068,238,250,0.0005025125628140704,4.535443700035103
0,250,0.95,0.1,0.9500000000000001,69,95069,238,250,0.0005025125628140704,4.634822199936025
0,250,0.95,0.1,0.9500000000000001,70,95070,238,250,0.0005025125628140704,4.508710100082681
0,250,0.95,0.1,0.9500000000000001,71,95071,238,250,0.0005025125628140704,4.5945157000096515
0,250,0.95,0.1,0.9500000000000001,72,95072,238,250,0.0005025125628140704,4.689181499998085
0,250,0.95,0.1,0.9500000000000001,73,95073,238,250,0.0005025125628140704,4.541834200033918
0,250,0.95,0.1,0.9500000000000001,74,95074,238,251,0.0005045226130653267,4.581337400013581
0,250,0.95,0.1,0.9500000000000001,75,95075,238,250,0.0005025125628140704,4.5360894000623375
0,250,0.95,0.1,0.9500000000000001,76,95076,238,250,0.0005025125628140704,4.592295999987982
0,250,0.95,0.1,0.9500000000000001,77,95077,238,250,0.0005025125628140704,4.52545720001217
0,250,0.95,0.1,0.9500000000000001,78,95078,238,250,0.0005025125628140704,4.597192700020969
0,250,0.95,0.1,0.9500000000000001,79,95079,238,250,0.0005025125628140704,4.553118300042115
0,250,0.95,0.1,0.9500000000000001,80,95080,238,250,0.0005025125628140704,4.531158599886112
0,250,0.95,0.1,0.9500000000000001,81,95081,238,250,0.0005025125628140704,4.595607199938968
0,250,0.95,0.1,0.9500000000000001,82,95082,238,250,0.0005025125628140704,4.575810099951923
0,250,0.95,0.1,0.9500000000000001,83,95083,238,250,0.0005025125628140704,4.603763399994932
0,250,0.95,0.1,0.9500000000000001,84,95084,238,250,0.0005025125628140704,4.614902300061658
0,250,0.95,0.1,0.9500000000000001,85,95085,238,250,0.0005025125628140704,4.582589800003916
0,250,0.95,0.1,0.9500000000000001,86,95086,238,250,0.0005025125628140704,4.596392499981448
0,250,0.95,0.1,0.9500000000000001,87,95087,238,250,0.0005025125628140704,4.575709199998528
0,250,0.95,0.1,0.9500000000000001,88,95088,238,250,0.0005025125628140704,4.580526499892585
0,250,0.95,0.1,0.9500000000000001,89,95089,238,250,0.0005025125628140704,4.600859700003639
0,250,0.95,0.1,0.9500000000000001,90,95090,238,250,0.0005025125628140704,4.564026499981992
0,250,0.95,0.1,0.9500000000000001,91,95091,238,250,0.0005025125628140704,4.6122387000359595
0,250,0.95,0.1,0.9500000000000001,92,95092,238,250,0.0005025125628140704,4.41613679996226
0,250,0.95,0.1,0.9500000000000001,93,95093,238,250,0.0005025125628140704,4.507097900030203
0,250,0.95,0.1,0.9500000000000001,94,95094,238,250,0.0005025125628140704,4.358887700014748
0,250,0.95,0.1,0.9500000000000001,95,95095,238,250,0.0005025125628140704,4.7118396000005305
0,250,0.95,0.1,0.9500000000000001,96,95096,238,250,0.0005025125628140704,4.763479099958204
0,250,0.95,0.1,0.9500000000000001,97,95097,238,250,0.0005025125628140704,4.530699900002219
0,250,0.95,0.1,0.9500000000000001,98,95098,238,250,0.0005025125628140704,4.189598200027831
0,250,0.95,0.1,0.9500000000000001,99,95099,238,250,0.0005025125628140704,4.552761200000532
0,250,0.95,0.1,1.0,0,100000,250,250,0.0005025125628140704,4.68639719998464
0,250,0.95,0.1,1.0,1,100001,250,250,0.0005025125628140704,4.539751000003889
0,250,0.95,0.1,1.0,2,100002,250,250,0.0005025125628140704,4.6915418999269605
0,250,0.95,0.1,1.0,3,100003,250,250,0.0005025125628140704,4.457798499963246
0,250,0.95,0.1,1.0,4,100004,250,250,0.0005025125628140704,4.576955699943937
0,250,0.95,0.1,1.0,5,100005,250,250,0.0005025125628140704,4.606401300057769
0,250,0.95,0.1,1.0,6,100006,250,250,0.0005025125628140704,4.594838300021365
0,250,0.95,0.1,1.0,7,100007,250,250,0.0005025125628140704,4.613671200000681
0,250,0.95,0.1,1.0,8,100008,250,250,0.0005025125628140704,4.5755541999824345
0,250,0.95,0.1,1.0,9,100009,250,250,0.0005025125628140704,4.664368900004774
0,250,0.95,0.1,1.0,10,100010,250,250,0.0005025125628140704,4.657960599986836
0,250,0.95,0.1,1.0,11,100011,250,250,0.0005025125628140704,4.606427199905738
0,250,0.95,0.1,1.0,12,100012,250,250,0.0005025125628140704,4.57697829999961
0,250,0.95,0.1,1.0,13,100013,250,250,0.0005025125628140704,4.539978199987672
0,250,0.95,0.1,1.0,14,100014,250,250,0.0005025125628140704,4.59631349996198
0,250,0.95,0.1,1.0,15,100015,250,250,0.0005025125628140704,4.551831899909303
0,250,0.95,0.1,1.0,16,100016,250,250,0.0005025125628140704,4.537986699957401
0,250,0.95,0.1,1.0,17,100017,250,250,0.0005025125628140704,4.611524900072254
0,250,0.95,0.1,1.0,18,100018,250,250,0.0005025125628140704,4.504705699975602
0,250,0.95,0.1,1.0,19,100019,250,250,0.0005025125628140704,4.598381999996491
0,250,0.95,0.1,1.0,20,100020,250,250,0.0005025125628140704,4.511107199941762
0,250,0.95,0.1,1.0,21,100021,250,250,0.0005025125628140704,4.6238726999145
0,250,0.95,0.1,1.0,22,100022,250,250,0.0005025125628140704,4.624213399947621
0,250,0.95,0.1,1.0,23,100023,250,250,0.0005025125628140704,4.59040600003209
0,250,0.95,0.1,1.0,24,100024,250,250,0.0005025125628140704,4.608441899996251
0,250,0.95,0.1,1.0,25,100025,250,250,0.0005025125628140704,4.510786299942993
0,250,0.95,0.1,1.0,26,100026,250,250,0.0005025125628140704,4.6622109999880195
0,250,0.95,0.1,1.0,27,100027,250,250,0.0005025125628140704,4.837348200031556
0,250,0.95,0.1,1.0,28,100028,250,250,0.0005025125628140704,4.662713000085205
0,250,0.95,0.1,1.0,29,100029,250,250,0.0005025125628140704,4.573217400000431
0,250,0.95,0.1,1.0,30,100030,250,250,0.0005025125628140704,4.781308599980548
0,250,0.95,0.1,1.0,31,100031,250,250,0.0005025125628140704,4.730305899982341
0,250,0.95,0.1,1.0,32,100032,250,250,0.0005025125628140704,4.534396999981254
0,250,0.95,0.1,1.0,33,100033,250,250,0.0005025125628140704,4.612460499978624
0,250,0.95,0.1,1.0,34,100034,250,250,0.0005025125628140704,4.6328752000117674
0,250,0.95,0.1,1.0,35,100035,250,250,0.0005025125628140704,4.724645499954931
0,250,0.95,0.1,1.0,36,100036,250,250,0.0005025125628140704,4.640133999986574
0,250,0.95,0.1,1.0,37,100037,250,250,0.0005025125628140704,4.66947490000166
0,250,0.95,0.1,1.0,38,100038,250,250,0.0005025125628140704,4.638965400052257
0,250,0.95,0.1,1.0,39,100039,250,250,0.0005025125628140704,4.636374900001101
0,250,0.95,0.1,1.0,40,100040,250,250,0.0005025125628140704,4.774026500061154
0,250,0.95,0.1,1.0,41,100041,250,250,0.0005025125628140704,4.626528799999505
0,250,0.95,0.1,1.0,42,100042,250,250,0.0005025125628140704,4.6711392001016065
0,250,0.95,0.1,1.0,43,100043,250,250,0.0005025125628140704,4.646581200067885
0,250,0.95,0.1,1.0,44,100044,250,250,0.0005025125628140704,4.642080800025724
0,250,0.95,0.1,1.0,45,100045,250,250,0.0005025125628140704,4.724827700061724
0,250,0.95,0.1,1.0,46,100046,250,250,0.0005025125628140704,4.555612099939026
0,250,0.95,0.1,1.0,47,100047,250,250,0.0005025125628140704,4.657337400014512
0,250,0.95,0.1,1.0,48,100048,250,250,0.0005025125628140704,4.763882500003092
0,250,0.95,0.1,1.0,49,100049,250,250,0.0005025125628140704,4.685402699979022
0,250,0.95,0.1,1.0,50,100050,250,250,0.0005025125628140704,4.6216915000695735
0,250,0.95,0.1,1.0,51,100051,250,250,0.0005025125628140704,4.534377400064841
0,250,0.95,0.1,1.0,52,100052,250,250,0.0005025125628140704,4.585904699983075
0,250,0.95,0.1,1.0,53,100053,250,250,0.0005025125628140704,4.630388299934566
0,250,0.95,0.1,1.0,54,100054,250,250,0.0005025125628140704,4.612515400047414
0,250,0.95,0.1,1.0,55,100055,250,250,0.0005025125628140704,4.595734299975447
0,250,0.95,0.1,1.0,56,100056,250,250,0.0005025125628140704,4.587494399980642
0,250,0.95,0.1,1.0,57,100057,250,250,0.0005025125628140704,4.569236299954355
0,250,0.95,0.1,1.0,58,100058,250,250,0.0005025125628140704,4.550685600028373
0,250,0.95,0.1,1.0,59,100059,250,250,0.0005025125628140704,4.589225800009444
0,250,0.95,0.1,1.0,60,100060,250,251,0.0005045226130653267,4.508174499962479
0,250,0.95,0.1,1.0,61,100061,250,250,0.0005025125628140704,4.600877300021239
0,250,0.95,0.1,1.0,62,100062,250,250,0.0005025125628140704,4.52025139995385
0,250,0.95,0.1,1.0,63,100063,250,250,0.0005025125628140704,4.588781500002369
0,250,0.95,0.1,1.0,64,100064,250,250,0.0005025125628140704,4.5980642000213265
0,250,0.95,0.1,1.0,65,100065,250,250,0.0005025125628140704,4.71716389991343
0,250,0.95,0.1,1.0,66,100066,250,250,0.0005025125628140704,4.620358800049871
0,250,0.95,0.1,1.0,67,100067,250,250,0.0005025125628140704,4.692347100004554
0,250,0.95,0.1,1.0,68,100068,250,250,0.0005025125628140704,4.839138199924491
0,250,0.95,0.1,1.0,69,100069,250,250,0.0005025125628140704,4.528115900000557
0,250,0.95,0.1,1.0,70,100070,250,250,0.0005025125628140704,4.635499199968763
0,250,0.95,0.1,1.0,71,100071,250,250,0.0005025125628140704,4.593404000042938
0,250,0.95,0.1,1.0,72,100072,250,250,0.0005025125628140704,4.3695128000108525
0,250,0.95,0.1,1.0,73,100073,250,250,0.0005025125628140704,4.899593599955551
0,250,0.95,0.1,1.0,74,100074,250,250,0.0005025125628140704,4.557514199987054
0,250,0.95,0.1,1.0,75,100075,250,250,0.0005025125628140704,4.620585300028324
0,250,0.95,0.1,1.0,76,100076,250,250,0.0005025125628140704,4.951885699992999
0,250,0.95,0.1,1.0,77,100077,250,250,0.0005025125628140704,4.370919400011189
0,250,0.95,0.1,1.0,78,100078,250,250,0.0005025125628140704,4.848907200037502
0,250,0.95,0.1,1.0,79,100079,250,250,0.0005025125628140704,4.34632940008305
0,250,0.95,0.1,1.0,80,100080,250,250,0.0005025125628140704,4.870151499984786
0,250,0.95,0.1,1.0,81,100081,250,250,0.0005025125628140704,4.547415600041859
0,250,0.95,0.1,1.0,82,100082,250,250,0.0005025125628140704,4.510435099946335
0,250,0.95,0.1,1.0,83,100083,250,250,0.0005025125628140704,4.376964299939573
0,250,0.95,0.1,1.0,84,100084,250,251,0.0005045226130653267,4.833057000068948
0,250,0.95,0.1,1.0,85,100085,250,250,0.0005025125628140704,4.566971400054172
0,250,0.95,0.1,1.0,86,100086,250,250,0.0005025125628140704,4.5881952999625355
0,250,0.95,0.1,1.0,87,100087,250,250,0.0005025125628140704,4.33087850001175
0,250,0.95,0.1,1.0,88,100088,250,251,0.0005045226130653267,4.887516099959612
0,250,0.95,0.1,1.0,89,100089,250,250,0.0005025125628140704,4.343213199987076
0,250,0.95,0.1,1.0,90,100090,250,250,0.0005025125628140704,4.8906543999910355
0,250,0.95,0.1,1.0,91,100091,250,250,0.0005025125628140704,4.85870059998706
0,250,0.95,0.1,1.0,92,100092,250,250,0.0005025125628140704,4.536053000018001
0,250,0.95,0.1,1.0,93,100093,250,250,0.0005025125628140704,4.369345699902624
0,250,0.95,0.1,1.0,94,100094,250,250,0.0005025125628140704,4.500342599931173
0,250,0.95,0.1,1.0,95,100095,250,250,0.0005025125628140704,4.5491256000241265
0,250,0.95,0.1,1.0,96,100096,250,250,0.0005025125628140704,4.839474799926393
0,250,0.95,0.1,1.0,97,100097,250,250,0.0005025125628140704,4.587885300046764
0,250,0.95,0.1,1.0,98,100098,250,250,0.0005025125628140704,4.445490199956112
0,250,0.95,0.1,1.0,99,100099,250,250,0.0005025125628140704,4.409925399930216
1,250,0.85,0.2,0.0,0,10000000,0,250,0.0005025125628140704,4.802801200072281
1,250,0.85,0.2,0.0,1,10000001,0,250,0.0005025125628140704,4.719735000049695
1,250,0.85,0.2,0.0,2,10000002,0,250,0.0005025125628140704,4.529694199911319
1,250,0.85,0.2,0.0,3,10000003,0,250,0.0005025125628140704,4.770955199957825
1,250,0.85,0.2,0.0,4,10000004,0,250,0.0005025125628140704,4.495039099943824
1,250,0.85,0.2,0.0,5,10000005,0,250,0.0005025125628140704,4.537819500081241
1,250,0.85,0.2,0.0,6,10000006,0,250,0.0005025125628140704,4.564181099995039
1,250,0.85,0.2,0.0,7,10000007,0,250,0.0005025125628140704,4.599386099958792
1,250,0.85,0.2,0.0,8,10000008,0,250,0.0005025125628140704,4.641291000065394
1,250,0.85,0.2,0.0,9,10000009,0,250,0.0005025125628140704,4.5485901000211015
1,250,0.85,0.2,0.0,10,10000010,0,250,0.0005025125628140704,4.598525399924256
1,250,0.85,0.2,0.0,11,10000011,0,250,0.0005025125628140704,4.632920200005174
1,250,0.85,0.2,0.0,12,10000012,0,250,0.0005025125628140704,4.591396400006488
1,250,0.85,0.2,0.0,13,10000013,0,250,0.0005025125628140704,4.499184000073001
1,250,0.85,0.2,0.0,14,10000014,0,250,0.0005025125628140704,4.671003399998881
1,250,0.85,0.2,0.0,15,10000015,0,250,0.0005025125628140704,4.590867699938826
1,250,0.85,0.2,0.0,16,10000016,0,250,0.0005025125628140704,4.5777948999311775
1,250,0.85,0.2,0.0,17,10000017,0,250,0.0005025125628140704,4.669913699966855
1,250,0.85,0.2,0.0,18,10000018,0,250,0.0005025125628140704,4.687307000043802
1,250,0.85,0.2,0.0,19,10000019,0,250,0.0005025125628140704,4.7320213000057265
1,250,0.85,0.2,0.0,20,10000020,0,250,0.0005025125628140704,4.599863799987361
1,250,0.85,0.2,0.0,21,10000021,0,250,0.0005025125628140704,4.6004685999359936
1,250,0.85,0.2,0.0,22,10000022,0,250,0.0005025125628140704,4.576350399991497
1,250,0.85,0.2,0.0,23,10000023,0,250,0.0005025125628140704,4.944280400057323
1,250,0.85,0.2,0.0,24,10000024,0,250,0.0005025125628140704,4.616678000078537
1,250,0.85,0.2,0.0,25,10000025,0,250,0.0005025125628140704,4.6346729000797495
1,250,0.85,0.2,0.0,26,10000026,0,250,0.0005025125628140704,5.00283919996582
1,250,0.85,0.2,0.0,27,10000027,0,250,0.0005025125628140704,4.5758846999378875
1,250,0.85,0.2,0.0,28,10000028,0,250,0.0005025125628140704,4.790552499936894
1,250,0.85,0.2,0.0,29,10000029,0,250,0.0005025125628140704,4.561123899999075
1,250,0.85,0.2,0.0,30,10000030,0,250,0.0005025125628140704,4.825508699985221
1,250,0.85,0.2,0.0,31,10000031,0,250,0.0005025125628140704,4.915168700041249
1,250,0.85,0.2,0.0,32,10000032,0,250,0.0005025125628140704,4.923162500024773
1,250,0.85,0.2,0.0,33,10000033,0,250,0.0005025125628140704,4.618204800062813
1,250,0.85,0.2,0.0,34,10000034,0,250,0.0005025125628140704,4.87213279993739
1,250,0.85,0.2,0.0,35,10000035,0,250,0.0005025125628140704,4.366154100047424
1,250,0.85,0.2,0.0,36,10000036,0,250,0.0005025125628140704,4.724986599991098
1,250,0.85,0.2,0.0,37,10000037,0,250,0.0005025125628140704,4.6098033000016585
1,250,0.85,0.2,0.0,38,10000038,0,250,0.0005025125628140704,4.59082440007478
1,250,0.85,0.2,0.0,39,10000039,0,250,0.0005025125628140704,4.697524199960753
1,250,0.85,0.2,0.0,40,10000040,0,250,0.0005025125628140704,4.587506199954078
1,250,0.85,0.2,0.0,41,10000041,0,250,0.0005025125628140704,4.546328399912454
1,250,0.85,0.2,0.0,42,10000042,0,250,0.0005025125628140704,4.595960199949332
1,250,0.85,0.2,0.0,43,10000043,0,250,0.0005025125628140704,4.594671500031836
1,250,0.85,0.2,0.0,44,10000044,0,250,0.0005025125628140704,4.631009000004269
1,250,0.85,0.2,0.0,45,10000045,0,250,0.0005025125628140704,4.61566359992139
1,250,0.85,0.2,0.0,46,10000046,0,250,0.0005025125628140704,4.623112399945967
1,250,0.85,0.2,0.0,47,10000047,0,250,0.0005025125628140704,4.613520400016569
1,250,0.85,0.2,0.0,48,10000048,0,250,0.0005025125628140704,4.681555700022727
1,250,0.85,0.2,0.0,49,10000049,0,250,0.0005025125628140704,4.697722900076769
1,250,0.85,0.2,0.0,50,10000050,0,250,0.0005025125628140704,4.675972800003365
1,250,0.85,0.2,0.0,51,10000051,0,250,0.0005025125628140704,4.6217340000439435
1,250,0.85,0.2,0.0,52,10000052,0,250,0.0005025125628140704,4.557473300024867
1,250,0.85,0.2,0.0,53,10000053,0,250,0.0005025125628140704,4.7259817000012845
1,250,0.85,0.2,0.0,54,10000054,0,250,0.0005025125628140704,4.496389199979603
1,250,0.85,0.2,0.0,55,10000055,0,250,0.0005025125628140704,4.667507200036198
1,250,0.85,0.2,0.0,56,10000056,0,250,0.0005025125628140704,4.5438565000658855
1,250,0.85,0.2,0.0,57,10000057,0,250,0.0005025125628140704,4.528079599956982
1,250,0.85,0.2,0.0,58,10000058,0,250,0.0005025125628140704,4.691313999937847
1,250,0.85,0.2,0.0,59,10000059,0,250,0.0005025125628140704,4.729159599984996
1,250,0.85,0.2,0.0,60,10000060,0,250,0.0005025125628140704,4.538534199935384
1,250,0.85,0.2,0.0,61,10000061,0,250,0.0005025125628140704,4.748651699977927
1,250,0.85,0.2,0.0,62,10000062,0,250,0.0005025125628140704,4.596856500022113
1,250,0.85,0.2,0.0,63,10000063,0,250,0.0005025125628140704,4.394885800080374
1,250,0.85,0.2,0.0,64,10000064,0,250,0.0005025125628140704,4.745011399965733
1,250,0.85,0.2,0.0,65,10000065,0,250,0.0005025125628140704,4.582682100008242
1,250,0.85,0.2,0.0,66,10000066,0,250,0.0005025125628140704,4.57081309997011
1,250,0.85,0.2,0.0,67,10000067,0,250,0.0005025125628140704,4.546809899969958
1,250,0.85,0.2,0.0,68,10000068,0,250,0.0005025125628140704,4.5396555999759585
1,250,0.85,0.2,0.0,69,10000069,0,250,0.0005025125628140704,4.509060799959116
1,250,0.85,0.2,0.0,70,10000070,0,250,0.0005025125628140704,4.477882600040175
1,250,0.85,0.2,0.0,71,10000071,0,250,0.0005025125628140704,4.595983500010334
1,250,0.85,0.2,0.0,72,10000072,0,250,0.0005025125628140704,4.500138900009915
1,250,0.85,0.2,0.0,73,10000073,0,250,0.0005025125628140704,4.72991270001512
1,250,0.85,0.2,0.0,74,10000074,0,250,0.0005025125628140704,4.51214629993774
1,250,0.85,0.2,0.0,75,10000075,0,250,0.0005025125628140704,4.647403700044379
1,250,0.85,0.2,0.0,76,10000076,0,250,0.0005025125628140704,4.671863300027326
1,250,0.85,0.2,0.0,77,10000077,0,250,0.0005025125628140704,4.398274900042452
1,250,0.85,0.2,0.0,78,10000078,0,250,0.0005025125628140704,4.768339599948376
1,250,0.85,0.2,0.0,79,10000079,0,250,0.0005025125628140704,4.677473500021733
1,250,0.85,0.2,0.0,80,10000080,0,250,0.0005025125628140704,4.305790500016883
1,250,0.85,0.2,0.0,81,10000081,0,250,0.0005025125628140704,4.760078299907036
1,250,0.85,0.2,0.0,82,10000082,0,250,0.0005025125628140704,4.536825500079431
1,250,0.85,0.2,0.0,83,10000083,0,250,0.0005025125628140704,4.592254300019704
1,250,0.85,0.2,0.0,84,10000084,0,250,0.0005025125628140704,4.81005150009878
1,250,0.85,0.2,0.0,85,10000085,0,250,0.0005025125628140704,4.824729199986905
1,250,0.85,0.2,0.0,86,10000086,0,250,0.0005025125628140704,4.436718799988739
1,250,0.85,0.2,0.0,87,10000087,0,250,0.0005025125628140704,4.740830600028858
1,250,0.85,0.2,0.0,88,10000088,0,250,0.0005025125628140704,4.3707946999929845
1,250,0.85,0.2,0.0,89,10000089,0,250,0.0005025125628140704,4.635310599929653
1,250,0.85,0.2,0.0,90,10000090,0,250,0.0005025125628140704,4.602901199948974
1,250,0.85,0.2,0.0,91,10000091,0,250,0.0005025125628140704,4.69244080001954
1,250,0.85,0.2,0.0,92,10000092,0,250,0.0005025125628140704,4.828587099909782
1,250,0.85,0.2,0.0,93,10000093,0,250,0.0005025125628140704,4.463223599945195
1,250,0.85,0.2,0.0,94,10000094,0,250,0.0005025125628140704,5.0268295999849215
1,250,0.85,0.2,0.0,95,10000095,0,250,0.0005025125628140704,4.453517199959606
1,250,0.85,0.2,0.0,96,10000096,0,250,0.0005025125628140704,4.355553000001237
1,250,0.85,0.2,0.0,97,10000097,0,250,0.0005025125628140704,4.46733520005364
1,250,0.85,0.2,0.0,98,10000098,0,250,0.0005025125628140704,4.453445499995723
1,250,0.85,0.2,0.0,99,10000099,0,250,0.0005025125628140704,5.026866000029258
1,250,0.85,0.2,0.05,0,10005000,12,250,0.0005025125628140704,4.47179999994114
1,250,0.85,0.2,0.05,1,10005001,12,250,0.0005025125628140704,4.608066200045869
1,250,0.85,0.2,0.05,2,10005002,12,250,0.0005025125628140704,5.020205299952067
1,250,0.85,0.2,0.05,3,10005003,12,15735,0.03162814070351759,4.652049899916165
1,250,0.85,0.2,0.05,4,10005004,12,17121,0.034414070351758794,4.8945959999691695
1,250,0.85,0.2,0.05,5,10005005,12,12689,0.025505527638190955,5.036874399986118
1,250,0.85,0.2,0.05,6,10005006,12,13040,0.02621105527638191,4.730077299987897
1,250,0.85,0.2,0.05,7,10005007,12,14175,0.02849246231155779,4.889843899989501
1,250,0.85,0.2,0.05,8,10005008,12,250,0.0005025125628140704,4.746407600003295
1,250,0.85,0.2,0.05,9,10005009,12,12652,0.025431155778894474,4.695511099998839
1,250,0.85,0.2,0.05,10,10005010,12,15321,0.030795979899497488,4.757030799984932
1,250,0.85,0.2,0.05,11,10005011,12,250,0.0005025125628140704,4.589851299999282
1,250,0.85,0.2,0.05,12,10005012,12,17583,0.0353427135678392,4.96111229993403
1,250,0.85,0.2,0.05,13,10005013,12,10791,0.021690452261306534,4.961259700008668
1,250,0.85,0.2,0.05,14,10005014,12,16974,0.03411859296482412,4.824663599953055
1,250,0.85,0.2,0.05,15,10005015,12,13158,0.026448241206030152,4.702432499965653
1,250,0.85,0.2,0.05,16,10005016,12,251,0.0005045226130653267,4.6184956999495625
1,250,0.85,0.2,0.05,17,10005017,12,11436,0.022986934673366835,4.900730299996212
1,250,0.85,0.2,0.05,18,10005018,12,15955,0.03207035175879397,4.739773000008427
1,250,0.85,0.2,0.05,19,10005019,12,14569,0.029284422110552762,4.9003813999006525
1,250,0.85,0.2,0.05,20,10005020,12,11372,0.022858291457286434,4.595245599979535
1,250,0.85,0.2,0.05,21,10005021,12,250,0.0005025125628140704,4.561570000019856
1,250,0.85,0.2,0.05,22,10005022,12,16481,0.033127638190954774,4.68125289992895
1,250,0.85,0.2,0.05,23,10005023,12,6473,0.01301105527638191,4.763192099984735
1,250,0.85,0.2,0.05,24,10005024,12,11711,0.023539698492462312,4.644829800003208
1,250,0.85,0.2,0.05,25,10005025,12,250,0.0005025125628140704,4.755486399983056
1,250,0.85,0.2,0.05,26,10005026,12,250,0.0005025125628140704,4.50830899993889
1,250,0.85,0.2,0.05,27,10005027,12,14838,0.029825125628140704,4.691530199954286
1,250,0.85,0.2,0.05,28,10005028,12,12048,0.024217085427135677,4.712712900014594
1,250,0.85,0.2,0.05,29,10005029,12,14589,0.02932462311557789,4.773773399996571
1,250,0.85,0.2,0.05,30,10005030,12,16411,0.03298693467336684,4.718219100032002
1,250,0.85,0.2,0.05,31,10005031,12,11311,0.0227356783919598,4.794881499954499
1,250,0.85,0.2,0.05,32,10005032,12,250,0.0005025125628140704,4.63093859993387
1,250,0.85,0.2,0.05,33,10005033,12,17509,0.035193969849246234,4.61184830009006
1,250,0.85,0.2,0.05,34,10005034,12,13511,0.027157788944723617,4.661698900046758
1,250,0.85,0.2,0.05,35,10005035,12,17562,0.035300502512562816,4.694833799963817
1,250,0.85,0.2,0.05,36,10005036,12,250,0.0005025125628140704,4.723395299981348
1,250,0.85,0.2,0.05,37,10005037,12,14542,0.029230150753768846,4.676231299992651
1,250,0.85,0.2,0.05,38,10005038,12,250,0.0005025125628140704,4.565368499956094
1,250,0.85,0.2,0.05,39,10005039,12,13185,0.026502512562814072,4.897970899939537
1,250,0.85,0.2,0.05,40,10005040,12,19775,0.039748743718592966,4.891197699937038
1,250,0.85,0.2,0.05,41,10005041,12,10760,0.02162814070351759,4.621600299957208
1,250,0.85,0.2,0.05,42,10005042,12,250,0.0005025125628140704,4.577132200007327
1,250,0.85,0.2,0.05,43,10005043,12,15823,0.03180502512562814,4.980960099957883
1,250,0.85,0.2,0.05,44,10005044,12,11263,0.0226391959798995,4.770210699993186
1,250,0.85,0.2,0.05,45,10005045,12,250,0.0005025125628140704,4.655739499954507
1,250,0.85,0.2,0.05,46,10005046,12,16292,0.03274773869346734,4.798882800037973
1,250,0.85,0.2,0.05,47,10005047,12,11907,0.02393366834170854,4.621281900093891
1,250,0.85,0.2,0.05,48,10005048,12,14545,0.029236180904522614,4.683937599998899
1,250,0.85,0.2,0.05,49,10005049,12,250,0.0005025125628140704,4.589680399978533
1,250,0.85,0.2,0.05,50,10005050,12,13902,0.027943718592964822,4.5392272999743
1,250,0.85,0.2,0.05,51,10005051,12,15442,0.031039195979899497,4.72742309991736
1,250,0.85,0.2,0.05,52,10005052,12,13763,0.0276643216080402,4.6743145999498665
1,250,0.85,0.2,0.05,53,10005053,12,250,0.0005025125628140704,4.47630549990572
1,250,0.85,0.2,0.05,54,10005054,12,18843,0.03787537688442211,4.887213499983773
1,250,0.85,0.2,0.05,55,10005055,12,15868,0.03189547738693467,4.920658000046387
1,250,0.85,0.2,0.05,56,10005056,12,13574,0.027284422110552764,4.864062500069849
1,250,0.85,0.2,0.05,57,10005057,12,11109,0.02232964824120603,4.888160600094125
1,250,0.85,0.2,0.05,58,10005058,12,250,0.0005025125628140704,4.596934500033967
1,250,0.85,0.2,0.05,59,10005059,12,250,0.0005025125628140704,4.49028799997177
1,250,0.85,0.2,0.05,60,10005060,12,15334,0.03082211055276382,4.710150499944575
1,250,0.85,0.2,0.05,61,10005061,12,15917,0.03199396984924623,4.669072799966671
1,250,0.85,0.2,0.05,62,10005062,12,250,0.0005025125628140704,4.742335299961269
1,250,0.85,0.2,0.05,63,10005063,12,12302,0.024727638190954773,4.657887400011532
1,250,0.85,0.2,0.05,64,10005064,12,15824,0.0318070351758794,4.6090365999843925
1,250,0.85,0.2,0.05,65,10005065,12,250,0.0005025125628140704,4.706721400027163
1,250,0.85,0.2,0.05,66,10005066,12,14092,0.028325628140703517,4.914994899998419
1,250,0.85,0.2,0.05,67,10005067,12,12041,0.024203015075376883,4.934084499953315
1,250,0.85,0.2,0.05,68,10005068,12,12049,0.024219095477386935,4.630625499994494
1,250,0.85,0.2,0.05,69,10005069,12,18882,0.03795376884422111,4.634828100097366
1,250,0.85,0.2,0.05,70,10005070,12,9431,0.01895678391959799,4.529011099948548
1,250,0.85,0.2,0.05,71,10005071,12,13337,0.026808040201005027,4.818142100004479
1,250,0.85,0.2,0.05,72,10005072,12,15613,0.03138291457286432,4.6862162000034004
1,250,0.85,0.2,0.05,73,10005073,12,17616,0.035409045226130656,4.78611169999931
1,250,0.85,0.2,0.05,74,10005074,12,10054,0.020209045226130654,4.65262409998104
1,250,0.85,0.2,0.05,75,10005075,12,250,0.0005025125628140704,4.585572500014678
1,250,0.85,0.2,0.05,76,10005076,12,16690,0.03354773869346734,4.670320099918172
1,250,0.85,0.2,0.05,77,10005077,12,250,0.0005025125628140704,4.604694599984214
1,250,0.85,0.2,0.05,78,10005078,12,12962,0.02605427135678392,4.656122699961998
1,250,0.85,0.2,0.05,79,10005079,12,14902,0.029953768844221105,4.683304899954237
1,250,0.85,0.2,0.05,80,10005080,12,250,0.0005025125628140704,4.630626300000586
1,250,0.85,0.2,0.05,81,10005081,12,15240,0.030633165829145728,4.866353299934417
1,250,0.85,0.2,0.05,82,10005082,12,251,0.0005045226130653267,4.582628300064243
1,250,0.85,0.2,0.05,83,10005083,12,14908,0.029965829145728644,4.8248109999112785
1,250,0.85,0.2,0.05,84,10005084,12,250,0.0005025125628140704,4.535251900088042
1,250,0.85,0.2,0.05,85,10005085,12,16812,0.0337929648241206,4.890861799940467
1,250,0.85,0.2,0.05,86,10005086,12,17027,0.0342251256281407,4.6579074000474066
1,250,0.85,0.2,0.05,87,10005087,12,10642,0.021390954773869347,4.729339500074275
1,250,0.85,0.2,0.05,88,10005088,12,16958,0.03408643216080402,4.9548119000392035
1,250,0.85,0.2,0.05,89,10005089,12,18600,0.03738693467336683,4.768495099968277
1,250,0.85,0.2,0.05,90,10005090,12,15899,0.03195778894472362,4.781405100016855
1,250,0.85,0.2,0.05,91,10005091,12,14915,0.029979899497487437,4.721532800002024
1,250,0.85,0.2,0.05,92,10005092,12,14090,0.028321608040201004,4.810284399893135
1,250,0.85,0.2,0.05,93,10005093,12,12783,0.025694472361809044,4.781860399991274
1,250,0.85,0.2,0.05,94,10005094,12,11024,0.022158793969849246,4.691013099974953
1,250,0.85,0.2,0.05,95,10005095,12,16978,0.034126633165829146,4.766349999932572
1,250,0.85,0.2,0.05,96,10005096,12,16009,0.03217889447236181,4.814451100071892
1,250,0.85,0.2,0.05,97,10005097,12,15475,0.031105527638190956,4.8409580999286845
1,250,0.85,0.2,0.05,98,10005098,12,13634,0.02740502512562814,4.678809200064279
1,250,0.85,0.2,0.05,99,10005099,12,250,0.0005025125628140704,4.646534699946642
1,250,0.85,0.2,0.1,0,10010000,25,9781,0.019660301507537687,4.663439900032245
1,250,0.85,0.2,0.1,1,10010001,25,250,0.0005025125628140704,4.663227300043218
1,250,0.85,0.2,0.1,2,10010002,25,16494,0.0331537688442211,4.760972599964589
1,250,0.85,0.2,0.1,3,10010003,25,19379,0.03895276381909548,4.761561900028028
1,250,0.85,0.2,0.1,4,10010004,25,250,0.0005025125628140704,4.688530800049193
1,250,0.85,0.2,0.1,5,10010005,25,17046,0.03426331658291457,4.787084099953063
1,250,0.85,0.2,0.1,6,10010006,25,250,0.0005025125628140704,4.604970999993384
1,250,0.85,0.2,0.1,7,10010007,25,250,0.0005025125628140704,4.5305873999604955
1,250,0.85,0.2,0.1,8,10010008,25,250,0.0005025125628140704,4.6668443999951705
1,250,0.85,0.2,0.1,9,10010009,25,250,0.0005025125628140704,4.51361529994756
1,250,0.85,0.2,0.1,10,10010010,25,250,0.0005025125628140704,4.546869399957359
1,250,0.85,0.2,0.1,11,10010011,25,250,0.0005025125628140704,4.485671299975365
1,250,0.85,0.2,0.1,12,10010012,25,250,0.0005025125628140704,4.679763399995863
1,250,0.85,0.2,0.1,13,10010013,25,12078,0.024277386934673368,4.584310599952005
1,250,0.85,0.2,0.1,14,10010014,25,16544,0.03325427135678392,4.700988900032826
1,250,0.85,0.2,0.1,15,10010015,25,15883,0.031925628140703516,4.821605299948715
1,250,0.85,0.2,0.1,16,10010016,25,250,0.0005025125628140704,4.824703900027089
1,250,0.85,0.2,0.1,17,10010017,25,251,0.0005045226130653267,4.888667999999598
1,250,0.85,0.2,0.1,18,10010018,25,251,0.0005045226130653267,4.828953899908811
1,250,0.85,0.2,0.1,19,10010019,25,16443,0.03305125628140704,4.565019499976188
1,250,0.85,0.2,0.1,20,10010020,25,250,0.0005025125628140704,4.87706289999187
1,250,0.85,0.2,0.1,21,10010021,25,13764,0.02766633165829146,4.667600799934007
1,250,0.85,0.2,0.1,22,10010022,25,501,0.001007035175879397,4.557650899980217
1,250,0.85,0.2,0.1,23,10010023,25,250,0.0005025125628140704,4.29281379992608
1,250,0.85,0.2,0.1,24,10010024,25,250,0.0005025125628140704,4.631078700069338
1,250,0.85,0.2,0.1,25,10010025,25,18287,0.03675778894472362,4.41971329995431
1,250,0.85,0.2,0.1,26,10010026,25,14970,0.030090452261306532,4.7048322999617085
1,250,0.85,0.2,0.1,27,10010027,25,16028,0.03221708542713568,4.906227599945851
1,250,0.85,0.2,0.1,28,10010028,25,250,0.0005025125628140704,4.8279876000015065
1,250,0.85,0.2,0.1,29,10010029,25,17047,0.03426532663316583,4.854311499977484
1,250,0.85,0.2,0.1,30,10010030,25,250,0.0005025125628140704,4.4771757000125945
1,250,0.85,0.2,0.1,31,10010031,25,251,0.0005045226130653267,4.831499999971129
1,250,0.85,0.2,0.1,32,10010032,25,250,0.0005025125628140704,4.5326936999335885
1,250,0.85,0.2,0.1,33,10010033,25,13465,0.02706532663316583,4.672150500002317
1,250,0.85,0.2,0.1,34,10010034,25,13128,0.02638793969849246,4.629062099964358
1,250,0.85,0.2,0.1,35,10010035,25,250,0.0005025125628140704,4.584316399996169
1,250,0.85,0.2,0.1,36,10010036,25,250,0.0005025125628140704,4.576999200042337
1,250,0.85,0.2,0.1,37,10010037,25,251,0.0005045226130653267,4.631455299910158
1,250,0.85,0.2,0.1,38,10010038,25,17674,0.035525628140703515,4.693461299990304
1,250,0.85,0.2,0.1,39,10010039,25,252,0.0005065326633165829,4.551595900091343
1,250,0.85,0.2,0.1,40,10010040,25,250,0.0005025125628140704,4.543529100017622
1,250,0.85,0.2,0.1,41,10010041,25,17030,0.03423115577889447,4.719688999932259
1,250,0.85,0.2,0.1,42,10010042,25,251,0.0005045226130653267,4.587016799952835
1,250,0.85,0.2,0.1,43,10010043,25,251,0.0005045226130653267,4.75057520007249
1,250,0.85,0.2,0.1,44,10010044,25,250,0.0005025125628140704,4.784831700031646
1,250,0.85,0.2,0.1,45,10010045,25,10894,0.02189748743718593,4.783045600051992
1,250,0.85,0.2,0.1,46,10010046,25,250,0.0005025125628140704,4.436279199901037
1,250,0.85,0.2,0.1,47,10010047,25,250,0.0005025125628140704,4.855711599928327
1,250,0.85,0.2,0.1,48,10010048,25,250,0.0005025125628140704,4.561170500004664
1,250,0.85,0.2,0.1,49,10010049,25,250,0.0005025125628140704,4.847574800020084
1,250,0.85,0.2,0.1,50,10010050,25,250,0.0005025125628140704,4.535176599980332
1,250,0.85,0.2,0.1,51,10010051,25,19030,0.038251256281407034,4.563956000027247
1,250,0.85,0.2,0.1,52,10010052,25,12755,0.02563819095477387,4.718948399997316
1,250,0.85,0.2,0.1,53,10010053,25,18247,0.036677386934673366,4.702674700063653
1,250,0.85,0.2,0.1,54,10010054,25,250,0.0005025125628140704,4.468303100089543
1,250,0.85,0.2,0.1,55,10010055,25,250,0.0005025125628140704,4.685810600058176
1,250,0.85,0.2,0.1,56,10010056,25,250,0.0005025125628140704,4.595873099984601
1,250,0.85,0.2,0.1,57,10010057,25,250,0.0005025125628140704,4.59294499992393
1,250,0.85,0.2,0.1,58,10010058,25,19418,0.039031155778894475,4.774299600045197
1,250,0.85,0.2,0.1,59,10010059,25,12744,0.02561608040201005,4.705613799975254
1,250,0.85,0.2,0.1,60,10010060,25,16508,0.03318190954773869,4.628202500054613
1,250,0.85,0.2,0.1,61,10010061,25,19600,0.03939698492462312,4.738079100032337
1,250,0.85,0.2,0.1,62,10010062,25,17513,0.03520201005025125,4.642982300021686
1,250,0.85,0.2,0.1,63,10010063,25,250,0.0005025125628140704,4.47975200007204
1,250,0.85,0.2,0.1,64,10010064,25,15522,0.0312,4.632215499994345
1,250,0.85,0.2,0.1,65,10010065,25,18964,0.03811859296482412,4.684335900004953
1,250,0.85,0.2,0.1,66,10010066,25,250,0.0005025125628140704,4.556062899995595
1,250,0.85,0.2,0.1,67,10010067,25,251,0.0005045226130653267,4.575000700075179
1,250,0.85,0.2,0.1,68,10010068,25,16006,0.03217286432160804,4.749332299921662
1,250,0.85,0.2,0.1,69,10010069,25,15006,0.03016281407035176,4.685729900025763
1,250,0.85,0.2,0.1,70,10010070,25,250,0.0005025125628140704,4.686889000004157
1,250,0.85,0.2,0.1,71,10010071,25,3178,0.006387939698492462,4.612379000056535
1,250,0.85,0.2,0.1,72,10010072,25,19357,0.03890854271356784,4.666336899972521
1,250,0.85,0.2,0.1,73,10010073,25,250,0.0005025125628140704,4.675163800013252
1,250,0.85,0.2,0.1,74,10010074,25,250,0.0005025125628140704,4.530918800039217
1,250,0.85,0.2,0.1,75,10010075,25,18753,0.03769447236180905,4.650222600088455
1,250,0.85,0.2,0.1,76,10010076,25,250,0.0005025125628140704,4.594895099988207
1,250,0.85,0.2,0.1,77,10010077,25,250,0.0005025125628140704,4.63652230007574
1,250,0.85,0.2,0.1,78,10010078,25,17079,0.03432964824120603,4.777828700025566
1,250,0.85,0.2,0.1,79,10010079,25,250,0.0005025125628140704,4.59081680001691
1,250,0.85,0.2,0.1,80,10010080,25,250,0.0005025125628140704,4.615562699967995
1,250,0.85,0.2,0.1,81,10010081,25,19006,0.038203015075376885,4.711268799961545
1,250,0.85,0.2,0.1,82,10010082,25,251,0.0005045226130653267,4.656579799950123
1,250,0.85,0.2,0.1,83,10010083,25,250,0.0005025125628140704,4.666946799959987
1,250,0.85,0.2,0.1,84,10010084,25,250,0.0005025125628140704,4.626418800093234
1,250,0.85,0.2,0.1,85,10010085,25,250,0.0005025125628140704,4.7299921999219805
1,250,0.85,0.2,0.1,86,10010086,25,18038,0.03625728643216081,4.745171900023706
1,250,0.85,0.2,0.1,87,10010087,25,13519,0.02717386934673367,4.677406799979508
1,250,0.85,0.2,0.1,88,10010088,25,250,0.0005025125628140704,4.824708299944177
1,250,0.85,0.2,0.1,89,10010089,25,250,0.0005025125628140704,4.6284164999378845
1,250,0.85,0.2,0.1,90,10010090,25,250,0.0005025125628140704,4.782158000045456
1,250,0.85,0.2,0.1,91,10010091,25,250,0.0005025125628140704,4.871943500009365
1,250,0.85,0.2,0.1,92,10010092,25,250,0.0005025125628140704,4.713445400004275
1,250,0.85,0.2,0.1,93,10010093,25,250,0.0005025125628140704,4.7277725000167266
1,250,0.85,0.2,0.1,94,10010094,25,250,0.0005025125628140704,4.67545770003926
1,250,0.85,0.2,0.1,95,10010095,25,250,0.0005025125628140704,4.621219399967231
1,250,0.85,0.2,0.1,96,10010096,25,250,0.0005025125628140704,4.682962500024587
1,250,0.85,0.2,0.1,97,10010097,25,250,0.0005025125628140704,4.708225999958813
1,250,0.85,0.2,0.1,98,10010098,25,12349,0.02482211055276382,4.80644050007686
1,250,0.85,0.2,0.1,99,10010099,25,251,0.0005045226130653267,4.673490899964236
1,250,0.85,0.2,0.15000000000000002,0,10015000,38,250,0.0005025125628140704,4.50407880009152
1,250,0.85,0.2,0.15000000000000002,1,10015001,38,250,0.0005025125628140704,4.653477699961513
1,250,0.85,0.2,0.15000000000000002,2,10015002,38,251,0.0005045226130653267,4.721862200065516
1,250,0.85,0.2,0.15000000000000002,3,10015003,38,250,0.0005025125628140704,4.557021199958399
1,250,0.85,0.2,0.15000000000000002,4,10015004,38,251,0.0005045226130653267,4.556596099981107
1,250,0.85,0.2,0.15000000000000002,5,10015005,38,14290,0.02872361809045226,4.597676599980332
1,250,0.85,0.2,0.15000000000000002,6,10015006,38,250,0.0005025125628140704,4.635955099947751
1,250,0.85,0.2,0.15000000000000002,7,10015007,38,18919,0.038028140703517586,4.745609499979764
1,250,0.85,0.2,0.15000000000000002,8,10015008,38,250,0.0005025125628140704,4.600723400013521
1,250,0.85,0.2,0.15000000000000002,9,10015009,38,250,0.0005025125628140704,4.732039500027895
1,250,0.85,0.2,0.15000000000000002,10,10015010,38,250,0.0005025125628140704,4.511376200011
1,250,0.85,0.2,0.15000000000000002,11,10015011,38,250,0.0005025125628140704,4.6012663000728935
1,250,0.85,0.2,0.15000000000000002,12,10015012,38,250,0.0005025125628140704,4.5858779000118375
1,250,0.85,0.2,0.15000000000000002,13,10015013,38,18338,0.03686030150753769,4.745946999988519
1,250,0.85,0.2,0.15000000000000002,14,10015014,38,762,0.0015316582914572865,4.577759600011632
1,250,0.85,0.2,0.15000000000000002,15,10015015,38,19010,0.03821105527638191,4.673783699981868
1,250,0.85,0.2,0.15000000000000002,16,10015016,38,250,0.0005025125628140704,4.54688050004188
1,250,0.85,0.2,0.15000000000000002,17,10015017,38,250,0.0005025125628140704,4.6867716000415385
1,250,0.85,0.2,0.15000000000000002,18,10015018,38,18330,0.03684422110552764,4.826243899995461
1,250,0.85,0.2,0.15000000000000002,19,10015019,38,250,0.0005025125628140704,4.591353500029072
1,250,0.85,0.2,0.15000000000000002,20,10015020,38,254,0.0005105527638190955,4.71556010004133
1,250,0.85,0.2,0.15000000000000002,21,10015021,38,250,0.0005025125628140704,4.579572099959478
1,250,0.85,0.2,0.15000000000000002,22,10015022,38,251,0.0005045226130653267,4.641231499961577
1,250,0.85,0.2,0.15000000000000002,23,10015023,38,250,0.0005025125628140704,4.640711500076577
1,250,0.85,0.2,0.15000000000000002,24,10015024,38,250,0.0005025125628140704,4.561406400054693
1,250,0.85,0.2,0.15000000000000002,25,10015025,38,15049,0.03024924623115578,4.741838700021617
1,250,0.85,0.2,0.15000000000000002,26,10015026,38,250,0.0005025125628140704,4.900552300037816
1,250,0.85,0.2,0.15000000000000002,27,10015027,38,250,0.0005025125628140704,4.8634613999165595
1,250,0.85,0.2,0.15000000000000002,28,10015028,38,251,0.0005045226130653267,4.73281890002545
1,250,0.85,0.2,0.15000000000000002,29,10015029,38,17103,0.03437788944723618,4.928213700070046
1,250,0.85,0.2,0.15000000000000002,30,10015030,38,251,0.0005045226130653267,4.540709500084631
1,250,0.85,0.2,0.15000000000000002,31,10015031,38,250,0.0005025125628140704,4.4643769999966025
1,250,0.85,0.2,0.15000000000000002,32,10015032,38,15096,0.030343718592964825,4.914146800059825
1,250,0.85,0.2,0.15000000000000002,33,10015033,38,250,0.0005025125628140704,4.47179129999131
1,250,0.85,0.2,0.15000000000000002,34,10015034,38,250,0.0005025125628140704,4.6174098999472335
1,250,0.85,0.2,0.15000000000000002,35,10015035,38,250,0.0005025125628140704,4.9570090000052005
1,250,0.85,0.2,0.15000000000000002,36,10015036,38,250,0.0005025125628140704,4.955585299991071
1,250,0.85,0.2,0.15000000000000002,37,10015037,38,18449,0.03708341708542714,4.871451199986041
1,250,0.85,0.2,0.15000000000000002,38,10015038,38,17679,0.0355356783919598,4.903929400024936
1,250,0.85,0.2,0.15000000000000002,39,10015039,38,251,0.0005045226130653267,4.514770700014196
1,250,0.85,0.2,0.15000000000000002,40,10015040,38,250,0.0005025125628140704,4.549407499958761
1,250,0.85,0.2,0.15000000000000002,41,10015041,38,17656,0.0354894472361809,4.762173500028439
1,250,0.85,0.2,0.15000000000000002,42,10015042,38,250,0.0005025125628140704,4.536478299996816
1,250,0.85,0.2,0.15000000000000002,43,10015043,38,250,0.0005025125628140704,4.5316530000418425
1,250,0.85,0.2,0.15000000000000002,44,10015044,38,18298,0.03677989949748744,4.724674099939875
1,250,0.85,0.2,0.15000000000000002,45,10015045,38,250,0.0005025125628140704,4.569123599911109
1,250,0.85,0.2,0.15000000000000002,46,10015046,38,16676,0.033519597989949745,4.651962999952957
1,250,0.85,0.2,0.15000000000000002,47,10015047,38,250,0.0005025125628140704,4.586025399970822
1,250,0.85,0.2,0.15000000000000002,48,10015048,38,250,0.0005025125628140704,4.557046400033869
1,250,0.85,0.2,0.15000000000000002,49,10015049,38,19448,0.03909145728643216,4.7389709000708535
1,250,0.85,0.2,0.15000000000000002,50,10015050,38,250,0.0005025125628140704,4.699914099997841
1,250,0.85,0.2,0.15000000000000002,51,10015051,38,250,0.0005025125628140704,4.6919658000115305
1,250,0.85,0.2,0.15000000000000002,52,10015052,38,250,0.0005025125628140704,4.53391679993365
1,250,0.85,0.2,0.15000000000000002,53,10015053,38,250,0.0005025125628140704,4.650771699962206
1,250,0.85,0.2,0.15000000000000002,54,10015054,38,251,0.0005045226130653267,4.573329200036824
1,250,0.85,0.2,0.15000000000000002,55,10015055,38,250,0.0005025125628140704,4.596866400097497
1,250,0.85,0.2,0.15000000000000002,56,10015056,38,250,0.0005025125628140704,4.610733300098218
1,250,0.85,0.2,0.15000000000000002,57,10015057,38,251,0.0005045226130653267,4.53254729998298
1,250,0.85,0.2,0.15000000000000002,58,10015058,38,250,0.0005025125628140704,4.569340099929832
1,250,0.85,0.2,0.15000000000000002,59,10015059,38,252,0.0005065326633165829,4.582069399999455
1,250,0.85,0.2,0.15000000000000002,60,10015060,38,251,0.0005045226130653267,4.600686899968423
1,250,0.85,0.2,0.15000000000000002,61,10015061,38,250,0.0005025125628140704,4.600550699979067
1,250,0.85,0.2,0.15000000000000002,62,10015062,38,251,0.0005045226130653267,4.577625500038266
1,250,0.85,0.2,0.15000000000000002,63,10015063,38,250,0.0005025125628140704,4.537519400008023
1,250,0.85,0.2,0.15000000000000002,64,10015064,38,250,0.0005025125628140704,4.572831599973142
1,250,0.85,0.2,0.15000000000000002,65,10015065,38,250,0.0005025125628140704,4.642190300044604
1,250,0.85,0.2,0.15000000000000002,66,10015066,38,252,0.0005065326633165829,4.628817200078629
1,250,0.85,0.2,0.15000000000000002,67,10015067,38,251,0.0005045226130653267,4.601483999984339
1,250,0.85,0.2,0.15000000000000002,68,10015068,38,251,0.0005045226130653267,4.558660999988206
1,250,0.85,0.2,0.15000000000000002,69,10015069,38,250,0.0005025125628140704,4.603860200033523
1,250,0.85,0.2,0.15000000000000002,70,10015070,38,15030,0.03021105527638191,4.712030799943022
1,250,0.85,0.2,0.15000000000000002,71,10015071,38,250,0.0005025125628140704,4.599744800012559
1,250,0.85,0.2,0.15000000000000002,72,10015072,38,250,0.0005025125628140704,4.571375900064595
1,250,0.85,0.2,0.15000000000000002,73,10015073,38,252,0.0005065326633165829,4.662777699995786
1,250,0.85,0.2,0.15000000000000002,74,10015074,38,251,0.0005045226130653267,4.555057300021872
1,250,0.85,0.2,0.15000000000000002,75,10015075,38,250,0.0005025125628140704,4.658582799951546
1,250,0.85,0.2,0.15000000000000002,76,10015076,38,251,0.0005045226130653267,4.641901199938729
1,250,0.85,0.2,0.15000000000000002,77,10015077,38,18370,0.03692462311557789,4.709144499967806
1,250,0.85,0.2,0.15000000000000002,78,10015078,38,252,0.0005065326633165829,4.649059099960141
1,250,0.85,0.2,0.15000000000000002,79,10015079,38,14863,0.02987537688442211,4.631978699937463
1,250,0.85,0.2,0.15000000000000002,80,10015080,38,250,0.0005025125628140704,4.593342399923131
1,250,0.85,0.2,0.15000000000000002,81,10015081,38,251,0.0005045226130653267,4.68022610002663
1,250,0.85,0.2,0.15000000000000002,82,10015082,38,250,0.0005025125628140704,4.60440099996049
1,250,0.85,0.2,0.15000000000000002,83,10015083,38,250,0.0005025125628140704,4.670643900055438
1,250,0.85,0.2,0.15000000000000002,84,10015084,38,251,0.0005045226130653267,4.636338100070134
1,250,0.85,0.2,0.15000000000000002,85,10015085,38,251,0.0005045226130653267,4.570091500063427
1,250,0.85,0.2,0.15000000000000002,86,10015086,38,250,0.0005025125628140704,4.635078299907036
1,250,0.85,0.2,0.15000000000000002,87,10015087,38,18437,0.03705929648241206,4.644162000040524
1,250,0.85,0.2,0.15000000000000002,88,10015088,38,257,0.0005165829145728643,4.593933399999514
1,250,0.85,0.2,0.15000000000000002,89,10015089,38,252,0.0005065326633165829,4.604846799978986
1,250,0.85,0.2,0.15000000000000002,90,10015090,38,250,0.0005025125628140704,4.522774999961257
1,250,0.85,0.2,0.15000000000000002,91,10015091,38,250,0.0005025125628140704,4.5852565000532195
1,250,0.85,0.2,0.15000000000000002,92,10015092,38,252,0.0005065326633165829,4.570520200068131
1,250,0.85,0.2,0.15000000000000002,93,10015093,38,250,0.0005025125628140704,4.682463999954052
1,250,0.85,0.2,0.15000000000000002,94,10015094,38,251,0.0005045226130653267,4.673872699961066
1,250,0.85,0.2,0.15000000000000002,95,10015095,38,250,0.0005025125628140704,4.668895400012843
1,250,0.85,0.2,0.15000000000000002,96,10015096,38,250,0.0005025125628140704,4.521032799966633
1,250,0.85,0.2,0.15000000000000002,97,10015097,38,250,0.0005025125628140704,4.672142199939117
1,250,0.85,0.2,0.15000000000000002,98,10015098,38,19669,0.039535678391959796,4.691350899985991
1,250,0.85,0.2,0.15000000000000002,99,10015099,38,250,0.0005025125628140704,4.5403210000367835
1,250,0.85,0.2,0.2,0,10020000,50,250,0.0005025125628140704,4.578099500038661
1,250,0.85,0.2,0.2,1,10020001,50,250,0.0005025125628140704,4.6118196999887004
1,250,0.85,0.2,0.2,2,10020002,50,251,0.0005045226130653267,4.751819500001147
1,250,0.85,0.2,0.2,3,10020003,50,251,0.0005045226130653267,4.791676900000311
1,250,0.85,0.2,0.2,4,10020004,50,251,0.0005045226130653267,4.575669099926017
1,250,0.85,0.2,0.2,5,10020005,50,250,0.0005025125628140704,4.660389899974689
1,250,0.85,0.2,0.2,6,10020006,50,15535,0.03122613065326633,4.795295699965209
1,250,0.85,0.2,0.2,7,10020007,50,250,0.0005025125628140704,4.830190900014713
1,250,0.85,0.2,0.2,8,10020008,50,252,0.0005065326633165829,4.498045600019395
1,250,0.85,0.2,0.2,9,10020009,50,251,0.0005045226130653267,4.424107600003481
1,250,0.85,0.2,0.2,10,10020010,50,250,0.0005025125628140704,4.476718899910338
1,250,0.85,0.2,0.2,11,10020011,50,251,0.0005045226130653267,4.366191599983722
1,250,0.85,0.2,0.2,12,10020012,50,253,0.0005085427135678392,4.717948900070041
1,250,0.85,0.2,0.2,13,10020013,50,251,0.0005045226130653267,4.754871599958278
1,250,0.85,0.2,0.2,14,10020014,50,253,0.0005085427135678392,4.751380599918775
1,250,0.85,0.2,0.2,15,10020015,50,250,0.0005025125628140704,4.62397110008169
1,250,0.85,0.2,0.2,16,10020016,50,250,0.0005025125628140704,4.680035300087184
1,250,0.85,0.2,0.2,17,10020017,50,250,0.0005025125628140704,4.649452900048345
1,250,0.85,0.2,0.2,18,10020018,50,251,0.0005045226130653267,4.718731999979354
1,250,0.85,0.2,0.2,19,10020019,50,250,0.0005025125628140704,4.55463809997309
1,250,0.85,0.2,0.2,20,10020020,50,250,0.0005025125628140704,4.5698287999257445
1,250,0.85,0.2,0.2,21,10020021,50,19674,0.03954572864321608,4.659399299998768
1,250,0.85,0.2,0.2,22,10020022,50,250,0.0005025125628140704,4.620786499930546
1,250,0.85,0.2,0.2,23,10020023,50,250,0.0005025125628140704,4.557263699942268
1,250,0.85,0.2,0.2,24,10020024,50,250,0.0005025125628140704,4.7612915999488905
1,250,0.85,0.2,0.2,25,10020025,50,253,0.0005085427135678392,4.726225799997337
1,250,0.85,0.2,0.2,26,10020026,50,250,0.0005025125628140704,4.5746823999797925
1,250,0.85,0.2,0.2,27,10020027,50,251,0.0005045226130653267,4.76057360006962
1,250,0.85,0.2,0.2,28,10020028,50,251,0.0005045226130653267,4.693166599958204
1,250,0.85,0.2,0.2,29,10020029,50,253,0.0005085427135678392,4.529545399942435
1,250,0.85,0.2,0.2,30,10020030,50,251,0.0005045226130653267,4.542412800015882
1,250,0.85,0.2,0.2,31,10020031,50,250,0.0005025125628140704,4.719289600034244
1,250,0.85,0.2,0.2,32,10020032,50,251,0.0005045226130653267,4.536097600008361
1,250,0.85,0.2,0.2,33,10020033,50,250,0.0005025125628140704,4.616293099941686
1,250,0.85,0.2,0.2,34,10020034,50,250,0.0005025125628140704,4.643350000027567
1,250,0.85,0.2,0.2,35,10020035,50,250,0.0005025125628140704,4.576534899999388
1,250,0.85,0.2,0.2,36,10020036,50,251,0.0005045226130653267,4.970599599997513
1,250,0.85,0.2,0.2,37,10020037,50,250,0.0005025125628140704,4.812308699940331
1,250,0.85,0.2,0.2,38,10020038,50,250,0.0005025125628140704,4.85305600007996
1,250,0.85,0.2,0.2,39,10020039,50,251,0.0005045226130653267,4.678693599998951
1,250,0.85,0.2,0.2,40,10020040,50,251,0.0005045226130653267,4.6589885000139475
1,250,0.85,0.2,0.2,41,10020041,50,250,0.0005025125628140704,4.63470579998102
1,250,0.85,0.2,0.2,42,10020042,50,250,0.0005025125628140704,5.080630200100131
1,250,0.85,0.2,0.2,43,10020043,50,253,0.0005085427135678392,4.52774019993376
1,250,0.85,0.2,0.2,44,10020044,50,250,0.0005025125628140704,4.5900933999801055
1,250,0.85,0.2,0.2,45,10020045,50,16672,0.033511557788944726,4.582323599955998
1,250,0.85,0.2,0.2,46,10020046,50,250,0.0005025125628140704,4.763901300029829
1,250,0.85,0.2,0.2,47,10020047,50,253,0.0005085427135678392,4.5922520000021905
1,250,0.85,0.2,0.2,48,10020048,50,250,0.0005025125628140704,4.683825199957937
1,250,0.85,0.2,0.2,49,10020049,50,252,0.0005065326633165829,4.734924399992451
1,250,0.85,0.2,0.2,50,10020050,50,250,0.0005025125628140704,4.559242899995297
1,250,0.85,0.2,0.2,51,10020051,50,250,0.0005025125628140704,4.770360499969684
1,250,0.85,0.2,0.2,52,10020052,50,250,0.0005025125628140704,4.751525099971332
1,250,0.85,0.2,0.2,53,10020053,50,250,0.0005025125628140704,4.619891999987885
1,250,0.85,0.2,0.2,54,10020054,50,250,0.0005025125628140704,4.54041130002588
1,250,0.85,0.2,0.2,55,10020055,50,250,0.0005025125628140704,4.703799900016747
1,250,0.85,0.2,0.2,56,10020056,50,251,0.0005045226130653267,4.663062700070441
1,250,0.85,0.2,0.2,57,10020057,50,252,0.0005065326633165829,4.657569500035606
1,250,0.85,0.2,0.2,58,10020058,50,250,0.0005025125628140704,4.627949699992314
1,250,0.85,0.2,0.2,59,10020059,50,250,0.0005025125628140704,4.685953599982895
1,250,0.85,0.2,0.2,60,10020060,50,18992,0.0381748743718593,4.731765000033192
1,250,0.85,0.2,0.2,61,10020061,50,250,0.0005025125628140704,4.706184700015001
1,250,0.85,0.2,0.2,62,10020062,50,250,0.0005025125628140704,4.574940599966794
1,250,0.85,0.2,0.2,63,10020063,50,250,0.0005025125628140704,4.653741299989633
1,250,0.85,0.2,0.2,64,10020064,50,251,0.0005045226130653267,4.653311099973507
1,250,0.85,0.2,0.2,65,10020065,50,252,0.0005065326633165829,4.615995900006965
1,250,0.85,0.2,0.2,66,10020066,50,250,0.0005025125628140704,4.610264000017196
1,250,0.85,0.2,0.2,67,10020067,50,250,0.0005025125628140704,4.724057500017807
1,250,0.85,0.2,0.2,68,10020068,50,250,0.0005025125628140704,4.669877899927087
1,250,0.85,0.2,0.2,69,10020069,50,252,0.0005065326633165829,4.819517600000836
1,250,0.85,0.2,0.2,70,10020070,50,251,0.0005045226130653267,4.714992600027472
1,250,0.85,0.2,0.2,71,10020071,50,251,0.0005045226130653267,4.664796600001864
1,250,0.85,0.2,0.2,72,10020072,50,250,0.0005025125628140704,4.772909700055607
1,250,0.85,0.2,0.2,73,10020073,50,250,0.0005025125628140704,4.67632350011263
1,250,0.85,0.2,0.2,74,10020074,50,251,0.0005045226130653267,4.70830629998818
1,250,0.85,0.2,0.2,75,10020075,50,251,0.0005045226130653267,4.678231599973515
1,250,0.85,0.2,0.2,76,10020076,50,250,0.0005025125628140704,4.5973431000020355
1,250,0.85,0.2,0.2,77,10020077,50,250,0.0005025125628140704,4.733817599946633
1,250,0.85,0.2,0.2,78,10020078,50,251,0.0005045226130653267,4.57811809994746
1,250,0.85,0.2,0.2,79,10020079,50,252,0.0005065326633165829,4.579303200007416
1,250,0.85,0.2,0.2,80,10020080,50,250,0.0005025125628140704,4.553132599918172
1,250,0.85,0.2,0.2,81,10020081,50,250,0.0005025125628140704,4.627599500003271
1,250,0.85,0.2,0.2,82,10020082,50,250,0.0005025125628140704,4.720880000037141
1,250,0.85,0.2,0.2,83,10020083,50,250,0.0005025125628140704,4.5557490000501275
1,250,0.85,0.2,0.2,84,10020084,50,250,0.0005025125628140704,4.421768100000918
1,250,0.85,0.2,0.2,85,10020085,50,250,0.0005025125628140704,4.53877680003643
1,250,0.85,0.2,0.2,86,10020086,50,250,0.0005025125628140704,4.474461000063457
1,250,0.85,0.2,0.2,87,10020087,50,250,0.0005025125628140704,4.523496599984355
1,250,0.85,0.2,0.2,88,10020088,50,250,0.0005025125628140704,4.988311000051908
1,250,0.85,0.2,0.2,89,10020089,50,250,0.0005025125628140704,5.0524107000092044
1,250,0.85,0.2,0.2,90,10020090,50,250,0.0005025125628140704,4.363306100014597
1,250,0.85,0.2,0.2,91,10020091,50,253,0.0005085427135678392,4.401257199933752
1,250,0.85,0.2,0.2,92,10020092,50,250,0.0005025125628140704,5.006344299996272
1,250,0.85,0.2,0.2,93,10020093,50,250,0.0005025125628140704,4.33806259999983
1,250,0.85,0.2,0.2,94,10020094,50,251,0.0005045226130653267,4.260347399977036
1,250,0.85,0.2,0.2,95,10020095,50,252,0.0005065326633165829,4.9269648001063615
1,250,0.85,0.2,0.2,96,10020096,50,250,0.0005025125628140704,4.880435599945486
1,250,0.85,0.2,0.2,97,10020097,50,250,0.0005025125628140704,4.411978899966925
1,250,0.85,0.2,0.2,98,10020098,50,250,0.0005025125628140704,4.46996679995209
1,250,0.85,0.2,0.2,99,10020099,50,251,0.0005045226130653267,4.656205900013447
1,250,0.85,0.2,0.25,0,10025000,62,19050,0.038291457286432164,4.708656199974939
1,250,0.85,0.2,0.25,1,10025001,62,251,0.0005045226130653267,4.608184700016864
1,250,0.85,0.2,0.25,2,10025002,62,250,0.0005025125628140704,4.562821300001815
1,250,0.85,0.2,0.25,3,10025003,62,250,0.0005025125628140704,4.547454999992624
1,250,0.85,0.2,0.25,4,10025004,62,250,0.0005025125628140704,4.547822399996221
1,250,0.85,0.2,0.25,5,10025005,62,258,0.0005185929648241206,4.559801800060086
1,250,0.85,0.2,0.25,6,10025006,62,250,0.0005025125628140704,4.516402499983087
1,250,0.85,0.2,0.25,7,10025007,62,250,0.0005025125628140704,4.564780300017446
1,250,0.85,0.2,0.25,8,10025008,62,250,0.0005025125628140704,4.557589299976826
1,250,0.85,0.2,0.25,9,10025009,62,252,0.0005065326633165829,4.5702904999488965
1,250,0.85,0.2,0.25,10,10025010,62,250,0.0005025125628140704,4.559301499975845
1,250,0.85,0.2,0.25,11,10025011,62,250,0.0005025125628140704,4.462528000003658
1,250,0.85,0.2,0.25,12,10025012,62,250,0.0005025125628140704,4.601349200005643
1,250,0.85,0.2,0.25,13,10025013,62,250,0.0005025125628140704,4.731375000090338
1,250,0.85,0.2,0.25,14,10025014,62,252,0.0005065326633165829,4.507861000020057
1,250,0.85,0.2,0.25,15,10025015,62,253,0.0005085427135678392,4.537854700000025
1,250,0.85,0.2,0.25,16,10025016,62,251,0.0005045226130653267,4.3785034999018535
1,250,0.85,0.2,0.25,17,10025017,62,250,0.0005025125628140704,4.801260499982163
1,250,0.85,0.2,0.25,18,10025018,62,250,0.0005025125628140704,4.642290499992669
1,250,0.85,0.2,0.25,19,10025019,62,252,0.0005065326633165829,4.885762499994598
1,250,0.85,0.2,0.25,20,10025020,62,250,0.0005025125628140704,4.44649370003026
1,250,0.85,0.2,0.25,21,10025021,62,250,0.0005025125628140704,4.71718839998357
1,250,0.85,0.2,0.25,22,10025022,62,250,0.0005025125628140704,4.307661000057124
1,250,0.85,0.2,0.25,23,10025023,62,251,0.0005045226130653267,4.629360900027677
1,250,0.85,0.2,0.25,24,10025024,62,250,0.0005025125628140704,4.613828900037333
1,250,0.85,0.2,0.25,25,10025025,62,254,0.0005105527638190955,4.401760499924421
1,250,0.85,0.2,0.25,26,10025026,62,250,0.0005025125628140704,4.538738200091757
1,250,0.85,0.2,0.25,27,10025027,62,250,0.0005025125628140704,4.447588799986988
1,250,0.85,0.2,0.25,28,10025028,62,250,0.0005025125628140704,4.61683059995994
1,250,0.85,0.2,0.25,29,10025029,62,250,0.0005025125628140704,4.605969900032505
1,250,0.85,0.2,0.25,30,10025030,62,251,0.0005045226130653267,4.559502199990675
1,250,0.85,0.2,0.25,31,10025031,62,251,0.0005045226130653267,4.620452599949203
1,250,0.85,0.2,0.25,32,10025032,62,250,0.0005025125628140704,4.610998900025152
1,250,0.85,0.2,0.25,33,10025033,62,251,0.0005045226130653267,4.584449200076051
1,250,0.85,0.2,0.25,34,10025034,62,250,0.0005025125628140704,4.579600000055507
1,250,0.85,0.2,0.25,35,10025035,62,250,0.0005025125628140704,4.654665800044313
1,250,0.85,0.2,0.25,36,10025036,62,251,0.0005045226130653267,4.604163400013931
1,250,0.85,0.2,0.25,37,10025037,62,252,0.0005065326633165829,4.5554136000573635
1,250,0.85,0.2,0.25,38,10025038,62,250,0.0005025125628140704,4.586793800001033
1,250,0.85,0.2,0.25,39,10025039,62,251,0.0005045226130653267,4.6410289000486955
1,250,0.85,0.2,0.25,40,10025040,62,250,0.0005025125628140704,4.645711800083518
1,250,0.85,0.2,0.25,41,10025041,62,251,0.0005045226130653267,4.559826600016095
1,250,0.85,0.2,0.25,42,10025042,62,250,0.0005025125628140704,4.676300400053151
1,250,0.85,0.2,0.25,43,10025043,62,251,0.0005045226130653267,4.630174799938686
1,250,0.85,0.2,0.25,44,10025044,62,250,0.0005025125628140704,4.590398700092919
1,250,0.85,0.2,0.25,45,10025045,62,250,0.0005025125628140704,4.680727500002831
1,250,0.85,0.2,0.25,46,10025046,62,250,0.0005025125628140704,4.632481999928132
1,250,0.85,0.2,0.25,47,10025047,62,250,0.0005025125628140704,4.693791899946518
1,250,0.85,0.2,0.25,48,10025048,62,250,0.0005025125628140704,4.5238881999393925
1,250,0.85,0.2,0.25,49,10025049,62,252,0.0005065326633165829,4.524189700023271
1,250,0.85,0.2,0.25,50,10025050,62,251,0.0005045226130653267,4.7293888999847695
1,250,0.85,0.2,0.25,51,10025051,62,252,0.0005065326633165829,4.821686300099827
1,250,0.85,0.2,0.25,52,10025052,62,250,0.0005025125628140704,4.739659899962135
1,250,0.85,0.2,0.25,53,10025053,62,250,0.0005025125628140704,4.375228499993682
1,250,0.85,0.2,0.25,54,10025054,62,251,0.0005045226130653267,4.525813200045377
1,250,0.85,0.2,0.25,55,10025055,62,250,0.0005025125628140704,4.387578199966811
1,250,0.85,0.2,0.25,56,10025056,62,250,0.0005025125628140704,4.561294899904169
1,250,0.85,0.2,0.25,57,10025057,62,250,0.0005025125628140704,4.510111500043422
1,250,0.85,0.2,0.25,58,10025058,62,250,0.0005025125628140704,4.496192299993709
1,250,0.85,0.2,0.25,59,10025059,62,251,0.0005045226130653267,4.778968299971893
1,250,0.85,0.2,0.25,60,10025060,62,253,0.0005085427135678392,4.509266200009733
1,250,0.85,0.2,0.25,61,10025061,62,251,0.0005045226130653267,4.669097000034526
1,250,0.85,0.2,0.25,62,10025062,62,251,0.0005045226130653267,4.662343900068663
1,250,0.85,0.2,0.25,63,10025063,62,250,0.0005025125628140704,4.541231599985622
1,250,0.85,0.2,0.25,64,10025064,62,251,0.0005045226130653267,4.537267399951816
1,250,0.85,0.2,0.25,65,10025065,62,250,0.0005025125628140704,4.506622500019148
1,250,0.85,0.2,0.25,66,10025066,62,250,0.0005025125628140704,4.795603199978359
1,250,0.85,0.2,0.25,67,10025067,62,251,0.0005045226130653267,4.7004289999604225
1,250,0.85,0.2,0.25,68,10025068,62,250,0.0005025125628140704,4.724388200091198
1,250,0.85,0.2,0.25,69,10025069,62,250,0.0005025125628140704,4.519314800039865
1,250,0.85,0.2,0.25,70,10025070,62,251,0.0005045226130653267,4.565134099917486
1,250,0.85,0.2,0.25,71,10025071,62,251,0.0005045226130653267,4.467591700027697
1,250,0.85,0.2,0.25,72,10025072,62,251,0.0005045226130653267,4.433316500042565
1,250,0.85,0.2,0.25,73,10025073,62,250,0.0005025125628140704,4.756036099977791
1,250,0.85,0.2,0.25,74,10025074,62,253,0.0005085427135678392,4.516309300088324
1,250,0.85,0.2,0.25,75,10025075,62,250,0.0005025125628140704,4.482982599991374
1,250,0.85,0.2,0.25,76,10025076,62,250,0.0005025125628140704,4.68072880001273
1,250,0.85,0.2,0.25,77,10025077,62,251,0.0005045226130653267,4.726343900081702
1,250,0.85,0.2,0.25,78,10025078,62,250,0.0005025125628140704,4.270577499992214
1,250,0.85,0.2,0.25,79,10025079,62,251,0.0005045226130653267,4.562393200001679
1,250,0.85,0.2,0.25,80,10025080,62,253,0.0005085427135678392,4.946360799949616
1,250,0.85,0.2,0.25,81,10025081,62,252,0.0005065326633165829,4.24747450009454
1,250,0.85,0.2,0.25,82,10025082,62,252,0.0005065326633165829,4.569964499911293
1,250,0.85,0.2,0.25,83,10025083,62,250,0.0005025125628140704,4.254273900063708
1,250,0.85,0.2,0.25,84,10025084,62,250,0.0005025125628140704,4.421972899930552
1,250,0.85,0.2,0.25,85,10025085,62,253,0.0005085427135678392,4.558360300026834
1,250,0.85,0.2,0.25,86,10025086,62,251,0.0005045226130653267,4.921839699964039
1,250,0.85,0.2,0.25,87,10025087,62,250,0.0005025125628140704,4.951257799984887
1,250,0.85,0.2,0.25,88,10025088,62,250,0.0005025125628140704,4.919738300028257
1,250,0.85,0.2,0.25,89,10025089,62,250,0.0005025125628140704,4.329646600061096
1,250,0.85,0.2,0.25,90,10025090,62,251,0.0005045226130653267,4.463780300109647
1,250,0.85,0.2,0.25,91,10025091,62,251,0.0005045226130653267,4.632195999962278
1,250,0.85,0.2,0.25,92,10025092,62,251,0.0005045226130653267,4.910918600042351
1,250,0.85,0.2,0.25,93,10025093,62,17720,0.03561809045226131,4.786167799960822
1,250,0.85,0.2,0.25,94,10025094,62,251,0.0005045226130653267,4.515838299994357
1,250,0.85,0.2,0.25,95,10025095,62,251,0.0005045226130653267,4.66083459998481
1,250,0.85,0.2,0.25,96,10025096,62,250,0.0005025125628140704,4.5220942999003455
1,250,0.85,0.2,0.25,97,10025097,62,252,0.0005065326633165829,4.61930709995795
1,250,0.85,0.2,0.25,98,10025098,62,250,0.0005025125628140704,4.515809599892236
1,250,0.85,0.2,0.25,99,10025099,62,253,0.0005085427135678392,4.664357500034384
1,250,0.85,0.2,0.30000000000000004,0,10030000,75,250,0.0005025125628140704,4.563271400053054
1,250,0.85,0.2,0.30000000000000004,1,10030001,75,250,0.0005025125628140704,4.504334299941547
1,250,0.85,0.2,0.30000000000000004,2,10030002,75,250,0.0005025125628140704,4.540366200031713
1,250,0.85,0.2,0.30000000000000004,3,10030003,75,251,0.0005045226130653267,4.462661399971694
1,250,0.85,0.2,0.30000000000000004,4,10030004,75,250,0.0005025125628140704,4.757761300075799
1,250,0.85,0.2,0.30000000000000004,5,10030005,75,250,0.0005025125628140704,4.59135989996139
1,250,0.85,0.2,0.30000000000000004,6,10030006,75,250,0.0005025125628140704,4.781137599959038
1,250,0.85,0.2,0.30000000000000004,7,10030007,75,250,0.0005025125628140704,4.781680400017649
1,250,0.85,0.2,0.30000000000000004,8,10030008,75,253,0.0005085427135678392,4.689926499966532
1,250,0.85,0.2,0.30000000000000004,9,10030009,75,250,0.0005025125628140704,4.401739599998109
1,250,0.85,0.2,0.30000000000000004,10,10030010,75,252,0.0005065326633165829,4.498391800094396
1,250,0.85,0.2,0.30000000000000004,11,10030011,75,250,0.0005025125628140704,4.626828899956308
1,250,0.85,0.2,0.30000000000000004,12,10030012,75,251,0.0005045226130653267,4.530552199925296
1,250,0.85,0.2,0.30000000000000004,13,10030013,75,250,0.0005025125628140704,4.6374137999955565
1,250,0.85,0.2,0.30000000000000004,14,10030014,75,250,0.0005025125628140704,4.63960929994937
1,250,0.85,0.2,0.30000000000000004,15,10030015,75,250,0.0005025125628140704,4.55856249993667
1,250,0.85,0.2,0.30000000000000004,16,10030016,75,252,0.0005065326633165829,4.705471599940211
1,250,0.85,0.2,0.30000000000000004,17,10030017,75,251,0.0005045226130653267,4.8738597999326885
1,250,0.85,0.2,0.30000000000000004,18,10030018,75,250,0.0005025125628140704,4.667707699933089
1,250,0.85,0.2,0.30000000000000004,19,10030019,75,252,0.0005065326633165829,5.089844399946742
1,250,0.85,0.2,0.30000000000000004,20,10030020,75,252,0.0005065326633165829,4.539531100075692
1,250,0.85,0.2,0.30000000000000004,21,10030021,75,251,0.0005045226130653267,4.3380183998961
1,250,0.85,0.2,0.30000000000000004,22,10030022,75,252,0.0005065326633165829,5.1182228999678046
1,250,0.85,0.2,0.30000000000000004,23,10030023,75,254,0.0005105527638190955,4.467446000082418
1,250,0.85,0.2,0.30000000000000004,24,10030024,75,250,0.0005025125628140704,4.244893099996261
1,250,0.85,0.2,0.30000000000000004,25,10030025,75,250,0.0005025125628140704,5.190601499984041
1,250,0.85,0.2,0.30000000000000004,26,10030026,75,251,0.0005045226130653267,4.2419076999649405
1,250,0.85,0.2,0.30000000000000004,27,10030027,75,251,0.0005045226130653267,4.983315299963579
1,250,0.85,0.2,0.30000000000000004,28,10030028,75,250,0.0005025125628140704,4.444930900004692
1,250,0.85,0.2,0.30000000000000004,29,10030029,75,253,0.0005085427135678392,4.9065922000445426
1,250,0.85,0.2,0.30000000000000004,30,10030030,75,250,0.0005025125628140704,4.539455399964936
1,250,0.85,0.2,0.30000000000000004,31,10030031,75,250,0.0005025125628140704,4.731457400019281
1,250,0.85,0.2,0.30000000000000004,32,10030032,75,251,0.0005045226130653267,4.529358300031163
1,250,0.85,0.2,0.30000000000000004,33,10030033,75,252,0.0005065326633165829,4.5876608999678865
1,250,0.85,0.2,0.30000000000000004,34,10030034,75,253,0.0005085427135678392,4.507482600049116
1,250,0.85,0.2,0.30000000000000004,35,10030035,75,255,0.0005125628140703518,4.553406000020914
1,250,0.85,0.2,0.30000000000000004,36,10030036,75,252,0.0005065326633165829,4.526243899948895
1,250,0.85,0.2,0.30000000000000004,37,10030037,75,250,0.0005025125628140704,4.709861399955116
1,250,0.85,0.2,0.30000000000000004,38,10030038,75,250,0.0005025125628140704,4.504212400061078
1,250,0.85,0.2,0.30000000000000004,39,10030039,75,252,0.0005065326633165829,4.488355600042269
1,250,0.85,0.2,0.30000000000000004,40,10030040,75,253,0.0005085427135678392,4.523275699932128
1,250,0.85,0.2,0.30000000000000004,41,10030041,75,251,0.0005045226130653267,4.551559899933636
1,250,0.85,0.2,0.30000000000000004,42,10030042,75,251,0.0005045226130653267,4.6782305999659
1,250,0.85,0.2,0.30000000000000004,43,10030043,75,250,0.0005025125628140704,4.9057751999935135
1,250,0.85,0.2,0.30000000000000004,44,10030044,75,250,0.0005025125628140704,4.679516699980013
1,250,0.85,0.2,0.30000000000000004,45,10030045,75,250,0.0005025125628140704,4.395986899966374
1,250,0.85,0.2,0.30000000000000004,46,10030046,75,251,0.0005045226130653267,4.42152710002847
1,250,0.85,0.2,0.30000000000000004,47,10030047,75,251,0.0005045226130653267,4.4659305000677705
1,250,0.85,0.2,0.30000000000000004,48,10030048,75,250,0.0005025125628140704,4.675199499935843
1,250,0.85,0.2,0.30000000000000004,49,10030049,75,253,0.0005085427135678392,4.56650419998914
1,250,0.85,0.2,0.30000000000000004,50,10030050,75,250,0.0005025125628140704,4.954215100035071
1,250,0.85,0.2,0.30000000000000004,51,10030051,75,250,0.0005025125628140704,4.65430389996618
1,250,0.85,0.2,0.30000000000000004,52,10030052,75,253,0.0005085427135678392,4.874761800048873
1,250,0.85,0.2,0.30000000000000004,53,10030053,75,250,0.0005025125628140704,5.192559599992819
1,250,0.85,0.2,0.30000000000000004,54,10030054,75,254,0.0005105527638190955,4.434537799912505
1,250,0.85,0.2,0.30000000000000004,55,10030055,75,250,0.0005025125628140704,4.3418084000004455
1,250,0.85,0.2,0.30000000000000004,56,10030056,75,250,0.0005025125628140704,5.186381599982269
1,250,0.85,0.2,0.30000000000000004,57,10030057,75,251,0.0005045226130653267,5.087068900000304
1,250,0.85,0.2,0.30000000000000004,58,10030058,75,253,0.0005085427135678392,5.147198599996045
1,250,0.85,0.2,0.30000000000000004,59,10030059,75,252,0.0005065326633165829,4.571045000106096
1,250,0.85,0.2,0.30000000000000004,60,10030060,75,251,0.0005045226130653267,4.6191673000575975
1,250,0.85,0.2,0.30000000000000004,61,10030061,75,252,0.0005065326633165829,4.870351999998093
1,250,0.85,0.2,0.30000000000000004,62,10030062,75,252,0.0005065326633165829,4.408537800074555
1,250,0.85,0.2,0.30000000000000004,63,10030063,75,250,0.0005025125628140704,4.546156299998984
1,250,0.85,0.2,0.30000000000000004,64,10030064,75,251,0.0005045226130653267,4.789504200103693
1,250,0.85,0.2,0.30000000000000004,65,10030065,75,251,0.0005045226130653267,4.852699100039899
1,250,0.85,0.2,0.30000000000000004,66,10030066,75,251,0.0005045226130653267,4.658354899962433
1,250,0.85,0.2,0.30000000000000004,67,10030067,75,250,0.0005025125628140704,4.704117299988866
1,250,0.85,0.2,0.30000000000000004,68,10030068,75,253,0.0005085427135678392,4.582948100054637
1,250,0.85,0.2,0.30000000000000004,69,10030069,75,250,0.0005025125628140704,4.500772700062953
1,250,0.85,0.2,0.30000000000000004,70,10030070,75,250,0.0005025125628140704,4.564715700107627
1,250,0.85,0.2,0.30000000000000004,71,10030071,75,250,0.0005025125628140704,4.8781335999956354
1,250,0.85,0.2,0.30000000000000004,72,10030072,75,250,0.0005025125628140704,4.576169100007974
1,250,0.85,0.2,0.30000000000000004,73,10030073,75,253,0.0005085427135678392,4.48732580000069
1,250,0.85,0.2,0.30000000000000004,74,10030074,75,250,0.0005025125628140704,4.526756500010379
1,250,0.85,0.2,0.30000000000000004,75,10030075,75,250,0.0005025125628140704,4.423952399985865
1,250,0.85,0.2,0.30000000000000004,76,10030076,75,250,0.0005025125628140704,4.854465099982917
1,250,0.85,0.2,0.30000000000000004,77,10030077,75,251,0.0005045226130653267,5.075090800062753
1,250,0.85,0.2,0.30000000000000004,78,10030078,75,250,0.0005025125628140704,4.490000399993733
1,250,0.85,0.2,0.30000000000000004,79,10030079,75,253,0.0005085427135678392,4.704090300016105
1,250,0.85,0.2,0.30000000000000004,80,10030080,75,250,0.0005025125628140704,4.640901600010693
1,250,0.85,0.2,0.30000000000000004,81,10030081,75,250,0.0005025125628140704,4.468129400047474
1,250,0.85,0.2,0.30000000000000004,82,10030082,75,253,0.0005085427135678392,4.591792999999598
1,250,0.85,0.2,0.30000000000000004,83,10030083,75,251,0.0005045226130653267,4.784958500065841
1,250,0.85,0.2,0.30000000000000004,84,10030084,75,251,0.0005045226130653267,4.325207200017758
1,250,0.85,0.2,0.30000000000000004,85,10030085,75,251,0.0005045226130653267,4.861091999919154
1,250,0.85,0.2,0.30000000000000004,86,10030086,75,251,0.0005045226130653267,4.698431500000879
1,250,0.85,0.2,0.30000000000000004,87,10030087,75,250,0.0005025125628140704,4.649330899934284
1,250,0.85,0.2,0.30000000000000004,88,10030088,75,250,0.0005025125628140704,4.755056700087152
1,250,0.85,0.2,0.30000000000000004,89,10030089,75,250,0.0005025125628140704,4.587013299926184
1,250,0.85,0.2,0.30000000000000004,90,10030090,75,253,0.0005085427135678392,4.2903677999274805
1,250,0.85,0.2,0.30000000000000004,91,10030091,75,250,0.0005025125628140704,4.822305400040932
1,250,0.85,0.2,0.30000000000000004,92,10030092,75,250,0.0005025125628140704,4.340877900016494
1,250,0.85,0.2,0.30000000000000004,93,10030093,75,251,0.0005045226130653267,4.7698707999661565
1,250,0.85,0.2,0.30000000000000004,94,10030094,75,250,0.0005025125628140704,4.386728400015272
1,250,0.85,0.2,0.30000000000000004,95,10030095,75,252,0.0005065326633165829,4.9686135000083596
1,250,0.85,0.2,0.30000000000000004,96,10030096,75,253,0.0005085427135678392,4.621482899994589
1,250,0.85,0.2,0.30000000000000004,97,10030097,75,250,0.0005025125628140704,4.8795820999657735
1,250,0.85,0.2,0.30000000000000004,98,10030098,75,250,0.0005025125628140704,4.8079118999885395
1,250,0.85,0.2,0.30000000000000004,99,10030099,75,251,0.0005045226130653267,4.547860899940133
1,250,0.85,0.2,0.35000000000000003,0,10035000,88,250,0.0005025125628140704,4.821012900094502
1,250,0.85,0.2,0.35000000000000003,1,10035001,88,250,0.0005025125628140704,4.829493100056425
1,250,0.85,0.2,0.35000000000000003,2,10035002,88,250,0.0005025125628140704,4.956841800012626
1,250,0.85,0.2,0.35000000000000003,3,10035003,88,250,0.0005025125628140704,4.582218700088561
1,250,0.85,0.2,0.35000000000000003,4,10035004,88,250,0.0005025125628140704,4.579307200037874
1,250,0.85,0.2,0.35000000000000003,5,10035005,88,250,0.0005025125628140704,4.623915699892677
1,250,0.85,0.2,0.35000000000000003,6,10035006,88,254,0.0005105527638190955,4.462197999935597
1,250,0.85,0.2,0.35000000000000003,7,10035007,88,259,0.0005206030150753768,4.7633307001087815
1,250,0.85,0.2,0.35000000000000003,8,10035008,88,250,0.0005025125628140704,4.643166200025007
1,250,0.85,0.2,0.35000000000000003,9,10035009,88,251,0.0005045226130653267,4.698241600068286
1,250,0.85,0.2,0.35000000000000003,10,10035010,88,250,0.0005025125628140704,4.842309799976647
1,250,0.85,0.2,0.35000000000000003,11,10035011,88,251,0.0005045226130653267,4.64152499998454
1,250,0.85,0.2,0.35000000000000003,12,10035012,88,251,0.0005045226130653267,4.445279099978507
1,250,0.85,0.2,0.35000000000000003,13,10035013,88,253,0.0005085427135678392,4.730371300014667
1,250,0.85,0.2,0.35000000000000003,14,10035014,88,251,0.0005045226130653267,4.68549099995289
1,250,0.85,0.2,0.35000000000000003,15,10035015,88,250,0.0005025125628140704,4.5740227999631315
1,250,0.85,0.2,0.35000000000000003,16,10035016,88,252,0.0005065326633165829,4.843617199920118
1,250,0.85,0.2,0.35000000000000003,17,10035017,88,254,0.0005105527638190955,4.410265099955723
1,250,0.85,0.2,0.35000000000000003,18,10035018,88,253,0.0005085427135678392,4.787872200016864
1,250,0.85,0.2,0.35000000000000003,19,10035019,88,250,0.0005025125628140704,4.762884899973869
1,250,0.85,0.2,0.35000000000000003,20,10035020,88,250,0.0005025125628140704,4.737389900023118
1,250,0.85,0.2,0.35000000000000003,21,10035021,88,252,0.0005065326633165829,4.7712311000796035
1,250,0.85,0.2,0.35000000000000003,22,10035022,88,250,0.0005025125628140704,4.6381856999360025
1,250,0.85,0.2,0.35000000000000003,23,10035023,88,251,0.0005045226130653267,4.283873199950904
1,250,0.85,0.2,0.35000000000000003,24,10035024,88,250,0.0005025125628140704,4.181310599902645
1,250,0.85,0.2,0.35000000000000003,25,10035025,88,251,0.0005045226130653267,4.597752199973911
1,250,0.85,0.2,0.35000000000000003,26,10035026,88,252,0.0005065326633165829,4.601146099972539
1,250,0.85,0.2,0.35000000000000003,27,10035027,88,250,0.0005025125628140704,4.442257600021549
1,250,0.85,0.2,0.35000000000000003,28,10035028,88,250,0.0005025125628140704,4.5672113000182435
1,250,0.85,0.2,0.35000000000000003,29,10035029,88,250,0.0005025125628140704,4.607663500006311
1,250,0.85,0.2,0.35000000000000003,30,10035030,88,250,0.0005025125628140704,4.553134800051339
1,250,0.85,0.2,0.35000000000000003,31,10035031,88,250,0.0005025125628140704,4.4716492999577895
1,250,0.85,0.2,0.35000000000000003,32,10035032,88,251,0.0005045226130653267,4.516824100050144
1,250,0.85,0.2,0.35000000000000003,33,10035033,88,253,0.0005085427135678392,4.520910199964419
1,250,0.85,0.2,0.35000000000000003,34,10035034,88,251,0.0005045226130653267,4.922509700059891
1,250,0.85,0.2,0.35000000000000003,35,10035035,88,250,0.0005025125628140704,4.505266200052574
1,250,0.85,0.2,0.35000000000000003,36,10035036,88,251,0.0005045226130653267,4.553801600006409
1,250,0.85,0.2,0.35000000000000003,37,10035037,88,251,0.0005045226130653267,5.070682500023395
1,250,0.85,0.2,0.35000000000000003,38,10035038,88,250,0.0005025125628140704,4.971320700016804
1,250,0.85,0.2,0.35000000000000003,39,10035039,88,252,0.0005065326633165829,4.552715900004841
1,250,0.85,0.2,0.35000000000000003,40,10035040,88,250,0.0005025125628140704,4.487408000044525
1,250,0.85,0.2,0.35000000000000003,41,10035041,88,250,0.0005025125628140704,4.600854400079697
1,250,0.85,0.2,0.35000000000000003,42,10035042,88,251,0.0005045226130653267,4.542607699986547
1,250,0.85,0.2,0.35000000000000003,43,10035043,88,250,0.0005025125628140704,4.427463400061242
1,250,0.85,0.2,0.35000000000000003,44,10035044,88,251,0.0005045226130653267,4.586937400046736
1,250,0.85,0.2,0.35000000000000003,45,10035045,88,250,0.0005025125628140704,4.542575499974191
1,250,0.85,0.2,0.35000000000000003,46,10035046,88,250,0.0005025125628140704,4.553750400082208
1,250,0.85,0.2,0.35000000000000003,47,10035047,88,254,0.0005105527638190955,4.560936100082472
1,250,0.85,0.2,0.35000000000000003,48,10035048,88,256,0.000514572864321608,4.518688599928282
1,250,0.85,0.2,0.35000000000000003,49,10035049,88,250,0.0005025125628140704,4.4904328000266105
1,250,0.85,0.2,0.35000000000000003,50,10035050,88,251,0.0005045226130653267,4.567909299978055
1,250,0.85,0.2,0.35000000000000003,51,10035051,88,250,0.0005025125628140704,4.521225099917501
1,250,0.85,0.2,0.35000000000000003,52,10035052,88,250,0.0005025125628140704,4.654140600003302
1,250,0.85,0.2,0.35000000000000003,53,10035053,88,253,0.0005085427135678392,4.5670782999368384
1,250,0.85,0.2,0.35000000000000003,54,10035054,88,250,0.0005025125628140704,4.52688030002173
1,250,0.85,0.2,0.35000000000000003,55,10035055,88,250,0.0005025125628140704,4.618265899945982
1,250,0.85,0.2,0.35000000000000003,56,10035056,88,251,0.0005045226130653267,4.55546659999527
1,250,0.85,0.2,0.35000000000000003,57,10035057,88,251,0.0005045226130653267,4.589811199926771
1,250,0.85,0.2,0.35000000000000003,58,10035058,88,250,0.0005025125628140704,4.671654299949296
1,250,0.85,0.2,0.35000000000000003,59,10035059,88,250,0.0005025125628140704,4.581351100001484
1,250,0.85,0.2,0.35000000000000003,60,10035060,88,253,0.0005085427135678392,4.604714799905196
1,250,0.85,0.2,0.35000000000000003,61,10035061,88,251,0.0005045226130653267,4.608092200011015
1,250,0.85,0.2,0.35000000000000003,62,10035062,88,250,0.0005025125628140704,4.614760700031184
1,250,0.85,0.2,0.35000000000000003,63,10035063,88,251,0.0005045226130653267,4.659097900032066
1,250,0.85,0.2,0.35000000000000003,64,10035064,88,18360,0.03690452261306533,4.685671499930322
1,250,0.85,0.2,0.35000000000000003,65,10035065,88,252,0.0005065326633165829,4.619352200068533
1,250,0.85,0.2,0.35000000000000003,66,10035066,88,253,0.0005085427135678392,4.646570199984126
1,250,0.85,0.2,0.35000000000000003,67,10035067,88,251,0.0005045226130653267,4.50472000008449
1,250,0.85,0.2,0.35000000000000003,68,10035068,88,251,0.0005045226130653267,4.462814299971797
1,250,0.85,0.2,0.35000000000000003,69,10035069,88,253,0.0005085427135678392,4.736012200010009
1,250,0.85,0.2,0.35000000000000003,70,10035070,88,252,0.0005065326633165829,4.527568700024858
1,250,0.85,0.2,0.35000000000000003,71,10035071,88,250,0.0005025125628140704,4.591653299983591
1,250,0.85,0.2,0.35000000000000003,72,10035072,88,250,0.0005025125628140704,4.519114500028081
1,250,0.85,0.2,0.35000000000000003,73,10035073,88,251,0.0005045226130653267,4.523748299921863
1,250,0.85,0.2,0.35000000000000003,74,10035074,88,254,0.0005105527638190955,4.598435100051574
1,250,0.85,0.2,0.35000000000000003,75,10035075,88,250,0.0005025125628140704,4.895855600014329
1,250,0.85,0.2,0.35000000000000003,76,10035076,88,253,0.0005085427135678392,4.562838700017892
1,250,0.85,0.2,0.35000000000000003,77,10035077,88,250,0.0005025125628140704,4.561795599991456
1,250,0.85,0.2,0.35000000000000003,78,10035078,88,250,0.0005025125628140704,4.793281199992634
1,250,0.85,0.2,0.35000000000000003,79,10035079,88,250,0.0005025125628140704,4.797433499945328
1,250,0.85,0.2,0.35000000000000003,80,10035080,88,250,0.0005025125628140704,4.669522499898449
1,250,0.85,0.2,0.35000000000000003,81,10035081,88,250,0.0005025125628140704,4.58667960006278
1,250,0.85,0.2,0.35000000000000003,82,10035082,88,251,0.0005045226130653267,4.565990600036457
1,250,0.85,0.2,0.35000000000000003,83,10035083,88,250,0.0005025125628140704,4.5116589000681415
1,250,0.85,0.2,0.35000000000000003,84,10035084,88,250,0.0005025125628140704,4.529144500032999
1,250,0.85,0.2,0.35000000000000003,85,10035085,88,250,0.0005025125628140704,4.582935499958694
1,250,0.85,0.2,0.35000000000000003,86,10035086,88,250,0.0005025125628140704,4.537121600005776
1,250,0.85,0.2,0.35000000000000003,87,10035087,88,250,0.0005025125628140704,4.560984199983068
1,250,0.85,0.2,0.35000000000000003,88,10035088,88,251,0.0005045226130653267,4.609170000068843
1,250,0.85,0.2,0.35000000000000003,89,10035089,88,257,0.0005165829145728643,4.539130099932663
1,250,0.85,0.2,0.35000000000000003,90,10035090,88,250,0.0005025125628140704,4.497846800019033
1,250,0.85,0.2,0.35000000000000003,91,10035091,88,252,0.0005065326633165829,4.571862200042233
1,250,0.85,0.2,0.35000000000000003,92,10035092,88,252,0.0005065326633165829,4.550202599959448
1,250,0.85,0.2,0.35000000000000003,93,10035093,88,250,0.0005025125628140704,4.528144100098871
1,250,0.85,0.2,0.35000000000000003,94,10035094,88,251,0.0005045226130653267,4.4853054999839514
1,250,0.85,0.2,0.35000000000000003,95,10035095,88,250,0.0005025125628140704,4.516869899933226
1,250,0.85,0.2,0.35000000000000003,96,10035096,88,252,0.0005065326633165829,4.615140700014308
1,250,0.85,0.2,0.35000000000000003,97,10035097,88,250,0.0005025125628140704,4.533124800072983
1,250,0.85,0.2,0.35000000000000003,98,10035098,88,250,0.0005025125628140704,4.567323900060728
1,250,0.85,0.2,0.35000000000000003,99,10035099,88,250,0.0005025125628140704,4.524011200061068
1,250,0.85,0.2,0.4,0,10040000,100,250,0.0005025125628140704,4.501090100035071
1,250,0.85,0.2,0.4,1,10040001,100,250,0.0005025125628140704,4.545836600009352
1,250,0.85,0.2,0.4,2,10040002,100,254,0.0005105527638190955,4.6292384000262246
1,250,0.85,0.2,0.4,3,10040003,100,250,0.0005025125628140704,4.556503499974497
1,250,0.85,0.2,0.4,4,10040004,100,252,0.0005065326633165829,4.6640999999362975
1,250,0.85,0.2,0.4,5,10040005,100,251,0.0005045226130653267,4.5146734999725595
1,250,0.85,0.2,0.4,6,10040006,100,251,0.0005045226130653267,4.555578600033186
1,250,0.85,0.2,0.4,7,10040007,100,252,0.0005065326633165829,4.62440649990458
1,250,0.85,0.2,0.4,8,10040008,100,253,0.0005085427135678392,4.546961499960162
1,250,0.85,0.2,0.4,9,10040009,100,255,0.0005125628140703518,4.599626800045371
1,250,0.85,0.2,0.4,10,10040010,100,253,0.0005085427135678392,4.668102700030431
1,250,0.85,0.2,0.4,11,10040011,100,251,0.0005045226130653267,4.527469899971038
1,250,0.85,0.2,0.4,12,10040012,100,250,0.0005025125628140704,4.592951499973424
1,250,0.85,0.2,0.4,13,10040013,100,250,0.0005025125628140704,4.637600899906829
1,250,0.85,0.2,0.4,14,10040014,100,253,0.0005085427135678392,4.573226299951784
1,250,0.85,0.2,0.4,15,10040015,100,254,0.0005105527638190955,4.611202600062825
1,250,0.85,0.2,0.4,16,10040016,100,254,0.0005105527638190955,4.592725399998017
1,250,0.85,0.2,0.4,17,10040017,100,252,0.0005065326633165829,4.566541599924676
1,250,0.85,0.2,0.4,18,10040018,100,250,0.0005025125628140704,4.655296599958092
1,250,0.85,0.2,0.4,19,10040019,100,250,0.0005025125628140704,4.643477800069377
1,250,0.85,0.2,0.4,20,10040020,100,253,0.0005085427135678392,4.5473168999888
1,250,0.85,0.2,0.4,21,10040021,100,251,0.0005045226130653267,4.640706799924374
1,250,0.85,0.2,0.4,22,10040022,100,253,0.0005085427135678392,4.5868861000053585
1,250,0.85,0.2,0.4,23,10040023,100,251,0.0005045226130653267,4.674498900072649
1,250,0.85,0.2,0.4,24,10040024,100,251,0.0005045226130653267,4.641969199990854
1,250,0.85,0.2,0.4,25,10040025,100,252,0.0005065326633165829,4.52422000002116
1,250,0.85,0.2,0.4,26,10040026,100,255,0.0005125628140703518,4.5130832000868395
1,250,0.85,0.2,0.4,27,10040027,100,250,0.0005025125628140704,4.508143600076437
1,250,0.85,0.2,0.4,28,10040028,100,253,0.0005085427135678392,4.635604200069793
1,250,0.85,0.2,0.4,29,10040029,100,250,0.0005025125628140704,4.612383899977431
1,250,0.85,0.2,0.4,30,10040030,100,250,0.0005025125628140704,4.517439899966121
1,250,0.85,0.2,0.4,31,10040031,100,251,0.0005045226130653267,4.575397799955681
1,250,0.85,0.2,0.4,32,10040032,100,250,0.0005025125628140704,4.516294599976391
1,250,0.85,0.2,0.4,33,10040033,100,252,0.0005065326633165829,4.56911330006551
1,250,0.85,0.2,0.4,34,10040034,100,251,0.0005045226130653267,4.546259299968369
1,250,0.85,0.2,0.4,35,10040035,100,250,0.0005025125628140704,4.532182399998419
1,250,0.85,0.2,0.4,36,10040036,100,254,0.0005105527638190955,4.578064700006507
1,250,0.85,0.2,0.4,37,10040037,100,250,0.0005025125628140704,4.505623600096442
1,250,0.85,0.2,0.4,38,10040038,100,250,0.0005025125628140704,4.4893682999536395
1,250,0.85,0.2,0.4,39,10040039,100,252,0.0005065326633165829,4.551245099981315
1,250,0.85,0.2,0.4,40,10040040,100,251,0.0005045226130653267,4.563135899952613
1,250,0.85,0.2,0.4,41,10040041,100,253,0.0005085427135678392,4.496267099981196
1,250,0.85,0.2,0.4,42,10040042,100,250,0.0005025125628140704,4.533304000040516
1,250,0.85,0.2,0.4,43,10040043,100,250,0.0005025125628140704,4.56167429999914
1,250,0.85,0.2,0.4,44,10040044,100,250,0.0005025125628140704,4.5350289000198245
1,250,0.85,0.2,0.4,45,10040045,100,250,0.0005025125628140704,4.556159200030379
1,250,0.85,0.2,0.4,46,10040046,100,253,0.0005085427135678392,4.549778199987486
1,250,0.85,0.2,0.4,47,10040047,100,250,0.0005025125628140704,4.607320799957961
1,250,0.85,0.2,0.4,48,10040048,100,250,0.0005025125628140704,4.496839400031604
1,250,0.85,0.2,0.4,49,10040049,100,254,0.0005105527638190955,4.527173100039363
1,250,0.85,0.2,0.4,50,10040050,100,250,0.0005025125628140704,4.628974799998105
1,250,0.85,0.2,0.4,51,10040051,100,254,0.0005105527638190955,4.549249900039285
1,250,0.85,0.2,0.4,52,10040052,100,250,0.0005025125628140704,4.4736229999689385
1,250,0.85,0.2,0.4,53,10040053,100,251,0.0005045226130653267,4.557146499981172
1,250,0.85,0.2,0.4,54,10040054,100,254,0.0005105527638190955,4.5077117999317124
1,250,0.85,0.2,0.4,55,10040055,100,253,0.0005085427135678392,4.5826949999900535
1,250,0.85,0.2,0.4,56,10040056,100,251,0.0005045226130653267,4.538057200028561
1,250,0.85,0.2,0.4,57,10040057,100,251,0.0005045226130653267,4.499803600017913
1,250,0.85,0.2,0.4,58,10040058,100,250,0.0005025125628140704,4.501911900006235
1,250,0.85,0.2,0.4,59,10040059,100,250,0.0005025125628140704,4.47203800000716
1,250,0.85,0.2,0.4,60,10040060,100,250,0.0005025125628140704,4.486122300033458
1,250,0.85,0.2,0.4,61,10040061,100,253,0.0005085427135678392,4.4890921000624076
1,250,0.85,0.2,0.4,62,10040062,100,254,0.0005105527638190955,4.519789400044829
1,250,0.85,0.2,0.4,63,10040063,100,250,0.0005025125628140704,4.605834300047718
1,250,0.85,0.2,0.4,64,10040064,100,252,0.0005065326633165829,4.593276100000367
1,250,0.85,0.2,0.4,65,10040065,100,251,0.0005045226130653267,4.607310299994424
1,250,0.85,0.2,0.4,66,10040066,100,251,0.0005045226130653267,4.633523600059561
1,250,0.85,0.2,0.4,67,10040067,100,255,0.0005125628140703518,4.535269299987704
1,250,0.85,0.2,0.4,68,10040068,100,253,0.0005085427135678392,4.488924900069833
1,250,0.85,0.2,0.4,69,10040069,100,251,0.0005045226130653267,4.550909999990836
1,250,0.85,0.2,0.4,70,10040070,100,250,0.0005025125628140704,4.554744399967603
1,250,0.85,0.2,0.4,71,10040071,100,252,0.0005065326633165829,4.473806599969976
1,250,0.85,0.2,0.4,72,10040072,100,255,0.0005125628140703518,4.579859900055453
1,250,0.85,0.2,0.4,73,10040073,100,251,0.0005045226130653267,4.559822200099006
1,250,0.85,0.2,0.4,74,10040074,100,253,0.0005085427135678392,4.5608174999943
1,250,0.85,0.2,0.4,75,10040075,100,253,0.0005085427135678392,4.592507399967872
1,250,0.85,0.2,0.4,76,10040076,100,250,0.0005025125628140704,4.585843999986537
1,250,0.85,0.2,0.4,77,10040077,100,252,0.0005065326633165829,4.449413900030777
1,250,0.85,0.2,0.4,78,10040078,100,252,0.0005065326633165829,4.506763500045054
1,250,0.85,0.2,0.4,79,10040079,100,250,0.0005025125628140704,4.480716799967922
1,250,0.85,0.2,0.4,80,10040080,100,253,0.0005085427135678392,4.628733299905434
1,250,0.85,0.2,0.4,81,10040081,100,251,0.0005045226130653267,4.686177399940789
1,250,0.85,0.2,0.4,82,10040082,100,252,0.0005065326633165829,4.4676802000030875
1,250,0.85,0.2,0.4,83,10040083,100,250,0.0005025125628140704,4.544771600048989
1,250,0.85,0.2,0.4,84,10040084,100,253,0.0005085427135678392,4.388462399947457
1,250,0.85,0.2,0.4,85,10040085,100,250,0.0005025125628140704,4.555333400028758
1,250,0.85,0.2,0.4,86,10040086,100,252,0.0005065326633165829,4.480174300028011
1,250,0.85,0.2,0.4,87,10040087,100,251,0.0005045226130653267,4.53541930008214
1,250,0.85,0.2,0.4,88,10040088,100,250,0.0005025125628140704,4.521320599946193
1,250,0.85,0.2,0.4,89,10040089,100,250,0.0005025125628140704,4.531125499983318
1,250,0.85,0.2,0.4,90,10040090,100,252,0.0005065326633165829,4.628056600107811
1,250,0.85,0.2,0.4,91,10040091,100,250,0.0005025125628140704,4.5142292000819
1,250,0.85,0.2,0.4,92,10040092,100,250,0.0005025125628140704,4.6142660999903455
1,250,0.85,0.2,0.4,93,10040093,100,255,0.0005125628140703518,4.53261640004348
1,250,0.85,0.2,0.4,94,10040094,100,250,0.0005025125628140704,4.479324100073427
1,250,0.85,0.2,0.4,95,10040095,100,250,0.0005025125628140704,4.611486900015734
1,250,0.85,0.2,0.4,96,10040096,100,251,0.0005045226130653267,4.517587900045328
1,250,0.85,0.2,0.4,97,10040097,100,251,0.0005045226130653267,4.53811379999388
1,250,0.85,0.2,0.4,98,10040098,100,252,0.0005065326633165829,4.595829400001094
1,250,0.85,0.2,0.4,99,10040099,100,253,0.0005085427135678392,4.5840182999381796
1,250,0.85,0.2,0.45,0,10045000,112,250,0.0005025125628140704,4.523502599913627
1,250,0.85,0.2,0.45,1,10045001,112,254,0.0005105527638190955,4.578097400022671
1,250,0.85,0.2,0.45,2,10045002,112,250,0.0005025125628140704,4.5866951999487355
1,250,0.85,0.2,0.45,3,10045003,112,251,0.0005045226130653267,4.641591500025243
1,250,0.85,0.2,0.45,4,10045004,112,254,0.0005105527638190955,4.615386900026351
1,250,0.85,0.2,0.45,5,10045005,112,250,0.0005025125628140704,4.643873200053349
1,250,0.85,0.2,0.45,6,10045006,112,253,0.0005085427135678392,4.561155100003816
1,250,0.85,0.2,0.45,7,10045007,112,251,0.0005045226130653267,4.7745354999788105
1,250,0.85,0.2,0.45,8,10045008,112,252,0.0005065326633165829,4.6356227999785915
1,250,0.85,0.2,0.45,9,10045009,112,251,0.0005045226130653267,4.673405499896035
1,250,0.85,0.2,0.45,10,10045010,112,250,0.0005025125628140704,4.565788800013252
1,250,0.85,0.2,0.45,11,10045011,112,250,0.0005025125628140704,4.5794141999213025
1,250,0.85,0.2,0.45,12,10045012,112,250,0.0005025125628140704,4.542273300001398
1,250,0.85,0.2,0.45,13,10045013,112,250,0.0005025125628140704,4.600841199979186
1,250,0.85,0.2,0.45,14,10045014,112,253,0.0005085427135678392,4.5972491999855265
1,250,0.85,0.2,0.45,15,10045015,112,254,0.0005105527638190955,4.635864199954085
1,250,0.85,0.2,0.45,16,10045016,112,250,0.0005025125628140704,4.568898900062777
1,250,0.85,0.2,0.45,17,10045017,112,250,0.0005025125628140704,4.548391800024547
1,250,0.85,0.2,0.45,18,10045018,112,251,0.0005045226130653267,4.528638400021009
1,250,0.85,0.2,0.45,19,10045019,112,251,0.0005045226130653267,4.520220300066285
1,250,0.85,0.2,0.45,20,10045020,112,252,0.0005065326633165829,4.471302999998443
1,250,0.85,0.2,0.45,21,10045021,112,252,0.0005065326633165829,4.562713599996641
1,250,0.85,0.2,0.45,22,10045022,112,252,0.0005065326633165829,4.339084599982016
1,250,0.85,0.2,0.45,23,10045023,112,255,0.0005125628140703518,4.536271500051953
1,250,0.85,0.2,0.45,24,10045024,112,255,0.0005125628140703518,4.463041100068949
1,250,0.85,0.2,0.45,25,10045025,112,257,0.0005165829145728643,4.466558099957183
1,250,0.85,0.2,0.45,26,10045026,112,250,0.0005025125628140704,4.559057800099254
1,250,0.85,0.2,0.45,27,10045027,112,252,0.0005065326633165829,4.677051499951631
1,250,0.85,0.2,0.45,28,10045028,112,250,0.0005025125628140704,4.615763499983586
1,250,0.85,0.2,0.45,29,10045029,112,253,0.0005085427135678392,4.5683579000178725
1,250,0.85,0.2,0.45,30,10045030,112,254,0.0005105527638190955,4.57668709999416
1,250,0.85,0.2,0.45,31,10045031,112,250,0.0005025125628140704,4.507346800062805
1,250,0.85,0.2,0.45,32,10045032,112,251,0.0005045226130653267,4.464738600072451
1,250,0.85,0.2,0.45,33,10045033,112,254,0.0005105527638190955,4.7333192999940366
1,250,0.85,0.2,0.45,34,10045034,112,253,0.0005085427135678392,4.506040500011295
1,250,0.85,0.2,0.45,35,10045035,112,254,0.0005105527638190955,4.55890449997969
1,250,0.85,0.2,0.45,36,10045036,112,252,0.0005065326633165829,4.559221099945717
1,250,0.85,0.2,0.45,37,10045037,112,250,0.0005025125628140704,4.5566510000498965
1,250,0.85,0.2,0.45,38,10045038,112,251,0.0005045226130653267,4.5403536999365315
1,250,0.85,0.2,0.45,39,10045039,112,251,0.0005045226130653267,4.534921999904327
1,250,0.85,0.2,0.45,40,10045040,112,256,0.000514572864321608,4.407819399959408
1,250,0.85,0.2,0.45,41,10045041,112,253,0.0005085427135678392,4.420434000086971
1,250,0.85,0.2,0.45,42,10045042,112,252,0.0005065326633165829,4.560572399990633
1,250,0.85,0.2,0.45,43,10045043,112,251,0.0005045226130653267,4.406597699970007
1,250,0.85,0.2,0.45,44,10045044,112,250,0.0005025125628140704,4.457664999994449
1,250,0.85,0.2,0.45,45,10045045,112,251,0.0005045226130653267,4.4979483999777585
1,250,0.85,0.2,0.45,46,10045046,112,252,0.0005065326633165829,4.446402999921702
1,250,0.85,0.2,0.45,47,10045047,112,253,0.0005085427135678392,4.5262672998942435
1,250,0.85,0.2,0.45,48,10045048,112,254,0.0005105527638190955,4.5088407000293955
1,250,0.85,0.2,0.45,49,10045049,112,250,0.0005025125628140704,4.507351099979132
1,250,0.85,0.2,0.45,50,10045050,112,253,0.0005085427135678392,4.612578299944289
1,250,0.85,0.2,0.45,51,10045051,112,250,0.0005025125628140704,4.690840100054629
1,250,0.85,0.2,0.45,52,10045052,112,252,0.0005065326633165829,4.554791900096461
1,250,0.85,0.2,0.45,53,10045053,112,250,0.0005025125628140704,4.811497799935751
1,250,0.85,0.2,0.45,54,10045054,112,251,0.0005045226130653267,4.473689000005834
1,250,0.85,0.2,0.45,55,10045055,112,250,0.0005025125628140704,4.587516500032507
1,250,0.85,0.2,0.45,56,10045056,112,253,0.0005085427135678392,4.572162500000559
1,250,0.85,0.2,0.45,57,10045057,112,252,0.0005065326633165829,4.942531700013205
1,250,0.85,0.2,0.45,58,10045058,112,257,0.0005165829145728643,4.438662200002
1,250,0.85,0.2,0.45,59,10045059,112,251,0.0005045226130653267,4.618164500105195
1,250,0.85,0.2,0.45,60,10045060,112,250,0.0005025125628140704,4.959431300056167
1,250,0.85,0.2,0.45,61,10045061,112,253,0.0005085427135678392,4.387976999976672
1,250,0.85,0.2,0.45,62,10045062,112,251,0.0005045226130653267,4.676572700031102
1,250,0.85,0.2,0.45,63,10045063,112,250,0.0005025125628140704,4.580101400031708
1,250,0.85,0.2,0.45,64,10045064,112,255,0.0005125628140703518,4.7835196000523865
1,250,0.85,0.2,0.45,65,10045065,112,251,0.0005045226130653267,4.8318017000565305
1,250,0.85,0.2,0.45,66,10045066,112,254,0.0005105527638190955,4.576392999966629
1,250,0.85,0.2,0.45,67,10045067,112,255,0.0005125628140703518,4.5333025000290945
1,250,0.85,0.2,0.45,68,10045068,112,250,0.0005025125628140704,4.3267783999908715
1,250,0.85,0.2,0.45,69,10045069,112,250,0.0005025125628140704,4.452062400057912
1,250,0.85,0.2,0.45,70,10045070,112,250,0.0005025125628140704,4.536814099992625
1,250,0.85,0.2,0.45,71,10045071,112,250,0.0005025125628140704,4.703423899947666
1,250,0.85,0.2,0.45,72,10045072,112,250,0.0005025125628140704,4.529116399935447
1,250,0.85,0.2,0.45,73,10045073,112,250,0.0005025125628140704,4.925422200001776
1,250,0.85,0.2,0.45,74,10045074,112,251,0.0005045226130653267,4.365795599995181
1,250,0.85,0.2,0.45,75,10045075,112,252,0.0005065326633165829,4.891734599950723
1,250,0.85,0.2,0.45,76,10045076,112,253,0.0005085427135678392,4.370157299912535
1,250,0.85,0.2,0.45,77,10045077,112,253,0.0005085427135678392,4.461750999907963
1,250,0.85,0.2,0.45,78,10045078,112,251,0.0005045226130653267,5.042559099965729
1,250,0.85,0.2,0.45,79,10045079,112,250,0.0005025125628140704,4.450665900018066
1,250,0.85,0.2,0.45,80,10045080,112,250,0.0005025125628140704,4.484863999998197
1,250,0.85,0.2,0.45,81,10045081,112,251,0.0005045226130653267,4.205133600044064
1,250,0.85,0.2,0.45,82,10045082,112,252,0.0005065326633165829,4.829473300022073
1,250,0.85,0.2,0.45,83,10045083,112,254,0.0005105527638190955,4.450895500020124
1,250,0.85,0.2,0.45,84,10045084,112,250,0.0005025125628140704,4.389868300058879
1,250,0.85,0.2,0.45,85,10045085,112,252,0.0005065326633165829,4.739913500030525
1,250,0.85,0.2,0.45,86,10045086,112,253,0.0005085427135678392,4.452006799983792
1,250,0.85,0.2,0.45,87,10045087,112,251,0.0005045226130653267,4.708745199954137
1,250,0.85,0.2,0.45,88,10045088,112,251,0.0005045226130653267,4.46197880001273
1,250,0.85,0.2,0.45,89,10045089,112,251,0.0005045226130653267,4.566897199954838
1,250,0.85,0.2,0.45,90,10045090,112,252,0.0005065326633165829,4.721122800023295
1,250,0.85,0.2,0.45,91,10045091,112,253,0.0005085427135678392,4.516529200016521
1,250,0.85,0.2,0.45,92,10045092,112,250,0.0005025125628140704,4.86394129996188
1,250,0.85,0.2,0.45,93,10045093,112,253,0.0005085427135678392,4.31505420000758
1,250,0.85,0.2,0.45,94,10045094,112,252,0.0005065326633165829,4.788420700002462
1,250,0.85,0.2,0.45,95,10045095,112,255,0.0005125628140703518,4.3109476999379694
1,250,0.85,0.2,0.45,96,10045096,112,255,0.0005125628140703518,4.549313900060952
1,250,0.85,0.2,0.45,97,10045097,112,251,0.0005045226130653267,4.71691339998506
1,250,0.85,0.2,0.45,98,10045098,112,250,0.0005025125628140704,4.367398300091736
1,250,0.85,0.2,0.45,99,10045099,112,251,0.0005045226130653267,4.602927300031297
1,250,0.85,0.2,0.5,0,10050000,125,252,0.0005065326633165829,4.533390500000678
1,250,0.85,0.2,0.5,1,10050001,125,251,0.0005045226130653267,4.566229799995199
1,250,0.85,0.2,0.5,2,10050002,125,250,0.0005025125628140704,4.535162199987099
1,250,0.85,0.2,0.5,3,10050003,125,252,0.0005065326633165829,4.527591699967161
1,250,0.85,0.2,0.5,4,10050004,125,250,0.0005025125628140704,4.500448999926448
1,250,0.85,0.2,0.5,5,10050005,125,254,0.0005105527638190955,4.364657900063321
1,250,0.85,0.2,0.5,6,10050006,125,250,0.0005025125628140704,4.588337399996817
1,250,0.85,0.2,0.5,7,10050007,125,251,0.0005045226130653267,4.632715200074017
1,250,0.85,0.2,0.5,8,10050008,125,250,0.0005025125628140704,4.482671500067227
1,250,0.85,0.2,0.5,9,10050009,125,253,0.0005085427135678392,4.699063899926841
1,250,0.85,0.2,0.5,10,10050010,125,251,0.0005045226130653267,4.228182699996978
1,250,0.85,0.2,0.5,11,10050011,125,254,0.0005105527638190955,4.662504100007936
1,250,0.85,0.2,0.5,12,10050012,125,257,0.0005165829145728643,4.553522699978203
1,250,0.85,0.2,0.5,13,10050013,125,250,0.0005025125628140704,4.706900599994697
1,250,0.85,0.2,0.5,14,10050014,125,253,0.0005085427135678392,4.178768599987961
1,250,0.85,0.2,0.5,15,10050015,125,253,0.0005085427135678392,4.530469599994831
1,250,0.85,0.2,0.5,16,10050016,125,252,0.0005065326633165829,4.449903999920934
1,250,0.85,0.2,0.5,17,10050017,125,253,0.0005085427135678392,4.552742399973795
1,250,0.85,0.2,0.5,18,10050018,125,250,0.0005025125628140704,4.5386263999389485
1,250,0.85,0.2,0.5,19,10050019,125,251,0.0005045226130653267,4.524555000010878
1,250,0.85,0.2,0.5,20,10050020,125,251,0.0005045226130653267,4.511347700026818
1,250,0.85,0.2,0.5,21,10050021,125,251,0.0005045226130653267,4.569286499987356
1,250,0.85,0.2,0.5,22,10050022,125,252,0.0005065326633165829,4.498371600056998
1,250,0.85,0.2,0.5,23,10050023,125,255,0.0005125628140703518,4.552048399928026
1,250,0.85,0.2,0.5,24,10050024,125,253,0.0005085427135678392,4.5084015999455005
1,250,0.85,0.2,0.5,25,10050025,125,254,0.0005105527638190955,4.526899600052275
1,250,0.85,0.2,0.5,26,10050026,125,253,0.0005085427135678392,4.515852499986067
1,250,0.85,0.2,0.5,27,10050027,125,254,0.0005105527638190955,4.518829799955711
1,250,0.85,0.2,0.5,28,10050028,125,253,0.0005085427135678392,4.504483700031415
1,250,0.85,0.2,0.5,29,10050029,125,253,0.0005085427135678392,4.4773018000414595
1,250,0.85,0.2,0.5,30,10050030,125,258,0.0005185929648241206,4.440197699936107
1,250,0.85,0.2,0.5,31,10050031,125,250,0.0005025125628140704,4.506018299958669
1,250,0.85,0.2,0.5,32,10050032,125,254,0.0005105527638190955,4.559078399906866
1,250,0.85,0.2,0.5,33,10050033,125,253,0.0005085427135678392,4.533820900018327
1,250,0.85,0.2,0.5,34,10050034,125,250,0.0005025125628140704,4.560919799958356
1,250,0.85,0.2,0.5,35,10050035,125,250,0.0005025125628140704,4.491100000101142
1,250,0.85,0.2,0.5,36,10050036,125,254,0.0005105527638190955,4.559945599990897
1,250,0.85,0.2,0.5,37,10050037,125,255,0.0005125628140703518,4.538270600023679
1,250,0.85,0.2,0.5,38,10050038,125,250,0.0005025125628140704,4.57945339998696
1,250,0.85,0.2,0.5,39,10050039,125,252,0.0005065326633165829,4.555533000035211
1,250,0.85,0.2,0.5,40,10050040,125,250,0.0005025125628140704,4.558346799924038
1,250,0.85,0.2,0.5,41,10050041,125,252,0.0005065326633165829,4.32464489992708
1,250,0.85,0.2,0.5,42,10050042,125,253,0.0005085427135678392,4.504374900017865
1,250,0.85,0.2,0.5,43,10050043,125,253,0.0005085427135678392,4.553073699935339
1,250,0.85,0.2,0.5,44,10050044,125,253,0.0005085427135678392,4.132894600043073
1,250,0.85,0.2,0.5,45,10050045,125,254,0.0005105527638190955,4.3370810999767855
1,250,0.85,0.2,0.5,46,10050046,125,253,0.0005085427135678392,4.724093499942683
1,250,0.85,0.2,0.5,47,10050047,125,251,0.0005045226130653267,4.747239899937995
1,250,0.85,0.2,0.5,48,10050048,125,254,0.0005105527638190955,4.751083499984816
1,250,0.85,0.2,0.5,49,10050049,125,252,0.0005065326633165829,4.637092999997549
1,250,0.85,0.2,0.5,50,10050050,125,252,0.0005065326633165829,4.71696420002263
1,250,0.85,0.2,0.5,51,10050051,125,250,0.0005025125628140704,4.387494399910793
1,250,0.85,0.2,0.5,52,10050052,125,252,0.0005065326633165829,4.637060200097039
1,250,0.85,0.2,0.5,53,10050053,125,255,0.0005125628140703518,4.621689199935645
1,250,0.85,0.2,0.5,54,10050054,125,250,0.0005025125628140704,4.696468799957074
1,250,0.85,0.2,0.5,55,10050055,125,253,0.0005085427135678392,4.567836900008842
1,250,0.85,0.2,0.5,56,10050056,125,252,0.0005065326633165829,4.529882299946621
1,250,0.85,0.2,0.5,57,10050057,125,250,0.0005025125628140704,4.535195100004785
1,250,0.85,0.2,0.5,58,10050058,125,251,0.0005045226130653267,4.557857299922034
1,250,0.85,0.2,0.5,59,10050059,125,251,0.0005045226130653267,4.59001599997282
1,250,0.85,0.2,0.5,60,10050060,125,250,0.0005025125628140704,4.539886699989438
1,250,0.85,0.2,0.5,61,10050061,125,252,0.0005065326633165829,4.503446699935012
1,250,0.85,0.2,0.5,62,10050062,125,254,0.0005105527638190955,4.557717700023204
1,250,0.85,0.2,0.5,63,10050063,125,253,0.0005085427135678392,4.534718499984592
1,250,0.85,0.2,0.5,64,10050064,125,252,0.0005065326633165829,4.5627272999845445
1,250,0.85,0.2,0.5,65,10050065,125,253,0.0005085427135678392,4.5706531999167055
1,250,0.85,0.2,0.5,66,10050066,125,253,0.0005085427135678392,4.550188999972306
1,250,0.85,0.2,0.5,67,10050067,125,251,0.0005045226130653267,4.501085600000806
1,250,0.85,0.2,0.5,68,10050068,125,256,0.000514572864321608,4.512483600061387
1,250,0.85,0.2,0.5,69,10050069,125,256,0.000514572864321608,4.520152700017206
1,250,0.85,0.2,0.5,70,10050070,125,251,0.0005045226130653267,4.5498990000924096
1,250,0.85,0.2,0.5,71,10050071,125,252,0.0005065326633165829,4.50982739997562
1,250,0.85,0.2,0.5,72,10050072,125,250,0.0005025125628140704,4.515660600038245
1,250,0.85,0.2,0.5,73,10050073,125,253,0.0005085427135678392,4.557212800020352
1,250,0.85,0.2,0.5,74,10050074,125,254,0.0005105527638190955,4.548601799993776
1,250,0.85,0.2,0.5,75,10050075,125,251,0.0005045226130653267,4.48488460003864
1,250,0.85,0.2,0.5,76,10050076,125,253,0.0005085427135678392,4.479501600028016
1,250,0.85,0.2,0.5,77,10050077,125,257,0.0005165829145728643,4.506130900001153
1,250,0.85,0.2,0.5,78,10050078,125,252,0.0005065326633165829,4.509665600024164
1,250,0.85,0.2,0.5,79,10050079,125,251,0.0005045226130653267,4.496424300014041
1,250,0.85,0.2,0.5,80,10050080,125,251,0.0005045226130653267,4.50320609996561
1,250,0.85,0.2,0.5,81,10050081,125,250,0.0005025125628140704,4.541314200032502
1,250,0.85,0.2,0.5,82,10050082,125,251,0.0005045226130653267,4.475429399986751
1,250,0.85,0.2,0.5,83,10050083,125,252,0.0005065326633165829,4.462543300003745
1,250,0.85,0.2,0.5,84,10050084,125,256,0.000514572864321608,4.561509900027886
1,250,0.85,0.2,0.5,85,10050085,125,253,0.0005085427135678392,4.480160600040108
1,250,0.85,0.2,0.5,86,10050086,125,250,0.0005025125628140704,4.443925700034015
1,250,0.85,0.2,0.5,87,10050087,125,251,0.0005045226130653267,4.550054999999702
1,250,0.85,0.2,0.5,88,10050088,125,251,0.0005045226130653267,4.5117137000197545
1,250,0.85,0.2,0.5,89,10050089,125,251,0.0005045226130653267,4.520428400021046
1,250,0.85,0.2,0.5,90,10050090,125,251,0.0005045226130653267,4.538239400018938
1,250,0.85,0.2,0.5,91,10050091,125,252,0.0005065326633165829,4.466376099968329
1,250,0.85,0.2,0.5,92,10050092,125,252,0.0005065326633165829,4.518787799985148
1,250,0.85,0.2,0.5,93,10050093,125,254,0.0005105527638190955,4.444919899920933
1,250,0.85,0.2,0.5,94,10050094,125,251,0.0005045226130653267,4.542947500012815
1,250,0.85,0.2,0.5,95,10050095,125,253,0.0005085427135678392,4.5145520000951365
1,250,0.85,0.2,0.5,96,10050096,125,251,0.0005045226130653267,4.4765433999709785
1,250,0.85,0.2,0.5,97,10050097,125,251,0.0005045226130653267,4.443199999979697
1,250,0.85,0.2,0.5,98,10050098,125,254,0.0005105527638190955,4.451798099908046
1,250,0.85,0.2,0.5,99,10050099,125,254,0.0005105527638190955,4.467259099939838
1,250,0.85,0.2,0.55,0,10055000,138,254,0.0005105527638190955,4.502246799995191
1,250,0.85,0.2,0.55,1,10055001,138,254,0.0005105527638190955,4.497115100035444
1,250,0.85,0.2,0.55,2,10055002,138,257,0.0005165829145728643,4.462278399965726
1,250,0.85,0.2,0.55,3,10055003,138,252,0.0005065326633165829,4.6146477001020685
1,250,0.85,0.2,0.55,4,10055004,138,253,0.0005085427135678392,4.613451500074007
1,250,0.85,0.2,0.55,5,10055005,138,251,0.0005045226130653267,4.406870899954811
1,250,0.85,0.2,0.55,6,10055006,138,254,0.0005105527638190955,4.689182700007223
1,250,0.85,0.2,0.55,7,10055007,138,250,0.0005025125628140704,4.369692900101654
1,250,0.85,0.2,0.55,8,10055008,138,254,0.0005105527638190955,4.456859800033271
1,250,0.85,0.2,0.55,9,10055009,138,254,0.0005105527638190955,4.486789199989289
1,250,0.85,0.2,0.55,10,10055010,138,251,0.0005045226130653267,4.376647499972023
1,250,0.85,0.2,0.55,11,10055011,138,252,0.0005065326633165829,4.46962409990374
1,250,0.85,0.2,0.55,12,10055012,138,258,0.0005185929648241206,4.5279639000073075
1,250,0.85,0.2,0.55,13,10055013,138,254,0.0005105527638190955,4.408840199932456
1,250,0.85,0.2,0.55,14,10055014,138,252,0.0005065326633165829,4.725732999970205
1,250,0.85,0.2,0.55,15,10055015,138,253,0.0005085427135678392,4.78706110001076
1,250,0.85,0.2,0.55,16,10055016,138,253,0.0005085427135678392,4.4424771999474615
1,250,0.85,0.2,0.55,17,10055017,138,254,0.0005105527638190955,4.458062799996696
1,250,0.85,0.2,0.55,18,10055018,138,253,0.0005085427135678392,4.674949899897911
1,250,0.85,0.2,0.55,19,10055019,138,251,0.0005045226130653267,4.5534229999175295
1,250,0.85,0.2,0.55,20,10055020,138,253,0.0005085427135678392,4.25524170009885
1,250,0.85,0.2,0.55,21,10055021,138,251,0.0005045226130653267,4.34510879998561
1,250,0.85,0.2,0.55,22,10055022,138,256,0.000514572864321608,4.580876199994236
1,250,0.85,0.2,0.55,23,10055023,138,253,0.0005085427135678392,4.610082400031388
1,250,0.85,0.2,0.55,24,10055024,138,251,0.0005045226130653267,4.43297480000183
1,250,0.85,0.2,0.55,25,10055025,138,251,0.0005045226130653267,4.573579699965194
1,250,0.85,0.2,0.55,26,10055026,138,250,0.0005025125628140704,4.52315800008364
1,250,0.85,0.2,0.55,27,10055027,138,251,0.0005045226130653267,4.618772199959494
1,250,0.85,0.2,0.55,28,10055028,138,252,0.0005065326633165829,4.593103399965912
1,250,0.85,0.2,0.55,29,10055029,138,253,0.0005085427135678392,4.638791400007904
1,250,0.85,0.2,0.55,30,10055030,138,252,0.0005065326633165829,4.231843399931677
1,250,0.85,0.2,0.55,31,10055031,138,250,0.0005025125628140704,4.189654599991627
1,250,0.85,0.2,0.55,32,10055032,138,250,0.0005025125628140704,4.514661799999885
1,250,0.85,0.2,0.55,33,10055033,138,251,0.0005045226130653267,4.423652100027539
1,250,0.85,0.2,0.55,34,10055034,138,252,0.0005065326633165829,4.590441300068051
1,250,0.85,0.2,0.55,35,10055035,138,251,0.0005045226130653267,4.193421899923123
1,250,0.85,0.2,0.55,36,10055036,138,251,0.0005045226130653267,4.9868163000792265
1,250,0.85,0.2,0.55,37,10055037,138,250,0.0005025125628140704,4.374033499974757
1,250,0.85,0.2,0.55,38,10055038,138,251,0.0005045226130653267,4.921100900042802
1,250,0.85,0.2,0.55,39,10055039,138,255,0.0005125628140703518,4.4153013998875394
1,250,0.85,0.2,0.55,40,10055040,138,256,0.000514572864321608,4.482015100074932
1,250,0.85,0.2,0.55,41,10055041,138,251,0.0005045226130653267,4.421616500010714
1,250,0.85,0.2,0.55,42,10055042,138,254,0.0005105527638190955,4.7974457000382245
1,250,0.85,0.2,0.55,43,10055043,138,252,0.0005065326633165829,4.591405400075018
1,250,0.85,0.2,0.55,44,10055044,138,254,0.0005105527638190955,4.122367799980566
1,250,0.85,0.2,0.55,45,10055045,138,251,0.0005045226130653267,4.306589899933897
1,250,0.85,0.2,0.55,46,10055046,138,255,0.0005125628140703518,5.0129979000194
1,250,0.85,0.2,0.55,47,10055047,138,252,0.0005065326633165829,4.248690499924123
1,250,0.85,0.2,0.55,48,10055048,138,254,0.0005105527638190955,4.808751899981871
1,250,0.85,0.2,0.55,49,10055049,138,252,0.0005065326633165829,4.759875999996439
1,250,0.85,0.2,0.55,50,10055050,138,253,0.0005085427135678392,4.475715300068259
1,250,0.85,0.2,0.55,51,10055051,138,252,0.0005065326633165829,4.455823799944483
1,250,0.85,0.2,0.55,52,10055052,138,256,0.000514572864321608,4.448866899940185
1,250,0.85,0.2,0.55,53,10055053,138,252,0.0005065326633165829,4.466344500076957
1,250,0.85,0.2,0.55,54,10055054,138,253,0.0005085427135678392,4.710586200002581
1,250,0.85,0.2,0.55,55,10055055,138,252,0.0005065326633165829,4.448082200018689
1,250,0.85,0.2,0.55,56,10055056,138,250,0.0005025125628140704,4.3904916000319645
1,250,0.85,0.2,0.55,57,10055057,138,252,0.0005065326633165829,4.609042700030841
1,250,0.85,0.2,0.55,58,10055058,138,252,0.0005065326633165829,4.503027600003406
1,250,0.85,0.2,0.55,59,10055059,138,253,0.0005085427135678392,4.455263699986972
1,250,0.85,0.2,0.55,60,10055060,138,251,0.0005045226130653267,4.479644300066866
1,250,0.85,0.2,0.55,61,10055061,138,253,0.0005085427135678392,4.481456500012428
1,250,0.85,0.2,0.55,62,10055062,138,256,0.000514572864321608,4.424726700061001
1,250,0.85,0.2,0.55,63,10055063,138,252,0.0005065326633165829,4.4834840999683365
1,250,0.85,0.2,0.55,64,10055064,138,256,0.000514572864321608,4.470454200054519
1,250,0.85,0.2,0.55,65,10055065,138,254,0.0005105527638190955,4.452633599983528
1,250,0.85,0.2,0.55,66,10055066,138,253,0.0005085427135678392,4.490936899906956
1,250,0.85,0.2,0.55,67,10055067,138,255,0.0005125628140703518,4.487043600063771
1,250,0.85,0.2,0.55,68,10055068,138,251,0.0005045226130653267,4.457701199920848
1,250,0.85,0.2,0.55,69,10055069,138,251,0.0005045226130653267,4.53336090000812
1,250,0.85,0.2,0.55,70,10055070,138,253,0.0005085427135678392,4.597451500012539
1,250,0.85,0.2,0.55,71,10055071,138,256,0.000514572864321608,4.490422600065358
1,250,0.85,0.2,0.55,72,10055072,138,255,0.0005125628140703518,4.420155300060287
1,250,0.85,0.2,0.55,73,10055073,138,255,0.0005125628140703518,4.581334099988453
1,250,0.85,0.2,0.55,74,10055074,138,254,0.0005105527638190955,4.458732099970803
1,250,0.85,0.2,0.55,75,10055075,138,251,0.0005045226130653267,4.696783300023526
1,250,0.85,0.2,0.55,76,10055076,138,260,0.0005226130653266332,4.8373133999994025
1,250,0.85,0.2,0.55,77,10055077,138,252,0.0005065326633165829,4.461450800066814
1,250,0.85,0.2,0.55,78,10055078,138,252,0.0005065326633165829,4.807765000034124
1,250,0.85,0.2,0.55,79,10055079,138,251,0.0005045226130653267,4.4325038000242785
1,250,0.85,0.2,0.55,80,10055080,138,252,0.0005065326633165829,4.643986800103448
1,250,0.85,0.2,0.55,81,10055081,138,256,0.000514572864321608,4.705661299987696
1,250,0.85,0.2,0.55,82,10055082,138,256,0.000514572864321608,4.613708999939263
1,250,0.85,0.2,0.55,83,10055083,138,252,0.0005065326633165829,4.548543300013989
1,250,0.85,0.2,0.55,84,10055084,138,250,0.0005025125628140704,4.742532600066625
1,250,0.85,0.2,0.55,85,10055085,138,253,0.0005085427135678392,5.021504900068976
1,250,0.85,0.2,0.55,86,10055086,138,251,0.0005045226130653267,4.719568599946797
1,250,0.85,0.2,0.55,87,10055087,138,253,0.0005085427135678392,4.752307699993253
1,250,0.85,0.2,0.55,88,10055088,138,252,0.0005065326633165829,4.968019400024787
1,250,0.85,0.2,0.55,89,10055089,138,251,0.0005045226130653267,4.979940799996257
1,250,0.85,0.2,0.55,90,10055090,138,252,0.0005065326633165829,4.785708499955945
1,250,0.85,0.2,0.55,91,10055091,138,252,0.0005065326633165829,4.673972999909893
1,250,0.85,0.2,0.55,92,10055092,138,251,0.0005045226130653267,4.572919000056572
1,250,0.85,0.2,0.55,93,10055093,138,255,0.0005125628140703518,4.696226999978535
1,250,0.85,0.2,0.55,94,10055094,138,252,0.0005065326633165829,4.660818099975586
1,250,0.85,0.2,0.55,95,10055095,138,251,0.0005045226130653267,4.654690399998799
1,250,0.85,0.2,0.55,96,10055096,138,257,0.0005165829145728643,4.686359999934211
1,250,0.85,0.2,0.55,97,10055097,138,256,0.000514572864321608,4.627899200073443
1,250,0.85,0.2,0.55,98,10055098,138,252,0.0005065326633165829,4.664789699949324
1,250,0.85,0.2,0.55,99,10055099,138,254,0.0005105527638190955,4.67964809993282
1,250,0.85,0.2,0.6000000000000001,0,10060000,150,256,0.000514572864321608,4.586514799972065
1,250,0.85,0.2,0.6000000000000001,1,10060001,150,254,0.0005105527638190955,4.628690200042911
1,250,0.85,0.2,0.6000000000000001,2,10060002,150,250,0.0005025125628140704,4.549133299966343
1,250,0.85,0.2,0.6000000000000001,3,10060003,150,251,0.0005045226130653267,4.488214499899186
1,250,0.85,0.2,0.6000000000000001,4,10060004,150,256,0.000514572864321608,4.5402463000500575
1,250,0.85,0.2,0.6000000000000001,5,10060005,150,255,0.0005125628140703518,4.55961589992512
1,250,0.85,0.2,0.6000000000000001,6,10060006,150,252,0.0005065326633165829,4.599150600028224
1,250,0.85,0.2,0.6000000000000001,7,10060007,150,252,0.0005065326633165829,4.524523800006136
1,250,0.85,0.2,0.6000000000000001,8,10060008,150,254,0.0005105527638190955,4.510062400018796
1,250,0.85,0.2,0.6000000000000001,9,10060009,150,250,0.0005025125628140704,4.531477599986829
1,250,0.85,0.2,0.6000000000000001,10,10060010,150,252,0.0005065326633165829,4.550366999930702
1,250,0.85,0.2,0.6000000000000001,11,10060011,150,251,0.0005045226130653267,4.5829210000811145
1,250,0.85,0.2,0.6000000000000001,12,10060012,150,251,0.0005045226130653267,4.495983599917963
1,250,0.85,0.2,0.6000000000000001,13,10060013,150,253,0.0005085427135678392,4.548542600008659
1,250,0.85,0.2,0.6000000000000001,14,10060014,150,256,0.000514572864321608,4.527822899981402
1,250,0.85,0.2,0.6000000000000001,15,10060015,150,253,0.0005085427135678392,4.607357000000775
1,250,0.85,0.2,0.6000000000000001,16,10060016,150,256,0.000514572864321608,4.580333500052802
1,250,0.85,0.2,0.6000000000000001,17,10060017,150,251,0.0005045226130653267,4.627300500054844
1,250,0.85,0.2,0.6000000000000001,18,10060018,150,254,0.0005105527638190955,4.451219199923798
1,250,0.85,0.2,0.6000000000000001,19,10060019,150,255,0.0005125628140703518,4.430214800057001
1,250,0.85,0.2,0.6000000000000001,20,10060020,150,251,0.0005045226130653267,4.545616599963978
1,250,0.85,0.2,0.6000000000000001,21,10060021,150,250,0.0005025125628140704,4.836039299960248
1,250,0.85,0.2,0.6000000000000001,22,10060022,150,254,0.0005105527638190955,4.797473400016315
1,250,0.85,0.2,0.6000000000000001,23,10060023,150,254,0.0005105527638190955,4.44931049994193
1,250,0.85,0.2,0.6000000000000001,24,10060024,150,253,0.0005085427135678392,4.547727099969052
1,250,0.85,0.2,0.6000000000000001,25,10060025,150,254,0.0005105527638190955,4.57901599991601
1,250,0.85,0.2,0.6000000000000001,26,10060026,150,250,0.0005025125628140704,4.988047800026834
1,250,0.85,0.2,0.6000000000000001,27,10060027,150,262,0.0005266331658291458,4.604531800025143
1,250,0.85,0.2,0.6000000000000001,28,10060028,150,257,0.0005165829145728643,5.040208699996583
1,250,0.85,0.2,0.6000000000000001,29,10060029,150,262,0.0005266331658291458,4.31831629993394
1,250,0.85,0.2,0.6000000000000001,30,10060030,150,254,0.0005105527638190955,4.317516199895181
1,250,0.85,0.2,0.6000000000000001,31,10060031,150,255,0.0005125628140703518,4.675504499929957
1,250,0.85,0.2,0.6000000000000001,32,10060032,150,250,0.0005025125628140704,4.895518300007097
1,250,0.85,0.2,0.6000000000000001,33,10060033,150,255,0.0005125628140703518,4.954076699912548
1,250,0.85,0.2,0.6000000000000001,34,10060034,150,253,0.0005085427135678392,4.405437199980952
1,250,0.85,0.2,0.6000000000000001,35,10060035,150,250,0.0005025125628140704,4.641615300090052
1,250,0.85,0.2,0.6000000000000001,36,10060036,150,254,0.0005105527638190955,4.626408500014804
1,250,0.85,0.2,0.6000000000000001,37,10060037,150,253,0.0005085427135678392,4.5491419999161735
1,250,0.85,0.2,0.6000000000000001,38,10060038,150,255,0.0005125628140703518,4.435301700024866
1,250,0.85,0.2,0.6000000000000001,39,10060039,150,252,0.0005065326633165829,4.4238508000271395
1,250,0.85,0.2,0.6000000000000001,40,10060040,150,252,0.0005065326633165829,4.64527800003998
1,250,0.85,0.2,0.6000000000000001,41,10060041,150,251,0.0005045226130653267,4.641903500072658
1,250,0.85,0.2,0.6000000000000001,42,10060042,150,253,0.0005085427135678392,4.539326799917035
1,250,0.85,0.2,0.6000000000000001,43,10060043,150,252,0.0005065326633165829,4.475426699966192
1,250,0.85,0.2,0.6000000000000001,44,10060044,150,252,0.0005065326633165829,4.497288399958052
1,250,0.85,0.2,0.6000000000000001,45,10060045,150,250,0.0005025125628140704,4.4674662000034004
1,250,0.85,0.2,0.6000000000000001,46,10060046,150,255,0.0005125628140703518,4.604230199940503
1,250,0.85,0.2,0.6000000000000001,47,10060047,150,254,0.0005105527638190955,4.377800300018862
1,250,0.85,0.2,0.6000000000000001,48,10060048,150,253,0.0005085427135678392,4.517932699993253
1,250,0.85,0.2,0.6000000000000001,49,10060049,150,251,0.0005045226130653267,4.539550199988298
1,250,0.85,0.2,0.6000000000000001,50,10060050,150,251,0.0005045226130653267,4.455929099931382
1,250,0.85,0.2,0.6000000000000001,51,10060051,150,253,0.0005085427135678392,4.499130200012587
1,250,0.85,0.2,0.6000000000000001,52,10060052,150,252,0.0005065326633165829,4.449654500000179
1,250,0.85,0.2,0.6000000000000001,53,10060053,150,257,0.0005165829145728643,4.527943599969149
1,250,0.85,0.2,0.6000000000000001,54,10060054,150,252,0.0005065326633165829,4.5024992999387905
1,250,0.85,0.2,0.6000000000000001,55,10060055,150,257,0.0005165829145728643,4.552016000030562
1,250,0.85,0.2,0.6000000000000001,56,10060056,150,256,0.000514572864321608,4.478224899969064
1,250,0.85,0.2,0.6000000000000001,57,10060057,150,254,0.0005105527638190955,4.600352199980989
1,250,0.85,0.2,0.6000000000000001,58,10060058,150,252,0.0005065326633165829,4.455328800017014
1,250,0.85,0.2,0.6000000000000001,59,10060059,150,250,0.0005025125628140704,4.4451317000202835
1,250,0.85,0.2,0.6000000000000001,60,10060060,150,251,0.0005045226130653267,4.66037130006589
1,250,0.85,0.2,0.6000000000000001,61,10060061,150,252,0.0005065326633165829,4.407898499979638
1,250,0.85,0.2,0.6000000000000001,62,10060062,150,257,0.0005165829145728643,4.455223600030877
1,250,0.85,0.2,0.6000000000000001,63,10060063,150,251,0.0005045226130653267,4.403184800059535
1,250,0.85,0.2,0.6000000000000001,64,10060064,150,253,0.0005085427135678392,4.7563701999606565
1,250,0.85,0.2,0.6000000000000001,65,10060065,150,255,0.0005125628140703518,4.343364699976519
1,250,0.85,0.2,0.6000000000000001,66,10060066,150,250,0.0005025125628140704,4.714148099999875
1,250,0.85,0.2,0.6000000000000001,67,10060067,150,253,0.0005085427135678392,4.471286299987696
1,250,0.85,0.2,0.6000000000000001,68,10060068,150,251,0.0005045226130653267,4.725807399954647
1,250,0.85,0.2,0.6000000000000001,69,10060069,150,252,0.0005065326633165829,4.576679399935529
1,250,0.85,0.2,0.6000000000000001,70,10060070,150,250,0.0005025125628140704,4.5991504999110475
1,250,0.85,0.2,0.6000000000000001,71,10060071,150,252,0.0005065326633165829,4.339130999986082
1,250,0.85,0.2,0.6000000000000001,72,10060072,150,257,0.0005165829145728643,4.770232300041243
1,250,0.85,0.2,0.6000000000000001,73,10060073,150,250,0.0005025125628140704,4.437244100030512
1,250,0.85,0.2,0.6000000000000001,74,10060074,150,254,0.0005105527638190955,4.375286299968138
1,250,0.85,0.2,0.6000000000000001,75,10060075,150,253,0.0005085427135678392,4.620423100073822
1,250,0.85,0.2,0.6000000000000001,76,10060076,150,253,0.0005085427135678392,4.803192100021988
1,250,0.85,0.2,0.6000000000000001,77,10060077,150,252,0.0005065326633165829,4.639427199959755
1,250,0.85,0.2,0.6000000000000001,78,10060078,150,250,0.0005025125628140704,4.800948500051163
1,250,0.85,0.2,0.6000000000000001,79,10060079,150,253,0.0005085427135678392,4.685505799949169
1,250,0.85,0.2,0.6000000000000001,80,10060080,150,252,0.0005065326633165829,4.788670900044963
1,250,0.85,0.2,0.6000000000000001,81,10060081,150,252,0.0005065326633165829,4.581953500048257
1,250,0.85,0.2,0.6000000000000001,82,10060082,150,253,0.0005085427135678392,4.705348800052889
1,250,0.85,0.2,0.6000000000000001,83,10060083,150,250,0.0005025125628140704,4.558952099992894
1,250,0.85,0.2,0.6000000000000001,84,10060084,150,254,0.0005105527638190955,4.7862148999702185
1,250,0.85,0.2,0.6000000000000001,85,10060085,150,256,0.000514572864321608,4.7787903000134975
1,250,0.85,0.2,0.6000000000000001,86,10060086,150,254,0.0005105527638190955,4.553645500098355
1,250,0.85,0.2,0.6000000000000001,87,10060087,150,258,0.0005185929648241206,4.476376099977642
1,250,0.85,0.2,0.6000000000000001,88,10060088,150,257,0.0005165829145728643,4.6178744999924675
1,250,0.85,0.2,0.6000000000000001,89,10060089,150,251,0.0005045226130653267,4.497479500016198
1,250,0.85,0.2,0.6000000000000001,90,10060090,150,257,0.0005165829145728643,4.55416790000163
1,250,0.85,0.2,0.6000000000000001,91,10060091,150,254,0.0005105527638190955,4.569869400002062
1,250,0.85,0.2,0.6000000000000001,92,10060092,150,252,0.0005065326633165829,4.64409469999373
1,250,0.85,0.2,0.6000000000000001,93,10060093,150,255,0.0005125628140703518,4.640455899992958
1,250,0.85,0.2,0.6000000000000001,94,10060094,150,251,0.0005045226130653267,4.651315899915062
1,250,0.85,0.2,0.6000000000000001,95,10060095,150,254,0.0005105527638190955,4.363454999984242
1,250,0.85,0.2,0.6000000000000001,96,10060096,150,251,0.0005045226130653267,4.3624234000453725
1,250,0.85,0.2,0.6000000000000001,97,10060097,150,254,0.0005105527638190955,4.820303500047885
1,250,0.85,0.2,0.6000000000000001,98,10060098,150,253,0.0005085427135678392,4.5052651999285445
1,250,0.85,0.2,0.6000000000000001,99,10060099,150,255,0.0005125628140703518,4.46866640006192
1,250,0.85,0.2,0.65,0,10065000,162,252,0.0005065326633165829,4.451799300033599
1,250,0.85,0.2,0.65,1,10065001,162,251,0.0005045226130653267,4.6152691000606865
1,250,0.85,0.2,0.65,2,10065002,162,254,0.0005105527638190955,4.49944340006914
1,250,0.85,0.2,0.65,3,10065003,162,252,0.0005065326633165829,4.404161200043745
1,250,0.85,0.2,0.65,4,10065004,162,259,0.0005206030150753768,4.52615579997655
1,250,0.85,0.2,0.65,5,10065005,162,255,0.0005125628140703518,4.565612299949862
1,250,0.85,0.2,0.65,6,10065006,162,254,0.0005105527638190955,4.526500699925236
1,250,0.85,0.2,0.65,7,10065007,162,257,0.0005165829145728643,4.526800999999978
1,250,0.85,0.2,0.65,8,10065008,162,250,0.0005025125628140704,4.53650279995054
1,250,0.85,0.2,0.65,9,10065009,162,255,0.0005125628140703518,4.530446299933828
1,250,0.85,0.2,0.65,10,10065010,162,252,0.0005065326633165829,4.460867999936454
1,250,0.85,0.2,0.65,11,10065011,162,253,0.0005085427135678392,4.542460800032131
1,250,0.85,0.2,0.65,12,10065012,162,253,0.0005085427135678392,4.590601700008847
1,250,0.85,0.2,0.65,13,10065013,162,254,0.0005105527638190955,4.51255049998872
1,250,0.85,0.2,0.65,14,10065014,162,258,0.0005185929648241206,4.546870999969542
1,250,0.85,0.2,0.65,15,10065015,162,251,0.0005045226130653267,4.47846579994075
1,250,0.85,0.2,0.65,16,10065016,162,255,0.0005125628140703518,4.5419233000138775
1,250,0.85,0.2,0.65,17,10065017,162,252,0.0005065326633165829,4.611515099997632
1,250,0.85,0.2,0.65,18,10065018,162,253,0.0005085427135678392,4.606485199998133
1,250,0.85,0.2,0.65,19,10065019,162,259,0.0005206030150753768,4.706607599975541
1,250,0.85,0.2,0.65,20,10065020,162,258,0.0005185929648241206,4.605538000003435
1,250,0.85,0.2,0.65,21,10065021,162,253,0.0005085427135678392,4.549362499965355
1,250,0.85,0.2,0.65,22,10065022,162,250,0.0005025125628140704,4.594158499967307
1,250,0.85,0.2,0.65,23,10065023,162,256,0.000514572864321608,4.655445500044152
1,250,0.85,0.2,0.65,24,10065024,162,255,0.0005125628140703518,4.6145500999409705
1,250,0.85,0.2,0.65,25,10065025,162,252,0.0005065326633165829,4.480239000055008
1,250,0.85,0.2,0.65,26,10065026,162,253,0.0005085427135678392,4.436818400048651
1,250,0.85,0.2,0.65,27,10065027,162,252,0.0005065326633165829,4.768841499928385
1,250,0.85,0.2,0.65,28,10065028,162,253,0.0005085427135678392,4.636374699999578
1,250,0.85,0.2,0.65,29,10065029,162,255,0.0005125628140703518,4.424737500026822
1,250,0.85,0.2,0.65,30,10065030,162,252,0.0005065326633165829,4.783448299975134
1,250,0.85,0.2,0.65,31,10065031,162,252,0.0005065326633165829,4.076634999946691
1,250,0.85,0.2,0.65,32,10065032,162,250,0.0005025125628140704,4.231361399986781
1,250,0.85,0.2,0.65,33,10065033,162,250,0.0005025125628140704,4.482859999989159
1,250,0.85,0.2,0.65,34,10065034,162,253,0.0005085427135678392,4.746600299957208
1,250,0.85,0.2,0.65,35,10065035,162,259,0.0005206030150753768,4.545847100089304
1,250,0.85,0.2,0.65,36,10065036,162,253,0.0005085427135678392,4.634320299956016
1,250,0.85,0.2,0.65,37,10065037,162,253,0.0005085427135678392,4.382613699999638
1,250,0.85,0.2,0.65,38,10065038,162,257,0.0005165829145728643,4.54042269999627
1,250,0.85,0.2,0.65,39,10065039,162,252,0.0005065326633165829,4.8966828000266105
1,250,0.85,0.2,0.65,40,10065040,162,260,0.0005226130653266332,4.769690599991009
1,250,0.85,0.2,0.65,41,10065041,162,256,0.000514572864321608,4.592642200062983
1,250,0.85,0.2,0.65,42,10065042,162,254,0.0005105527638190955,4.4903813999844715
1,250,0.85,0.2,0.65,43,10065043,162,256,0.000514572864321608,4.865701999980956
1,250,0.85,0.2,0.65,44,10065044,162,251,0.0005045226130653267,4.7839554999955
1,250,0.85,0.2,0.65,45,10065045,162,251,0.0005045226130653267,4.550627200049348
1,250,0.85,0.2,0.65,46,10065046,162,252,0.0005065326633165829,4.592930999933742
1,250,0.85,0.2,0.65,47,10065047,162,250,0.0005025125628140704,4.224293899955228
1,250,0.85,0.2,0.65,48,10065048,162,251,0.0005045226130653267,4.25903209997341
1,250,0.85,0.2,0.65,49,10065049,162,262,0.0005266331658291458,4.713124300003983
1,250,0.85,0.2,0.65,50,10065050,162,251,0.0005045226130653267,4.730294100008905
1,250,0.85,0.2,0.65,51,10065051,162,256,0.000514572864321608,4.696459400001913
1,250,0.85,0.2,0.65,52,10065052,162,253,0.0005085427135678392,4.575438200030476
1,250,0.85,0.2,0.65,53,10065053,162,254,0.0005105527638190955,4.388916300027631
1,250,0.85,0.2,0.65,54,10065054,162,253,0.0005085427135678392,4.6111672999104485
1,250,0.85,0.2,0.65,55,10065055,162,253,0.0005085427135678392,4.644081400008872
1,250,0.85,0.2,0.65,56,10065056,162,252,0.0005065326633165829,4.481665400089696
1,250,0.85,0.2,0.65,57,10065057,162,254,0.0005105527638190955,4.514415200101212
1,250,0.85,0.2,0.65,58,10065058,162,256,0.000514572864321608,4.532786499941722
1,250,0.85,0.2,0.65,59,10065059,162,253,0.0005085427135678392,4.502415499999188
1,250,0.85,0.2,0.65,60,10065060,162,256,0.000514572864321608,4.507118200068362
1,250,0.85,0.2,0.65,61,10065061,162,252,0.0005065326633165829,4.536845700000413
1,250,0.85,0.2,0.65,62,10065062,162,255,0.0005125628140703518,4.4936591000296175
1,250,0.85,0.2,0.65,63,10065063,162,253,0.0005085427135678392,4.578137499978766
1,250,0.85,0.2,0.65,64,10065064,162,254,0.0005105527638190955,4.648791300016455
1,250,0.85,0.2,0.65,65,10065065,162,255,0.0005125628140703518,4.699794300016947
1,250,0.85,0.2,0.65,66,10065066,162,256,0.000514572864321608,4.63839039998129
1,250,0.85,0.2,0.65,67,10065067,162,252,0.0005065326633165829,4.527691600029357
1,250,0.85,0.2,0.65,68,10065068,162,254,0.0005105527638190955,4.650454099988565
1,250,0.85,0.2,0.65,69,10065069,162,251,0.0005045226130653267,4.5593677998986095
1,250,0.85,0.2,0.65,70,10065070,162,256,0.000514572864321608,4.559386000037193
1,250,0.85,0.2,0.65,71,10065071,162,252,0.0005065326633165829,4.47922690003179
1,250,0.85,0.2,0.65,72,10065072,162,256,0.000514572864321608,4.601657200022601
1,250,0.85,0.2,0.65,73,10065073,162,261,0.0005246231155778895,4.538907299982384
1,250,0.85,0.2,0.65,74,10065074,162,253,0.0005085427135678392,4.567389599978924
1,250,0.85,0.2,0.65,75,10065075,162,253,0.0005085427135678392,4.684432700043544
1,250,0.85,0.2,0.65,76,10065076,162,250,0.0005025125628140704,4.730396499973722
1,250,0.85,0.2,0.65,77,10065077,162,252,0.0005065326633165829,4.638834299985319
1,250,0.85,0.2,0.65,78,10065078,162,254,0.0005105527638190955,4.633079999941401
1,250,0.85,0.2,0.65,79,10065079,162,252,0.0005065326633165829,4.575543600018136
1,250,0.85,0.2,0.65,80,10065080,162,250,0.0005025125628140704,4.679569500032812
1,250,0.85,0.2,0.65,81,10065081,162,251,0.0005045226130653267,4.560165400034748
1,250,0.85,0.2,0.65,82,10065082,162,258,0.0005185929648241206,4.533067899988964
1,250,0.85,0.2,0.65,83,10065083,162,265,0.0005326633165829146,4.551400399999693
1,250,0.85,0.2,0.65,84,10065084,162,255,0.0005125628140703518,4.509091899963096
1,250,0.85,0.2,0.65,85,10065085,162,253,0.0005085427135678392,4.5487046999624
1,250,0.85,0.2,0.65,86,10065086,162,252,0.0005065326633165829,4.587463099975139
1,250,0.85,0.2,0.65,87,10065087,162,250,0.0005025125628140704,4.574806499993429
1,250,0.85,0.2,0.65,88,10065088,162,254,0.0005105527638190955,4.587530800024979
1,250,0.85,0.2,0.65,89,10065089,162,251,0.0005045226130653267,4.54419779998716
1,250,0.85,0.2,0.65,90,10065090,162,252,0.0005065326633165829,4.536474999971688
1,250,0.85,0.2,0.65,91,10065091,162,258,0.0005185929648241206,4.474307100055739
1,250,0.85,0.2,0.65,92,10065092,162,255,0.0005125628140703518,4.5972158999647945
1,250,0.85,0.2,0.65,93,10065093,162,253,0.0005085427135678392,4.490846499917097
1,250,0.85,0.2,0.65,94,10065094,162,254,0.0005105527638190955,4.552976799895987
1,250,0.85,0.2,0.65,95,10065095,162,253,0.0005085427135678392,4.513308299938217
1,250,0.85,0.2,0.65,96,10065096,162,252,0.0005065326633165829,4.588727899943478
1,250,0.85,0.2,0.65,97,10065097,162,250,0.0005025125628140704,4.469891099957749
1,250,0.85,0.2,0.65,98,10065098,162,255,0.0005125628140703518,4.55541130003985
1,250,0.85,0.2,0.65,99,10065099,162,257,0.0005165829145728643,4.563732099952176
1,250,0.85,0.2,0.7000000000000001,0,10070000,175,255,0.0005125628140703518,4.506633899989538
1,250,0.85,0.2,0.7000000000000001,1,10070001,175,252,0.0005065326633165829,4.4704277000855654
1,250,0.85,0.2,0.7000000000000001,2,10070002,175,253,0.0005085427135678392,4.483135899994522
1,250,0.85,0.2,0.7000000000000001,3,10070003,175,256,0.000514572864321608,4.568465399905108
1,250,0.85,0.2,0.7000000000000001,4,10070004,175,253,0.0005085427135678392,4.506655600038357
1,250,0.85,0.2,0.7000000000000001,5,10070005,175,257,0.0005165829145728643,4.502164699952118
1,250,0.85,0.2,0.7000000000000001,6,10070006,175,253,0.0005085427135678392,4.523990600020625
1,250,0.85,0.2,0.7000000000000001,7,10070007,175,260,0.0005226130653266332,4.617840500082821
1,250,0.85,0.2,0.7000000000000001,8,10070008,175,257,0.0005165829145728643,4.503480200073682
1,250,0.85,0.2,0.7000000000000001,9,10070009,175,253,0.0005085427135678392,4.728878099936992
1,250,0.85,0.2,0.7000000000000001,10,10070010,175,256,0.000514572864321608,4.688973800046369
1,250,0.85,0.2,0.7000000000000001,11,10070011,175,259,0.0005206030150753768,4.663876099977642
1,250,0.85,0.2,0.7000000000000001,12,10070012,175,256,0.000514572864321608,4.608379899989814
1,250,0.85,0.2,0.7000000000000001,13,10070013,175,254,0.0005105527638190955,4.609792899922468
1,250,0.85,0.2,0.7000000000000001,14,10070014,175,254,0.0005105527638190955,4.5600152999395505
1,250,0.85,0.2,0.7000000000000001,15,10070015,175,252,0.0005065326633165829,4.5604524000082165
1,250,0.85,0.2,0.7000000000000001,16,10070016,175,250,0.0005025125628140704,4.529184699989855
1,250,0.85,0.2,0.7000000000000001,17,10070017,175,260,0.0005226130653266332,4.5959248000290245
1,250,0.85,0.2,0.7000000000000001,18,10070018,175,252,0.0005065326633165829,4.67693670000881
1,250,0.85,0.2,0.7000000000000001,19,10070019,175,251,0.0005045226130653267,4.542414400028065
1,250,0.85,0.2,0.7000000000000001,20,10070020,175,254,0.0005105527638190955,4.63082179997582
1,250,0.85,0.2,0.7000000000000001,21,10070021,175,251,0.0005045226130653267,4.622779699973762
1,250,0.85,0.2,0.7000000000000001,22,10070022,175,254,0.0005105527638190955,4.463329600053839
1,250,0.85,0.2,0.7000000000000001,23,10070023,175,254,0.0005105527638190955,4.569284200086258
1,250,0.85,0.2,0.7000000000000001,24,10070024,175,251,0.0005045226130653267,4.578997100004926
1,250,0.85,0.2,0.7000000000000001,25,10070025,175,252,0.0005065326633165829,4.570367700071074
1,250,0.85,0.2,0.7000000000000001,26,10070026,175,251,0.0005045226130653267,4.683551299967803
1,250,0.85,0.2,0.7000000000000001,27,10070027,175,255,0.0005125628140703518,4.454438799992204
1,250,0.85,0.2,0.7000000000000001,28,10070028,175,251,0.0005045226130653267,4.414606300066225
1,250,0.85,0.2,0.7000000000000001,29,10070029,175,253,0.0005085427135678392,4.534186800010502
1,250,0.85,0.2,0.7000000000000001,30,10070030,175,254,0.0005105527638190955,4.888653400004841
1,250,0.85,0.2,0.7000000000000001,31,10070031,175,260,0.0005226130653266332,4.3036188000114635
1,250,0.85,0.2,0.7000000000000001,32,10070032,175,252,0.0005065326633165829,4.559936200035736
1,250,0.85,0.2,0.7000000000000001,33,10070033,175,257,0.0005165829145728643,4.875890499912202
1,250,0.85,0.2,0.7000000000000001,34,10070034,175,252,0.0005065326633165829,4.809230900020339
1,250,0.85,0.2,0.7000000000000001,35,10070035,175,258,0.0005185929648241206,4.511819300008938
1,250,0.85,0.2,0.7000000000000001,36,10070036,175,251,0.0005045226130653267,4.779409399954602
1,250,0.85,0.2,0.7000000000000001,37,10070037,175,254,0.0005105527638190955,4.5122682000510395
1,250,0.85,0.2,0.7000000000000001,38,10070038,175,254,0.0005105527638190955,4.294933299999684
1,250,0.85,0.2,0.7000000000000001,39,10070039,175,254,0.0005105527638190955,4.338485399959609
1,250,0.85,0.2,0.7000000000000001,40,10070040,175,255,0.0005125628140703518,4.656446199980564
1,250,0.85,0.2,0.7000000000000001,41,10070041,175,254,0.0005105527638190955,4.51020639995113
1,250,0.85,0.2,0.7000000000000001,42,10070042,175,257,0.0005165829145728643,4.516181000042707
1,250,0.85,0.2,0.7000000000000001,43,10070043,175,253,0.0005085427135678392,4.613208100083284
1,250,0.85,0.2,0.7000000000000001,44,10070044,175,253,0.0005085427135678392,4.63014290004503
1,250,0.85,0.2,0.7000000000000001,45,10070045,175,251,0.0005045226130653267,4.658555300091393
1,250,0.85,0.2,0.7000000000000001,46,10070046,175,251,0.0005045226130653267,4.589024399989285
1,250,0.85,0.2,0.7000000000000001,47,10070047,175,251,0.0005045226130653267,4.565844499971718
1,250,0.85,0.2,0.7000000000000001,48,10070048,175,253,0.0005085427135678392,4.584694699966349
1,250,0.85,0.2,0.7000000000000001,49,10070049,175,254,0.0005105527638190955,4.469193099997938
1,250,0.85,0.2,0.7000000000000001,50,10070050,175,255,0.0005125628140703518,4.63468230003491
1,250,0.85,0.2,0.7000000000000001,51,10070051,175,258,0.0005185929648241206,4.603967200033367
1,250,0.85,0.2,0.7000000000000001,52,10070052,175,257,0.0005165829145728643,4.520501799997874
1,250,0.85,0.2,0.7000000000000001,53,10070053,175,260,0.0005226130653266332,4.531183799961582
1,250,0.85,0.2,0.7000000000000001,54,10070054,175,253,0.0005085427135678392,4.499554399983026
1,250,0.85,0.2,0.7000000000000001,55,10070055,175,253,0.0005085427135678392,4.554807099979371
1,250,0.85,0.2,0.7000000000000001,56,10070056,175,251,0.0005045226130653267,4.995927499956451
1,250,0.85,0.2,0.7000000000000001,57,10070057,175,252,0.0005065326633165829,4.9660268999869
1,250,0.85,0.2,0.7000000000000001,58,10070058,175,253,0.0005085427135678392,4.455330200027674
1,250,0.85,0.2,0.7000000000000001,59,10070059,175,251,0.0005045226130653267,4.456125799915753
1,250,0.85,0.2,0.7000000000000001,60,10070060,175,252,0.0005065326633165829,4.512870899983682
1,250,0.85,0.2,0.7000000000000001,61,10070061,175,251,0.0005045226130653267,4.440120599931106
1,250,0.85,0.2,0.7000000000000001,62,10070062,175,254,0.0005105527638190955,5.319325200049207
1,250,0.85,0.2,0.7000000000000001,63,10070063,175,250,0.0005025125628140704,4.443442799965851
1,250,0.85,0.2,0.7000000000000001,64,10070064,175,252,0.0005065326633165829,4.759682400035672
1,250,0.85,0.2,0.7000000000000001,65,10070065,175,261,0.0005246231155778895,4.170537199941464
1,250,0.85,0.2,0.7000000000000001,66,10070066,175,253,0.0005085427135678392,4.66637519991491
1,250,0.85,0.2,0.7000000000000001,67,10070067,175,259,0.0005206030150753768,4.4338146999944
1,250,0.85,0.2,0.7000000000000001,68,10070068,175,254,0.0005105527638190955,4.452915699919686
1,250,0.85,0.2,0.7000000000000001,69,10070069,175,255,0.0005125628140703518,4.968454300076701
1,250,0.85,0.2,0.7000000000000001,70,10070070,175,258,0.0005185929648241206,4.171752199996263
1,250,0.85,0.2,0.7000000000000001,71,10070071,175,252,0.0005065326633165829,4.792580399895087
1,250,0.85,0.2,0.7000000000000001,72,10070072,175,251,0.0005045226130653267,4.774019100004807
1,250,0.85,0.2,0.7000000000000001,73,10070073,175,253,0.0005085427135678392,4.443722800002433
1,250,0.85,0.2,0.7000000000000001,74,10070074,175,254,0.0005105527638190955,4.151107300072908
1,250,0.85,0.2,0.7000000000000001,75,10070075,175,253,0.0005085427135678392,4.861481899977662
1,250,0.85,0.2,0.7000000000000001,76,10070076,175,254,0.0005105527638190955,4.330697400029749
1,250,0.85,0.2,0.7000000000000001,77,10070077,175,253,0.0005085427135678392,4.501765200053342
1,250,0.85,0.2,0.7000000000000001,78,10070078,175,254,0.0005105527638190955,4.435434599989094
1,250,0.85,0.2,0.7000000000000001,79,10070079,175,253,0.0005085427135678392,4.359277799958363
1,250,0.85,0.2,0.7000000000000001,80,10070080,175,253,0.0005085427135678392,4.487101100035943
1,250,0.85,0.2,0.7000000000000001,81,10070081,175,252,0.0005065326633165829,4.820889799972065
1,250,0.85,0.2,0.7000000000000001,82,10070082,175,256,0.000514572864321608,4.758140800055116
1,250,0.85,0.2,0.7000000000000001,83,10070083,175,254,0.0005105527638190955,4.7909444000106305
1,250,0.85,0.2,0.7000000000000001,84,10070084,175,256,0.000514572864321608,4.5223779999651015
1,250,0.85,0.2,0.7000000000000001,85,10070085,175,253,0.0005085427135678392,4.665818399982527
1,250,0.85,0.2,0.7000000000000001,86,10070086,175,257,0.0005165829145728643,4.649765599984676
1,250,0.85,0.2,0.7000000000000001,87,10070087,175,257,0.0005165829145728643,4.628908599959686
1,250,0.85,0.2,0.7000000000000001,88,10070088,175,259,0.0005206030150753768,4.61118569993414
1,250,0.85,0.2,0.7000000000000001,89,10070089,175,257,0.0005165829145728643,4.639517999952659
1,250,0.85,0.2,0.7000000000000001,90,10070090,175,256,0.000514572864321608,4.687429100042209
1,250,0.85,0.2,0.7000000000000001,91,10070091,175,253,0.0005085427135678392,4.620597200002521
1,250,0.85,0.2,0.7000000000000001,92,10070092,175,258,0.0005185929648241206,4.642568000010215
1,250,0.85,0.2,0.7000000000000001,93,10070093,175,253,0.0005085427135678392,4.712366500054486
1,250,0.85,0.2,0.7000000000000001,94,10070094,175,255,0.0005125628140703518,4.570632999995723
1,250,0.85,0.2,0.7000000000000001,95,10070095,175,256,0.000514572864321608,4.697336000041105
1,250,0.85,0.2,0.7000000000000001,96,10070096,175,252,0.0005065326633165829,4.660900200018659
1,250,0.85,0.2,0.7000000000000001,97,10070097,175,253,0.0005085427135678392,4.58688760001678
1,250,0.85,0.2,0.7000000000000001,98,10070098,175,252,0.0005065326633165829,4.812890499946661
1,250,0.85,0.2,0.7000000000000001,99,10070099,175,250,0.0005025125628140704,4.72645369998645
1,250,0.85,0.2,0.75,0,10075000,188,263,0.000528643216080402,4.667404699954204
1,250,0.85,0.2,0.75,1,10075001,188,252,0.0005065326633165829,4.756534600048326
1,250,0.85,0.2,0.75,2,10075002,188,253,0.0005085427135678392,4.604466499993578
1,250,0.85,0.2,0.75,3,10075003,188,257,0.0005165829145728643,4.654370800009929
1,250,0.85,0.2,0.75,4,10075004,188,255,0.0005125628140703518,4.588400600012392
1,250,0.85,0.2,0.75,5,10075005,188,259,0.0005206030150753768,4.598474800004624
1,250,0.85,0.2,0.75,6,10075006,188,252,0.0005065326633165829,4.667147100088187
1,250,0.85,0.2,0.75,7,10075007,188,257,0.0005165829145728643,4.630391499958932
1,250,0.85,0.2,0.75,8,10075008,188,262,0.0005266331658291458,4.693146100034937
1,250,0.85,0.2,0.75,9,10075009,188,256,0.000514572864321608,4.7164861999917775
1,250,0.85,0.2,0.75,10,10075010,188,258,0.0005185929648241206,4.597410000045784
1,250,0.85,0.2,0.75,11,10075011,188,252,0.0005065326633165829,4.5648396000033244
1,250,0.85,0.2,0.75,12,10075012,188,255,0.0005125628140703518,4.594439200009219
1,250,0.85,0.2,0.75,13,10075013,188,254,0.0005105527638190955,4.781531299930066
1,250,0.85,0.2,0.75,14,10075014,188,258,0.0005185929648241206,4.60072540002875
1,250,0.85,0.2,0.75,15,10075015,188,253,0.0005085427135678392,4.693030999973416
1,250,0.85,0.2,0.75,16,10075016,188,255,0.0005125628140703518,4.7115455999737605
1,250,0.85,0.2,0.75,17,10075017,188,261,0.0005246231155778895,4.651736400090158
1,250,0.85,0.2,0.75,18,10075018,188,254,0.0005105527638190955,4.744284400017932
1,250,0.85,0.2,0.75,19,10075019,188,253,0.0005085427135678392,4.782036800053902
1,250,0.85,0.2,0.75,20,10075020,188,266,0.0005346733668341708,4.767679299926385
1,250,0.85,0.2,0.75,21,10075021,188,253,0.0005085427135678392,4.572739299968816
1,250,0.85,0.2,0.75,22,10075022,188,265,0.0005326633165829146,4.5014917999506
1,250,0.85,0.2,0.75,23,10075023,188,260,0.0005226130653266332,4.617430200101808
1,250,0.85,0.2,0.75,24,10075024,188,255,0.0005125628140703518,4.732551599969156
1,250,0.85,0.2,0.75,25,10075025,188,254,0.0005105527638190955,4.756212500040419
1,250,0.85,0.2,0.75,26,10075026,188,263,0.000528643216080402,4.556884600082412
1,250,0.85,0.2,0.75,27,10075027,188,252,0.0005065326633165829,4.607399299973622
1,250,0.85,0.2,0.75,28,10075028,188,255,0.0005125628140703518,4.768329699989408
1,250,0.85,0.2,0.75,29,10075029,188,256,0.000514572864321608,4.5981321999570355
1,250,0.85,0.2,0.75,30,10075030,188,255,0.0005125628140703518,4.405549100018106
1,250,0.85,0.2,0.75,31,10075031,188,261,0.0005246231155778895,4.302371200057678
1,250,0.85,0.2,0.75,32,10075032,188,256,0.000514572864321608,4.270974399987608
1,250,0.85,0.2,0.75,33,10075033,188,261,0.0005246231155778895,4.5621526999166235
1,250,0.85,0.2,0.75,34,10075034,188,255,0.0005125628140703518,4.78390679997392
1,250,0.85,0.2,0.75,35,10075035,188,259,0.0005206030150753768,4.68250940006692
1,250,0.85,0.2,0.75,36,10075036,188,250,0.0005025125628140704,4.6267969000618905
1,250,0.85,0.2,0.75,37,10075037,188,256,0.000514572864321608,4.789376000058837
1,250,0.85,0.2,0.75,38,10075038,188,250,0.0005025125628140704,4.663246199954301
1,250,0.85,0.2,0.75,39,10075039,188,253,0.0005085427135678392,4.725697100046091
1,250,0.85,0.2,0.75,40,10075040,188,253,0.0005085427135678392,4.710753899998963
1,250,0.85,0.2,0.75,41,10075041,188,255,0.0005125628140703518,4.727397199952975
1,250,0.85,0.2,0.75,42,10075042,188,253,0.0005085427135678392,4.56850419996772
1,250,0.85,0.2,0.75,43,10075043,188,254,0.0005105527638190955,4.596476099919528
1,250,0.85,0.2,0.75,44,10075044,188,259,0.0005206030150753768,4.618186700041406
1,250,0.85,0.2,0.75,45,10075045,188,263,0.000528643216080402,4.7136143000097945
1,250,0.85,0.2,0.75,46,10075046,188,256,0.000514572864321608,4.67274080007337
1,250,0.85,0.2,0.75,47,10075047,188,250,0.0005025125628140704,4.59787789999973
1,250,0.85,0.2,0.75,48,10075048,188,250,0.0005025125628140704,4.676798800006509
1,250,0.85,0.2,0.75,49,10075049,188,266,0.0005346733668341708,4.641381300054491
1,250,0.85,0.2,0.75,50,10075050,188,253,0.0005085427135678392,4.630803899955936
1,250,0.85,0.2,0.75,51,10075051,188,255,0.0005125628140703518,4.65993600001093
1,250,0.85,0.2,0.75,52,10075052,188,252,0.0005065326633165829,4.689709099940956
1,250,0.85,0.2,0.75,53,10075053,188,257,0.0005165829145728643,4.583156400010921
1,250,0.85,0.2,0.75,54,10075054,188,254,0.0005105527638190955,4.687952999956906
1,250,0.85,0.2,0.75,55,10075055,188,256,0.000514572864321608,4.676075000083074
1,250,0.85,0.2,0.75,56,10075056,188,255,0.0005125628140703518,4.478434800053947
1,250,0.85,0.2,0.75,57,10075057,188,252,0.0005065326633165829,4.567575399996713
1,250,0.85,0.2,0.75,58,10075058,188,255,0.0005125628140703518,4.6164785999571905
1,250,0.85,0.2,0.75,59,10075059,188,257,0.0005165829145728643,4.5890690999804065
1,250,0.85,0.2,0.75,60,10075060,188,256,0.000514572864321608,4.595934099983424
1,250,0.85,0.2,0.75,61,10075061,188,260,0.0005226130653266332,4.6487799000460654
1,250,0.85,0.2,0.75,62,10075062,188,252,0.0005065326633165829,4.496929700020701
1,250,0.85,0.2,0.75,63,10075063,188,259,0.0005206030150753768,4.475333399954252
1,250,0.85,0.2,0.75,64,10075064,188,257,0.0005165829145728643,4.612350100069307
1,250,0.85,0.2,0.75,65,10075065,188,253,0.0005085427135678392,4.483327699941583
1,250,0.85,0.2,0.75,66,10075066,188,252,0.0005065326633165829,4.485484400065616
1,250,0.85,0.2,0.75,67,10075067,188,256,0.000514572864321608,4.665522499941289
1,250,0.85,0.2,0.75,68,10075068,188,258,0.0005185929648241206,4.479263800079934
1,250,0.85,0.2,0.75,69,10075069,188,255,0.0005125628140703518,4.520537800039165
1,250,0.85,0.2,0.75,70,10075070,188,253,0.0005085427135678392,4.564777299994603
1,250,0.85,0.2,0.75,71,10075071,188,258,0.0005185929648241206,4.649634999921545
1,250,0.85,0.2,0.75,72,10075072,188,250,0.0005025125628140704,4.46004479995463
1,250,0.85,0.2,0.75,73,10075073,188,254,0.0005105527638190955,4.754587399889715
1,250,0.85,0.2,0.75,74,10075074,188,253,0.0005085427135678392,4.738738599931821
1,250,0.85,0.2,0.75,75,10075075,188,254,0.0005105527638190955,4.542200300027616
1,250,0.85,0.2,0.75,76,10075076,188,252,0.0005065326633165829,4.237111399997957
1,250,0.85,0.2,0.75,77,10075077,188,254,0.0005105527638190955,4.300043600029312
1,250,0.85,0.2,0.75,78,10075078,188,254,0.0005105527638190955,4.81747120001819
1,250,0.85,0.2,0.75,79,10075079,188,259,0.0005206030150753768,4.407648699940182
1,250,0.85,0.2,0.75,80,10075080,188,258,0.0005185929648241206,4.531622500042431
1,250,0.85,0.2,0.75,81,10075081,188,256,0.000514572864321608,4.155097500071861
1,250,0.85,0.2,0.75,82,10075082,188,265,0.0005326633165829146,4.257444699993357
1,250,0.85,0.2,0.75,83,10075083,188,256,0.000514572864321608,4.696057799970731
1,250,0.85,0.2,0.75,84,10075084,188,261,0.0005246231155778895,4.673272900050506
1,250,0.85,0.2,0.75,85,10075085,188,258,0.0005185929648241206,4.420201700064354
1,250,0.85,0.2,0.75,86,10075086,188,256,0.000514572864321608,4.520967299933545
1,250,0.85,0.2,0.75,87,10075087,188,255,0.0005125628140703518,4.677280999952927
1,250,0.85,0.2,0.75,88,10075088,188,254,0.0005105527638190955,4.4921390999807045
1,250,0.85,0.2,0.75,89,10075089,188,260,0.0005226130653266332,4.501851700013503
1,250,0.85,0.2,0.75,90,10075090,188,264,0.0005306532663316583,4.520834099967033
1,250,0.85,0.2,0.75,91,10075091,188,256,0.000514572864321608,4.5008971999632195
1,250,0.85,0.2,0.75,92,10075092,188,259,0.0005206030150753768,4.452860499965027
1,250,0.85,0.2,0.75,93,10075093,188,255,0.0005125628140703518,4.562497799983248
1,250,0.85,0.2,0.75,94,10075094,188,257,0.0005165829145728643,4.4943220999557525
1,250,0.85,0.2,0.75,95,10075095,188,253,0.0005085427135678392,4.49037130002398
1,250,0.85,0.2,0.75,96,10075096,188,258,0.0005185929648241206,4.503057199995965
1,250,0.85,0.2,0.75,97,10075097,188,253,0.0005085427135678392,4.484744600020349
1,250,0.85,0.2,0.75,98,10075098,188,256,0.000514572864321608,4.4841062000487
1,250,0.85,0.2,0.75,99,10075099,188,255,0.0005125628140703518,4.590636200038716
1,250,0.85,0.2,0.8,0,10080000,200,261,0.0005246231155778895,4.506805900018662
1,250,0.85,0.2,0.8,1,10080001,200,253,0.0005085427135678392,4.51831809990108
1,250,0.85,0.2,0.8,2,10080002,200,255,0.0005125628140703518,4.495288899983279
1,250,0.85,0.2,0.8,3,10080003,200,250,0.0005025125628140704,4.565211699926294
1,250,0.85,0.2,0.8,4,10080004,200,251,0.0005045226130653267,4.483565000002272
1,250,0.85,0.2,0.8,5,10080005,200,254,0.0005105527638190955,4.519291399978101
1,250,0.85,0.2,0.8,6,10080006,200,259,0.0005206030150753768,4.562538699945435
1,250,0.85,0.2,0.8,7,10080007,200,264,0.0005306532663316583,4.508912399993278
1,250,0.85,0.2,0.8,8,10080008,200,254,0.0005105527638190955,4.491193199995905
1,250,0.85,0.2,0.8,9,10080009,200,254,0.0005105527638190955,4.497009000042453
1,250,0.85,0.2,0.8,10,10080010,200,253,0.0005085427135678392,4.531309699988924
1,250,0.85,0.2,0.8,11,10080011,200,258,0.0005185929648241206,4.605900599970482
1,250,0.85,0.2,0.8,12,10080012,200,264,0.0005306532663316583,4.569213100010529
1,250,0.85,0.2,0.8,13,10080013,200,253,0.0005085427135678392,4.596264800056815
1,250,0.85,0.2,0.8,14,10080014,200,259,0.0005206030150753768,4.52310099999886
1,250,0.85,0.2,0.8,15,10080015,200,255,0.0005125628140703518,4.616635699989274
1,250,0.85,0.2,0.8,16,10080016,200,252,0.0005065326633165829,4.53604879998602
1,250,0.85,0.2,0.8,17,10080017,200,252,0.0005065326633165829,4.558028599945828
1,250,0.85,0.2,0.8,18,10080018,200,255,0.0005125628140703518,4.461811500019394
1,250,0.85,0.2,0.8,19,10080019,200,262,0.0005266331658291458,4.65221400000155
1,250,0.85,0.2,0.8,20,10080020,200,259,0.0005206030150753768,4.643633099971339
1,250,0.85,0.2,0.8,21,10080021,200,253,0.0005085427135678392,4.520206499961205
1,250,0.85,0.2,0.8,22,10080022,200,255,0.0005125628140703518,4.505153500009328
1,250,0.85,0.2,0.8,23,10080023,200,257,0.0005165829145728643,4.608263100031763
1,250,0.85,0.2,0.8,24,10080024,200,253,0.0005085427135678392,4.613246500026435
1,250,0.85,0.2,0.8,25,10080025,200,257,0.0005165829145728643,4.59615840006154
1,250,0.85,0.2,0.8,26,10080026,200,255,0.0005125628140703518,4.756416599964723
1,250,0.85,0.2,0.8,27,10080027,200,255,0.0005125628140703518,4.540028600022197
1,250,0.85,0.2,0.8,28,10080028,200,262,0.0005266331658291458,4.639428199967369
1,250,0.85,0.2,0.8,29,10080029,200,255,0.0005125628140703518,4.816478699911386
1,250,0.85,0.2,0.8,30,10080030,200,261,0.0005246231155778895,4.646393799921498
1,250,0.85,0.2,0.8,31,10080031,200,263,0.000528643216080402,4.916681799921207
1,250,0.85,0.2,0.8,32,10080032,200,259,0.0005206030150753768,4.46833299996797
1,250,0.85,0.2,0.8,33,10080033,200,255,0.0005125628140703518,4.976850000093691
1,250,0.85,0.2,0.8,34,10080034,200,261,0.0005246231155778895,4.321207900065929
1,250,0.85,0.2,0.8,35,10080035,200,258,0.0005185929648241206,4.617841699975543
1,250,0.85,0.2,0.8,36,10080036,200,255,0.0005125628140703518,4.558629600098357
1,250,0.85,0.2,0.8,37,10080037,200,254,0.0005105527638190955,4.824591199983843
1,250,0.85,0.2,0.8,38,10080038,200,255,0.0005125628140703518,4.2906564000295475
1,250,0.85,0.2,0.8,39,10080039,200,254,0.0005105527638190955,4.632281300029717
1,250,0.85,0.2,0.8,40,10080040,200,252,0.0005065326633165829,4.646321899956092
1,250,0.85,0.2,0.8,41,10080041,200,259,0.0005206030150753768,4.599855699925683
1,250,0.85,0.2,0.8,42,10080042,200,254,0.0005105527638190955,4.3921229999978095
1,250,0.85,0.2,0.8,43,10080043,200,258,0.0005185929648241206,4.588954599923454
1,250,0.85,0.2,0.8,44,10080044,200,253,0.0005085427135678392,4.441776899970137
1,250,0.85,0.2,0.8,45,10080045,200,260,0.0005226130653266332,4.531831600004807
1,250,0.85,0.2,0.8,46,10080046,200,254,0.0005105527638190955,4.541202200111002
1,250,0.85,0.2,0.8,47,10080047,200,251,0.0005045226130653267,4.554388499935158
1,250,0.85,0.2,0.8,48,10080048,200,256,0.000514572864321608,4.550086500006728
1,250,0.85,0.2,0.8,49,10080049,200,252,0.0005065326633165829,4.535668199998327
1,250,0.85,0.2,0.8,50,10080050,200,260,0.0005226130653266332,4.5507932000327855
1,250,0.85,0.2,0.8,51,10080051,200,256,0.000514572864321608,4.480432200012729
1,250,0.85,0.2,0.8,52,10080052,200,262,0.0005266331658291458,4.483008799958043
1,250,0.85,0.2,0.8,53,10080053,200,254,0.0005105527638190955,4.505525399930775
1,250,0.85,0.2,0.8,54,10080054,200,251,0.0005045226130653267,4.5747601999901235
1,250,0.85,0.2,0.8,55,10080055,200,251,0.0005045226130653267,4.556343000032939
1,250,0.85,0.2,0.8,56,10080056,200,252,0.0005065326633165829,4.60332620004192
1,250,0.85,0.2,0.8,57,10080057,200,260,0.0005226130653266332,4.572268899995834
1,250,0.85,0.2,0.8,58,10080058,200,254,0.0005105527638190955,4.792658899910748
1,250,0.85,0.2,0.8,59,10080059,200,261,0.0005246231155778895,4.518520399928093
1,250,0.85,0.2,0.8,60,10080060,200,255,0.0005125628140703518,4.60593219997827
1,250,0.85,0.2,0.8,61,10080061,200,256,0.000514572864321608,4.578263100003824
1,250,0.85,0.2,0.8,62,10080062,200,250,0.0005025125628140704,4.587457800051197
1,250,0.85,0.2,0.8,63,10080063,200,255,0.0005125628140703518,4.592723100096919
1,250,0.85,0.2,0.8,64,10080064,200,258,0.0005185929648241206,4.5628151999553666
1,250,0.85,0.2,0.8,65,10080065,200,256,0.000514572864321608,4.580076199956238
1,250,0.85,0.2,0.8,66,10080066,200,253,0.0005085427135678392,4.5881449999287724
1,250,0.85,0.2,0.8,67,10080067,200,252,0.0005065326633165829,4.5968965999782085
1,250,0.85,0.2,0.8,68,10080068,200,257,0.0005165829145728643,4.551332399947569
1,250,0.85,0.2,0.8,69,10080069,200,254,0.0005105527638190955,4.596842500031926
1,250,0.85,0.2,0.8,70,10080070,200,254,0.0005105527638190955,4.599467899999581
1,250,0.85,0.2,0.8,71,10080071,200,253,0.0005085427135678392,4.582952999975532
1,250,0.85,0.2,0.8,72,10080072,200,252,0.0005065326633165829,4.582620400004089
1,250,0.85,0.2,0.8,73,10080073,200,258,0.0005185929648241206,4.61767599999439
1,250,0.85,0.2,0.8,74,10080074,200,255,0.0005125628140703518,4.586564700002782
1,250,0.85,0.2,0.8,75,10080075,200,255,0.0005125628140703518,4.57300140010193
1,250,0.85,0.2,0.8,76,10080076,200,265,0.0005326633165829146,4.565676699974574
1,250,0.85,0.2,0.8,77,10080077,200,255,0.0005125628140703518,4.595038300030865
1,250,0.85,0.2,0.8,78,10080078,200,261,0.0005246231155778895,4.540893000084907
1,250,0.85,0.2,0.8,79,10080079,200,252,0.0005065326633165829,4.496936200070195
1,250,0.85,0.2,0.8,80,10080080,200,251,0.0005045226130653267,4.657666799961589
1,250,0.85,0.2,0.8,81,10080081,200,258,0.0005185929648241206,4.565481800003909
1,250,0.85,0.2,0.8,82,10080082,200,253,0.0005085427135678392,4.573988399934024
1,250,0.85,0.2,0.8,83,10080083,200,254,0.0005105527638190955,4.673273999942467
1,250,0.85,0.2,0.8,84,10080084,200,259,0.0005206030150753768,4.681405799929053
1,250,0.85,0.2,0.8,85,10080085,200,256,0.000514572864321608,4.684260500012897
1,250,0.85,0.2,0.8,86,10080086,200,256,0.000514572864321608,4.654678700026125
1,250,0.85,0.2,0.8,87,10080087,200,254,0.0005105527638190955,4.668951399973594
1,250,0.85,0.2,0.8,88,10080088,200,254,0.0005105527638190955,4.591448099934496
1,250,0.85,0.2,0.8,89,10080089,200,258,0.0005185929648241206,4.673655899940059
1,250,0.85,0.2,0.8,90,10080090,200,257,0.0005165829145728643,4.558094100095332
1,250,0.85,0.2,0.8,91,10080091,200,257,0.0005165829145728643,4.5385681000771
1,250,0.85,0.2,0.8,92,10080092,200,253,0.0005085427135678392,4.612046299967915
1,250,0.85,0.2,0.8,93,10080093,200,256,0.000514572864321608,4.737576599931344
1,250,0.85,0.2,0.8,94,10080094,200,252,0.0005065326633165829,4.595885300077498
1,250,0.85,0.2,0.8,95,10080095,200,250,0.0005025125628140704,4.714324399945326
1,250,0.85,0.2,0.8,96,10080096,200,252,0.0005065326633165829,4.520717300008982
1,250,0.85,0.2,0.8,97,10080097,200,253,0.0005085427135678392,4.759749699966051
1,250,0.85,0.2,0.8,98,10080098,200,257,0.0005165829145728643,4.6707133000018075
1,250,0.85,0.2,0.8,99,10080099,200,256,0.000514572864321608,4.734375900006853
1,250,0.85,0.2,0.8500000000000001,0,10085000,213,253,0.0005085427135678392,4.711641400004737
1,250,0.85,0.2,0.8500000000000001,1,10085001,213,256,0.000514572864321608,4.457039200002328
1,250,0.85,0.2,0.8500000000000001,2,10085002,213,261,0.0005246231155778895,4.542951800045557
1,250,0.85,0.2,0.8500000000000001,3,10085003,213,265,0.0005326633165829146,4.608256199979223
1,250,0.85,0.2,0.8500000000000001,4,10085004,213,254,0.0005105527638190955,4.552256700000726
1,250,0.85,0.2,0.8500000000000001,5,10085005,213,258,0.0005185929648241206,4.542780000017956
1,250,0.85,0.2,0.8500000000000001,6,10085006,213,265,0.0005326633165829146,4.637266599922441
1,250,0.85,0.2,0.8500000000000001,7,10085007,213,254,0.0005105527638190955,4.605159999919124
1,250,0.85,0.2,0.8500000000000001,8,10085008,213,254,0.0005105527638190955,4.573846200015396
1,250,0.85,0.2,0.8500000000000001,9,10085009,213,252,0.0005065326633165829,4.472376200021245
1,250,0.85,0.2,0.8500000000000001,10,10085010,213,253,0.0005085427135678392,4.649174400023185
1,250,0.85,0.2,0.8500000000000001,11,10085011,213,254,0.0005105527638190955,4.660493099945597
1,250,0.85,0.2,0.8500000000000001,12,10085012,213,254,0.0005105527638190955,4.61555269989185
1,250,0.85,0.2,0.8500000000000001,13,10085013,213,261,0.0005246231155778895,4.407359400065616
1,250,0.85,0.2,0.8500000000000001,14,10085014,213,253,0.0005085427135678392,4.736212499905378
1,250,0.85,0.2,0.8500000000000001,15,10085015,213,274,0.0005507537688442211,4.688001300091855
1,250,0.85,0.2,0.8500000000000001,16,10085016,213,261,0.0005246231155778895,4.793482700013556
1,250,0.85,0.2,0.8500000000000001,17,10085017,213,252,0.0005065326633165829,4.6859121000161394
1,250,0.85,0.2,0.8500000000000001,18,10085018,213,258,0.0005185929648241206,4.580343800014816
1,250,0.85,0.2,0.8500000000000001,19,10085019,213,253,0.0005085427135678392,4.499496500007808
1,250,0.85,0.2,0.8500000000000001,20,10085020,213,260,0.0005226130653266332,4.5209556999616325
1,250,0.85,0.2,0.8500000000000001,21,10085021,213,253,0.0005085427135678392,4.532797599909827
1,250,0.85,0.2,0.8500000000000001,22,10085022,213,262,0.0005266331658291458,4.499947100062855
1,250,0.85,0.2,0.8500000000000001,23,10085023,213,251,0.0005045226130653267,4.740287799970247
1,250,0.85,0.2,0.8500000000000001,24,10085024,213,253,0.0005085427135678392,4.563583900104277
1,250,0.85,0.2,0.8500000000000001,25,10085025,213,253,0.0005085427135678392,4.609924699994735
1,250,0.85,0.2,0.8500000000000001,26,10085026,213,254,0.0005105527638190955,4.390491800033487
1,250,0.85,0.2,0.8500000000000001,27,10085027,213,261,0.0005246231155778895,4.8102111999178305
1,250,0.85,0.2,0.8500000000000001,28,10085028,213,259,0.0005206030150753768,4.710224000038579
1,250,0.85,0.2,0.8500000000000001,29,10085029,213,269,0.0005407035175879396,4.601732400013134
1,250,0.85,0.2,0.8500000000000001,30,10085030,213,253,0.0005085427135678392,4.168002699967474
1,250,0.85,0.2,0.8500000000000001,31,10085031,213,258,0.0005185929648241206,4.640546099981293
1,250,0.85,0.2,0.8500000000000001,32,10085032,213,258,0.0005185929648241206,4.712612499948591
1,250,0.85,0.2,0.8500000000000001,33,10085033,213,255,0.0005125628140703518,4.272267299937084
1,250,0.85,0.2,0.8500000000000001,34,10085034,213,252,0.0005065326633165829,4.651342099998146
1,250,0.85,0.2,0.8500000000000001,35,10085035,213,253,0.0005085427135678392,4.660347299999557
1,250,0.85,0.2,0.8500000000000001,36,10085036,213,262,0.0005266331658291458,4.6240633999696
1,250,0.85,0.2,0.8500000000000001,37,10085037,213,255,0.0005125628140703518,4.47889040003065
1,250,0.85,0.2,0.8500000000000001,38,10085038,213,266,0.0005346733668341708,4.621649699984118
1,250,0.85,0.2,0.8500000000000001,39,10085039,213,265,0.0005326633165829146,4.702020200085826
1,250,0.85,0.2,0.8500000000000001,40,10085040,213,261,0.0005246231155778895,4.515856700018048
1,250,0.85,0.2,0.8500000000000001,41,10085041,213,254,0.0005105527638190955,4.692664099973626
1,250,0.85,0.2,0.8500000000000001,42,10085042,213,259,0.0005206030150753768,4.616720400052145
1,250,0.85,0.2,0.8500000000000001,43,10085043,213,253,0.0005085427135678392,4.681524300016463
1,250,0.85,0.2,0.8500000000000001,44,10085044,213,258,0.0005185929648241206,4.692458500037901
1,250,0.85,0.2,0.8500000000000001,45,10085045,213,257,0.0005165829145728643,4.701637999969535
1,250,0.85,0.2,0.8500000000000001,46,10085046,213,259,0.0005206030150753768,4.567255500005558
1,250,0.85,0.2,0.8500000000000001,47,10085047,213,261,0.0005246231155778895,4.722936399979517
1,250,0.85,0.2,0.8500000000000001,48,10085048,213,257,0.0005165829145728643,4.6993965000147
1,250,0.85,0.2,0.8500000000000001,49,10085049,213,252,0.0005065326633165829,4.625413600006141
1,250,0.85,0.2,0.8500000000000001,50,10085050,213,260,0.0005226130653266332,4.521051999996416
1,250,0.85,0.2,0.8500000000000001,51,10085051,213,253,0.0005085427135678392,4.627051299903542
1,250,0.85,0.2,0.8500000000000001,52,10085052,213,267,0.0005366834170854271,4.553347200038843
1,250,0.85,0.2,0.8500000000000001,53,10085053,213,260,0.0005226130653266332,4.529353699996136
1,250,0.85,0.2,0.8500000000000001,54,10085054,213,256,0.000514572864321608,4.511439300025813
1,250,0.85,0.2,0.8500000000000001,55,10085055,213,253,0.0005085427135678392,4.599024299997836
1,250,0.85,0.2,0.8500000000000001,56,10085056,213,254,0.0005105527638190955,4.508089500013739
1,250,0.85,0.2,0.8500000000000001,57,10085057,213,254,0.0005105527638190955,4.474440300022252
1,250,0.85,0.2,0.8500000000000001,58,10085058,213,257,0.0005165829145728643,4.612267700023949
1,250,0.85,0.2,0.8500000000000001,59,10085059,213,254,0.0005105527638190955,4.583608100074343
1,250,0.85,0.2,0.8500000000000001,60,10085060,213,253,0.0005085427135678392,4.59641440003179
1,250,0.85,0.2,0.8500000000000001,61,10085061,213,256,0.000514572864321608,4.523514100001194
1,250,0.85,0.2,0.8500000000000001,62,10085062,213,268,0.0005386934673366834,4.503979899920523
1,250,0.85,0.2,0.8500000000000001,63,10085063,213,255,0.0005125628140703518,4.54229419992771
1,250,0.85,0.2,0.8500000000000001,64,10085064,213,256,0.000514572864321608,4.632871699985117
1,250,0.85,0.2,0.8500000000000001,65,10085065,213,258,0.0005185929648241206,4.719326100079343
1,250,0.85,0.2,0.8500000000000001,66,10085066,213,254,0.0005105527638190955,4.32133409997914
1,250,0.85,0.2,0.8500000000000001,67,10085067,213,255,0.0005125628140703518,4.599283899995498
1,250,0.85,0.2,0.8500000000000001,68,10085068,213,255,0.0005125628140703518,4.315002899966203
1,250,0.85,0.2,0.8500000000000001,69,10085069,213,256,0.000514572864321608,4.8000378999859095
1,250,0.85,0.2,0.8500000000000001,70,10085070,213,256,0.000514572864321608,4.59701139992103
1,250,0.85,0.2,0.8500000000000001,71,10085071,213,264,0.0005306532663316583,4.373517400003038
1,250,0.85,0.2,0.8500000000000001,72,10085072,213,255,0.0005125628140703518,4.663887099944986
1,250,0.85,0.2,0.8500000000000001,73,10085073,213,260,0.0005226130653266332,4.643105499912053
1,250,0.85,0.2,0.8500000000000001,74,10085074,213,255,0.0005125628140703518,4.569563500001095
1,250,0.85,0.2,0.8500000000000001,75,10085075,213,257,0.0005165829145728643,4.6545257000252604
1,250,0.85,0.2,0.8500000000000001,76,10085076,213,251,0.0005045226130653267,4.5231961000245064
1,250,0.85,0.2,0.8500000000000001,77,10085077,213,257,0.0005165829145728643,4.59816460008733
1,250,0.85,0.2,0.8500000000000001,78,10085078,213,251,0.0005045226130653267,4.506411699927412
1,250,0.85,0.2,0.8500000000000001,79,10085079,213,252,0.0005065326633165829,4.594145699986257
1,250,0.85,0.2,0.8500000000000001,80,10085080,213,264,0.0005306532663316583,4.537017300026491
1,250,0.85,0.2,0.8500000000000001,81,10085081,213,259,0.0005206030150753768,4.525987799977884
1,250,0.85,0.2,0.8500000000000001,82,10085082,213,259,0.0005206030150753768,4.509494700003415
1,250,0.85,0.2,0.8500000000000001,83,10085083,213,259,0.0005206030150753768,4.571345199947245
1,250,0.85,0.2,0.8500000000000001,84,10085084,213,256,0.000514572864321608,4.508312100078911
1,250,0.85,0.2,0.8500000000000001,85,10085085,213,256,0.000514572864321608,4.547292699920945
1,250,0.85,0.2,0.8500000000000001,86,10085086,213,262,0.0005266331658291458,4.655640200013295
1,250,0.85,0.2,0.8500000000000001,87,10085087,213,253,0.0005085427135678392,4.678603200009093
1,250,0.85,0.2,0.8500000000000001,88,10085088,213,256,0.000514572864321608,4.5921417999779806
1,250,0.85,0.2,0.8500000000000001,89,10085089,213,257,0.0005165829145728643,4.578364699962549
1,250,0.85,0.2,0.8500000000000001,90,10085090,213,258,0.0005185929648241206,4.6124164999928325
1,250,0.85,0.2,0.8500000000000001,91,10085091,213,266,0.0005346733668341708,4.562151300022379
1,250,0.85,0.2,0.8500000000000001,92,10085092,213,257,0.0005165829145728643,4.597696300013922
1,250,0.85,0.2,0.8500000000000001,93,10085093,213,253,0.0005085427135678392,4.66766729997471
1,250,0.85,0.2,0.8500000000000001,94,10085094,213,254,0.0005105527638190955,4.607177300029434
1,250,0.85,0.2,0.8500000000000001,95,10085095,213,254,0.0005105527638190955,4.582211600034498
1,250,0.85,0.2,0.8500000000000001,96,10085096,213,257,0.0005165829145728643,4.702913500019349
1,250,0.85,0.2,0.8500000000000001,97,10085097,213,256,0.000514572864321608,4.319622999988496
1,250,0.85,0.2,0.8500000000000001,98,10085098,213,259,0.0005206030150753768,4.498419199953787
1,250,0.85,0.2,0.8500000000000001,99,10085099,213,259,0.0005206030150753768,4.317600800073706
1,250,0.85,0.2,0.9,0,10090000,225,259,0.0005206030150753768,4.648006899980828
1,250,0.85,0.2,0.9,1,10090001,225,257,0.0005165829145728643,4.289072099956684
1,250,0.85,0.2,0.9,2,10090002,225,258,0.0005185929648241206,4.4505743000190705
1,250,0.85,0.2,0.9,3,10090003,225,256,0.000514572864321608,4.814136500004679
1,250,0.85,0.2,0.9,4,10090004,225,267,0.0005366834170854271,4.862400199985132
1,250,0.85,0.2,0.9,5,10090005,225,258,0.0005185929648241206,4.451429600012489
1,250,0.85,0.2,0.9,6,10090006,225,255,0.0005125628140703518,4.417456199997105
1,250,0.85,0.2,0.9,7,10090007,225,261,0.0005246231155778895,4.845823799958453
1,250,0.85,0.2,0.9,8,10090008,225,263,0.000528643216080402,4.10549380001612
1,250,0.85,0.2,0.9,9,10090009,225,257,0.0005165829145728643,4.116194000001997
1,250,0.85,0.2,0.9,10,10090010,225,260,0.0005226130653266332,4.432476099929772
1,250,0.85,0.2,0.9,11,10090011,225,266,0.0005346733668341708,4.835524599999189
1,250,0.85,0.2,0.9,12,10090012,225,265,0.0005326633165829146,4.0942702000029385
1,250,0.85,0.2,0.9,13,10090013,225,255,0.0005125628140703518,4.46275369997602
1,250,0.85,0.2,0.9,14,10090014,225,261,0.0005246231155778895,4.765354700037278
1,250,0.85,0.2,0.9,15,10090015,225,265,0.0005326633165829146,4.503524600062519
1,250,0.85,0.2,0.9,16,10090016,225,257,0.0005165829145728643,4.484335600049235
1,250,0.85,0.2,0.9,17,10090017,225,263,0.000528643216080402,4.703311300021596
1,250,0.85,0.2,0.9,18,10090018,225,263,0.000528643216080402,4.327514400007203
1,250,0.85,0.2,0.9,19,10090019,225,255,0.0005125628140703518,4.619939299998805
1,250,0.85,0.2,0.9,20,10090020,225,257,0.0005165829145728643,4.359941200003959
1,250,0.85,0.2,0.9,21,10090021,225,255,0.0005125628140703518,4.515738499932922
1,250,0.85,0.2,0.9,22,10090022,225,263,0.000528643216080402,4.39869629999157
1,250,0.85,0.2,0.9,23,10090023,225,257,0.0005165829145728643,4.5276325000450015
1,250,0.85,0.2,0.9,24,10090024,225,263,0.000528643216080402,4.579136699903756
1,250,0.85,0.2,0.9,25,10090025,225,253,0.0005085427135678392,4.588216500007547
1,250,0.85,0.2,0.9,26,10090026,225,269,0.0005407035175879396,4.554844600032084
1,250,0.85,0.2,0.9,27,10090027,225,260,0.0005226130653266332,4.510703700012527
1,250,0.85,0.2,0.9,28,10090028,225,251,0.0005045226130653267,4.5140814000042155
1,250,0.85,0.2,0.9,29,10090029,225,263,0.000528643216080402,4.495075999991968
1,250,0.85,0.2,0.9,30,10090030,225,262,0.0005266331658291458,4.518891599960625
1,250,0.85,0.2,0.9,31,10090031,225,257,0.0005165829145728643,4.540916100027971
1,250,0.85,0.2,0.9,32,10090032,225,264,0.0005306532663316583,4.579451399971731
1,250,0.85,0.2,0.9,33,10090033,225,261,0.0005246231155778895,4.480458399979398
1,250,0.85,0.2,0.9,34,10090034,225,255,0.0005125628140703518,4.479157500085421
1,250,0.85,0.2,0.9,35,10090035,225,260,0.0005226130653266332,4.471123299910687
1,250,0.85,0.2,0.9,36,10090036,225,255,0.0005125628140703518,4.548616399988532
1,250,0.85,0.2,0.9,37,10090037,225,255,0.0005125628140703518,4.524882499943487
1,250,0.85,0.2,0.9,38,10090038,225,258,0.0005185929648241206,4.54533029999584
1,250,0.85,0.2,0.9,39,10090039,225,256,0.000514572864321608,4.51984409999568
1,250,0.85,0.2,0.9,40,10090040,225,260,0.0005226130653266332,4.487214400083758
1,250,0.85,0.2,0.9,41,10090041,225,261,0.0005246231155778895,4.471611500019208
1,250,0.85,0.2,0.9,42,10090042,225,267,0.0005366834170854271,4.462809300050139
1,250,0.85,0.2,0.9,43,10090043,225,259,0.0005206030150753768,4.608738199924119
1,250,0.85,0.2,0.9,44,10090044,225,259,0.0005206030150753768,4.490825399989262
1,250,0.85,0.2,0.9,45,10090045,225,258,0.0005185929648241206,4.476873500039801
1,250,0.85,0.2,0.9,46,10090046,225,259,0.0005206030150753768,4.476431800052524
1,250,0.85,0.2,0.9,47,10090047,225,261,0.0005246231155778895,4.564582799910568
1,250,0.85,0.2,0.9,48,10090048,225,267,0.0005366834170854271,4.139705399982631
1,250,0.85,0.2,0.9,49,10090049,225,254,0.0005105527638190955,4.719247400062159
1,250,0.85,0.2,0.9,50,10090050,225,258,0.0005185929648241206,4.797030899906531
1,250,0.85,0.2,0.9,51,10090051,225,262,0.0005266331658291458,4.324680699966848
1,250,0.85,0.2,0.9,52,10090052,225,256,0.000514572864321608,4.73132570006419
1,250,0.85,0.2,0.9,53,10090053,225,253,0.0005085427135678392,4.3076543000061065
1,250,0.85,0.2,0.9,54,10090054,225,265,0.0005326633165829146,4.5391254998976365
1,250,0.85,0.2,0.9,55,10090055,225,261,0.0005246231155778895,4.440858199959621
1,250,0.85,0.2,0.9,56,10090056,225,252,0.0005065326633165829,4.8627802999690175
1,250,0.85,0.2,0.9,57,10090057,225,259,0.0005206030150753768,4.127840000088327
1,250,0.85,0.2,0.9,58,10090058,225,257,0.0005165829145728643,4.536104699946009
1,250,0.85,0.2,0.9,59,10090059,225,255,0.0005125628140703518,4.7857006000122055
1,250,0.85,0.2,0.9,60,10090060,225,256,0.000514572864321608,4.325428400072269
1,250,0.85,0.2,0.9,61,10090061,225,262,0.0005266331658291458,4.571588899940252
1,250,0.85,0.2,0.9,62,10090062,225,260,0.0005226130653266332,4.844457299914211
1,250,0.85,0.2,0.9,63,10090063,225,265,0.0005326633165829146,4.552685899892822
1,250,0.85,0.2,0.9,64,10090064,225,258,0.0005185929648241206,4.286494100000709
1,250,0.85,0.2,0.9,65,10090065,225,255,0.0005125628140703518,4.5628999000182375
1,250,0.85,0.2,0.9,66,10090066,225,258,0.0005185929648241206,4.7115323999896646
1,250,0.85,0.2,0.9,67,10090067,225,256,0.000514572864321608,4.751273200032301
1,250,0.85,0.2,0.9,68,10090068,225,258,0.0005185929648241206,4.5786876999773085
1,250,0.85,0.2,0.9,69,10090069,225,260,0.0005226130653266332,4.74390250002034
1,250,0.85,0.2,0.9,70,10090070,225,254,0.0005105527638190955,4.653788099996746
1,250,0.85,0.2,0.9,71,10090071,225,260,0.0005226130653266332,4.633318599895574
1,250,0.85,0.2,0.9,72,10090072,225,252,0.0005065326633165829,4.590746399946511
1,250,0.85,0.2,0.9,73,10090073,225,259,0.0005206030150753768,4.712918199948035
1,250,0.85,0.2,0.9,74,10090074,225,259,0.0005206030150753768,4.722536100074649
1,250,0.85,0.2,0.9,75,10090075,225,257,0.0005165829145728643,4.640173599938862
1,250,0.85,0.2,0.9,76,10090076,225,256,0.000514572864321608,4.591770900064148
1,250,0.85,0.2,0.9,77,10090077,225,253,0.0005085427135678392,4.7001391999656335
1,250,0.85,0.2,0.9,78,10090078,225,252,0.0005065326633165829,4.595991300069727
1,250,0.85,0.2,0.9,79,10090079,225,261,0.0005246231155778895,4.570038500009105
1,250,0.85,0.2,0.9,80,10090080,225,266,0.0005346733668341708,4.543515800032765
1,250,0.85,0.2,0.9,81,10090081,225,259,0.0005206030150753768,4.485079999896698
1,250,0.85,0.2,0.9,82,10090082,225,255,0.0005125628140703518,4.503560100100003
1,250,0.85,0.2,0.9,83,10090083,225,257,0.0005165829145728643,4.476134700002149
1,250,0.85,0.2,0.9,84,10090084,225,255,0.0005125628140703518,4.574725199956447
1,250,0.85,0.2,0.9,85,10090085,225,252,0.0005065326633165829,4.494237300008535
1,250,0.85,0.2,0.9,86,10090086,225,262,0.0005266331658291458,4.514063499984331
1,250,0.85,0.2,0.9,87,10090087,225,258,0.0005185929648241206,4.514690899988636
1,250,0.85,0.2,0.9,88,10090088,225,263,0.000528643216080402,4.492977000074461
1,250,0.85,0.2,0.9,89,10090089,225,263,0.000528643216080402,4.543650700012222
1,250,0.85,0.2,0.9,90,10090090,225,258,0.0005185929648241206,4.543143299990334
1,250,0.85,0.2,0.9,91,10090091,225,257,0.0005165829145728643,4.555567700066604
1,250,0.85,0.2,0.9,92,10090092,225,253,0.0005085427135678392,4.464777800021693
1,250,0.85,0.2,0.9,93,10090093,225,265,0.0005326633165829146,4.53494049992878
1,250,0.85,0.2,0.9,94,10090094,225,260,0.0005226130653266332,4.4590372000820935
1,250,0.85,0.2,0.9,95,10090095,225,262,0.0005266331658291458,4.492868599947542
1,250,0.85,0.2,0.9,96,10090096,225,255,0.0005125628140703518,4.619797599967569
1,250,0.85,0.2,0.9,97,10090097,225,260,0.0005226130653266332,4.45422710001003
1,250,0.85,0.2,0.9,98,10090098,225,257,0.0005165829145728643,4.559801900060847
1,250,0.85,0.2,0.9,99,10090099,225,256,0.000514572864321608,4.44357439992018
1,250,0.85,0.2,0.9500000000000001,0,10095000,238,267,0.0005366834170854271,4.5774189999792725
1,250,0.85,0.2,0.9500000000000001,1,10095001,238,267,0.0005366834170854271,4.584597900044173
1,250,0.85,0.2,0.9500000000000001,2,10095002,238,274,0.0005507537688442211,4.620001100003719
1,250,0.85,0.2,0.9500000000000001,3,10095003,238,257,0.0005165829145728643,4.471903100027703
1,250,0.85,0.2,0.9500000000000001,4,10095004,238,257,0.0005165829145728643,4.561023200047202
1,250,0.85,0.2,0.9500000000000001,5,10095005,238,265,0.0005326633165829146,4.508176299976185
1,250,0.85,0.2,0.9500000000000001,6,10095006,238,275,0.0005527638190954774,4.462189799989574
1,250,0.85,0.2,0.9500000000000001,7,10095007,238,252,0.0005065326633165829,4.520857700030319
1,250,0.85,0.2,0.9500000000000001,8,10095008,238,254,0.0005105527638190955,4.538086700020358
1,250,0.85,0.2,0.9500000000000001,9,10095009,238,255,0.0005125628140703518,4.534100600052625
1,250,0.85,0.2,0.9500000000000001,10,10095010,238,261,0.0005246231155778895,4.465287300059572
1,250,0.85,0.2,0.9500000000000001,11,10095011,238,258,0.0005185929648241206,4.608954000053927
1,250,0.85,0.2,0.9500000000000001,12,10095012,238,259,0.0005206030150753768,4.612038200022653
1,250,0.85,0.2,0.9500000000000001,13,10095013,238,259,0.0005206030150753768,4.587829300086014
1,250,0.85,0.2,0.9500000000000001,14,10095014,238,259,0.0005206030150753768,4.692261700052768
1,250,0.85,0.2,0.9500000000000001,15,10095015,238,257,0.0005165829145728643,4.586333999992348
1,250,0.85,0.2,0.9500000000000001,16,10095016,238,254,0.0005105527638190955,4.5887831000145525
1,250,0.85,0.2,0.9500000000000001,17,10095017,238,262,0.0005266331658291458,4.557557699969038
1,250,0.85,0.2,0.9500000000000001,18,10095018,238,255,0.0005125628140703518,4.645531799993478
1,250,0.85,0.2,0.9500000000000001,19,10095019,238,257,0.0005165829145728643,4.61424119991716
1,250,0.85,0.2,0.9500000000000001,20,10095020,238,257,0.0005165829145728643,4.608361399965361
1,250,0.85,0.2,0.9500000000000001,21,10095021,238,271,0.0005447236180904523,4.545123400050215
1,250,0.85,0.2,0.9500000000000001,22,10095022,238,259,0.0005206030150753768,4.661732899956405
1,250,0.85,0.2,0.9500000000000001,23,10095023,238,253,0.0005085427135678392,4.541939199902117
1,250,0.85,0.2,0.9500000000000001,24,10095024,238,252,0.0005065326633165829,4.517523400019854
1,250,0.85,0.2,0.9500000000000001,25,10095025,238,262,0.0005266331658291458,4.549095600028522
1,250,0.85,0.2,0.9500000000000001,26,10095026,238,266,0.0005346733668341708,4.503935599932447
1,250,0.85,0.2,0.9500000000000001,27,10095027,238,256,0.000514572864321608,4.5446880999952555
1,250,0.85,0.2,0.9500000000000001,28,10095028,238,258,0.0005185929648241206,4.579776800004765
1,250,0.85,0.2,0.9500000000000001,29,10095029,238,256,0.000514572864321608,4.532338100019842
1,250,0.85,0.2,0.9500000000000001,30,10095030,238,268,0.0005386934673366834,4.535097600077279
1,250,0.85,0.2,0.9500000000000001,31,10095031,238,255,0.0005125628140703518,4.516356799984351
1,250,0.85,0.2,0.9500000000000001,32,10095032,238,259,0.0005206030150753768,4.511053800000809
1,250,0.85,0.2,0.9500000000000001,33,10095033,238,259,0.0005206030150753768,4.512920400011353
1,250,0.85,0.2,0.9500000000000001,34,10095034,238,260,0.0005226130653266332,4.5399786999914795
1,250,0.85,0.2,0.9500000000000001,35,10095035,238,263,0.000528643216080402,4.523013800033368
1,250,0.85,0.2,0.9500000000000001,36,10095036,238,259,0.0005206030150753768,4.598765900009312
1,250,0.85,0.2,0.9500000000000001,37,10095037,238,255,0.0005125628140703518,4.568246699986048
1,250,0.85,0.2,0.9500000000000001,38,10095038,238,264,0.0005306532663316583,4.57028210000135
1,250,0.85,0.2,0.9500000000000001,39,10095039,238,259,0.0005206030150753768,4.517479699919932
1,250,0.85,0.2,0.9500000000000001,40,10095040,238,264,0.0005306532663316583,4.482167199952528
1,250,0.85,0.2,0.9500000000000001,41,10095041,238,257,0.0005165829145728643,4.576390399946831
1,250,0.85,0.2,0.9500000000000001,42,10095042,238,263,0.000528643216080402,4.469680099980906
1,250,0.85,0.2,0.9500000000000001,43,10095043,238,260,0.0005226130653266332,4.511381999938749
1,250,0.85,0.2,0.9500000000000001,44,10095044,238,255,0.0005125628140703518,4.560384399956092
1,250,0.85,0.2,0.9500000000000001,45,10095045,238,261,0.0005246231155778895,4.50683059997391
1,250,0.85,0.2,0.9500000000000001,46,10095046,238,259,0.0005206030150753768,4.544164000079036
1,250,0.85,0.2,0.9500000000000001,47,10095047,238,258,0.0005185929648241206,4.604208100005053
1,250,0.85,0.2,0.9500000000000001,48,10095048,238,258,0.0005185929648241206,4.600273600080982
1,250,0.85,0.2,0.9500000000000001,49,10095049,238,256,0.000514572864321608,4.704372999956831
1,250,0.85,0.2,0.9500000000000001,50,10095050,238,259,0.0005206030150753768,4.610868499963544
1,250,0.85,0.2,0.9500000000000001,51,10095051,238,260,0.0005226130653266332,4.673818300012499
1,250,0.85,0.2,0.9500000000000001,52,10095052,238,258,0.0005185929648241206,4.593825500109233
1,250,0.85,0.2,0.9500000000000001,53,10095053,238,257,0.0005165829145728643,4.652340200031176
1,250,0.85,0.2,0.9500000000000001,54,10095054,238,254,0.0005105527638190955,4.626839200034738
1,250,0.85,0.2,0.9500000000000001,55,10095055,238,258,0.0005185929648241206,4.573488000081852
1,250,0.85,0.2,0.9500000000000001,56,10095056,238,261,0.0005246231155778895,4.646288500051014
1,250,0.85,0.2,0.9500000000000001,57,10095057,238,260,0.0005226130653266332,4.539958600071259
1,250,0.85,0.2,0.9500000000000001,58,10095058,238,263,0.000528643216080402,4.533356999978423
1,250,0.85,0.2,0.9500000000000001,59,10095059,238,256,0.000514572864321608,4.630818400066346
1,250,0.85,0.2,0.9500000000000001,60,10095060,238,260,0.0005226130653266332,4.4735156000824645
1,250,0.85,0.2,0.9500000000000001,61,10095061,238,255,0.0005125628140703518,4.629794400068931
1,250,0.85,0.2,0.9500000000000001,62,10095062,238,259,0.0005206030150753768,4.502615500008687
1,250,0.85,0.2,0.9500000000000001,63,10095063,238,255,0.0005125628140703518,4.577034700079821
1,250,0.85,0.2,0.9500000000000001,64,10095064,238,269,0.0005407035175879396,4.550729799899273
1,250,0.85,0.2,0.9500000000000001,65,10095065,238,267,0.0005366834170854271,4.538306100061163
1,250,0.85,0.2,0.9500000000000001,66,10095066,238,255,0.0005125628140703518,4.500169300008565
1,250,0.85,0.2,0.9500000000000001,67,10095067,238,258,0.0005185929648241206,4.6370743999723345
1,250,0.85,0.2,0.9500000000000001,68,10095068,238,260,0.0005226130653266332,4.438966299989261
1,250,0.85,0.2,0.9500000000000001,69,10095069,238,262,0.0005266331658291458,4.8166447000112385
1,250,0.85,0.2,0.9500000000000001,70,10095070,238,259,0.0005206030150753768,4.52476519998163
1,250,0.85,0.2,0.9500000000000001,71,10095071,238,263,0.000528643216080402,4.775689499918371
1,250,0.85,0.2,0.9500000000000001,72,10095072,238,258,0.0005185929648241206,4.274358800030313
1,250,0.85,0.2,0.9500000000000001,73,10095073,238,254,0.0005105527638190955,4.251329999999143
1,250,0.85,0.2,0.9500000000000001,74,10095074,238,264,0.0005306532663316583,4.78625440003816
1,250,0.85,0.2,0.9500000000000001,75,10095075,238,253,0.0005085427135678392,4.356643000035547
1,250,0.85,0.2,0.9500000000000001,76,10095076,238,261,0.0005246231155778895,4.328969800029881
1,250,0.85,0.2,0.9500000000000001,77,10095077,238,261,0.0005246231155778895,4.752097400021739
1,250,0.85,0.2,0.9500000000000001,78,10095078,238,252,0.0005065326633165829,4.206209399970248
1,250,0.85,0.2,0.9500000000000001,79,10095079,238,265,0.0005326633165829146,4.687619999982417
1,250,0.85,0.2,0.9500000000000001,80,10095080,238,254,0.0005105527638190955,4.283390900003724
1,250,0.85,0.2,0.9500000000000001,81,10095081,238,254,0.0005105527638190955,5.01027929992415
1,250,0.85,0.2,0.9500000000000001,82,10095082,238,256,0.000514572864321608,5.021942800027318
1,250,0.85,0.2,0.9500000000000001,83,10095083,238,267,0.0005366834170854271,4.301904299994931
1,250,0.85,0.2,0.9500000000000001,84,10095084,238,268,0.0005386934673366834,4.753072499996051
1,250,0.85,0.2,0.9500000000000001,85,10095085,238,255,0.0005125628140703518,4.463676799903624
1,250,0.85,0.2,0.9500000000000001,86,10095086,238,259,0.0005206030150753768,4.851258900016546
1,250,0.85,0.2,0.9500000000000001,87,10095087,238,255,0.0005125628140703518,4.461285000084899
1,250,0.85,0.2,0.9500000000000001,88,10095088,238,258,0.0005185929648241206,4.637867599958554
1,250,0.85,0.2,0.9500000000000001,89,10095089,238,260,0.0005226130653266332,4.496250400086865
1,250,0.85,0.2,0.9500000000000001,90,10095090,238,252,0.0005065326633165829,4.491883100010455
1,250,0.85,0.2,0.9500000000000001,91,10095091,238,256,0.000514572864321608,4.439906100044027
1,250,0.85,0.2,0.9500000000000001,92,10095092,238,257,0.0005165829145728643,4.531738999998197
1,250,0.85,0.2,0.9500000000000001,93,10095093,238,253,0.0005085427135678392,4.810097899986431
1,250,0.85,0.2,0.9500000000000001,94,10095094,238,259,0.0005206030150753768,4.522129499935545
1,250,0.85,0.2,0.9500000000000001,95,10095095,238,256,0.000514572864321608,4.852879100013524
1,250,0.85,0.2,0.9500000000000001,96,10095096,238,265,0.0005326633165829146,4.795391299994662
1,250,0.85,0.2,0.9500000000000001,97,10095097,238,254,0.0005105527638190955,4.551236700033769
1,250,0.85,0.2,0.9500000000000001,98,10095098,238,252,0.0005065326633165829,4.522682500071824
1,250,0.85,0.2,0.9500000000000001,99,10095099,238,253,0.0005085427135678392,4.720244399970397
1,250,0.85,0.2,1.0,0,10100000,250,263,0.000528643216080402,4.422965400037356
1,250,0.85,0.2,1.0,1,10100001,250,255,0.0005125628140703518,4.4964511001016945
1,250,0.85,0.2,1.0,2,10100002,250,263,0.000528643216080402,4.578068200033158
1,250,0.85,0.2,1.0,3,10100003,250,260,0.0005226130653266332,4.502747599966824
1,250,0.85,0.2,1.0,4,10100004,250,258,0.0005185929648241206,4.525634100078605
1,250,0.85,0.2,1.0,5,10100005,250,258,0.0005185929648241206,4.546113499905914
1,250,0.85,0.2,1.0,6,10100006,250,268,0.0005386934673366834,4.576414099894464
1,250,0.85,0.2,1.0,7,10100007,250,253,0.0005085427135678392,4.605723800021224
1,250,0.85,0.2,1.0,8,10100008,250,264,0.0005306532663316583,4.62476819998119
1,250,0.85,0.2,1.0,9,10100009,250,260,0.0005226130653266332,4.493072899989784
1,250,0.85,0.2,1.0,10,10100010,250,261,0.0005246231155778895,4.581183000002056
1,250,0.85,0.2,1.0,11,10100011,250,260,0.0005226130653266332,4.599001200054772
1,250,0.85,0.2,1.0,12,10100012,250,255,0.0005125628140703518,4.489724399987608
1,250,0.85,0.2,1.0,13,10100013,250,254,0.0005105527638190955,4.54730410000775
1,250,0.85,0.2,1.0,14,10100014,250,253,0.0005085427135678392,4.600211000069976
1,250,0.85,0.2,1.0,15,10100015,250,253,0.0005085427135678392,4.580188199994154
1,250,0.85,0.2,1.0,16,10100016,250,260,0.0005226130653266332,4.676652199937962
1,250,0.85,0.2,1.0,17,10100017,250,259,0.0005206030150753768,4.527421499951743
1,250,0.85,0.2,1.0,18,10100018,250,270,0.000542713567839196,4.58824640000239
1,250,0.85,0.2,1.0,19,10100019,250,262,0.0005266331658291458,4.545524999964982
1,250,0.85,0.2,1.0,20,10100020,250,259,0.0005206030150753768,4.647850799956359
1,250,0.85,0.2,1.0,21,10100021,250,268,0.0005386934673366834,4.693856899975799
1,250,0.85,0.2,1.0,22,10100022,250,253,0.0005085427135678392,4.6712579999584705
1,250,0.85,0.2,1.0,23,10100023,250,256,0.000514572864321608,4.486278100055642
1,250,0.85,0.2,1.0,24,10100024,250,263,0.000528643216080402,4.5062894999282435
1,250,0.85,0.2,1.0,25,10100025,250,262,0.0005266331658291458,4.62006400001701
1,250,0.85,0.2,1.0,26,10100026,250,267,0.0005366834170854271,4.554001200012863
1,250,0.85,0.2,1.0,27,10100027,250,261,0.0005246231155778895,4.5201695000287145
1,250,0.85,0.2,1.0,28,10100028,250,251,0.0005045226130653267,4.657856000005268
1,250,0.85,0.2,1.0,29,10100029,250,262,0.0005266331658291458,4.6143248999724165
1,250,0.85,0.2,1.0,30,10100030,250,263,0.000528643216080402,4.785506699932739
1,250,0.85,0.2,1.0,31,10100031,250,259,0.0005206030150753768,4.581234900048003
1,250,0.85,0.2,1.0,32,10100032,250,257,0.0005165829145728643,4.522587999934331
1,250,0.85,0.2,1.0,33,10100033,250,262,0.0005266331658291458,4.469702799920924
1,250,0.85,0.2,1.0,34,10100034,250,259,0.0005206030150753768,4.54491609998513
1,250,0.85,0.2,1.0,35,10100035,250,258,0.0005185929648241206,4.723146600066684
1,250,0.85,0.2,1.0,36,10100036,250,253,0.0005085427135678392,4.615380199975334
1,250,0.85,0.2,1.0,37,10100037,250,265,0.0005326633165829146,4.746460299938917
1,250,0.85,0.2,1.0,38,10100038,250,256,0.000514572864321608,4.591014300007373
1,250,0.85,0.2,1.0,39,10100039,250,259,0.0005206030150753768,4.629592499928549
1,250,0.85,0.2,1.0,40,10100040,250,264,0.0005306532663316583,4.601617500069551
1,250,0.85,0.2,1.0,41,10100041,250,258,0.0005185929648241206,4.526816800003871
1,250,0.85,0.2,1.0,42,10100042,250,266,0.0005346733668341708,4.613220400060527
1,250,0.85,0.2,1.0,43,10100043,250,268,0.0005386934673366834,4.743325699935667
1,250,0.85,0.2,1.0,44,10100044,250,257,0.0005165829145728643,4.622723800013773
1,250,0.85,0.2,1.0,45,10100045,250,264,0.0005306532663316583,4.654520899988711
1,250,0.85,0.2,1.0,46,10100046,250,260,0.0005226130653266332,4.638764299917966
1,250,0.85,0.2,1.0,47,10100047,250,263,0.000528643216080402,4.749513500020839
1,250,0.85,0.2,1.0,48,10100048,250,254,0.0005105527638190955,4.671904300106689
1,250,0.85,0.2,1.0,49,10100049,250,262,0.0005266331658291458,4.64698129997123
1,250,0.85,0.2,1.0,50,10100050,250,268,0.0005386934673366834,4.703982900013216
1,250,0.85,0.2,1.0,51,10100051,250,263,0.000528643216080402,4.723205100046471
1,250,0.85,0.2,1.0,52,10100052,250,257,0.0005165829145728643,4.735232300008647
1,250,0.85,0.2,1.0,53,10100053,250,264,0.0005306532663316583,4.856586500070989
1,250,0.85,0.2,1.0,54,10100054,250,252,0.0005065326633165829,4.640020000049844
1,250,0.85,0.2,1.0,55,10100055,250,255,0.0005125628140703518,4.725959699950181
1,250,0.85,0.2,1.0,56,10100056,250,258,0.0005185929648241206,4.6470595999853685
1,250,0.85,0.2,1.0,57,10100057,250,254,0.0005105527638190955,4.698370700003579
1,250,0.85,0.2,1.0,58,10100058,250,262,0.0005266331658291458,4.699908799957484
1,250,0.85,0.2,1.0,59,10100059,250,267,0.0005366834170854271,4.587555000092834
1,250,0.85,0.2,1.0,60,10100060,250,256,0.000514572864321608,4.539860999910161
1,250,0.85,0.2,1.0,61,10100061,250,275,0.0005527638190954774,4.568551700096577
1,250,0.85,0.2,1.0,62,10100062,250,268,0.0005386934673366834,4.677281599957496
1,250,0.85,0.2,1.0,63,10100063,250,266,0.0005346733668341708,4.650786599959247
1,250,0.85,0.2,1.0,64,10100064,250,266,0.0005346733668341708,4.694501199992374
1,250,0.85,0.2,1.0,65,10100065,250,263,0.000528643216080402,4.57013869995717
1,250,0.85,0.2,1.0,66,10100066,250,257,0.0005165829145728643,4.7009047999745235
1,250,0.85,0.2,1.0,67,10100067,250,261,0.0005246231155778895,4.5699235000647604
1,250,0.85,0.2,1.0,68,10100068,250,260,0.0005226130653266332,4.6027212999761105
1,250,0.85,0.2,1.0,69,10100069,250,270,0.000542713567839196,4.524547800072469
1,250,0.85,0.2,1.0,70,10100070,250,257,0.0005165829145728643,4.590201299986802
1,250,0.85,0.2,1.0,71,10100071,250,268,0.0005386934673366834,4.6038960999576375
1,250,0.85,0.2,1.0,72,10100072,250,259,0.0005206030150753768,4.4945078999735415
1,250,0.85,0.2,1.0,73,10100073,250,266,0.0005346733668341708,4.585772699909285
1,250,0.85,0.2,1.0,74,10100074,250,259,0.0005206030150753768,4.526756400009617
1,250,0.85,0.2,1.0,75,10100075,250,271,0.0005447236180904523,4.574612000025809
1,250,0.85,0.2,1.0,76,10100076,250,267,0.0005366834170854271,4.718374100048095
1,250,0.85,0.2,1.0,77,10100077,250,255,0.0005125628140703518,4.489850000012666
1,250,0.85,0.2,1.0,78,10100078,250,266,0.0005346733668341708,4.516328600002453
1,250,0.85,0.2,1.0,79,10100079,250,264,0.0005306532663316583,4.673075500060804
1,250,0.85,0.2,1.0,80,10100080,250,261,0.0005246231155778895,4.6660685000242665
1,250,0.85,0.2,1.0,81,10100081,250,255,0.0005125628140703518,4.564538600039668
1,250,0.85,0.2,1.0,82,10100082,250,266,0.0005346733668341708,4.810769399977289
1,250,0.85,0.2,1.0,83,10100083,250,267,0.0005366834170854271,4.600065100006759
1,250,0.85,0.2,1.0,84,10100084,250,269,0.0005407035175879396,4.596558700082824
1,250,0.85,0.2,1.0,85,10100085,250,268,0.0005386934673366834,4.869405500008725
1,250,0.85,0.2,1.0,86,10100086,250,272,0.0005467336683417086,4.834115599980578
1,250,0.85,0.2,1.0,87,10100087,250,267,0.0005366834170854271,4.569858000031672
1,250,0.85,0.2,1.0,88,10100088,250,257,0.0005165829145728643,4.550130099989474
1,250,0.85,0.2,1.0,89,10100089,250,272,0.0005467336683417086,4.531311300001107
1,250,0.85,0.2,1.0,90,10100090,250,254,0.0005105527638190955,4.675627599935979
1,250,0.85,0.2,1.0,91,10100091,250,262,0.0005266331658291458,4.616012799902819
1,250,0.85,0.2,1.0,92,10100092,250,255,0.0005125628140703518,4.639079799992032
1,250,0.85,0.2,1.0,93,10100093,250,268,0.0005386934673366834,4.774275499978103
1,250,0.85,0.2,1.0,94,10100094,250,255,0.0005125628140703518,4.583275299984962
1,250,0.85,0.2,1.0,95,10100095,250,253,0.0005085427135678392,4.707080899970606
1,250,0.85,0.2,1.0,96,10100096,250,270,0.000542713567839196,4.637567600002512
1,250,0.85,0.2,1.0,97,10100097,250,259,0.0005206030150753768,4.601288000005297
1,250,0.85,0.2,1.0,98,10100098,250,257,0.0005165829145728643,4.761695900000632
1,250,0.85,0.2,1.0,99,10100099,250,265,0.0005326633165829146,4.574599900050089
2,250,0.55,0.5,0.0,0,20000000,0,241125,0.48467336683417084,5.444423699984327
2,250,0.55,0.5,0.0,1,20000001,0,241125,0.48467336683417084,5.253609900013544
2,250,0.55,0.5,0.0,2,20000002,0,241125,0.48467336683417084,5.248845900059678
2,250,0.55,0.5,0.0,3,20000003,0,241125,0.48467336683417084,5.218820600071922
2,250,0.55,0.5,0.0,4,20000004,0,241125,0.48467336683417084,5.227000200073235
2,250,0.55,0.5,0.0,5,20000005,0,241125,0.48467336683417084,5.317133600008674
2,250,0.55,0.5,0.0,6,20000006,0,241125,0.48467336683417084,5.180623300024308
2,250,0.55,0.5,0.0,7,20000007,0,241125,0.48467336683417084,5.259439500048757
2,250,0.55,0.5,0.0,8,20000008,0,241125,0.48467336683417084,5.229875800083391
2,250,0.55,0.5,0.0,9,20000009,0,241125,0.48467336683417084,5.270018300041556
2,250,0.55,0.5,0.0,10,20000010,0,241125,0.48467336683417084,5.19723650009837
2,250,0.55,0.5,0.0,11,20000011,0,241125,0.48467336683417084,5.258754900074564
2,250,0.55,0.5,0.0,12,20000012,0,241125,0.48467336683417084,5.216340400045738
2,250,0.55,0.5,0.0,13,20000013,0,241125,0.48467336683417084,5.1703275999752805
2,250,0.55,0.5,0.0,14,20000014,0,241125,0.48467336683417084,5.200294699985534
2,250,0.55,0.5,0.0,15,20000015,0,241125,0.48467336683417084,5.190070100012235
2,250,0.55,0.5,0.0,16,20000016,0,241125,0.48467336683417084,5.283861500094645
2,250,0.55,0.5,0.0,17,20000017,0,241125,0.48467336683417084,5.233225399977528
2,250,0.55,0.5,0.0,18,20000018,0,241125,0.48467336683417084,5.060238400008529
2,250,0.55,0.5,0.0,19,20000019,0,241125,0.48467336683417084,5.286738900002092
2,250,0.55,0.5,0.0,20,20000020,0,241125,0.48467336683417084,5.148952100076713
2,250,0.55,0.5,0.0,21,20000021,0,241125,0.48467336683417084,5.106733400025405
2,250,0.55,0.5,0.0,22,20000022,0,241125,0.48467336683417084,5.1351641999790445
2,250,0.55,0.5,0.0,23,20000023,0,241125,0.48467336683417084,5.204627899918705
2,250,0.55,0.5,0.0,24,20000024,0,241125,0.48467336683417084,5.243559299968183
2,250,0.55,0.5,0.0,25,20000025,0,241125,0.48467336683417084,5.1792864999733865
2,250,0.55,0.5,0.0,26,20000026,0,241125,0.48467336683417084,5.1411208000499755
2,250,0.55,0.5,0.0,27,20000027,0,241125,0.48467336683417084,5.171333899954334
2,250,0.55,0.5,0.0,28,20000028,0,241125,0.48467336683417084,5.2787339999340475
2,250,0.55,0.5,0.0,29,20000029,0,241125,0.48467336683417084,5.1457010000012815
2,250,0.55,0.5,0.0,30,20000030,0,241125,0.48467336683417084,5.191079800017178
2,250,0.55,0.5,0.0,31,20000031,0,241125,0.48467336683417084,5.171100499923341
2,250,0.55,0.5,0.0,32,20000032,0,241125,0.48467336683417084,5.06497369997669
2,250,0.55,0.5,0.0,33,20000033,0,241125,0.48467336683417084,5.181028799968772
2,250,0.55,0.5,0.0,34,20000034,0,241125,0.48467336683417084,5.102688399958424
2,250,0.55,0.5,0.0,35,20000035,0,241125,0.48467336683417084,5.339299999992363
2,250,0.55,0.5,0.0,36,20000036,0,241125,0.48467336683417084,5.146625000052154
2,250,0.55,0.5,0.0,37,20000037,0,241125,0.48467336683417084,5.371707099955529
2,250,0.55,0.5,0.0,38,20000038,0,241125,0.48467336683417084,5.26169369998388
2,250,0.55,0.5,0.0,39,20000039,0,241125,0.48467336683417084,5.5005544000305235
2,250,0.55,0.5,0.0,40,20000040,0,241125,0.48467336683417084,5.3739946000278
2,250,0.55,0.5,0.0,41,20000041,0,241125,0.48467336683417084,5.386727600009181
2,250,0.55,0.5,0.0,42,20000042,0,241125,0.48467336683417084,5.4146555999759585
2,250,0.55,0.5,0.0,43,20000043,0,241125,0.48467336683417084,5.185177100007422
2,250,0.55,0.5,0.0,44,20000044,0,241125,0.48467336683417084,5.252768500009552
2,250,0.55,0.5,0.0,45,20000045,0,241125,0.48467336683417084,5.266219099983573
2,250,0.55,0.5,0.0,46,20000046,0,241125,0.48467336683417084,5.122934399987571
2,250,0.55,0.5,0.0,47,20000047,0,241125,0.48467336683417084,5.186629900010303
2,250,0.55,0.5,0.0,48,20000048,0,241125,0.48467336683417084,5.3111614000517875
2,250,0.55,0.5,0.0,49,20000049,0,241125,0.48467336683417084,5.2247735999990255
2,250,0.55,0.5,0.0,50,20000050,0,241125,0.48467336683417084,5.184783499920741
2,250,0.55,0.5,0.0,51,20000051,0,241125,0.48467336683417084,5.298608000040986
2,250,0.55,0.5,0.0,52,20000052,0,241125,0.48467336683417084,5.230841199983843
2,250,0.55,0.5,0.0,53,20000053,0,241125,0.48467336683417084,5.21677380008623
2,250,0.55,0.5,0.0,54,20000054,0,241125,0.48467336683417084,5.2984237999189645
2,250,0.55,0.5,0.0,55,20000055,0,241125,0.48467336683417084,5.17134569992777
2,250,0.55,0.5,0.0,56,20000056,0,241125,0.48467336683417084,5.029991599963978
2,250,0.55,0.5,0.0,57,20000057,0,241125,0.48467336683417084,5.4708461000118405
2,250,0.55,0.5,0.0,58,20000058,0,241125,0.48467336683417084,5.133359199971892
2,250,0.55,0.5,0.0,59,20000059,0,241125,0.48467336683417084,5.564527399954386
2,250,0.55,0.5,0.0,60,20000060,0,241125,0.48467336683417084,5.204440700006671
2,250,0.55,0.5,0.0,61,20000061,0,241125,0.48467336683417084,5.613217799924314
2,250,0.55,0.5,0.0,62,20000062,0,241125,0.48467336683417084,5.350870899972506
2,250,0.55,0.5,0.0,63,20000063,0,241125,0.48467336683417084,5.004106600070372
2,250,0.55,0.5,0.0,64,20000064,0,241125,0.48467336683417084,5.018836400005966
2,250,0.55,0.5,0.0,65,20000065,0,241125,0.48467336683417084,5.296632200013846
2,250,0.55,0.5,0.0,66,20000066,0,241125,0.48467336683417084,5.1658936000894755
2,250,0.55,0.5,0.0,67,20000067,0,241125,0.48467336683417084,5.153178700013086
2,250,0.55,0.5,0.0,68,20000068,0,241125,0.48467336683417084,4.933799399994314
2,250,0.55,0.5,0.0,69,20000069,0,241125,0.48467336683417084,5.111387599958107
2,250,0.55,0.5,0.0,70,20000070,0,241125,0.48467336683417084,4.8713027000194415
2,250,0.55,0.5,0.0,71,20000071,0,241125,0.48467336683417084,5.850917699979618
2,250,0.55,0.5,0.0,72,20000072,0,241125,0.48467336683417084,5.121927700005472
2,250,0.55,0.5,0.0,73,20000073,0,241125,0.48467336683417084,5.916232999996282
2,250,0.55,0.5,0.0,74,20000074,0,241125,0.48467336683417084,5.835448800004087
2,250,0.55,0.5,0.0,75,20000075,0,241125,0.48467336683417084,5.714155999943614
2,250,0.55,0.5,0.0,76,20000076,0,241125,0.48467336683417084,5.043295799987391
2,250,0.55,0.5,0.0,77,20000077,0,241125,0.48467336683417084,5.208643299993128
2,250,0.55,0.5,0.0,78,20000078,0,241125,0.48467336683417084,5.235325500019826
2,250,0.55,0.5,0.0,79,20000079,0,241125,0.48467336683417084,5.24150170001667
2,250,0.55,0.5,0.0,80,20000080,0,241125,0.48467336683417084,5.225216799997725
2,250,0.55,0.5,0.0,81,20000081,0,241125,0.48467336683417084,5.246415400062688
2,250,0.55,0.5,0.0,82,20000082,0,241125,0.48467336683417084,5.191875400021672
2,250,0.55,0.5,0.0,83,20000083,0,241125,0.48467336683417084,5.191912499954924
2,250,0.55,0.5,0.0,84,20000084,0,241125,0.48467336683417084,5.133104700013064
2,250,0.55,0.5,0.0,85,20000085,0,241125,0.48467336683417084,5.215653199935332
2,250,0.55,0.5,0.0,86,20000086,0,241125,0.48467336683417084,5.243941400083713
2,250,0.55,0.5,0.0,87,20000087,0,241125,0.48467336683417084,5.53567050001584
2,250,0.55,0.5,0.0,88,20000088,0,241125,0.48467336683417084,5.2908737999387085
2,250,0.55,0.5,0.0,89,20000089,0,241125,0.48467336683417084,5.492882000049576
2,250,0.55,0.5,0.0,90,20000090,0,241125,0.48467336683417084,5.604242499917746
2,250,0.55,0.5,0.0,91,20000091,0,241125,0.48467336683417084,5.486674800049514
2,250,0.55,0.5,0.0,92,20000092,0,241125,0.48467336683417084,5.4314712000777945
2,250,0.55,0.5,0.0,93,20000093,0,241125,0.48467336683417084,5.428106200066395
2,250,0.55,0.5,0.0,94,20000094,0,241125,0.48467336683417084,5.430791600025259
2,250,0.55,0.5,0.0,95,20000095,0,241125,0.48467336683417084,5.399493400007486
2,250,0.55,0.5,0.0,96,20000096,0,241125,0.48467336683417084,5.54980059992522
2,250,0.55,0.5,0.0,97,20000097,0,241125,0.48467336683417084,5.398900600033812
2,250,0.55,0.5,0.0,98,20000098,0,241125,0.48467336683417084,5.327948399935849
2,250,0.55,0.5,0.0,99,20000099,0,241125,0.48467336683417084,5.254626500071026
2,250,0.55,0.5,0.05,0,20005000,12,244991,0.49244422110552766,5.330901400069706
2,250,0.55,0.5,0.05,1,20005001,12,246616,0.4957105527638191,5.353289499995299
2,250,0.55,0.5,0.05,2,20005002,12,244499,0.49145527638190956,5.312716600019485
2,250,0.55,0.5,0.05,3,20005003,12,244977,0.49241608040201007,5.404532100073993
2,250,0.55,0.5,0.05,4,20005004,12,246753,0.49598592964824123,5.2763213000725955
2,250,0.55,0.5,0.05,5,20005005,12,246042,0.494556783919598,5.406998799997382
2,250,0.55,0.5,0.05,6,20005006,12,245763,0.4939959798994975,5.244554599979892
2,250,0.55,0.5,0.05,7,20005007,12,244404,0.4912643216080402,5.351409599999897
2,250,0.55,0.5,0.05,8,20005008,12,244856,0.49217286432160806,5.460598599980585
2,250,0.55,0.5,0.05,9,20005009,12,242609,0.48765628140703515,5.319905899930745
2,250,0.55,0.5,0.05,10,20005010,12,245823,0.4941165829145729,5.239648299990222
2,250,0.55,0.5,0.05,11,20005011,12,244469,0.49139497487437184,5.257170500000939
2,250,0.55,0.5,0.05,12,20005012,12,245027,0.49251658291457284,5.361003499943763
2,250,0.55,0.5,0.05,13,20005013,12,246428,0.49533266331658293,5.482111999997869
2,250,0.55,0.5,0.05,14,20005014,12,245025,0.49251256281407035,5.2946505000581965
2,250,0.55,0.5,0.05,15,20005015,12,245541,0.4935497487437186,5.325267600012012
2,250,0.55,0.5,0.05,16,20005016,12,244317,0.4910894472361809,5.188219500007108
2,250,0.55,0.5,0.05,17,20005017,12,247111,0.496705527638191,5.2897242999169976
2,250,0.55,0.5,0.05,18,20005018,12,242427,0.4872904522613065,5.1941519000101835
2,250,0.55,0.5,0.05,19,20005019,12,245733,0.4939356783919598,5.148608000017703
2,250,0.55,0.5,0.05,20,20005020,12,245634,0.49373668341708543,5.31957659998443
2,250,0.55,0.5,0.05,21,20005021,12,243448,0.4893427135678392,5.295250200084411
2,250,0.55,0.5,0.05,22,20005022,12,245844,0.49415879396984924,5.3362021000357345
2,250,0.55,0.5,0.05,23,20005023,12,245973,0.4944180904522613,5.216774099972099
2,250,0.55,0.5,0.05,24,20005024,12,243456,0.48935879396984927,5.187614599941298
2,250,0.55,0.5,0.05,25,20005025,12,245956,0.49438391959798994,5.349155299947597
2,250,0.55,0.5,0.05,26,20005026,12,244156,0.49076582914572864,5.210941399913281
2,250,0.55,0.5,0.05,27,20005027,12,244661,0.4917809045226131,5.1684486999874935
2,250,0.55,0.5,0.05,28,20005028,12,246294,0.4950633165829146,5.362401399994269
2,250,0.55,0.5,0.05,29,20005029,12,245170,0.4928040201005025,5.09241640008986
2,250,0.55,0.5,0.05,30,20005030,12,242413,0.48726231155778893,5.358602900058031
2,250,0.55,0.5,0.05,31,20005031,12,243634,0.4897165829145729,5.191169199999422
2,250,0.55,0.5,0.05,32,20005032,12,245246,0.49295678391959796,5.131002899957821
2,250,0.55,0.5,0.05,33,20005033,12,246497,0.4954713567839196,5.158877000096254
2,250,0.55,0.5,0.05,34,20005034,12,245247,0.49295879396984926,5.170972499996424
2,250,0.55,0.5,0.05,35,20005035,12,245962,0.49439597989949746,5.375897499965504
2,250,0.55,0.5,0.05,36,20005036,12,246446,0.49536884422110555,5.401407599914819
2,250,0.55,0.5,0.05,37,20005037,12,244112,0.4906773869346734,5.351990099996328
2,250,0.55,0.5,0.05,38,20005038,12,245799,0.4940683417085427,5.4840739000355825
2,250,0.55,0.5,0.05,39,20005039,12,243498,0.48944321608040203,5.443053600029089
2,250,0.55,0.5,0.05,40,20005040,12,246226,0.49492663316582913,5.4331030999310315
2,250,0.55,0.5,0.05,41,20005041,12,244545,0.49154773869346735,5.336749899899587
2,250,0.55,0.5,0.05,42,20005042,12,245095,0.4926532663316583,5.63819070009049
2,250,0.55,0.5,0.05,43,20005043,12,245568,0.4936040201005025,5.531152099953033
2,250,0.55,0.5,0.05,44,20005044,12,243500,0.4894472361809045,5.724691899958998
2,250,0.55,0.5,0.05,45,20005045,12,245924,0.49431959798994973,5.618280299939215
2,250,0.55,0.5,0.05,46,20005046,12,243352,0.4891497487437186,5.862718199961819
2,250,0.55,0.5,0.05,47,20005047,12,246031,0.49453467336683415,5.478378800093196
2,250,0.55,0.5,0.05,48,20005048,12,244300,0.49105527638190954,5.5825038000475615
2,250,0.55,0.5,0.05,49,20005049,12,245016,0.49249447236180904,5.521605600020848
2,250,0.55,0.5,0.05,50,20005050,12,245289,0.493043216080402,5.547628100030124
2,250,0.55,0.5,0.05,51,20005051,12,245104,0.4926713567839196,5.719122100039385
2,250,0.55,0.5,0.05,52,20005052,12,244632,0.4917226130653266,5.493784500053152
2,250,0.55,0.5,0.05,53,20005053,12,246698,0.4958753768844221,5.39185700006783
2,250,0.55,0.5,0.05,54,20005054,12,244532,0.491521608040201,5.366874999948777
2,250,0.55,0.5,0.05,55,20005055,12,246309,0.4950934673366834,5.415361799998209
2,250,0.55,0.5,0.05,56,20005056,12,245210,0.4928844221105528,5.4289128999225795
2,250,0.55,0.5,0.05,57,20005057,12,244727,0.491913567839196,5.3786778000649065
2,250,0.55,0.5,0.05,58,20005058,12,246036,0.49454472361809043,5.45192409993615
2,250,0.55,0.5,0.05,59,20005059,12,246574,0.49562613065326633,5.458290499984287
2,250,0.55,0.5,0.05,60,20005060,12,243438,0.48932261306532665,5.338676999905147
2,250,0.55,0.5,0.05,61,20005061,12,246031,0.49453467336683415,5.356342599960044
2,250,0.55,0.5,0.05,62,20005062,12,245318,0.49310150753768844,5.265983400051482
2,250,0.55,0.5,0.05,63,20005063,12,246201,0.49487638190954775,5.403174899984151
2,250,0.55,0.5,0.05,64,20005064,12,245260,0.49298492462311555,5.271642899955623
2,250,0.55,0.5,0.05,65,20005065,12,246615,0.49570854271356785,5.217186099966057
2,250,0.55,0.5,0.05,66,20005066,12,243797,0.49004422110552764,5.364558900007978
2,250,0.55,0.5,0.05,67,20005067,12,245220,0.49290452261306533,5.424641799996607
2,250,0.55,0.5,0.05,68,20005068,12,246173,0.49482010050251257,5.2273423000006005
2,250,0.55,0.5,0.05,69,20005069,12,245765,0.494,5.344313899986446
2,250,0.55,0.5,0.05,70,20005070,12,244674,0.49180703517587937,5.5487964999629185
2,250,0.55,0.5,0.05,71,20005071,12,245920,0.4943115577889447,5.2092999999877065
2,250,0.55,0.5,0.05,72,20005072,12,246355,0.4951859296482412,5.428431399981491
2,250,0.55,0.5,0.05,73,20005073,12,245387,0.49324020100502514,5.373699099989608
2,250,0.55,0.5,0.05,74,20005074,12,245245,0.4929547738693467,5.479085300001316
2,250,0.55,0.5,0.05,75,20005075,12,246891,0.49626331658291456,5.43885910010431
2,250,0.55,0.5,0.05,76,20005076,12,245361,0.49318793969849245,5.629265800002031
2,250,0.55,0.5,0.05,77,20005077,12,243946,0.49034371859296483,5.626145399990492
2,250,0.55,0.5,0.05,78,20005078,12,245906,0.4942834170854271,5.235208399943076
2,250,0.55,0.5,0.05,79,20005079,12,246260,0.4949949748743719,5.319604900083505
2,250,0.55,0.5,0.05,80,20005080,12,244463,0.4913829145728643,5.281011800048873
2,250,0.55,0.5,0.05,81,20005081,12,246485,0.4954472361809045,5.55572740000207
2,250,0.55,0.5,0.05,82,20005082,12,245831,0.4941326633165829,5.580343100009486
2,250,0.55,0.5,0.05,83,20005083,12,246542,0.4955618090452261,5.04934900009539
2,250,0.55,0.5,0.05,84,20005084,12,246416,0.49530854271356783,5.334862200077623
2,250,0.55,0.5,0.05,85,20005085,12,245126,0.49271557788944725,5.2807037999155
2,250,0.55,0.5,0.05,86,20005086,12,244266,0.49098693467336685,5.204652799991891
2,250,0.55,0.5,0.05,87,20005087,12,245543,0.4935537688442211,5.57990459993016
2,250,0.55,0.5,0.05,88,20005088,12,246324,0.49512361809045224,5.74661179992836
2,250,0.55,0.5,0.05,89,20005089,12,246365,0.49520603015075376,4.696170499897562
2,250,0.55,0.5,0.05,90,20005090,12,246219,0.49491256281407037,5.143166000023484
2,250,0.55,0.5,0.05,91,20005091,12,245921,0.494313567839196,4.808940100017935
2,250,0.55,0.5,0.05,92,20005092,12,244689,0.49183718592964826,5.578554400010034
2,250,0.55,0.5,0.05,93,20005093,12,245919,0.49430954773869346,5.511321599944495
2,250,0.55,0.5,0.05,94,20005094,12,244730,0.4919195979899498,4.799245800008066
2,250,0.55,0.5,0.05,95,20005095,12,246805,0.49609045226130655,5.276170899975114
2,250,0.55,0.5,0.05,96,20005096,12,245898,0.4942673366834171,5.2202643000055104
2,250,0.55,0.5,0.05,97,20005097,12,246078,0.4946291457286432,5.247036500019021
2,250,0.55,0.5,0.05,98,20005098,12,243533,0.489513567839196,5.201584199909121
2,250,0.55,0.5,0.05,99,20005099,12,242821,0.4880824120603015,4.9764543999917805
2,250,0.55,0.5,0.1,0,20010000,25,247195,0.4968743718592965,5.375041800085455
2,250,0.55,0.5,0.1,1,20010001,25,245847,0.49416482412060303,4.971066699945368
2,250,0.55,0.5,0.1,2,20010002,25,246240,0.4949547738693467,5.184236799948849
2,250,0.55,0.5,0.1,3,20010003,25,247243,0.4969708542713568,5.218705700011924
2,250,0.55,0.5,0.1,4,20010004,25,246459,0.49539497487437184,5.526735500083305
2,250,0.55,0.5,0.1,5,20010005,25,246921,0.4963236180904523,5.594429800054058
2,250,0.55,0.5,0.1,6,20010006,25,245844,0.49415879396984924,5.126116600004025
2,250,0.55,0.5,0.1,7,20010007,25,246236,0.4949467336683417,5.152562299976125
2,250,0.55,0.5,0.1,8,20010008,25,246094,0.4946613065326633,5.129150600056164
2,250,0.55,0.5,0.1,9,20010009,25,246710,0.49589949748743717,4.714599900064059
2,250,0.55,0.5,0.1,10,20010010,25,245611,0.49369045226130653,5.215896199923009
2,250,0.55,0.5,0.1,11,20010011,25,247061,0.49660502512562815,4.8522494999924675
2,250,0.55,0.5,0.1,12,20010012,25,246998,0.496478391959799,5.451330100069754
2,250,0.55,0.5,0.1,13,20010013,25,246648,0.4957748743718593,5.6237899999832734
2,250,0.55,0.5,0.1,14,20010014,25,246849,0.4961788944723618,5.101924899965525
2,250,0.55,0.5,0.1,15,20010015,25,247210,0.49690452261306534,5.521976200048812
2,250,0.55,0.5,0.1,16,20010016,25,246984,0.4964502512562814,5.4592798999510705
2,250,0.55,0.5,0.1,17,20010017,25,246831,0.4961427135678392,5.208320099976845
2,250,0.55,0.5,0.1,18,20010018,25,245937,0.4943457286432161,4.894844700000249
2,250,0.55,0.5,0.1,19,20010019,25,246595,0.49566834170854274,5.001945200026967
2,250,0.55,0.5,0.1,20,20010020,25,247018,0.49651859296482415,5.4015212000813335
2,250,0.55,0.5,0.1,21,20010021,25,244900,0.4922613065326633,5.3252843000227585
2,250,0.55,0.5,0.1,22,20010022,25,246926,0.49633366834170856,5.255780900013633
2,250,0.55,0.5,0.1,23,20010023,25,246878,0.4962371859296482,5.120453999959864
2,250,0.55,0.5,0.1,24,20010024,25,246792,0.4960643216080402,5.172929899999872
2,250,0.55,0.5,0.1,25,20010025,25,246747,0.49597386934673365,5.299426699988544
2,250,0.55,0.5,0.1,26,20010026,25,247922,0.4983356783919598,5.1083000000799075
2,250,0.55,0.5,0.1,27,20010027,25,246805,0.49609045226130655,5.238331699976698
2,250,0.55,0.5,0.1,28,20010028,25,248140,0.4987738693467337,5.217780099948868
2,250,0.55,0.5,0.1,29,20010029,25,246509,0.49549547738693467,5.14069239993114
2,250,0.55,0.5,0.1,30,20010030,25,246261,0.49499698492462313,5.181779699982144
2,250,0.55,0.5,0.1,31,20010031,25,246696,0.4958713567839196,5.111484199995175
2,250,0.55,0.5,0.1,32,20010032,25,246596,0.495670351758794,5.101372099947184
2,250,0.55,0.5,0.1,33,20010033,25,246805,0.49609045226130655,5.294146900065243
2,250,0.55,0.5,0.1,34,20010034,25,247865,0.4982211055276382,5.082612600061111
2,250,0.55,0.5,0.1,35,20010035,25,246998,0.496478391959799,5.137950800010003
2,250,0.55,0.5,0.1,36,20010036,25,245412,0.4932904522613065,5.0080556001048535
2,250,0.55,0.5,0.1,37,20010037,25,246828,0.49613668341708544,5.320981199969538
2,250,0.55,0.5,0.1,38,20010038,25,246607,0.4956924623115578,5.1957288000267
2,250,0.55,0.5,0.1,39,20010039,25,246460,0.49539698492462314,5.386817499995232
2,250,0.55,0.5,0.1,40,20010040,25,246706,0.49589145728643214,5.415830599959008
2,250,0.55,0.5,0.1,41,20010041,25,246515,0.4955075376884422,4.8265330999856815
2,250,0.55,0.5,0.1,42,20010042,25,247146,0.4967758793969849,5.057582000037655
2,250,0.55,0.5,0.1,43,20010043,25,245510,0.49348743718592963,4.943824199959636
2,250,0.55,0.5,0.1,44,20010044,25,247006,0.49649447236180905,5.395632000057958
2,250,0.55,0.5,0.1,45,20010045,25,247177,0.4968381909547739,5.035996400052682
2,250,0.55,0.5,0.1,46,20010046,25,246835,0.4961507537688442,5.122167099965736
2,250,0.55,0.5,0.1,47,20010047,25,245332,0.49312964824120603,5.061365999979898
2,250,0.55,0.5,0.1,48,20010048,25,247176,0.49683618090452264,5.235025600064546
2,250,0.55,0.5,0.1,49,20010049,25,247039,0.4965608040201005,5.141755299991928
2,250,0.55,0.5,0.1,50,20010050,25,246773,0.49602613065326634,5.089640699909069
2,250,0.55,0.5,0.1,51,20010051,25,247124,0.49673165829145727,5.195782199967653
2,250,0.55,0.5,0.1,52,20010052,25,244984,0.49243015075376884,5.097943900036626
2,250,0.55,0.5,0.1,53,20010053,25,246231,0.4949366834170854,5.136785300099291
2,250,0.55,0.5,0.1,54,20010054,25,246447,0.4953708542713568,5.215266300016083
2,250,0.55,0.5,0.1,55,20010055,25,246847,0.4961748743718593,5.08746870001778
2,250,0.55,0.5,0.1,56,20010056,25,246871,0.49622311557788945,5.144023700035177
2,250,0.55,0.5,0.1,57,20010057,25,246515,0.4955075376884422,5.155186899937689
2,250,0.55,0.5,0.1,58,20010058,25,246606,0.49569045226130654,5.133686100016348
2,250,0.55,0.5,0.1,59,20010059,25,247745,0.49797989949748744,5.173957000020891
2,250,0.55,0.5,0.1,60,20010060,25,245625,0.4937185929648241,5.091906799934804
2,250,0.55,0.5,0.1,61,20010061,25,246535,0.49554773869346735,5.161168999969959
2,250,0.55,0.5,0.1,62,20010062,25,247229,0.4969427135678392,5.130232000024989
2,250,0.55,0.5,0.1,63,20010063,25,246463,0.4954030150753769,5.088344200048596
2,250,0.55,0.5,0.1,64,20010064,25,246542,0.4955618090452261,5.18658029998187
2,250,0.55,0.5,0.1,65,20010065,25,246504,0.4954854271356784,5.13431880006101
2,250,0.55,0.5,0.1,66,20010066,25,246158,0.49478994974874374,5.187635999987833
2,250,0.55,0.5,0.1,67,20010067,25,246767,0.4960140703517588,5.161516500054859
2,250,0.55,0.5,0.1,68,20010068,25,246998,0.496478391959799,5.159152599982917
2,250,0.55,0.5,0.1,69,20010069,25,246672,0.49582311557788944,5.081801499938592
2,250,0.55,0.5,0.1,70,20010070,25,247449,0.49738492462311557,5.130898300092667
2,250,0.55,0.5,0.1,71,20010071,25,246950,0.4963819095477387,5.084142200066708
2,250,0.55,0.5,0.1,72,20010072,25,246708,0.4958954773869347,5.19275829999242
2,250,0.55,0.5,0.1,73,20010073,25,246683,0.4958452261306533,5.118707400048152
2,250,0.55,0.5,0.1,74,20010074,25,247779,0.49804824120603014,5.075224900036119
2,250,0.55,0.5,0.1,75,20010075,25,247277,0.4970391959798995,5.119641199940816
2,250,0.55,0.5,0.1,76,20010076,25,246777,0.4960341708542714,5.219134200015105
2,250,0.55,0.5,0.1,77,20010077,25,245997,0.49446633165829146,5.28472039999906
2,250,0.55,0.5,0.1,78,20010078,25,246842,0.49616482412060303,5.184053699951619
2,250,0.55,0.5,0.1,79,20010079,25,246799,0.49607839195979897,5.161441900068894
2,250,0.55,0.5,0.1,80,20010080,25,247619,0.49772663316582916,5.168103799922392
2,250,0.55,0.5,0.1,81,20010081,25,246969,0.49642010050251256,5.107112199999392
2,250,0.55,0.5,0.1,82,20010082,25,247039,0.4965608040201005,5.093179899966344
2,250,0.55,0.5,0.1,83,20010083,25,248258,0.4990110552763819,5.207877599983476
2,250,0.55,0.5,0.1,84,20010084,25,246405,0.49528643216080404,5.098666399950162
2,250,0.55,0.5,0.1,85,20010085,25,246745,0.49596984924623116,5.168408900033683
2,250,0.55,0.5,0.1,86,20010086,25,246682,0.495843216080402,5.224391099996865
2,250,0.55,0.5,0.1,87,20010087,25,247391,0.4972683417085427,5.1640279000857845
2,250,0.55,0.5,0.1,88,20010088,25,246733,0.49594572864321607,5.181779199978337
2,250,0.55,0.5,0.1,89,20010089,25,246708,0.4958954773869347,5.153658999945037
2,250,0.55,0.5,0.1,90,20010090,25,245500,0.4934673366834171,5.11221629998181
2,250,0.55,0.5,0.1,91,20010091,25,247998,0.49848844221105526,5.284168899990618
2,250,0.55,0.5,0.1,92,20010092,25,245749,0.4939678391959799,5.246319400030188
2,250,0.55,0.5,0.1,93,20010093,25,246838,0.496156783919598,5.320226200041361
2,250,0.55,0.5,0.1,94,20010094,25,246134,0.49474170854271354,5.299434500047937
2,250,0.55,0.5,0.1,95,20010095,25,246399,0.49527437185929646,5.145184900029562
2,250,0.55,0.5,0.1,96,20010096,25,245360,0.4931859296482412,5.3547931999200955
2,250,0.55,0.5,0.1,97,20010097,25,246349,0.4951738693467337,5.2605036000022665
2,250,0.55,0.5,0.1,98,20010098,25,247217,0.4969185929648241,5.289512200048193
2,250,0.55,0.5,0.1,99,20010099,25,245451,0.49336884422110555,5.054257900104858
2,250,0.55,0.5,0.15000000000000002,0,20015000,38,247475,0.49743718592964825,5.330619600019418
2,250,0.55,0.5,0.15000000000000002,1,20015001,38,247457,0.49740100502512563,5.144732999964617
2,250,0.55,0.5,0.15000000000000002,2,20015002,38,249206,0.5009165829145729,5.239812499959953
2,250,0.55,0.5,0.15000000000000002,3,20015003,38,247525,0.4975376884422111,5.201147900079377
2,250,0.55,0.5,0.15000000000000002,4,20015004,38,247978,0.49844824120603015,5.159620699938387
2,250,0.55,0.5,0.15000000000000002,5,20015005,38,247080,0.496643216080402,5.203527000034228
2,250,0.55,0.5,0.15000000000000002,6,20015006,38,247647,0.49778291457286433,5.304262600024231
2,250,0.55,0.5,0.15000000000000002,7,20015007,38,248049,0.49859095477386933,5.192100299987942
2,250,0.55,0.5,0.15000000000000002,8,20015008,38,247989,0.49847035175879395,5.177752100047655
2,250,0.55,0.5,0.15000000000000002,9,20015009,38,246525,0.4955276381909548,5.126498099998571
2,250,0.55,0.5,0.15000000000000002,10,20015010,38,250531,0.5035798994974874,5.195890199975111
2,250,0.55,0.5,0.15000000000000002,11,20015011,38,247048,0.4965788944723618,5.213544300058857
2,250,0.55,0.5,0.15000000000000002,12,20015012,38,247128,0.4967396984924623,5.118948100018315
2,250,0.55,0.5,0.15000000000000002,13,20015013,38,247307,0.4970994974874372,5.220610600081272
2,250,0.55,0.5,0.15000000000000002,14,20015014,38,247959,0.4984100502512563,5.118684999994002
2,250,0.55,0.5,0.15000000000000002,15,20015015,38,247445,0.49737688442211053,5.20935689995531
2,250,0.55,0.5,0.15000000000000002,16,20015016,38,247436,0.4973587939698492,5.148452199995518
2,250,0.55,0.5,0.15000000000000002,17,20015017,38,247233,0.49695075376884423,5.233610700001009
2,250,0.55,0.5,0.15000000000000002,18,20015018,38,247369,0.4972241206030151,5.21444419992622
2,250,0.55,0.5,0.15000000000000002,19,20015019,38,247431,0.49734874371859294,5.1902868000324816
2,250,0.55,0.5,0.15000000000000002,20,20015020,38,246439,0.49535477386934673,5.131560500012711
2,250,0.55,0.5,0.15000000000000002,21,20015021,38,247096,0.4966753768844221,5.0969833000563085
2,250,0.55,0.5,0.15000000000000002,22,20015022,38,247081,0.49664522613065326,5.1277242000214756
2,250,0.55,0.5,0.15000000000000002,23,20015023,38,245904,0.4942793969849246,5.082733399933204
2,250,0.55,0.5,0.15000000000000002,24,20015024,38,247174,0.4968321608040201,5.140745699987747
2,250,0.55,0.5,0.15000000000000002,25,20015025,38,247637,0.4977628140703518,5.179285899968818
2,250,0.55,0.5,0.15000000000000002,26,20015026,38,247117,0.4967175879396985,5.077289700042456
2,250,0.55,0.5,0.15000000000000002,27,20015027,38,248316,0.4991276381909548,5.13856690004468
2,250,0.55,0.5,0.15000000000000002,28,20015028,38,246702,0.49588341708542716,5.179958299966529
2,250,0.55,0.5,0.15000000000000002,29,20015029,38,247409,0.49730452261306535,5.227459999965504
2,250,0.55,0.5,0.15000000000000002,30,20015030,38,248156,0.49880603015075375,5.2709677999373525
2,250,0.55,0.5,0.15000000000000002,31,20015031,38,247395,0.49727638190954776,5.3362768000224605
2,250,0.55,0.5,0.15000000000000002,32,20015032,38,247253,0.49699095477386934,5.093473799992353
2,250,0.55,0.5,0.15000000000000002,33,20015033,38,246873,0.49622713567839194,5.026292800088413
2,250,0.55,0.5,0.15000000000000002,34,20015034,38,247112,0.4967075376884422,4.984516800031997
2,250,0.55,0.5,0.15000000000000002,35,20015035,38,247792,0.4980743718592965,5.639117700047791
2,250,0.55,0.5,0.15000000000000002,36,20015036,38,246845,0.49617085427135676,5.745815700036474
2,250,0.55,0.5,0.15000000000000002,37,20015037,38,246922,0.4963256281407035,5.2170811999822035
2,250,0.55,0.5,0.15000000000000002,38,20015038,38,246925,0.4963316582914573,5.049138900008984
2,250,0.55,0.5,0.15000000000000002,39,20015039,38,246821,0.4961226130653266,5.046268999925815
2,250,0.55,0.5,0.15000000000000002,40,20015040,38,247093,0.49666934673366836,4.869013599934988
2,250,0.55,0.5,0.15000000000000002,41,20015041,38,246835,0.4961507537688442,5.697445400059223
2,250,0.55,0.5,0.15000000000000002,42,20015042,38,246388,0.49525226130653266,5.749262599973008
2,250,0.55,0.5,0.15000000000000002,43,20015043,38,247158,0.4968,5.110789200058207
2,250,0.55,0.5,0.15000000000000002,44,20015044,38,247180,0.4968442211055276,4.811464100028388
2,250,0.55,0.5,0.15000000000000002,45,20015045,38,247387,0.4972603015075377,4.767274399986491
2,250,0.55,0.5,0.15000000000000002,46,20015046,38,246942,0.49636582914572863,5.595895700040273
2,250,0.55,0.5,0.15000000000000002,47,20015047,38,247650,0.49778894472361807,5.171414899989031
2,250,0.55,0.5,0.15000000000000002,48,20015048,38,246492,0.4954613065326633,5.0784614000003785
2,250,0.55,0.5,0.15000000000000002,49,20015049,38,246727,0.49593366834170854,4.825877199997194
2,250,0.55,0.5,0.15000000000000002,50,20015050,38,247325,0.4971356783919598,5.178760400041938
2,250,0.55,0.5,0.15000000000000002,51,20015051,38,247466,0.49741909547738694,5.451694599934854
2,250,0.55,0.5,0.15000000000000002,52,20015052,38,247236,0.49695678391959797,5.350535699981265
2,250,0.55,0.5,0.15000000000000002,53,20015053,38,249087,0.5006773869346733,5.353876799927093
2,250,0.55,0.5,0.15000000000000002,54,20015054,38,248046,0.4985849246231156,5.04193900001701
2,250,0.55,0.5,0.15000000000000002,55,20015055,38,248148,0.49878994974874374,5.027285599964671
2,250,0.55,0.5,0.15000000000000002,56,20015056,38,247316,0.4971175879396985,5.163873299956322
2,250,0.55,0.5,0.15000000000000002,57,20015057,38,247067,0.4966170854271357,5.1961883000331
2,250,0.55,0.5,0.15000000000000002,58,20015058,38,247384,0.4972542713567839,5.2497744000284
2,250,0.55,0.5,0.15000000000000002,59,20015059,38,247582,0.4976522613065327,5.276048599975184
2,250,0.55,0.5,0.15000000000000002,60,20015060,38,246910,0.4963015075376884,5.199276899918914
2,250,0.55,0.5,0.15000000000000002,61,20015061,38,248451,0.4993989949748744,5.450631099985912
2,250,0.55,0.5,0.15000000000000002,62,20015062,38,247447,0.4973809045226131,5.208317499957047
2,250,0.55,0.5,0.15000000000000002,63,20015063,38,247224,0.4969326633165829,5.5941590999718755
2,250,0.55,0.5,0.15000000000000002,64,20015064,38,247217,0.4969185929648241,5.651999599998817
2,250,0.55,0.5,0.15000000000000002,65,20015065,38,249595,0.5016984924623116,5.310886100050993
2,250,0.55,0.5,0.15000000000000002,66,20015066,38,247270,0.4970251256281407,5.211915599997155
2,250,0.55,0.5,0.15000000000000002,67,20015067,38,247792,0.4980743718592965,5.607742100022733
2,250,0.55,0.5,0.15000000000000002,68,20015068,38,246586,0.4956502512562814,5.303801600006409
2,250,0.55,0.5,0.15000000000000002,69,20015069,38,246700,0.4958793969849246,5.535147799993865
2,250,0.55,0.5,0.15000000000000002,70,20015070,38,247179,0.4968422110552764,5.577874400070868
2,250,0.55,0.5,0.15000000000000002,71,20015071,38,247399,0.49728442211055274,5.673790100030601
2,250,0.55,0.5,0.15000000000000002,72,20015072,38,246462,0.49540100502512563,5.338834299938753
2,250,0.55,0.5,0.15000000000000002,73,20015073,38,248223,0.49894070351758796,5.395979999913834
2,250,0.55,0.5,0.15000000000000002,74,20015074,38,248734,0.4999678391959799,5.441966700018384
2,250,0.55,0.5,0.15000000000000002,75,20015075,38,247054,0.49659095477386933,5.395466799964197
2,250,0.55,0.5,0.15000000000000002,76,20015076,38,246683,0.4958452261306533,5.340351999970153
2,250,0.55,0.5,0.15000000000000002,77,20015077,38,247271,0.49702713567839196,5.32344159996137
2,250,0.55,0.5,0.15000000000000002,78,20015078,38,246945,0.4963718592964824,5.318869199953042
2,250,0.55,0.5,0.15000000000000002,79,20015079,38,246589,0.49565628140703516,5.358361699967645
2,250,0.55,0.5,0.15000000000000002,80,20015080,38,247379,0.49724422110552763,5.346651899977587
2,250,0.55,0.5,0.15000000000000002,81,20015081,38,247374,0.49723417085427135,5.310495899990201
2,250,0.55,0.5,0.15000000000000002,82,20015082,38,247301,0.4970874371859296,5.366142899962142
2,250,0.55,0.5,0.15000000000000002,83,20015083,38,246839,0.49615879396984924,5.291750999982469
2,250,0.55,0.5,0.15000000000000002,84,20015084,38,248307,0.4991095477386935,5.277841600007378
2,250,0.55,0.5,0.15000000000000002,85,20015085,38,247007,0.4964964824120603,5.28493740002159
2,250,0.55,0.5,0.15000000000000002,86,20015086,38,246917,0.49631557788944725,5.243615199928172
2,250,0.55,0.5,0.15000000000000002,87,20015087,38,247858,0.4982070351758794,5.279243199969642
2,250,0.55,0.5,0.15000000000000002,88,20015088,38,247010,0.4965025125628141,5.2353942999616265
2,250,0.55,0.5,0.15000000000000002,89,20015089,38,248996,0.500494472361809,5.179144500056282
2,250,0.55,0.5,0.15000000000000002,90,20015090,38,247442,0.4973708542713568,5.179410999990068
2,250,0.55,0.5,0.15000000000000002,91,20015091,38,246374,0.49522412060301507,5.204638399998657
2,250,0.55,0.5,0.15000000000000002,92,20015092,38,247514,0.4975155778894472,5.142837099963799
2,250,0.55,0.5,0.15000000000000002,93,20015093,38,246813,0.49610653266331656,5.17535370006226
2,250,0.55,0.5,0.15000000000000002,94,20015094,38,247210,0.49690452261306534,5.1993036000058055
2,250,0.55,0.5,0.15000000000000002,95,20015095,38,248306,0.49910753768844224,5.191058700089343
2,250,0.55,0.5,0.15000000000000002,96,20015096,38,247217,0.4969185929648241,5.018364500021562
2,250,0.55,0.5,0.15000000000000002,97,20015097,38,246837,0.49615477386934675,5.026891999994405
2,250,0.55,0.5,0.15000000000000002,98,20015098,38,246542,0.4955618090452261,5.085550000076182
2,250,0.55,0.5,0.15000000000000002,99,20015099,38,247407,0.4973005025125628,5.092674700077623
2,250,0.55,0.5,0.2,0,20020000,50,249351,0.5012080402010051,5.07963649998419
2,250,0.55,0.5,0.2,1,20020001,50,250524,0.5035658291457287,5.082811700063758
2,250,0.55,0.5,0.2,2,20020002,50,247542,0.4975718592964824,5.056410400080495
2,250,0.55,0.5,0.2,3,20020003,50,248320,0.4991356783919598,5.066423299955204
2,250,0.55,0.5,0.2,4,20020004,50,246988,0.4964582914572864,5.0795898999786
2,250,0.55,0.5,0.2,5,20020005,50,247088,0.4966592964824121,5.019793699961156
2,250,0.55,0.5,0.2,6,20020006,50,248654,0.4998070351758794,5.146458400064148
2,250,0.55,0.5,0.2,7,20020007,50,248673,0.49984522613065324,5.14289140002802
2,250,0.55,0.5,0.2,8,20020008,50,247286,0.4970572864321608,5.16596789995674
2,250,0.55,0.5,0.2,9,20020009,50,248260,0.49901507537688444,5.106757999979891
2,250,0.55,0.5,0.2,10,20020010,50,247442,0.4973708542713568,5.15354590001516
2,250,0.55,0.5,0.2,11,20020011,50,247674,0.49783718592964826,5.235993199981749
2,250,0.55,0.5,0.2,12,20020012,50,249525,0.5015577889447236,5.160721600055695
2,250,0.55,0.5,0.2,13,20020013,50,247237,0.49695879396984927,5.462269600015134
2,250,0.55,0.5,0.2,14,20020014,50,246535,0.49554773869346735,5.400429799919948
2,250,0.55,0.5,0.2,15,20020015,50,247085,0.4966532663316583,5.064014800009318
2,250,0.55,0.5,0.2,16,20020016,50,247133,0.4967497487437186,5.034197499975562
2,250,0.55,0.5,0.2,17,20020017,50,247645,0.4977788944723618,5.100866400054656
2,250,0.55,0.5,0.2,18,20020018,50,247455,0.49739698492462314,5.259788000024855
2,250,0.55,0.5,0.2,19,20020019,50,247252,0.4969889447236181,5.4811584999552
2,250,0.55,0.5,0.2,20,20020020,50,247063,0.49660904522613064,5.566175499930978
2,250,0.55,0.5,0.2,21,20020021,50,247784,0.4980582914572864,5.383287200005725
2,250,0.55,0.5,0.2,22,20020022,50,248280,0.49905527638190955,4.99375219992362
2,250,0.55,0.5,0.2,23,20020023,50,248220,0.49893467336683417,5.295856500044465
2,250,0.55,0.5,0.2,24,20020024,50,247168,0.4968201005025126,5.2411226000403985
2,250,0.55,0.5,0.2,25,20020025,50,248586,0.499670351758794,5.5405455000000075
2,250,0.55,0.5,0.2,26,20020026,50,247299,0.49708341708542714,5.199452700093389
2,250,0.55,0.5,0.2,27,20020027,50,247394,0.49727437185929646,5.306457599974237
2,250,0.55,0.5,0.2,28,20020028,50,247311,0.49710753768844224,5.321773800067604
2,250,0.55,0.5,0.2,29,20020029,50,247266,0.4970170854271357,5.338326300028712
2,250,0.55,0.5,0.2,30,20020030,50,247956,0.4984040201005025,5.204339200048707
2,250,0.55,0.5,0.2,31,20020031,50,247260,0.49700502512562816,5.145604999968782
2,250,0.55,0.5,0.2,32,20020032,50,247335,0.4971557788944724,5.381914999918081
2,250,0.55,0.5,0.2,33,20020033,50,247501,0.4974894472361809,5.30088919994887
2,250,0.55,0.5,0.2,34,20020034,50,247539,0.49756582914572867,5.281326399999671
2,250,0.55,0.5,0.2,35,20020035,50,248884,0.5002693467336683,5.251952600083314
2,250,0.55,0.5,0.2,36,20020036,50,247595,0.497678391959799,5.2119467000011355
2,250,0.55,0.5,0.2,37,20020037,50,249579,0.5016663316582914,5.263221500092186
2,250,0.55,0.5,0.2,38,20020038,50,248358,0.49921206030150755,5.262382299988531
2,250,0.55,0.5,0.2,39,20020039,50,248938,0.5003778894472362,5.179329400067218
2,250,0.55,0.5,0.2,40,20020040,50,247342,0.49716984924623114,5.156117199920118
2,250,0.55,0.5,0.2,41,20020041,50,247536,0.4975597989949749,5.28744009998627
2,250,0.55,0.5,0.2,42,20020042,50,248613,0.4997246231155779,5.278855699929409
2,250,0.55,0.5,0.2,43,20020043,50,247444,0.4973748743718593,5.106702199904248
2,250,0.55,0.5,0.2,44,20020044,50,249315,0.5011356783919598,5.176992899971083
2,250,0.55,0.5,0.2,45,20020045,50,247353,0.497191959798995,5.153968699974939
2,250,0.55,0.5,0.2,46,20020046,50,248779,0.5000582914572864,5.199482099968009
2,250,0.55,0.5,0.2,47,20020047,50,247215,0.4969145728643216,5.270395400002599
2,250,0.55,0.5,0.2,48,20020048,50,250552,0.5036221105527638,5.197491199942306
2,250,0.55,0.5,0.2,49,20020049,50,247116,0.49671557788944726,5.124409900046885
2,250,0.55,0.5,0.2,50,20020050,50,247115,0.49671356783919596,5.222774000023492
2,250,0.55,0.5,0.2,51,20020051,50,246798,0.4960763819095477,5.316627599997446
2,250,0.55,0.5,0.2,52,20020052,50,247329,0.4971437185929648,5.197548100026324
2,250,0.55,0.5,0.2,53,20020053,50,247913,0.4983175879396985,5.166486800066195
2,250,0.55,0.5,0.2,54,20020054,50,247279,0.49704321608040203,5.170630099950358
2,250,0.55,0.5,0.2,55,20020055,50,249183,0.500870351758794,5.11408950004261
2,250,0.55,0.5,0.2,56,20020056,50,248485,0.4994673366834171,5.560263499966823
2,250,0.55,0.5,0.2,57,20020057,50,248434,0.499364824120603,5.6258947000605986
2,250,0.55,0.5,0.2,58,20020058,50,248303,0.49910150753768845,5.279202700010501
2,250,0.55,0.5,0.2,59,20020059,50,247223,0.4969306532663317,5.980426299967803
2,250,0.55,0.5,0.2,60,20020060,50,247522,0.4975316582914573,5.694838099996559
2,250,0.55,0.5,0.2,61,20020061,50,249532,0.5015718592964824,6.09654329996556
2,250,0.55,0.5,0.2,62,20020062,50,247197,0.496878391959799,5.774510400020517
2,250,0.55,0.5,0.2,63,20020063,50,247542,0.4975718592964824,6.253697199979797
2,250,0.55,0.5,0.2,64,20020064,50,247584,0.49765628140703516,5.693453000043519
2,250,0.55,0.5,0.2,65,20020065,50,247253,0.49699095477386934,5.873095800052397
2,250,0.55,0.5,0.2,66,20020066,50,250493,0.5035035175879397,6.24099900003057
2,250,0.55,0.5,0.2,67,20020067,50,247880,0.49825125628140704,5.607551399967633
2,250,0.55,0.5,0.2,68,20020068,50,247717,0.49792361809045227,6.033134700031951
2,250,0.55,0.5,0.2,69,20020069,50,246822,0.49612462311557787,5.769512500031851
2,250,0.55,0.5,0.2,70,20020070,50,249386,0.501278391959799,5.839619499980472
2,250,0.55,0.5,0.2,71,20020071,50,247410,0.4973065326633166,5.842596299946308
2,250,0.55,0.5,0.2,72,20020072,50,252504,0.5075457286432161,5.526529400027357
2,250,0.55,0.5,0.2,73,20020073,50,247378,0.4972422110552764,5.386182700050995
2,250,0.55,0.5,0.2,74,20020074,50,247606,0.4977005025125628,5.753007399966009
2,250,0.55,0.5,0.2,75,20020075,50,247548,0.49758391959799,5.63632160006091
2,250,0.55,0.5,0.2,76,20020076,50,249331,0.5011678391959798,5.681109500001185
2,250,0.55,0.5,0.2,77,20020077,50,247603,0.497694472361809,5.671362299937755
2,250,0.55,0.5,0.2,78,20020078,50,247431,0.49734874371859294,5.499994399957359
2,250,0.55,0.5,0.2,79,20020079,50,246770,0.49602010050251255,5.795097100082785
2,250,0.55,0.5,0.2,80,20020080,50,249617,0.5017427135678392,5.729347600019537
2,250,0.55,0.5,0.2,81,20020081,50,248330,0.4991557788944724,5.36947739997413
2,250,0.55,0.5,0.2,82,20020082,50,247520,0.49752763819095475,5.504045700072311
2,250,0.55,0.5,0.2,83,20020083,50,247565,0.4976180904522613,5.335129600018263
2,250,0.55,0.5,0.2,84,20020084,50,249869,0.5022492462311557,5.401130300015211
2,250,0.55,0.5,0.2,85,20020085,50,247422,0.49733065326633163,5.408825500053354
2,250,0.55,0.5,0.2,86,20020086,50,247549,0.4975859296482412,5.30545169999823
2,250,0.55,0.5,0.2,87,20020087,50,247662,0.49781306532663316,5.288717000046745
2,250,0.55,0.5,0.2,88,20020088,50,247237,0.49695879396984927,5.380884000100195
2,250,0.55,0.5,0.2,89,20020089,50,248497,0.4994914572864322,5.224576300010085
2,250,0.55,0.5,0.2,90,20020090,50,248123,0.4987396984924623,5.3194215999683365
2,250,0.55,0.5,0.2,91,20020091,50,250478,0.5034733668341709,5.297548100003041
2,250,0.55,0.5,0.2,92,20020092,50,247162,0.49680804020100505,5.424658500007354
2,250,0.55,0.5,0.2,93,20020093,50,247092,0.49666733668341706,5.356975400005467
2,250,0.55,0.5,0.2,94,20020094,50,247403,0.49729246231155777,5.399476799997501
2,250,0.55,0.5,0.2,95,20020095,50,247897,0.4982854271356784,5.322736700065434
2,250,0.55,0.5,0.2,96,20020096,50,247463,0.49741306532663315,5.264066600007936
2,250,0.55,0.5,0.2,97,20020097,50,247740,0.49796984924623117,5.464727199985646
2,250,0.55,0.5,0.2,98,20020098,50,248549,0.4995959798994975,5.303235600003973
2,250,0.55,0.5,0.2,99,20020099,50,247671,0.4978311557788945,5.2486907000420615
2,250,0.55,0.5,0.25,0,20025000,62,247608,0.4977045226130653,5.248114499961957
2,250,0.55,0.5,0.25,1,20025001,62,249436,0.5013788944723618,5.2595419000135735
2,250,0.55,0.5,0.25,2,20025002,62,247795,0.49808040201005027,5.235394199960865
2,250,0.55,0.5,0.25,3,20025003,62,248220,0.49893467336683417,5.373880900093354
2,250,0.55,0.5,0.25,4,20025004,62,248674,0.49984723618090454,5.114015000057407
2,250,0.55,0.5,0.25,5,20025005,62,247024,0.49653065326633167,5.1901455000042915
2,250,0.55,0.5,0.25,6,20025006,62,248495,0.49948743718592964,5.171677400008775
2,250,0.55,0.5,0.25,7,20025007,62,248137,0.4987678391959799,5.189416600042023
2,250,0.55,0.5,0.25,8,20025008,62,249513,0.5015336683417085,5.251772499992512
2,250,0.55,0.5,0.25,9,20025009,62,247707,0.4979035175879397,5.123236700077541
2,250,0.55,0.5,0.25,10,20025010,62,247554,0.4975959798994975,5.226698399987072
2,250,0.55,0.5,0.25,11,20025011,62,248988,0.500478391959799,5.1345640000654384
2,250,0.55,0.5,0.25,12,20025012,62,247404,0.49729447236180907,5.20222019997891
2,250,0.55,0.5,0.25,13,20025013,62,249688,0.5018854271356784,5.194383600028232
2,250,0.55,0.5,0.25,14,20025014,62,248788,0.5000763819095477,5.13399479992222
2,250,0.55,0.5,0.25,15,20025015,62,247773,0.4980361809045226,5.144615800003521
2,250,0.55,0.5,0.25,16,20025016,62,248892,0.5002854271356784,5.204223099979572
2,250,0.55,0.5,0.25,17,20025017,62,247278,0.49704120603015073,5.305030300049111
2,250,0.55,0.5,0.25,18,20025018,62,250272,0.5030592964824121,5.243935300037265
2,250,0.55,0.5,0.25,19,20025019,62,247705,0.49789949748743717,5.273986699990928
2,250,0.55,0.5,0.25,20,20025020,62,247713,0.49791557788944724,5.274302399950102
2,250,0.55,0.5,0.25,21,20025021,62,247257,0.4969989949748744,5.274010699940845
2,250,0.55,0.5,0.25,22,20025022,62,249708,0.5019256281407035,5.296970700030215
2,250,0.55,0.5,0.25,23,20025023,62,249377,0.5012603015075376,5.2104313999880105
2,250,0.55,0.5,0.25,24,20025024,62,247747,0.49798391959798993,5.265326100052334
2,250,0.55,0.5,0.25,25,20025025,62,247726,0.4979417085427136,5.2337163999909535
2,250,0.55,0.5,0.25,26,20025026,62,250579,0.5036763819095478,5.282345900079235
2,250,0.55,0.5,0.25,27,20025027,62,247563,0.4976140703517588,5.238475500023924
2,250,0.55,0.5,0.25,28,20025028,62,249817,0.5021447236180905,5.323222500039265
2,250,0.55,0.5,0.25,29,20025029,62,247620,0.4977286432160804,5.1363823000574484
2,250,0.55,0.5,0.25,30,20025030,62,253698,0.5099457286432161,5.14877989992965
2,250,0.55,0.5,0.25,31,20025031,62,247665,0.49781909547738695,5.320968299987726
2,250,0.55,0.5,0.25,32,20025032,62,250382,0.5032804020100502,5.373460799921304
2,250,0.55,0.5,0.25,33,20025033,62,249285,0.5010753768844222,5.267686899984255
2,250,0.55,0.5,0.25,34,20025034,62,248227,0.498948743718593,5.199200499919243
2,250,0.55,0.5,0.25,35,20025035,62,247526,0.4975396984924623,5.307562200003304
2,250,0.55,0.5,0.25,36,20025036,62,248610,0.4997185929648241,5.403603800106794
2,250,0.55,0.5,0.25,37,20025037,62,251392,0.5053105527638191,5.391409400035627
2,250,0.55,0.5,0.25,38,20025038,62,247614,0.4977165829145729,5.344572799978778
2,250,0.55,0.5,0.25,39,20025039,62,247294,0.49707336683417086,5.4402385000139475
2,250,0.55,0.5,0.25,40,20025040,62,249671,0.501851256281407,5.397411899990402
2,250,0.55,0.5,0.25,41,20025041,62,248662,0.49982311557788944,5.58066640002653
2,250,0.55,0.5,0.25,42,20025042,62,249583,0.5016743718592965,5.417879300075583
2,250,0.55,0.5,0.25,43,20025043,62,247696,0.49788140703517586,5.529388399911113
2,250,0.55,0.5,0.25,44,20025044,62,250124,0.5027618090452262,5.5694133000215515
2,250,0.55,0.5,0.25,45,20025045,62,248473,0.499443216080402,5.84822649997659
2,250,0.55,0.5,0.25,46,20025046,62,247686,0.4978613065326633,5.4352361999917775
2,250,0.55,0.5,0.25,47,20025047,62,247389,0.4972643216080402,5.358189400052652
2,250,0.55,0.5,0.25,48,20025048,62,248599,0.4996964824120603,5.744150499929674
2,250,0.55,0.5,0.25,49,20025049,62,247731,0.49795175879396986,5.51205060002394
2,250,0.55,0.5,0.25,50,20025050,62,248474,0.4994452261306533,5.345578099950217
2,250,0.55,0.5,0.25,51,20025051,62,247604,0.4976964824120603,5.6749035000102594
2,250,0.55,0.5,0.25,52,20025052,62,247660,0.4978090452261307,5.506299100001343
2,250,0.55,0.5,0.25,53,20025053,62,248385,0.4992663316582915,5.202882800018415
2,250,0.55,0.5,0.25,54,20025054,62,247552,0.49759195979899495,5.227055200026371
2,250,0.55,0.5,0.25,55,20025055,62,248249,0.4989929648241206,5.155479699955322
2,250,0.55,0.5,0.25,56,20025056,62,248570,0.49963819095477385,5.12509779992979
2,250,0.55,0.5,0.25,57,20025057,62,247690,0.49786934673366834,5.032054899958894
2,250,0.55,0.5,0.25,58,20025058,62,248503,0.4995035175879397,5.143320699920878
2,250,0.55,0.5,0.25,59,20025059,62,247852,0.49819497487437187,5.494650200009346
2,250,0.55,0.5,0.25,60,20025060,62,247119,0.496721608040201,5.113051500055008
2,250,0.55,0.5,0.25,61,20025061,62,247659,0.4978070351758794,5.179028999991715
2,250,0.55,0.5,0.25,62,20025062,62,251393,0.5053125628140703,5.6627966000232846
2,250,0.55,0.5,0.25,63,20025063,62,247841,0.49817286432160807,5.638348900014535
2,250,0.55,0.5,0.25,64,20025064,62,248381,0.49925829145728645,5.6131378000136465
2,250,0.55,0.5,0.25,65,20025065,62,248350,0.4991959798994975,4.950874400092289
2,250,0.55,0.5,0.25,66,20025066,62,247310,0.49710552763819094,4.939864400075749
2,250,0.55,0.5,0.25,67,20025067,62,247570,0.4976281407035176,5.562180500011891
2,250,0.55,0.5,0.25,68,20025068,62,251513,0.5055537688442211,5.567885200027376
2,250,0.55,0.5,0.25,69,20025069,62,248762,0.500024120603015,5.0845537999412045
2,250,0.55,0.5,0.25,70,20025070,62,247433,0.4973527638190955,5.436554700019769
2,250,0.55,0.5,0.25,71,20025071,62,247040,0.49656281407035174,5.696399700012989
2,250,0.55,0.5,0.25,72,20025072,62,250565,0.5036482412060301,5.303648000000976
2,250,0.55,0.5,0.25,73,20025073,62,250707,0.5039336683417085,5.199509100057185
2,250,0.55,0.5,0.25,74,20025074,62,247654,0.4977969849246231,5.241398399928585
2,250,0.55,0.5,0.25,75,20025075,62,249615,0.5017386934673367,5.153317800024524
2,250,0.55,0.5,0.25,76,20025076,62,247696,0.49788140703517586,5.182756099966355
2,250,0.55,0.5,0.25,77,20025077,62,251555,0.5056381909547739,5.297961900010705
2,250,0.55,0.5,0.25,78,20025078,62,247292,0.4970693467336683,5.214857900049537
2,250,0.55,0.5,0.25,79,20025079,62,249716,0.5019417085427136,5.306398299988359
2,250,0.55,0.5,0.25,80,20025080,62,249433,0.501372864321608,5.208737900014967
2,250,0.55,0.5,0.25,81,20025081,62,249427,0.5013608040201005,5.319547600112855
2,250,0.55,0.5,0.25,82,20025082,62,248626,0.4997507537688442,5.18033459992148
2,250,0.55,0.5,0.25,83,20025083,62,247479,0.4974452261306533,5.185983599978499
2,250,0.55,0.5,0.25,84,20025084,62,248450,0.4993969849246231,5.211549300001934
2,250,0.55,0.5,0.25,85,20025085,62,248596,0.49969045226130654,5.35063280002214
2,250,0.55,0.5,0.25,86,20025086,62,250428,0.503372864321608,5.143105200026184
2,250,0.55,0.5,0.25,87,20025087,62,249271,0.5010472361809045,5.178760599927045
2,250,0.55,0.5,0.25,88,20025088,62,247586,0.4976603015075377,5.022093100007623
2,250,0.55,0.5,0.25,89,20025089,62,250622,0.5037628140703517,4.95585090003442
2,250,0.55,0.5,0.25,90,20025090,62,247386,0.49725829145728645,4.938066500006244
2,250,0.55,0.5,0.25,91,20025091,62,249629,0.5017668341708543,4.89846860000398
2,250,0.55,0.5,0.25,92,20025092,62,248635,0.4997688442211055,4.964370299945585
2,250,0.55,0.5,0.25,93,20025093,62,248285,0.49906532663316583,4.9389597999397665
2,250,0.55,0.5,0.25,94,20025094,62,248185,0.49886432160804023,4.825714800041169
2,250,0.55,0.5,0.25,95,20025095,62,247768,0.49802613065326634,4.847103100037202
2,250,0.55,0.5,0.25,96,20025096,62,246984,0.4964502512562814,4.85089640005026
2,250,0.55,0.5,0.25,97,20025097,62,248414,0.4993246231155779,4.833007799927145
2,250,0.55,0.5,0.25,98,20025098,62,247768,0.49802613065326634,4.836776499985717
2,250,0.55,0.5,0.25,99,20025099,62,249289,0.5010834170854271,4.86958139995113
2,250,0.55,0.5,0.30000000000000004,0,20030000,75,252281,0.507097487437186,5.130200700019486
2,250,0.55,0.5,0.30000000000000004,1,20030001,75,249894,0.5022994974874372,4.884397999965586
2,250,0.55,0.5,0.30000000000000004,2,20030002,75,248993,0.5004884422110553,5.03810720006004
2,250,0.55,0.5,0.30000000000000004,3,20030003,75,248498,0.4994934673366834,4.764327200013213
2,250,0.55,0.5,0.30000000000000004,4,20030004,75,250816,0.5041527638190955,5.356314200093038
2,250,0.55,0.5,0.30000000000000004,5,20030005,75,249865,0.5022412060301508,5.0730004999786615
2,250,0.55,0.5,0.30000000000000004,6,20030006,75,246931,0.49634371859296483,5.166908800019883
2,250,0.55,0.5,0.30000000000000004,7,20030007,75,248512,0.499521608040201,5.165901599917561
2,250,0.55,0.5,0.30000000000000004,8,20030008,75,254824,0.5122090452261306,5.35497420001775
2,250,0.55,0.5,0.30000000000000004,9,20030009,75,247925,0.4983417085427136,5.392031299998052
2,250,0.55,0.5,0.30000000000000004,10,20030010,75,248211,0.49891658291457286,4.957060100045055
2,250,0.55,0.5,0.30000000000000004,11,20030011,75,249663,0.501835175879397,4.937750599929132
2,250,0.55,0.5,0.30000000000000004,12,20030012,75,251461,0.5054492462311557,5.290624900022522
2,250,0.55,0.5,0.30000000000000004,13,20030013,75,247371,0.49722814070351756,5.108825900009833
2,250,0.55,0.5,0.30000000000000004,14,20030014,75,247374,0.49723417085427135,4.952080700080842
2,250,0.55,0.5,0.30000000000000004,15,20030015,75,249775,0.5020603015075377,5.42745289998129
2,250,0.55,0.5,0.30000000000000004,16,20030016,75,247924,0.4983396984924623,5.224803499993868
2,250,0.55,0.5,0.30000000000000004,17,20030017,75,249619,0.5017467336683417,5.227032899972983
2,250,0.55,0.5,0.30000000000000004,18,20030018,75,248774,0.5000482412060302,5.474986299988814
2,250,0.55,0.5,0.30000000000000004,19,20030019,75,250019,0.5025507537688442,5.373443999909796
2,250,0.55,0.5,0.30000000000000004,20,20030020,75,247622,0.4977326633165829,4.94622459996026
2,250,0.55,0.5,0.30000000000000004,21,20030021,75,253630,0.5098090452261307,5.236842600046657
2,250,0.55,0.5,0.30000000000000004,22,20030022,75,247603,0.497694472361809,5.147100599948317
2,250,0.55,0.5,0.30000000000000004,23,20030023,75,252753,0.5080462311557788,5.35366309992969
2,250,0.55,0.5,0.30000000000000004,24,20030024,75,250674,0.5038673366834171,5.384688599966466
2,250,0.55,0.5,0.30000000000000004,25,20030025,75,248517,0.4995316582914573,5.222945100045763
2,250,0.55,0.5,0.30000000000000004,26,20030026,75,248562,0.49962211055276384,5.418374800006859
2,250,0.55,0.5,0.30000000000000004,27,20030027,75,249425,0.501356783919598,5.375086999963969
2,250,0.55,0.5,0.30000000000000004,28,20030028,75,247597,0.4976824120603015,5.405816800077446
2,250,0.55,0.5,0.30000000000000004,29,20030029,75,247747,0.49798391959798993,5.4323926999932155
2,250,0.55,0.5,0.30000000000000004,30,20030030,75,247630,0.49774874371859296,5.526263700099662
2,250,0.55,0.5,0.30000000000000004,31,20030031,75,253008,0.5085587939698493,5.481678199954331
2,250,0.55,0.5,0.30000000000000004,32,20030032,75,250700,0.5039195979899498,5.393687499919906
2,250,0.55,0.5,0.30000000000000004,33,20030033,75,251790,0.5061105527638191,5.48917210008949
2,250,0.55,0.5,0.30000000000000004,34,20030034,75,250769,0.5040582914572864,5.4314906999934465
2,250,0.55,0.5,0.30000000000000004,35,20030035,75,250263,0.5030412060301508,5.3628458000021055
2,250,0.55,0.5,0.30000000000000004,36,20030036,75,249076,0.5006552763819095,5.395701500005089
2,250,0.55,0.5,0.30000000000000004,37,20030037,75,250731,0.5039819095477387,5.187320800032467
2,250,0.55,0.5,0.30000000000000004,38,20030038,75,248781,0.5000623115577889,5.14798869995866
2,250,0.55,0.5,0.30000000000000004,39,20030039,75,247518,0.49752361809045226,5.199305200017989
2,250,0.55,0.5,0.30000000000000004,40,20030040,75,247936,0.4983638190954774,5.236972500104457
2,250,0.55,0.5,0.30000000000000004,41,20030041,75,248565,0.4996281407035176,5.182164900004864
2,250,0.55,0.5,0.30000000000000004,42,20030042,75,249856,0.5022231155778895,5.23942190001253
2,250,0.55,0.5,0.30000000000000004,43,20030043,75,249642,0.5017929648241206,5.192522900062613
2,250,0.55,0.5,0.30000000000000004,44,20030044,75,252454,0.5074452261306532,5.245774499955587
2,250,0.55,0.5,0.30000000000000004,45,20030045,75,248458,0.49941306532663315,5.223033700021915
2,250,0.55,0.5,0.30000000000000004,46,20030046,75,247580,0.49764824120603013,5.23229930002708
2,250,0.55,0.5,0.30000000000000004,47,20030047,75,248764,0.5000281407035176,5.240600099903531
2,250,0.55,0.5,0.30000000000000004,48,20030048,75,248325,0.4991457286432161,5.137817699927837
2,250,0.55,0.5,0.30000000000000004,49,20030049,75,247691,0.4978713567839196,5.151014000060968
2,250,0.55,0.5,0.30000000000000004,50,20030050,75,250775,0.504070351758794,5.249008500017226
2,250,0.55,0.5,0.30000000000000004,51,20030051,75,249615,0.5017386934673367,5.229036599979736
2,250,0.55,0.5,0.30000000000000004,52,20030052,75,247676,0.49784120603015075,5.16538329992909
2,250,0.55,0.5,0.30000000000000004,53,20030053,75,255824,0.514219095477387,5.240432099904865
2,250,0.55,0.5,0.30000000000000004,54,20030054,75,247318,0.497121608040201,5.125971799949184
2,250,0.55,0.5,0.30000000000000004,55,20030055,75,250796,0.5041125628140704,5.242753700003959
2,250,0.55,0.5,0.30000000000000004,56,20030056,75,248515,0.49952763819095475,5.1850201999768615
2,250,0.55,0.5,0.30000000000000004,57,20030057,75,248772,0.5000442211055276,5.173338199965656
2,250,0.55,0.5,0.30000000000000004,58,20030058,75,249784,0.502078391959799,5.186308600008488
2,250,0.55,0.5,0.30000000000000004,59,20030059,75,249844,0.5021989949748744,5.158716500038281
2,250,0.55,0.5,0.30000000000000004,60,20030060,75,249031,0.500564824120603,5.1258889000164345
2,250,0.55,0.5,0.30000000000000004,61,20030061,75,248843,0.5001869346733668,5.160410200012848
2,250,0.55,0.5,0.30000000000000004,62,20030062,75,247322,0.49712964824120603,5.20393309998326
2,250,0.55,0.5,0.30000000000000004,63,20030063,75,250196,0.5029065326633165,5.212737399968319
2,250,0.55,0.5,0.30000000000000004,64,20030064,75,248207,0.4989085427135678,5.230292799999006
2,250,0.55,0.5,0.30000000000000004,65,20030065,75,249814,0.5021386934673366,5.1695892999414355
2,250,0.55,0.5,0.30000000000000004,66,20030066,75,250635,0.5037889447236181,5.192435899982229
2,250,0.55,0.5,0.30000000000000004,67,20030067,75,250763,0.5040462311557788,5.189997099922039
2,250,0.55,0.5,0.30000000000000004,68,20030068,75,248654,0.4998070351758794,5.15686290001031
2,250,0.55,0.5,0.30000000000000004,69,20030069,75,249687,0.5018834170854272,5.20805370004382
2,250,0.55,0.5,0.30000000000000004,70,20030070,75,252517,0.5075718592964824,5.181772200041451
2,250,0.55,0.5,0.30000000000000004,71,20030071,75,248409,0.4993145728643216,5.147367099998519
2,250,0.55,0.5,0.30000000000000004,72,20030072,75,249763,0.5020361809045226,5.295937400078401
2,250,0.55,0.5,0.30000000000000004,73,20030073,75,247171,0.4968261306532663,5.231000799918547
2,250,0.55,0.5,0.30000000000000004,74,20030074,75,248293,0.4990814070351759,5.199917200021446
2,250,0.55,0.5,0.30000000000000004,75,20030075,75,249476,0.501459296482412,5.2832814999856055
2,250,0.55,0.5,0.30000000000000004,76,20030076,75,252732,0.5080040201005025,5.123465699958615
2,250,0.55,0.5,0.30000000000000004,77,20030077,75,250420,0.503356783919598,5.228085400070995
2,250,0.55,0.5,0.30000000000000004,78,20030078,75,247859,0.49820904522613063,5.063493399997242
2,250,0.55,0.5,0.30000000000000004,79,20030079,75,247759,0.49800804020100503,5.249929300043732
2,250,0.55,0.5,0.30000000000000004,80,20030080,75,250470,0.5034572864321608,5.265048699919134
2,250,0.55,0.5,0.30000000000000004,81,20030081,75,248775,0.5000502512562814,5.223004400031641
2,250,0.55,0.5,0.30000000000000004,82,20030082,75,252405,0.5073467336683417,5.36393200000748
2,250,0.55,0.5,0.30000000000000004,83,20030083,75,249233,0.5009708542713568,5.307780500035733
2,250,0.55,0.5,0.30000000000000004,84,20030084,75,248333,0.4991618090452261,5.341144499951042
2,250,0.55,0.5,0.30000000000000004,85,20030085,75,249931,0.5023738693467337,5.30533840006683
2,250,0.55,0.5,0.30000000000000004,86,20030086,75,249324,0.5011537688442211,5.379573400015943
2,250,0.55,0.5,0.30000000000000004,87,20030087,75,248615,0.4997286432160804,5.198300899937749
2,250,0.55,0.5,0.30000000000000004,88,20030088,75,249697,0.5019035175879397,5.517339199897833
2,250,0.55,0.5,0.30000000000000004,89,20030089,75,249820,0.5021507537688442,5.170286400010809
2,250,0.55,0.5,0.30000000000000004,90,20030090,75,250842,0.5042050251256281,5.739742500009015
2,250,0.55,0.5,0.30000000000000004,91,20030091,75,254556,0.5116703517587939,5.2758446000516415
2,250,0.55,0.5,0.30000000000000004,92,20030092,75,247766,0.4980221105527638,5.643335400032811
2,250,0.55,0.5,0.30000000000000004,93,20030093,75,250729,0.5039778894472362,5.320977300056256
2,250,0.55,0.5,0.30000000000000004,94,20030094,75,247474,0.497435175879397,5.226678399951197
2,250,0.55,0.5,0.30000000000000004,95,20030095,75,248534,0.49956582914572867,5.157520400010981
2,250,0.55,0.5,0.30000000000000004,96,20030096,75,248538,0.49957386934673365,5.189970199950039
2,250,0.55,0.5,0.30000000000000004,97,20030097,75,249794,0.5020984924623115,5.145625000004657
2,250,0.55,0.5,0.30000000000000004,98,20030098,75,251216,0.504956783919598,5.130270699970424
2,250,0.55,0.5,0.30000000000000004,99,20030099,75,251734,0.5059979899497488,5.262904700008221
2,250,0.55,0.5,0.35000000000000003,0,20035000,88,254979,0.5125206030150754,5.348086400073953
2,250,0.55,0.5,0.35000000000000003,1,20035001,88,249883,0.5022773869346734,5.335164199932478
2,250,0.55,0.5,0.35000000000000003,2,20035002,88,254727,0.5120140703517588,5.329153000027873
2,250,0.55,0.5,0.35000000000000003,3,20035003,88,251669,0.5058673366834171,5.219253300107084
2,250,0.55,0.5,0.35000000000000003,4,20035004,88,250853,0.504227135678392,5.297797900042497
2,250,0.55,0.5,0.35000000000000003,5,20035005,88,248437,0.4993708542713568,5.253786199958995
2,250,0.55,0.5,0.35000000000000003,6,20035006,88,247633,0.49775477386934674,5.170306799933314
2,250,0.55,0.5,0.35000000000000003,7,20035007,88,250756,0.5040321608040201,5.193941899924539
2,250,0.55,0.5,0.35000000000000003,8,20035008,88,250642,0.5038030150753768,5.124128900002688
2,250,0.55,0.5,0.35000000000000003,9,20035009,88,253401,0.509348743718593,5.154835699941032
2,250,0.55,0.5,0.35000000000000003,10,20035010,88,256561,0.5157005025125628,5.321959299966693
2,250,0.55,0.5,0.35000000000000003,11,20035011,88,249796,0.502102512562814,5.277201100019738
2,250,0.55,0.5,0.35000000000000003,12,20035012,88,251795,0.5061206030150753,5.319687100010924
2,250,0.55,0.5,0.35000000000000003,13,20035013,88,251340,0.5052060301507537,5.2432602000189945
2,250,0.55,0.5,0.35000000000000003,14,20035014,88,248031,0.4985547738693467,5.34146599995438
2,250,0.55,0.5,0.35000000000000003,15,20035015,88,251697,0.5059236180904523,5.334199300035834
2,250,0.55,0.5,0.35000000000000003,16,20035016,88,247809,0.49810854271356786,5.252257199957967
2,250,0.55,0.5,0.35000000000000003,17,20035017,88,252636,0.5078110552763819,5.256578599917702
2,250,0.55,0.5,0.35000000000000003,18,20035018,88,249865,0.5022412060301508,5.248780700028874
2,250,0.55,0.5,0.35000000000000003,19,20035019,88,249823,0.502156783919598,5.216911300085485
2,250,0.55,0.5,0.35000000000000003,20,20035020,88,248787,0.5000743718592965,5.3155314000323415
2,250,0.55,0.5,0.35000000000000003,21,20035021,88,249711,0.5019316582914572,5.26359039999079
2,250,0.55,0.5,0.35000000000000003,22,20035022,88,250705,0.503929648241206,5.287390700075775
2,250,0.55,0.5,0.35000000000000003,23,20035023,88,248825,0.5001507537688442,5.1772943000542
2,250,0.55,0.5,0.35000000000000003,24,20035024,88,249989,0.5024904522613065,5.330573400016874
2,250,0.55,0.5,0.35000000000000003,25,20035025,88,251296,0.5051175879396985,5.176442399970256
2,250,0.55,0.5,0.35000000000000003,26,20035026,88,249742,0.5019939698492463,5.224118100013584
2,250,0.55,0.5,0.35000000000000003,27,20035027,88,249388,0.5012824120603016,5.24076650000643
2,250,0.55,0.5,0.35000000000000003,28,20035028,88,249000,0.5005025125628141,5.256545100011863
2,250,0.55,0.5,0.35000000000000003,29,20035029,88,249714,0.5019376884422111,5.116902000037953
2,250,0.55,0.5,0.35000000000000003,30,20035030,88,250593,0.5037045226130653,5.190947900060564
2,250,0.55,0.5,0.35000000000000003,31,20035031,88,248782,0.5000643216080402,5.272662200033665
2,250,0.55,0.5,0.35000000000000003,32,20035032,88,249545,0.5015979899497487,5.131315800012089
2,250,0.55,0.5,0.35000000000000003,33,20035033,88,250785,0.5040904522613066,5.3879095000447705
2,250,0.55,0.5,0.35000000000000003,34,20035034,88,248631,0.4997608040201005,5.319302199990489
2,250,0.55,0.5,0.35000000000000003,35,20035035,88,248061,0.49861507537688443,5.171867899945937
2,250,0.55,0.5,0.35000000000000003,36,20035036,88,252126,0.5067859296482412,5.412420799955726
2,250,0.55,0.5,0.35000000000000003,37,20035037,88,251635,0.5057989949748743,4.874155199970119
2,250,0.55,0.5,0.35000000000000003,38,20035038,88,250537,0.503591959798995,4.892734900000505
2,250,0.55,0.5,0.35000000000000003,39,20035039,88,251778,0.5060864321608041,4.972805100027472
2,250,0.55,0.5,0.35000000000000003,40,20035040,88,250554,0.5036261306532663,5.274967000004835
2,250,0.55,0.5,0.35000000000000003,41,20035041,88,251068,0.504659296482412,5.11541650001891
2,250,0.55,0.5,0.35000000000000003,42,20035042,88,251133,0.5047899497487437,5.261105700046755
2,250,0.55,0.5,0.35000000000000003,43,20035043,88,250835,0.5041909547738693,5.294181500095874
2,250,0.55,0.5,0.35000000000000003,44,20035044,88,252758,0.5080562814070352,5.282079100026749
2,250,0.55,0.5,0.35000000000000003,45,20035045,88,249759,0.5020281407035175,5.292870900011621
2,250,0.55,0.5,0.35000000000000003,46,20035046,88,249822,0.5021547738693467,5.286511000012979
2,250,0.55,0.5,0.35000000000000003,47,20035047,88,249790,0.5020904522613066,5.206212699995376
2,250,0.55,0.5,0.35000000000000003,48,20035048,88,248335,0.49916582914572866,5.331014800001867
2,250,0.55,0.5,0.35000000000000003,49,20035049,88,250479,0.5034753768844221,5.258879599976353
2,250,0.55,0.5,0.35000000000000003,50,20035050,88,252711,0.5079618090452261,5.157826899900101
2,250,0.55,0.5,0.35000000000000003,51,20035051,88,256643,0.5158653266331659,5.282221500063315
2,250,0.55,0.5,0.35000000000000003,52,20035052,88,247650,0.49778894472361807,5.237963699968532
2,250,0.55,0.5,0.35000000000000003,53,20035053,88,247439,0.497364824120603,5.228806200088002
2,250,0.55,0.5,0.35000000000000003,54,20035054,88,248797,0.500094472361809,5.111007799976505
2,250,0.55,0.5,0.35000000000000003,55,20035055,88,251587,0.5057025125628141,5.265554300043732
2,250,0.55,0.5,0.35000000000000003,56,20035056,88,250760,0.5040402010050251,5.133904399932362
2,250,0.55,0.5,0.35000000000000003,57,20035057,88,253753,0.5100562814070352,5.248861900065094
2,250,0.55,0.5,0.35000000000000003,58,20035058,88,251661,0.505851256281407,5.275147499982268
2,250,0.55,0.5,0.35000000000000003,59,20035059,88,250908,0.504337688442211,5.19026770000346
2,250,0.55,0.5,0.35000000000000003,60,20035060,88,249782,0.5020743718592965,5.284416100010276
2,250,0.55,0.5,0.35000000000000003,61,20035061,88,248042,0.49857688442211057,5.191624099970795
2,250,0.55,0.5,0.35000000000000003,62,20035062,88,250957,0.5044361809045226,5.303357099997811
2,250,0.55,0.5,0.35000000000000003,63,20035063,88,257707,0.5180040201005025,5.240064800018445
2,250,0.55,0.5,0.35000000000000003,64,20035064,88,249591,0.5016904522613065,5.200624299934134
2,250,0.55,0.5,0.35000000000000003,65,20035065,88,249746,0.5020020100502512,5.636793999932706
2,250,0.55,0.5,0.35000000000000003,66,20035066,88,248750,0.5,5.620151800103486
2,250,0.55,0.5,0.35000000000000003,67,20035067,88,252443,0.5074231155778894,5.660686100018211
2,250,0.55,0.5,0.35000000000000003,68,20035068,88,252802,0.5081447236180905,5.698645299999043
2,250,0.55,0.5,0.35000000000000003,69,20035069,88,256854,0.5162894472361809,5.254723999998532
2,250,0.55,0.5,0.35000000000000003,70,20035070,88,249845,0.5022010050251257,4.867345099919476
2,250,0.55,0.5,0.35000000000000003,71,20035071,88,252881,0.5083035175879397,5.2551594999386
2,250,0.55,0.5,0.35000000000000003,72,20035072,88,249014,0.5005306532663316,4.939357099938206
2,250,0.55,0.5,0.35000000000000003,73,20035073,88,248527,0.49955175879396985,4.94069399998989
2,250,0.55,0.5,0.35000000000000003,74,20035074,88,249073,0.5006492462311558,5.22088649997022
2,250,0.55,0.5,0.35000000000000003,75,20035075,88,252867,0.5082753768844221,5.296808399958536
2,250,0.55,0.5,0.35000000000000003,76,20035076,88,251419,0.505364824120603,5.192225100006908
2,250,0.55,0.5,0.35000000000000003,77,20035077,88,248592,0.4996824120603015,5.187400900060311
2,250,0.55,0.5,0.35000000000000003,78,20035078,88,248491,0.4994793969849246,5.16632370010484
2,250,0.55,0.5,0.35000000000000003,79,20035079,88,249447,0.5014010050251256,5.225041899946518
2,250,0.55,0.5,0.35000000000000003,80,20035080,88,247580,0.49764824120603013,5.188783099991269
2,250,0.55,0.5,0.35000000000000003,81,20035081,88,249668,0.5018452261306533,5.2518796001095325
2,250,0.55,0.5,0.35000000000000003,82,20035082,88,250384,0.5032844221105528,5.185940700001083
2,250,0.55,0.5,0.35000000000000003,83,20035083,88,250901,0.5043236180904522,5.24080759997014
2,250,0.55,0.5,0.35000000000000003,84,20035084,88,257363,0.5173125628140703,5.21687020000536
2,250,0.55,0.5,0.35000000000000003,85,20035085,88,250895,0.5043115577889448,5.1942196999443695
2,250,0.55,0.5,0.35000000000000003,86,20035086,88,253907,0.5103658291457286,5.209969800082035
2,250,0.55,0.5,0.35000000000000003,87,20035087,88,248909,0.5003195979899497,5.196800799923949
2,250,0.55,0.5,0.35000000000000003,88,20035088,88,248827,0.5001547738693467,5.242751199984923
2,250,0.55,0.5,0.35000000000000003,89,20035089,88,248408,0.4993125628140703,5.14238179998938
2,250,0.55,0.5,0.35000000000000003,90,20035090,88,251986,0.5065045226130653,5.178071199916303
2,250,0.55,0.5,0.35000000000000003,91,20035091,88,251753,0.5060361809045226,5.147515999968164
2,250,0.55,0.5,0.35000000000000003,92,20035092,88,249923,0.5023577889447236,5.310815699980594
2,250,0.55,0.5,0.35000000000000003,93,20035093,88,251492,0.5055115577889447,5.1504003999289125
2,250,0.55,0.5,0.35000000000000003,94,20035094,88,251102,0.5047276381909548,5.199063899926841
2,250,0.55,0.5,0.35000000000000003,95,20035095,88,251730,0.5059899497487437,5.282852599979378
2,250,0.55,0.5,0.35000000000000003,96,20035096,88,249689,0.5018874371859297,5.243758999975398
2,250,0.55,0.5,0.35000000000000003,97,20035097,88,249704,0.5019175879396985,5.2561226999387145
2,250,0.55,0.5,0.35000000000000003,98,20035098,88,250996,0.5045145728643216,5.204243899905123
2,250,0.55,0.5,0.35000000000000003,99,20035099,88,249784,0.502078391959799,5.1602138000307605
2,250,0.55,0.5,0.4,0,20040000,100,254743,0.5120462311557789,5.291276599979028
2,250,0.55,0.5,0.4,1,20040001,100,250995,0.5045125628140703,5.126022099982947
2,250,0.55,0.5,0.4,2,20040002,100,259468,0.5215437185929648,5.27416750008706
2,250,0.55,0.5,0.4,3,20040003,100,251599,0.5057266331658291,5.2411633000010625
2,250,0.55,0.5,0.4,4,20040004,100,252088,0.5067095477386935,5.148371300077997
2,250,0.55,0.5,0.4,5,20040005,100,249030,0.5005628140703517,5.318342100013979
2,250,0.55,0.5,0.4,6,20040006,100,248898,0.5002974874371859,5.3315817000111565
2,250,0.55,0.5,0.4,7,20040007,100,252830,0.5082010050251257,5.394567199982703
2,250,0.55,0.5,0.4,8,20040008,100,251802,0.5061346733668342,5.402838499983773
2,250,0.55,0.5,0.4,9,20040009,100,249695,0.5018994974874372,5.259891599998809
2,250,0.55,0.5,0.4,10,20040010,100,250357,0.5032301507537689,5.176749399979599
2,250,0.55,0.5,0.4,11,20040011,100,252674,0.5078874371859297,5.3414741000160575
2,250,0.55,0.5,0.4,12,20040012,100,254907,0.5123758793969849,5.133648700080812
2,250,0.55,0.5,0.4,13,20040013,100,250787,0.504094472361809,5.531771600013599
2,250,0.55,0.5,0.4,14,20040014,100,250691,0.5039015075376885,5.218046800000593
2,250,0.55,0.5,0.4,15,20040015,100,255840,0.514251256281407,5.1784289999632165
2,250,0.55,0.5,0.4,16,20040016,100,254862,0.5122854271356784,5.592607600032352
2,250,0.55,0.5,0.4,17,20040017,100,248738,0.4999758793969849,5.218199099996127
2,250,0.55,0.5,0.4,18,20040018,100,252818,0.5081768844221105,5.520913799991831
2,250,0.55,0.5,0.4,19,20040019,100,251955,0.5064422110552764,5.52092719997745
2,250,0.55,0.5,0.4,20,20040020,100,251732,0.5059939698492463,5.249655399937183
2,250,0.55,0.5,0.4,21,20040021,100,248839,0.5001788944723619,5.275554900057614
2,250,0.55,0.5,0.4,22,20040022,100,253837,0.5102251256281407,5.196257499977946
2,250,0.55,0.5,0.4,23,20040023,100,253891,0.5103336683417086,5.16168449993711
2,250,0.55,0.5,0.4,24,20040024,100,249906,0.5023236180904522,5.288325600093231
2,250,0.55,0.5,0.4,25,20040025,100,252042,0.5066170854271357,5.200899999937974
2,250,0.55,0.5,0.4,26,20040026,100,253009,0.5085608040201005,5.215258799958974
2,250,0.55,0.5,0.4,27,20040027,100,251902,0.5063356783919598,5.1784207000164315
2,250,0.55,0.5,0.4,28,20040028,100,249806,0.5021226130653267,5.23428309999872
2,250,0.55,0.5,0.4,29,20040029,100,254810,0.5121809045226131,5.233037900063209
2,250,0.55,0.5,0.4,30,20040030,100,250787,0.504094472361809,5.300683100009337
2,250,0.55,0.5,0.4,31,20040031,100,254741,0.5120422110552764,5.2284008000278845
2,250,0.55,0.5,0.4,32,20040032,100,254000,0.5105527638190954,5.16527999995742
2,250,0.55,0.5,0.4,33,20040033,100,247857,0.49820502512562814,5.133543099975213
2,250,0.55,0.5,0.4,34,20040034,100,258868,0.5203376884422111,5.16961830004584
2,250,0.55,0.5,0.4,35,20040035,100,248945,0.500391959798995,5.250896999961697
2,250,0.55,0.5,0.4,36,20040036,100,253052,0.5086472361809046,5.300998500082642
2,250,0.55,0.5,0.4,37,20040037,100,254832,0.5122251256281407,5.2695686999941245
2,250,0.55,0.5,0.4,38,20040038,100,257609,0.5178070351758794,5.265670199994929
2,250,0.55,0.5,0.4,39,20040039,100,250332,0.5031798994974874,5.315404299995862
2,250,0.55,0.5,0.4,40,20040040,100,250086,0.5026854271356784,5.312492199940607
2,250,0.55,0.5,0.4,41,20040041,100,255020,0.5126030150753769,5.335332099930383
2,250,0.55,0.5,0.4,42,20040042,100,251821,0.506172864321608,5.280862900079228
2,250,0.55,0.5,0.4,43,20040043,100,255640,0.5138492462311558,5.267108700005338
2,250,0.55,0.5,0.4,44,20040044,100,252717,0.5079738693467337,5.201342100044712
2,250,0.55,0.5,0.4,45,20040045,100,250875,0.5042713567839195,5.268374299979769
2,250,0.55,0.5,0.4,46,20040046,100,252055,0.506643216080402,5.298003599978983
2,250,0.55,0.5,0.4,47,20040047,100,255889,0.5143497487437186,5.286163500044495
2,250,0.55,0.5,0.4,48,20040048,100,248847,0.5001949748743718,5.264555100002326
2,250,0.55,0.5,0.4,49,20040049,100,249562,0.5016321608040201,5.168005399988033
2,250,0.55,0.5,0.4,50,20040050,100,252602,0.5077427135678392,5.191750800004229
2,250,0.55,0.5,0.4,51,20040051,100,254543,0.5116442211055277,5.210730600054376
2,250,0.55,0.5,0.4,52,20040052,100,250792,0.5041045226130654,5.236293499940075
2,250,0.55,0.5,0.4,53,20040053,100,250533,0.50358391959799,5.175051699974574
2,250,0.55,0.5,0.4,54,20040054,100,254025,0.5106030150753769,5.162488000001758
2,250,0.55,0.5,0.4,55,20040055,100,251778,0.5060864321608041,5.208356900024228
2,250,0.55,0.5,0.4,56,20040056,100,249768,0.5020462311557788,5.153584799962118
2,250,0.55,0.5,0.4,57,20040057,100,250834,0.5041889447236181,5.221221000072546
2,250,0.55,0.5,0.4,58,20040058,100,256264,0.5151035175879397,5.264921399997547
2,250,0.55,0.5,0.4,59,20040059,100,249508,0.5015236180904523,5.212633899995126
2,250,0.55,0.5,0.4,60,20040060,100,247867,0.4982251256281407,5.149726100033149
2,250,0.55,0.5,0.4,61,20040061,100,248861,0.5002231155778895,5.25841779995244
2,250,0.55,0.5,0.4,62,20040062,100,253031,0.5086050251256281,5.180920899962075
2,250,0.55,0.5,0.4,63,20040063,100,252495,0.5075276381909548,5.253660399932414
2,250,0.55,0.5,0.4,64,20040064,100,250561,0.5036402010050252,5.238421299960464
2,250,0.55,0.5,0.4,65,20040065,100,252867,0.5082753768844221,5.143936999957077
2,250,0.55,0.5,0.4,66,20040066,100,250952,0.5044261306532664,5.141319499933161
2,250,0.55,0.5,0.4,67,20040067,100,249593,0.5016944723618091,5.197936599957757
2,250,0.55,0.5,0.4,68,20040068,100,253569,0.509686432160804,5.224145400105044
2,250,0.55,0.5,0.4,69,20040069,100,251948,0.5064281407035176,5.192578500020318
2,250,0.55,0.5,0.4,70,20040070,100,248430,0.499356783919598,5.182890699943528
2,250,0.55,0.5,0.4,71,20040071,100,249453,0.5014130653266332,5.197584599955007
2,250,0.55,0.5,0.4,72,20040072,100,249032,0.5005668341708542,5.14517989999149
2,250,0.55,0.5,0.4,73,20040073,100,256749,0.516078391959799,5.157522200024687
2,250,0.55,0.5,0.4,74,20040074,100,253701,0.5099517587939698,5.21880080003757
2,250,0.55,0.5,0.4,75,20040075,100,257598,0.5177849246231155,5.231330099981278
2,250,0.55,0.5,0.4,76,20040076,100,253789,0.5101286432160804,5.200192900025286
2,250,0.55,0.5,0.4,77,20040077,100,247958,0.49840804020100504,5.1827734999824315
2,250,0.55,0.5,0.4,78,20040078,100,258870,0.5203417085427136,5.268011700012721
2,250,0.55,0.5,0.4,79,20040079,100,251718,0.5059658291457286,5.200003599980846
2,250,0.55,0.5,0.4,80,20040080,100,252747,0.5080341708542714,5.177161599975079
2,250,0.55,0.5,0.4,81,20040081,100,251388,0.5053025125628141,5.199872999917716
2,250,0.55,0.5,0.4,82,20040082,100,250906,0.5043336683417086,5.185575900017284
2,250,0.55,0.5,0.4,83,20040083,100,253820,0.5101909547738693,5.220999100012705
2,250,0.55,0.5,0.4,84,20040084,100,249854,0.502219095477387,5.192647099960595
2,250,0.55,0.5,0.4,85,20040085,100,249285,0.5010753768844222,5.223267400055192
2,250,0.55,0.5,0.4,86,20040086,100,249590,0.5016884422110552,5.183630999992602
2,250,0.55,0.5,0.4,87,20040087,100,250782,0.5040844221105527,5.2686132999369875
2,250,0.55,0.5,0.4,88,20040088,100,247875,0.49824120603015076,5.209159099962562
2,250,0.55,0.5,0.4,89,20040089,100,252415,0.5073668341708543,5.186036100029014
2,250,0.55,0.5,0.4,90,20040090,100,251458,0.505443216080402,5.179264800040983
2,250,0.55,0.5,0.4,91,20040091,100,247770,0.49803015075376883,5.177236100076698
2,250,0.55,0.5,0.4,92,20040092,100,252934,0.5084100502512563,5.191027299966663
2,250,0.55,0.5,0.4,93,20040093,100,250866,0.5042532663316583,5.233029600000009
2,250,0.55,0.5,0.4,94,20040094,100,249825,0.5021608040201005,5.233158100047149
2,250,0.55,0.5,0.4,95,20040095,100,253026,0.5085949748743719,5.180677099968307
2,250,0.55,0.5,0.4,96,20040096,100,252759,0.5080582914572864,5.24281660001725
2,250,0.55,0.5,0.4,97,20040097,100,250715,0.5039497487437186,5.277169100008905
2,250,0.55,0.5,0.4,98,20040098,100,248966,0.5004341708542713,5.175199800054543
2,250,0.55,0.5,0.4,99,20040099,100,257808,0.5182070351758794,5.276613499969244
2,250,0.55,0.5,0.45,0,20045000,112,254711,0.5119819095477387,5.186846500029787
2,250,0.55,0.5,0.45,1,20045001,112,253786,0.5101226130653266,5.268144499976188
2,250,0.55,0.5,0.45,2,20045002,112,252800,0.5081407035175879,5.154458999983035
2,250,0.55,0.5,0.45,3,20045003,112,264835,0.5323316582914572,5.315365199930966
2,250,0.55,0.5,0.45,4,20045004,112,248929,0.5003597989949748,5.1599774999776855
2,250,0.55,0.5,0.45,5,20045005,112,251585,0.5056984924623116,5.1991902000736445
2,250,0.55,0.5,0.45,6,20045006,112,254720,0.512,5.1957408000016585
2,250,0.55,0.5,0.45,7,20045007,112,264678,0.5320160804020101,5.283299100003205
2,250,0.55,0.5,0.45,8,20045008,112,253999,0.5105507537688442,5.321404200047255
2,250,0.55,0.5,0.45,9,20045009,112,253958,0.5104683417085427,5.250238099950366
2,250,0.55,0.5,0.45,10,20045010,112,250044,0.5026010050251256,5.274989599944092
2,250,0.55,0.5,0.45,11,20045011,112,251723,0.505975879396985,5.238500899984501
2,250,0.55,0.5,0.45,12,20045012,112,255028,0.5126190954773869,5.248667900101282
2,250,0.55,0.5,0.45,13,20045013,112,249756,0.5020221105527638,5.212766000069678
2,250,0.55,0.5,0.45,14,20045014,112,254057,0.5106673366834171,5.470986500033177
2,250,0.55,0.5,0.45,15,20045015,112,249910,0.5023316582914573,5.425119400024414
2,250,0.55,0.5,0.45,16,20045016,112,253899,0.5103497487437186,5.405830699950457
2,250,0.55,0.5,0.45,17,20045017,112,251217,0.5049587939698492,5.356253299978562
2,250,0.55,0.5,0.45,18,20045018,112,253588,0.5097246231155779,5.217419599997811
2,250,0.55,0.5,0.45,19,20045019,112,250370,0.5032562814070352,5.200873399968259
2,250,0.55,0.5,0.45,20,20045020,112,252042,0.5066170854271357,5.138233399949968
2,250,0.55,0.5,0.45,21,20045021,112,255873,0.5143175879396985,5.238108900026418
2,250,0.55,0.5,0.45,22,20045022,112,256723,0.5160261306532663,5.155791600001976
2,250,0.55,0.5,0.45,23,20045023,112,251574,0.5056763819095478,5.238980800029822
2,250,0.55,0.5,0.45,24,20045024,112,255593,0.5137547738693468,5.159820800065063
2,250,0.55,0.5,0.45,25,20045025,112,259601,0.5218110552763819,5.202667500008829
2,250,0.55,0.5,0.45,26,20045026,112,252009,0.5065507537688442,5.231961100012995
2,250,0.55,0.5,0.45,27,20045027,112,255468,0.5135035175879397,5.266594400047325
2,250,0.55,0.5,0.45,28,20045028,112,253962,0.5104763819095477,5.206228700000793
2,250,0.55,0.5,0.45,29,20045029,112,257740,0.518070351758794,5.299051700043492
2,250,0.55,0.5,0.45,30,20045030,112,259669,0.5219477386934673,5.252444099984132
2,250,0.55,0.5,0.45,31,20045031,112,254904,0.5123698492462312,5.2667249999940395
2,250,0.55,0.5,0.45,32,20045032,112,253553,0.5096542713567839,5.271572099998593
2,250,0.55,0.5,0.45,33,20045033,112,249483,0.5014733668341709,5.197130999993533
2,250,0.55,0.5,0.45,34,20045034,112,252805,0.5081507537688442,5.244141699979082
2,250,0.55,0.5,0.45,35,20045035,112,252879,0.5082994974874372,5.24326400004793
2,250,0.55,0.5,0.45,36,20045036,112,254886,0.5123336683417086,5.3247299999929965
2,250,0.55,0.5,0.45,37,20045037,112,252561,0.5076603015075377,5.2816136999754235
2,250,0.55,0.5,0.45,38,20045038,112,248849,0.5001989949748744,5.28755580005236
2,250,0.55,0.5,0.45,39,20045039,112,247869,0.49822914572864324,5.20068170002196
2,250,0.55,0.5,0.45,40,20045040,112,270747,0.5442150753768844,5.2704434000188485
2,250,0.55,0.5,0.45,41,20045041,112,252616,0.5077708542713568,5.184010499971919
2,250,0.55,0.5,0.45,42,20045042,112,253869,0.5102894472361809,5.223035500035621
2,250,0.55,0.5,0.45,43,20045043,112,248896,0.5002934673366835,5.184740999946371
2,250,0.55,0.5,0.45,44,20045044,112,254918,0.5123979899497487,5.222399799968116
2,250,0.55,0.5,0.45,45,20045045,112,255759,0.5140884422110553,5.258562700008042
2,250,0.55,0.5,0.45,46,20045046,112,255856,0.5142834170854271,5.263194200000726
2,250,0.55,0.5,0.45,47,20045047,112,254004,0.5105608040201005,5.38060689996928
2,250,0.55,0.5,0.45,48,20045048,112,252861,0.5082633165829146,5.199657300021499
2,250,0.55,0.5,0.45,49,20045049,112,253765,0.5100804020100502,5.386379099916667
2,250,0.55,0.5,0.45,50,20045050,112,255913,0.5143979899497487,5.354843099950813
2,250,0.55,0.5,0.45,51,20045051,112,256847,0.5162753768844222,5.264395300066099
2,250,0.55,0.5,0.45,52,20045052,112,254937,0.5124361809045226,5.219125800067559
2,250,0.55,0.5,0.45,53,20045053,112,251029,0.5045809045226131,5.190909099997953
2,250,0.55,0.5,0.45,54,20045054,112,251016,0.5045547738693468,5.3130383000243455
2,250,0.55,0.5,0.45,55,20045055,112,253963,0.510478391959799,5.344209099886939
2,250,0.55,0.5,0.45,56,20045056,112,249949,0.5024100502512563,5.267751900013536
2,250,0.55,0.5,0.45,57,20045057,112,258589,0.5197768844221106,5.420072500011884
2,250,0.55,0.5,0.45,58,20045058,112,255745,0.5140603015075377,5.444775899988599
2,250,0.55,0.5,0.45,59,20045059,112,255808,0.5141869346733668,5.3931302999844775
2,250,0.55,0.5,0.45,60,20045060,112,254974,0.5125105527638191,5.424591800081544
2,250,0.55,0.5,0.45,61,20045061,112,248936,0.5003738693467337,4.804923200048506
2,250,0.55,0.5,0.45,62,20045062,112,251784,0.5060984924623115,5.281988700036891
2,250,0.55,0.5,0.45,63,20045063,112,253972,0.5104964824120602,5.081830400042236
2,250,0.55,0.5,0.45,64,20045064,112,258806,0.5202130653266331,4.994434299995191
2,250,0.55,0.5,0.45,65,20045065,112,249816,0.5021427135678392,5.239415899966843
2,250,0.55,0.5,0.45,66,20045066,112,252838,0.5082170854271357,5.297625600011088
2,250,0.55,0.5,0.45,67,20045067,112,255944,0.5144603015075377,5.445018400088884
2,250,0.55,0.5,0.45,68,20045068,112,261848,0.5263276381909547,5.134070799918845
2,250,0.55,0.5,0.45,69,20045069,112,250866,0.5042532663316583,5.583655099966563
2,250,0.55,0.5,0.45,70,20045070,112,252047,0.5066271356783919,5.410290900035761
2,250,0.55,0.5,0.45,71,20045071,112,249968,0.5024482412060302,5.484073800034821
2,250,0.55,0.5,0.45,72,20045072,112,247981,0.49845427135678394,5.545525299967267
2,250,0.55,0.5,0.45,73,20045073,112,255613,0.5137949748743719,5.389036700013094
2,250,0.55,0.5,0.45,74,20045074,112,256855,0.5162914572864321,5.025540300062858
2,250,0.55,0.5,0.45,75,20045075,112,257657,0.5179035175879397,4.956254899967462
2,250,0.55,0.5,0.45,76,20045076,112,258798,0.5201969849246231,5.303940600017086
2,250,0.55,0.5,0.45,77,20045077,112,255812,0.5141949748743718,5.304015000001527
2,250,0.55,0.5,0.45,78,20045078,112,250858,0.5042371859296483,5.088958200067282
2,250,0.55,0.5,0.45,79,20045079,112,252719,0.5079778894472362,5.291453600046225
2,250,0.55,0.5,0.45,80,20045080,112,254871,0.5123035175879397,5.084635599981993
2,250,0.55,0.5,0.45,81,20045081,112,254917,0.5123959798994975,5.403690700070001
2,250,0.55,0.5,0.45,82,20045082,112,258725,0.5200502512562815,5.407940500066616
2,250,0.55,0.5,0.45,83,20045083,112,257611,0.5178110552763819,5.480502900085412
2,250,0.55,0.5,0.45,84,20045084,112,251963,0.5064582914572864,5.248490900034085
2,250,0.55,0.5,0.45,85,20045085,112,255023,0.5126090452261306,5.4582515000365674
2,250,0.55,0.5,0.45,86,20045086,112,255726,0.5140221105527638,5.214349400019273
2,250,0.55,0.5,0.45,87,20045087,112,254033,0.5106190954773869,5.173250599997118
2,250,0.55,0.5,0.45,88,20045088,112,257061,0.516705527638191,5.232379600056447
2,250,0.55,0.5,0.45,89,20045089,112,248616,0.49973065326633165,4.943710399908014
2,250,0.55,0.5,0.45,90,20045090,112,254895,0.5123517587939699,5.043959500035271
2,250,0.55,0.5,0.45,91,20045091,112,254895,0.5123517587939699,5.111080400063656
2,250,0.55,0.5,0.45,92,20045092,112,252882,0.5083055276381909,5.305035799974576
2,250,0.55,0.5,0.45,93,20045093,112,255674,0.5139175879396984,5.3383971999865025
2,250,0.55,0.5,0.45,94,20045094,112,252766,0.5080723618090452,5.182412900030613
2,250,0.55,0.5,0.45,95,20045095,112,252929,0.5084,5.223787000053562
2,250,0.55,0.5,0.45,96,20045096,112,256569,0.5157165829145729,5.254361999919638
2,250,0.55,0.5,0.45,97,20045097,112,253031,0.5086050251256281,5.212476299959235
2,250,0.55,0.5,0.45,98,20045098,112,255878,0.5143276381909547,5.261595399933867
2,250,0.55,0.5,0.45,99,20045099,112,257792,0.5181748743718593,5.216847900068387
2,250,0.55,0.5,0.5,0,20050000,125,255757,0.5140844221105527,5.216496800072491
2,250,0.55,0.5,0.5,1,20050001,125,255009,0.5125809045226131,5.194138800026849
2,250,0.55,0.5,0.5,2,20050002,125,260574,0.5237668341708542,5.384963599964976
2,250,0.55,0.5,0.5,3,20050003,125,259862,0.5223356783919598,5.224203900084831
2,250,0.55,0.5,0.5,4,20050004,125,258953,0.5205085427135678,5.24115380004514
2,250,0.55,0.5,0.5,5,20050005,125,253767,0.5100844221105527,5.224253399996087
2,250,0.55,0.5,0.5,6,20050006,125,258707,0.5200140703517588,5.303863000008278
2,250,0.55,0.5,0.5,7,20050007,125,253181,0.5089065326633165,5.257006800035015
2,250,0.55,0.5,0.5,8,20050008,125,258964,0.5205306532663316,5.202405199990608
2,250,0.55,0.5,0.5,9,20050009,125,263749,0.530148743718593,5.250826900009997
2,250,0.55,0.5,0.5,10,20050010,125,254588,0.5117346733668342,5.269684699946083
2,250,0.55,0.5,0.5,11,20050011,125,254401,0.5113587939698493,5.257414299994707
2,250,0.55,0.5,0.5,12,20050012,125,257847,0.5182854271356784,5.218857700005174
2,250,0.55,0.5,0.5,13,20050013,125,251962,0.5064562814070351,5.326718800002709
2,250,0.55,0.5,0.5,14,20050014,125,258013,0.5186190954773869,5.218205300043337
2,250,0.55,0.5,0.5,15,20050015,125,255089,0.5127417085427136,5.250313699943945
2,250,0.55,0.5,0.5,16,20050016,125,263457,0.5295618090452261,5.271312900003977
2,250,0.55,0.5,0.5,17,20050017,125,259732,0.5220743718592965,5.262424799962901
2,250,0.55,0.5,0.5,18,20050018,125,254778,0.5121165829145728,5.247020999900997
2,250,0.55,0.5,0.5,19,20050019,125,255861,0.5142934673366835,5.241771799977869
2,250,0.55,0.5,0.5,20,20050020,125,262612,0.5278633165829145,5.195868100039661
2,250,0.55,0.5,0.5,21,20050021,125,256810,0.5162010050251257,5.246840599924326
2,250,0.55,0.5,0.5,22,20050022,125,251040,0.5046030150753769,5.183329900028184
2,250,0.55,0.5,0.5,23,20050023,125,261917,0.5264663316582915,5.261660899966955
2,250,0.55,0.5,0.5,24,20050024,125,254813,0.5121869346733668,5.256864099996164
2,250,0.55,0.5,0.5,25,20050025,125,258444,0.5194854271356784,5.322649099980481
2,250,0.55,0.5,0.5,26,20050026,125,249935,0.5023819095477386,5.259744100039825
2,250,0.55,0.5,0.5,27,20050027,125,259921,0.5224542713567839,5.291832500020973
2,250,0.55,0.5,0.5,28,20050028,125,254088,0.510729648241206,5.292697399971075
2,250,0.55,0.5,0.5,29,20050029,125,255949,0.514470351758794,5.247677000006661
2,250,0.55,0.5,0.5,30,20050030,125,254030,0.5106130653266332,5.2608054000884295
2,250,0.55,0.5,0.5,31,20050031,125,257021,0.5166251256281407,5.263520200038329
2,250,0.55,0.5,0.5,32,20050032,125,257858,0.5183075376884422,5.232224799925461
2,250,0.55,0.5,0.5,33,20050033,125,261000,0.5246231155778894,5.289024200057611
2,250,0.55,0.5,0.5,34,20050034,125,253941,0.5104341708542713,5.323398199980147
2,250,0.55,0.5,0.5,35,20050035,125,255058,0.5126793969849246,5.385441699996591
2,250,0.55,0.5,0.5,36,20050036,125,255909,0.5143899497487437,5.480696800048463
2,250,0.55,0.5,0.5,37,20050037,125,258931,0.5204643216080402,5.149348300066777
2,250,0.55,0.5,0.5,38,20050038,125,261544,0.5257165829145729,5.3512361000757664
2,250,0.55,0.5,0.5,39,20050039,125,251877,0.5062854271356784,5.1956547000445426
2,250,0.55,0.5,0.5,40,20050040,125,254960,0.5124824120603015,5.424800100037828
2,250,0.55,0.5,0.5,41,20050041,125,251754,0.5060381909547739,5.001739099971019
2,250,0.55,0.5,0.5,42,20050042,125,248969,0.5004402010050252,5.4290691000642255
2,250,0.55,0.5,0.5,43,20050043,125,255043,0.5126492462311558,5.416883499943651
2,250,0.55,0.5,0.5,44,20050044,125,255049,0.5126613065326633,4.966911400086246
2,250,0.55,0.5,0.5,45,20050045,125,251912,0.5063557788944724,5.172809100011364
2,250,0.55,0.5,0.5,46,20050046,125,254816,0.5121929648241206,5.207840500050224
2,250,0.55,0.5,0.5,47,20050047,125,252079,0.5066914572864322,5.064798700041138
2,250,0.55,0.5,0.5,48,20050048,125,255802,0.5141748743718593,5.366203699959442
2,250,0.55,0.5,0.5,49,20050049,125,256661,0.5159015075376885,5.191300999955274
2,250,0.55,0.5,0.5,50,20050050,125,252107,0.5067477386934673,5.19867409998551
2,250,0.55,0.5,0.5,51,20050051,125,253040,0.5086231155778894,5.157962299999781
2,250,0.55,0.5,0.5,52,20050052,125,257963,0.5185185929648242,5.214469300000928
2,250,0.55,0.5,0.5,53,20050053,125,257928,0.5184482412060302,5.188570400001481
2,250,0.55,0.5,0.5,54,20050054,125,269713,0.5421366834170854,5.284444999997504
2,250,0.55,0.5,0.5,55,20050055,125,250791,0.504102512562814,5.1924246000126
2,250,0.55,0.5,0.5,56,20050056,125,250945,0.5044120603015075,5.214310500072315
2,250,0.55,0.5,0.5,57,20050057,125,253908,0.5103678391959799,5.2663524999516085
2,250,0.55,0.5,0.5,58,20050058,125,251446,0.505419095477387,5.129227100056596
2,250,0.55,0.5,0.5,59,20050059,125,253865,0.5102814070351759,5.173507099971175
2,250,0.55,0.5,0.5,60,20050060,125,248728,0.49995577889447235,5.1445010000607
2,250,0.55,0.5,0.5,61,20050061,125,249028,0.5005587939698493,5.242699599941261
2,250,0.55,0.5,0.5,62,20050062,125,260685,0.5239899497487437,5.204862199956551
2,250,0.55,0.5,0.5,63,20050063,125,255851,0.5142733668341709,5.194544299971312
2,250,0.55,0.5,0.5,64,20050064,125,255062,0.5126874371859297,5.270406699972227
2,250,0.55,0.5,0.5,65,20050065,125,267725,0.5381407035175879,5.387020400026813
2,250,0.55,0.5,0.5,66,20050066,125,252750,0.5080402010050251,5.185461100074463
2,250,0.55,0.5,0.5,67,20050067,125,260822,0.5242653266331658,5.19802389992401
2,250,0.55,0.5,0.5,68,20050068,125,257009,0.5166010050251256,5.2098243000218645
2,250,0.55,0.5,0.5,69,20050069,125,258542,0.5196824120603015,5.185138799948618
2,250,0.55,0.5,0.5,70,20050070,125,252803,0.5081467336683417,5.20732439996209
2,250,0.55,0.5,0.5,71,20050071,125,252026,0.5065849246231156,5.284054899937473
2,250,0.55,0.5,0.5,72,20050072,125,251910,0.5063517587939699,5.204398400033824
2,250,0.55,0.5,0.5,73,20050073,125,257954,0.5185005025125629,5.208725700038485
2,250,0.55,0.5,0.5,74,20050074,125,256892,0.5163658291457286,5.255218700040132
2,250,0.55,0.5,0.5,75,20050075,125,258613,0.5198251256281406,5.32636820001062
2,250,0.55,0.5,0.5,76,20050076,125,257020,0.5166231155778894,5.188360600033775
2,250,0.55,0.5,0.5,77,20050077,125,252048,0.5066291457286433,5.312879599980079
2,250,0.55,0.5,0.5,78,20050078,125,259861,0.5223336683417086,5.222961300052702
2,250,0.55,0.5,0.5,79,20050079,125,251830,0.5061909547738693,5.311235299916007
2,250,0.55,0.5,0.5,80,20050080,125,256769,0.5161185929648241,5.1613935000495985
2,250,0.55,0.5,0.5,81,20050081,125,253695,0.5099396984924623,5.249432499986142
2,250,0.55,0.5,0.5,82,20050082,125,263865,0.5303819095477387,5.3334415999706835
2,250,0.55,0.5,0.5,83,20050083,125,255847,0.5142653266331658,5.3656895000021905
2,250,0.55,0.5,0.5,84,20050084,125,253772,0.510094472361809,5.2398530000355095
2,250,0.55,0.5,0.5,85,20050085,125,252830,0.5082010050251257,5.22367249999661
2,250,0.55,0.5,0.5,86,20050086,125,250559,0.5036361809045227,5.394480100017972
2,250,0.55,0.5,0.5,87,20050087,125,261893,0.5264180904522613,5.517732599982992
2,250,0.55,0.5,0.5,88,20050088,125,259361,0.5213286432160804,5.584479099954478
2,250,0.55,0.5,0.5,89,20050089,125,256907,0.5163959798994975,5.305835400009528
2,250,0.55,0.5,0.5,90,20050090,125,260898,0.5244180904522613,5.50504690001253
2,250,0.55,0.5,0.5,91,20050091,125,252695,0.507929648241206,5.383508199942298
2,250,0.55,0.5,0.5,92,20050092,125,251999,0.5065306532663316,5.614989900030196
2,250,0.55,0.5,0.5,93,20050093,125,269751,0.5422130653266332,5.467558500007726
2,250,0.55,0.5,0.5,94,20050094,125,256124,0.5148221105527638,5.644882199936546
2,250,0.55,0.5,0.5,95,20050095,125,259928,0.5224683417085427,5.379300400032662
2,250,0.55,0.5,0.5,96,20050096,125,253831,0.5102130653266331,5.209358699969016
2,250,0.55,0.5,0.5,97,20050097,125,250167,0.5028482412060301,5.271868799929507
2,250,0.55,0.5,0.5,98,20050098,125,258613,0.5198251256281406,5.31073699996341
2,250,0.55,0.5,0.5,99,20050099,125,260980,0.5245829145728643,5.33154879999347
2,250,0.55,0.5,0.55,0,20055000,138,251192,0.5049085427135679,5.191791099961847
2,250,0.55,0.5,0.55,1,20055001,138,254308,0.5111718592964825,5.261377000017092
2,250,0.55,0.5,0.55,2,20055002,138,262895,0.5284321608040201,5.323430399992503
2,250,0.55,0.5,0.55,3,20055003,138,255061,0.5126854271356784,5.440577000030316
2,250,0.55,0.5,0.55,4,20055004,138,252827,0.5081949748743718,5.257981600007042
2,250,0.55,0.5,0.55,5,20055005,138,261831,0.5262934673366834,5.038940700003877
2,250,0.55,0.5,0.55,6,20055006,138,265487,0.5336422110552764,5.195936199976131
2,250,0.55,0.5,0.55,7,20055007,138,260108,0.5228301507537688,4.940138799953274
2,250,0.55,0.5,0.55,8,20055008,138,258734,0.5200683417085427,5.2289506999077275
2,250,0.55,0.5,0.55,9,20055009,138,253775,0.5101005025125628,5.182349000009708
2,250,0.55,0.5,0.55,10,20055010,138,256042,0.5146572864321608,4.908166300039738
2,250,0.55,0.5,0.55,11,20055011,138,266792,0.5362653266331658,5.444708199938759
2,250,0.55,0.5,0.55,12,20055012,138,264799,0.5322592964824121,5.39324830006808
2,250,0.55,0.5,0.55,13,20055013,138,251857,0.5062452261306533,5.52104329993017
2,250,0.55,0.5,0.55,14,20055014,138,261936,0.5265045226130654,5.492571800015867
2,250,0.55,0.5,0.55,15,20055015,138,264619,0.5318974874371859,5.40762990002986
2,250,0.55,0.5,0.55,16,20055016,138,254994,0.5125507537688442,5.200517500052229
2,250,0.55,0.5,0.55,17,20055017,138,267870,0.5384321608040201,5.38988499995321
2,250,0.55,0.5,0.55,18,20055018,138,260775,0.5241708542713568,5.178810799960047
2,250,0.55,0.5,0.55,19,20055019,138,259758,0.5221266331658292,5.21617609995883
2,250,0.55,0.5,0.55,20,20055020,138,260894,0.5244100502512563,5.202039199997671
2,250,0.55,0.5,0.55,21,20055021,138,261031,0.5246854271356783,5.251880399999209
2,250,0.55,0.5,0.55,22,20055022,138,256590,0.5157587939698492,5.2633534000488
2,250,0.55,0.5,0.55,23,20055023,138,261597,0.5258231155778894,5.331439499976113
2,250,0.55,0.5,0.55,24,20055024,138,256049,0.5146713567839196,5.246272800024599
2,250,0.55,0.5,0.55,25,20055025,138,256825,0.5162311557788944,5.18100829992909
2,250,0.55,0.5,0.55,26,20055026,138,258890,0.5203819095477387,5.2555243000388145
2,250,0.55,0.5,0.55,27,20055027,138,253978,0.5105085427135678,5.183902499964461
2,250,0.55,0.5,0.55,28,20055028,138,255062,0.5126874371859297,5.299160800059326
2,250,0.55,0.5,0.55,29,20055029,138,256896,0.5163738693467337,5.304778799996711
2,250,0.55,0.5,0.55,30,20055030,138,253764,0.510078391959799,5.2959386999718845
2,250,0.55,0.5,0.55,31,20055031,138,257964,0.5185206030150754,5.208106900099665
2,250,0.55,0.5,0.55,32,20055032,138,260883,0.5243879396984925,5.330990200047381
2,250,0.55,0.5,0.55,33,20055033,138,255964,0.5145005025125629,5.343758399947546
2,250,0.55,0.5,0.55,34,20055034,138,254066,0.5106854271356784,5.247515999944881
2,250,0.55,0.5,0.55,35,20055035,138,261072,0.5247678391959799,5.223293800023384
2,250,0.55,0.5,0.55,36,20055036,138,255741,0.5140522613065327,5.340490199974738
2,250,0.55,0.5,0.55,37,20055037,138,256821,0.5162231155778895,5.344205699977465
2,250,0.55,0.5,0.55,38,20055038,138,264842,0.532345728643216,5.3901604999555275
2,250,0.55,0.5,0.55,39,20055039,138,254718,0.5119959798994975,5.197866800008342
2,250,0.55,0.5,0.55,40,20055040,138,252060,0.5066532663316583,5.17644199996721
2,250,0.55,0.5,0.55,41,20055041,138,253906,0.5103638190954773,5.3868105000583455
2,250,0.55,0.5,0.55,42,20055042,138,254020,0.5105929648241206,5.3207569000078365
2,250,0.55,0.5,0.55,43,20055043,138,254955,0.5124723618090452,5.329976600012742
2,250,0.55,0.5,0.55,44,20055044,138,261946,0.5265246231155779,5.525134600000456
2,250,0.55,0.5,0.55,45,20055045,138,266813,0.5363075376884422,5.3811032000230625
2,250,0.55,0.5,0.55,46,20055046,138,264555,0.5317688442211055,5.35053259995766
2,250,0.55,0.5,0.55,47,20055047,138,267318,0.5373226130653266,5.330048999981955
2,250,0.55,0.5,0.55,48,20055048,138,265721,0.5341125628140704,5.432853700011037
2,250,0.55,0.5,0.55,49,20055049,138,253912,0.5103758793969849,5.4115422000177205
2,250,0.55,0.5,0.55,50,20055050,138,263953,0.5305587939698493,5.412410999997519
2,250,0.55,0.5,0.55,51,20055051,138,259123,0.5208502512562814,5.44914429995697
2,250,0.55,0.5,0.55,52,20055052,138,261121,0.5248663316582914,5.355117700062692
2,250,0.55,0.5,0.55,53,20055053,138,247889,0.49826934673366835,5.333628399996087
2,250,0.55,0.5,0.55,54,20055054,138,266635,0.5359497487437186,5.322329399990849
2,250,0.55,0.5,0.55,55,20055055,138,265626,0.5339216080402011,5.291933999978937
2,250,0.55,0.5,0.55,56,20055056,138,257038,0.516659296482412,5.116520499926992
2,250,0.55,0.5,0.55,57,20055057,138,255830,0.5142311557788944,5.112921200110577
2,250,0.55,0.5,0.55,58,20055058,138,256650,0.5158793969849246,5.209984000073746
2,250,0.55,0.5,0.55,59,20055059,138,253841,0.5102331658291457,5.063378100050613
2,250,0.55,0.5,0.55,60,20055060,138,258935,0.5204723618090452,5.412609099992551
2,250,0.55,0.5,0.55,61,20055061,138,250783,0.5040864321608041,5.226505700033158
2,250,0.55,0.5,0.55,62,20055062,138,254056,0.5106653266331659,5.1957951000658795
2,250,0.55,0.5,0.55,63,20055063,138,267647,0.53798391959799,5.341523299925029
2,250,0.55,0.5,0.55,64,20055064,138,252867,0.5082753768844221,5.497004700009711
2,250,0.55,0.5,0.55,65,20055065,138,255958,0.5144884422110553,5.232354199979454
2,250,0.55,0.5,0.55,66,20055066,138,262792,0.5282251256281407,5.46913450001739
2,250,0.55,0.5,0.55,67,20055067,138,254105,0.5107638190954774,5.009296700009145
2,250,0.55,0.5,0.55,68,20055068,138,271908,0.546548743718593,5.072036899975501
2,250,0.55,0.5,0.55,69,20055069,138,251128,0.5047798994974875,5.303540599998087
2,250,0.55,0.5,0.55,70,20055070,138,266839,0.5363597989949749,5.144302399945445
2,250,0.55,0.5,0.55,71,20055071,138,266865,0.5364120603015076,5.254937299992889
2,250,0.55,0.5,0.55,72,20055072,138,260127,0.5228683417085427,5.28980429994408
2,250,0.55,0.5,0.55,73,20055073,138,255892,0.5143557788944724,5.281713199918158
2,250,0.55,0.5,0.55,74,20055074,138,264881,0.532424120603015,5.15261200000532
2,250,0.55,0.5,0.55,75,20055075,138,254883,0.5123276381909547,5.348086399957538
2,250,0.55,0.5,0.55,76,20055076,138,264008,0.5306693467336684,5.265574499964714
2,250,0.55,0.5,0.55,77,20055077,138,264576,0.531811055276382,5.2579054000088945
2,250,0.55,0.5,0.55,78,20055078,138,255185,0.5129346733668342,5.20466100005433
2,250,0.55,0.5,0.55,79,20055079,138,258018,0.5186291457286433,5.244580399943516
2,250,0.55,0.5,0.55,80,20055080,138,252983,0.5085085427135678,5.230264000012539
2,250,0.55,0.5,0.55,81,20055081,138,260740,0.5241005025125628,5.234766500070691
2,250,0.55,0.5,0.55,82,20055082,138,252016,0.506564824120603,5.3595356999430805
2,250,0.55,0.5,0.55,83,20055083,138,266979,0.5366412060301508,5.381000500055961
2,250,0.55,0.5,0.55,84,20055084,138,260604,0.523827135678392,5.3225669000530615
2,250,0.55,0.5,0.55,85,20055085,138,254842,0.5122452261306533,5.2433369000209495
2,250,0.55,0.5,0.55,86,20055086,138,258017,0.5186271356783919,5.292731499997899
2,250,0.55,0.5,0.55,87,20055087,138,264718,0.5320964824120603,5.443270599935204
2,250,0.55,0.5,0.55,88,20055088,138,259086,0.5207758793969849,5.298488199943677
2,250,0.55,0.5,0.55,89,20055089,138,257150,0.5168844221105527,5.35185060009826
2,250,0.55,0.5,0.55,90,20055090,138,266970,0.5366231155778894,5.322523599956185
2,250,0.55,0.5,0.55,91,20055091,138,249751,0.5020120603015076,5.397597200004384
2,250,0.55,0.5,0.55,92,20055092,138,254976,0.5125145728643216,5.465462199994363
2,250,0.55,0.5,0.55,93,20055093,138,260903,0.5244281407035176,5.24944200005848
2,250,0.55,0.5,0.55,94,20055094,138,262681,0.5280020100502513,5.445567999966443
2,250,0.55,0.5,0.55,95,20055095,138,257780,0.5181507537688442,5.370492300018668
2,250,0.55,0.5,0.55,96,20055096,138,255789,0.514148743718593,5.27642490004655
2,250,0.55,0.5,0.55,97,20055097,138,260888,0.5243979899497487,5.413826599949971
2,250,0.55,0.5,0.55,98,20055098,138,256934,0.5164502512562814,5.27547690004576
2,250,0.55,0.5,0.55,99,20055099,138,261029,0.5246814070351759,5.39518820005469
2,250,0.55,0.5,0.6000000000000001,0,20060000,150,259831,0.5222733668341708,5.452656800043769
2,250,0.55,0.5,0.6000000000000001,1,20060001,150,254908,0.5123778894472362,5.246528999996372
2,250,0.55,0.5,0.6000000000000001,2,20060002,150,257874,0.5183396984924623,5.2788509000092745
2,250,0.55,0.5,0.6000000000000001,3,20060003,150,269883,0.542478391959799,5.3708968999562785
2,250,0.55,0.5,0.6000000000000001,4,20060004,150,258125,0.5188442211055276,5.494403899996541
2,250,0.55,0.5,0.6000000000000001,5,20060005,150,255862,0.5142954773869347,5.48552170000039
2,250,0.55,0.5,0.6000000000000001,6,20060006,150,262818,0.5282773869346734,5.223390700062737
2,250,0.55,0.5,0.6000000000000001,7,20060007,150,258094,0.5187819095477387,5.54962470009923
2,250,0.55,0.5,0.6000000000000001,8,20060008,150,259029,0.5206613065326633,5.562624100013636
2,250,0.55,0.5,0.6000000000000001,9,20060009,150,255817,0.5142050251256282,5.13128339999821
2,250,0.55,0.5,0.6000000000000001,10,20060010,150,259976,0.522564824120603,5.62724880001042
2,250,0.55,0.5,0.6000000000000001,11,20060011,150,257897,0.5183859296482413,5.645416300045326
2,250,0.55,0.5,0.6000000000000001,12,20060012,150,274919,0.5526010050251257,5.698155699996278
2,250,0.55,0.5,0.6000000000000001,13,20060013,150,269073,0.5408502512562814,5.109142399975099
2,250,0.55,0.5,0.6000000000000001,14,20060014,150,256982,0.5165467336683417,5.580889299977571
2,250,0.55,0.5,0.6000000000000001,15,20060015,150,264972,0.5326070351758794,5.538409800035879
2,250,0.55,0.5,0.6000000000000001,16,20060016,150,260795,0.5242110552763819,5.29862520005554
2,250,0.55,0.5,0.6000000000000001,17,20060017,150,268043,0.5387798994974874,5.505144900060259
2,250,0.55,0.5,0.6000000000000001,18,20060018,150,261028,0.5246793969849246,5.454070199979469
2,250,0.55,0.5,0.6000000000000001,19,20060019,150,255112,0.5127879396984925,5.285460600047372
2,250,0.55,0.5,0.6000000000000001,20,20060020,150,264916,0.532494472361809,5.450516299926676
2,250,0.55,0.5,0.6000000000000001,21,20060021,150,262973,0.5285889447236181,5.32633260008879
2,250,0.55,0.5,0.6000000000000001,22,20060022,150,258930,0.520462311557789,5.397023599944077
2,250,0.55,0.5,0.6000000000000001,23,20060023,150,261684,0.5259979899497488,5.344852599897422
2,250,0.55,0.5,0.6000000000000001,24,20060024,150,277910,0.5586130653266331,5.291595199960284
2,250,0.55,0.5,0.6000000000000001,25,20060025,150,255829,0.5142291457286432,5.240843800012954
2,250,0.55,0.5,0.6000000000000001,26,20060026,150,257209,0.5170030150753769,5.176869499962777
2,250,0.55,0.5,0.6000000000000001,27,20060027,150,262949,0.528540703517588,5.254548099939711
2,250,0.55,0.5,0.6000000000000001,28,20060028,150,276798,0.5563778894472362,5.306888499995694
2,250,0.55,0.5,0.6000000000000001,29,20060029,150,258000,0.5185929648241207,5.205616899998859
2,250,0.55,0.5,0.6000000000000001,30,20060030,150,264132,0.5309185929648241,5.239571999991313
2,250,0.55,0.5,0.6000000000000001,31,20060031,150,275396,0.5535597989949749,5.261281599989161
2,250,0.55,0.5,0.6000000000000001,32,20060032,150,260003,0.5226190954773869,5.298231499968097
2,250,0.55,0.5,0.6000000000000001,33,20060033,150,271715,0.5461608040201005,5.3395335000241175
2,250,0.55,0.5,0.6000000000000001,34,20060034,150,259945,0.5225025125628141,5.209614500054158
2,250,0.55,0.5,0.6000000000000001,35,20060035,150,256967,0.5165165829145729,5.238471699994989
2,250,0.55,0.5,0.6000000000000001,36,20060036,150,263001,0.5286452261306532,5.3213094000238925
2,250,0.55,0.5,0.6000000000000001,37,20060037,150,259987,0.5225869346733668,5.2603256000438705
2,250,0.55,0.5,0.6000000000000001,38,20060038,150,262015,0.5266633165829145,5.326328399940394
2,250,0.55,0.5,0.6000000000000001,39,20060039,150,265981,0.534635175879397,5.285057800007053
2,250,0.55,0.5,0.6000000000000001,40,20060040,150,264748,0.532156783919598,5.300563800032251
2,250,0.55,0.5,0.6000000000000001,41,20060041,150,262731,0.528102512562814,5.2691867999965325
2,250,0.55,0.5,0.6000000000000001,42,20060042,150,258117,0.5188281407035176,5.240587299922481
2,250,0.55,0.5,0.6000000000000001,43,20060043,150,266013,0.5346994974874372,5.2800813999492675
2,250,0.55,0.5,0.6000000000000001,44,20060044,150,259178,0.5209608040201005,5.2057485999539495
2,250,0.55,0.5,0.6000000000000001,45,20060045,150,263810,0.5302713567839196,5.295464799972251
2,250,0.55,0.5,0.6000000000000001,46,20060046,150,266931,0.5365447236180905,5.289543700055219
2,250,0.55,0.5,0.6000000000000001,47,20060047,150,265890,0.5344522613065327,5.321010100073181
2,250,0.55,0.5,0.6000000000000001,48,20060048,150,253076,0.5086954773869347,5.265197400003672
2,250,0.55,0.5,0.6000000000000001,49,20060049,150,260082,0.5227778894472361,5.20077290001791
2,250,0.55,0.5,0.6000000000000001,50,20060050,150,271975,0.5466834170854271,5.2964174000080675
2,250,0.55,0.5,0.6000000000000001,51,20060051,150,258984,0.5205708542713567,5.484902500058524
2,250,0.55,0.5,0.6000000000000001,52,20060052,150,265864,0.5344,5.460858599981293
2,250,0.55,0.5,0.6000000000000001,53,20060053,150,262909,0.5284603015075376,5.1201391000067815
2,250,0.55,0.5,0.6000000000000001,54,20060054,150,257102,0.5167879396984925,5.206523800035939
2,250,0.55,0.5,0.6000000000000001,55,20060055,150,267920,0.5385326633165829,5.069520100019872
2,250,0.55,0.5,0.6000000000000001,56,20060056,150,256887,0.5163557788944724,5.681680400040932
2,250,0.55,0.5,0.6000000000000001,57,20060057,150,272914,0.5485708542713568,5.4651276000076905
2,250,0.55,0.5,0.6000000000000001,58,20060058,150,259958,0.5225286432160804,5.451563100097701
2,250,0.55,0.5,0.6000000000000001,59,20060059,150,269732,0.5421748743718593,5.602655899943784
2,250,0.55,0.5,0.6000000000000001,60,20060060,150,261899,0.5264301507537689,4.977932899957523
2,250,0.55,0.5,0.6000000000000001,61,20060061,150,256816,0.5162130653266331,5.251101300003938
2,250,0.55,0.5,0.6000000000000001,62,20060062,150,261085,0.5247939698492462,5.691900499979965
2,250,0.55,0.5,0.6000000000000001,63,20060063,150,248114,0.498721608040201,5.012033200007863
2,250,0.55,0.5,0.6000000000000001,64,20060064,150,268858,0.5404180904522613,5.049736200016923
2,250,0.55,0.5,0.6000000000000001,65,20060065,150,263894,0.5304402010050251,5.154998500016518
2,250,0.55,0.5,0.6000000000000001,66,20060066,150,263950,0.5305527638190954,5.038312999997288
2,250,0.55,0.5,0.6000000000000001,67,20060067,150,260030,0.5226733668341709,5.108265700051561
2,250,0.55,0.5,0.6000000000000001,68,20060068,150,260112,0.5228381909547739,5.069740299950354
2,250,0.55,0.5,0.6000000000000001,69,20060069,150,255821,0.5142130653266331,5.252719399984926
2,250,0.55,0.5,0.6000000000000001,70,20060070,150,260645,0.5239095477386935,5.3199175000190735
2,250,0.55,0.5,0.6000000000000001,71,20060071,150,266043,0.5347597989949748,5.5120227000443265
2,250,0.55,0.5,0.6000000000000001,72,20060072,150,268010,0.538713567839196,5.332105500041507
2,250,0.55,0.5,0.6000000000000001,73,20060073,150,259079,0.5207618090452262,5.415558999986388
2,250,0.55,0.5,0.6000000000000001,74,20060074,150,266884,0.5364502512562814,5.392112100031227
2,250,0.55,0.5,0.6000000000000001,75,20060075,150,280807,0.5644361809045226,5.458289200090803
2,250,0.55,0.5,0.6000000000000001,76,20060076,150,269054,0.5408120603015075,5.2944768000161275
2,250,0.55,0.5,0.6000000000000001,77,20060077,150,258000,0.5185929648241207,5.185248699970543
2,250,0.55,0.5,0.6000000000000001,78,20060078,150,265904,0.5344804020100502,5.293115200009197
2,250,0.55,0.5,0.6000000000000001,79,20060079,150,261024,0.5246713567839196,5.246729200007394
2,250,0.55,0.5,0.6000000000000001,80,20060080,150,264898,0.5324582914572864,5.314792299992405
2,250,0.55,0.5,0.6000000000000001,81,20060081,150,262738,0.5281165829145729,5.258369299932383
2,250,0.55,0.5,0.6000000000000001,82,20060082,150,259065,0.5207336683417085,5.182756400085054
2,250,0.55,0.5,0.6000000000000001,83,20060083,150,257767,0.5181246231155779,5.227066399995238
2,250,0.55,0.5,0.6000000000000001,84,20060084,150,259913,0.5224381909547738,5.3000611999304965
2,250,0.55,0.5,0.6000000000000001,85,20060085,150,258905,0.5204120603015076,5.231739000068046
2,250,0.55,0.5,0.6000000000000001,86,20060086,150,254835,0.5122311557788944,5.289841499994509
2,250,0.55,0.5,0.6000000000000001,87,20060087,150,268476,0.5396502512562814,5.2685826000524685
2,250,0.55,0.5,0.6000000000000001,88,20060088,150,248090,0.49867336683417085,5.232715899939649
2,250,0.55,0.5,0.6000000000000001,89,20060089,150,265813,0.534297487437186,5.2977155999979
2,250,0.55,0.5,0.6000000000000001,90,20060090,150,260526,0.523670351758794,5.298701000050642
2,250,0.55,0.5,0.6000000000000001,91,20060091,150,261824,0.5262793969849247,5.203095700009726
2,250,0.55,0.5,0.6000000000000001,92,20060092,150,256079,0.5147316582914573,5.2418470999691635
2,250,0.55,0.5,0.6000000000000001,93,20060093,150,267977,0.5386472361809045,5.178411900065839
2,250,0.55,0.5,0.6000000000000001,94,20060094,150,260052,0.5227175879396985,5.148552099941298
2,250,0.55,0.5,0.6000000000000001,95,20060095,150,266858,0.5363979899497487,5.254165799939074
2,250,0.55,0.5,0.6000000000000001,96,20060096,150,256005,0.5145829145728643,5.168153699953109
2,250,0.55,0.5,0.6000000000000001,97,20060097,150,269037,0.5407778894472361,5.259428700082935
2,250,0.55,0.5,0.6000000000000001,98,20060098,150,269423,0.5415537688442211,5.251428099931218
2,250,0.55,0.5,0.6000000000000001,99,20060099,150,257012,0.5166070351758794,5.1889282000483945
2,250,0.55,0.5,0.65,0,20065000,162,263766,0.5301829145728644,5.2869836000027135
2,250,0.55,0.5,0.65,1,20065001,162,252789,0.5081185929648241,5.220305199967697
2,250,0.55,0.5,0.65,2,20065002,162,265978,0.5346291457286432,5.247368699987419
2,250,0.55,0.5,0.65,3,20065003,162,253784,0.5101185929648241,5.268583599943668
2,250,0.55,0.5,0.65,4,20065004,162,269062,0.5408281407035176,5.203830800019205
2,250,0.55,0.5,0.65,5,20065005,162,287934,0.5787618090452261,5.338705500005744
2,250,0.55,0.5,0.65,6,20065006,162,258043,0.5186793969849246,5.235803100047633
2,250,0.55,0.5,0.65,7,20065007,162,252111,0.5067557788944723,5.190954599995166
2,250,0.55,0.5,0.65,8,20065008,162,278853,0.5605085427135679,5.247996299993247
2,250,0.55,0.5,0.65,9,20065009,162,268930,0.5405628140703518,5.290784800075926
2,250,0.55,0.5,0.65,10,20065010,162,266142,0.5349587939698492,5.256214900058694
2,250,0.55,0.5,0.65,11,20065011,162,260975,0.524572864321608,5.325255999923684
2,250,0.55,0.5,0.65,12,20065012,162,258981,0.520564824120603,5.330680400016718
2,250,0.55,0.5,0.65,13,20065013,162,270892,0.5445065326633166,5.300504700047895
2,250,0.55,0.5,0.65,14,20065014,162,264858,0.5323778894472362,5.361697899992578
2,250,0.55,0.5,0.65,15,20065015,162,262943,0.5285286432160804,5.238693599938415
2,250,0.55,0.5,0.65,16,20065016,162,256075,0.5147236180904523,5.488932400010526
2,250,0.55,0.5,0.65,17,20065017,162,263715,0.5300804020100502,5.2854499000823125
2,250,0.55,0.5,0.65,18,20065018,162,275080,0.5529246231155779,5.285796100040898
2,250,0.55,0.5,0.65,19,20065019,162,267934,0.5385608040201005,5.272486500092782
2,250,0.55,0.5,0.65,20,20065020,162,260023,0.522659296482412,5.201820299960673
2,250,0.55,0.5,0.65,21,20065021,162,261036,0.5246954773869347,5.209298600093462
2,250,0.55,0.5,0.65,22,20065022,162,267902,0.5384964824120603,5.414472899981774
2,250,0.55,0.5,0.65,23,20065023,162,271935,0.5466030150753769,5.409427999984473
2,250,0.55,0.5,0.65,24,20065024,162,266903,0.5364884422110553,5.947170899948105
2,250,0.55,0.5,0.65,25,20065025,162,276558,0.5558954773869347,5.676200999994762
2,250,0.55,0.5,0.65,26,20065026,162,271810,0.5463517587939698,5.13063900009729
2,250,0.55,0.5,0.65,27,20065027,162,263971,0.5305949748743719,5.663399599958211
2,250,0.55,0.5,0.65,28,20065028,162,274709,0.5521788944723618,5.222367099951953
2,250,0.55,0.5,0.65,29,20065029,162,257917,0.5184261306532664,5.415303600020707
2,250,0.55,0.5,0.65,30,20065030,162,255176,0.5129165829145729,5.227240899926983
2,250,0.55,0.5,0.65,31,20065031,162,275868,0.5545085427135679,5.222793999942951
2,250,0.55,0.5,0.65,32,20065032,162,271478,0.5456844221105528,5.275398400030099
2,250,0.55,0.5,0.65,33,20065033,162,263113,0.5288703517587939,5.317010400001891
2,250,0.55,0.5,0.65,34,20065034,162,276750,0.5562814070351759,5.436546799959615
2,250,0.55,0.5,0.65,35,20065035,162,267831,0.5383537688442211,5.306935700005852
2,250,0.55,0.5,0.65,36,20065036,162,264012,0.5306773869346734,5.243220500065945
2,250,0.55,0.5,0.65,37,20065037,162,262066,0.5267658291457287,5.2426511000376195
2,250,0.55,0.5,0.65,38,20065038,162,263016,0.5286753768844221,5.363117999979295
2,250,0.55,0.5,0.65,39,20065039,162,271881,0.546494472361809,5.32109159999527
2,250,0.55,0.5,0.65,40,20065040,162,254080,0.510713567839196,5.356197700020857
2,250,0.55,0.5,0.65,41,20065041,162,274699,0.5521587939698492,5.34386539994739
2,250,0.55,0.5,0.65,42,20065042,162,271848,0.5464281407035176,5.32574460003525
2,250,0.55,0.5,0.65,43,20065043,162,269929,0.5425708542713568,5.2761858000885695
2,250,0.55,0.5,0.65,44,20065044,162,269864,0.5424402010050251,5.267937000025995
2,250,0.55,0.5,0.65,45,20065045,162,270048,0.5428100502512563,5.220347800059244
2,250,0.55,0.5,0.65,46,20065046,162,259921,0.5224542713567839,5.111466299975291
2,250,0.55,0.5,0.65,47,20065047,162,274920,0.5526030150753769,5.200189800001681
2,250,0.55,0.5,0.65,48,20065048,162,270976,0.5446753768844221,4.975901199970394
2,250,0.55,0.5,0.65,49,20065049,162,281587,0.5660040201005025,5.146635299897753
2,250,0.55,0.5,0.65,50,20065050,162,260021,0.5226552763819096,4.954911299981177
2,250,0.55,0.5,0.65,51,20065051,162,265835,0.5343417085427136,5.062488799914718
2,250,0.55,0.5,0.65,52,20065052,162,264854,0.5323698492462312,5.031920299981721
2,250,0.55,0.5,0.65,53,20065053,162,279668,0.5621467336683417,5.006921899970621
2,250,0.55,0.5,0.65,54,20065054,162,278621,0.5600422110552764,5.149771200027317
2,250,0.55,0.5,0.65,55,20065055,162,269057,0.5408180904522613,4.725235300022177
2,250,0.55,0.5,0.65,56,20065056,162,257174,0.5169326633165829,4.915398400044069
2,250,0.55,0.5,0.65,57,20065057,162,264995,0.5326532663316583,5.018287200015038
2,250,0.55,0.5,0.65,58,20065058,162,262070,0.5267738693467336,4.8891178000485525
2,250,0.55,0.5,0.65,59,20065059,162,273845,0.5504422110552764,4.964763500029221
2,250,0.55,0.5,0.65,60,20065060,162,265905,0.5344824120603016,5.013202799949795
2,250,0.55,0.5,0.65,61,20065061,162,264891,0.5324442211055277,4.843956899945624
2,250,0.55,0.5,0.65,62,20065062,162,263904,0.5304603015075376,5.024308099993505
2,250,0.55,0.5,0.65,63,20065063,162,264897,0.5324562814070352,4.819239699980244
2,250,0.55,0.5,0.65,64,20065064,162,272923,0.5485889447236181,5.011466399999335
2,250,0.55,0.5,0.65,65,20065065,162,258167,0.5189286432160805,4.842502000043169
2,250,0.55,0.5,0.65,66,20065066,162,267777,0.5382452261306533,4.988927599973977
2,250,0.55,0.5,0.65,67,20065067,162,262153,0.5269407035175879,4.952812399948016
2,250,0.55,0.5,0.65,68,20065068,162,267951,0.5385949748743719,4.948616900015622
2,250,0.55,0.5,0.65,69,20065069,162,264952,0.5325668341708543,4.917361399973743
2,250,0.55,0.5,0.65,70,20065070,162,268887,0.5404763819095477,4.893902900046669
2,250,0.55,0.5,0.65,71,20065071,162,272956,0.5486552763819096,5.126683500013314
2,250,0.55,0.5,0.65,72,20065072,162,258987,0.5205768844221106,4.977563100052066
2,250,0.55,0.5,0.65,73,20065073,162,270911,0.5445447236180905,5.066956299939193
2,250,0.55,0.5,0.65,74,20065074,162,263092,0.5288281407035176,5.1793751999503
2,250,0.55,0.5,0.65,75,20065075,162,263908,0.5304683417085427,5.018670600024052
2,250,0.55,0.5,0.65,76,20065076,162,262035,0.5267035175879397,5.14147349994164
2,250,0.55,0.5,0.65,77,20065077,162,268022,0.538737688442211,5.250862100045197
2,250,0.55,0.5,0.65,78,20065078,162,259997,0.5226070351758794,5.269592699944042
2,250,0.55,0.5,0.65,79,20065079,162,273970,0.5506934673366835,5.318429599981755
2,250,0.55,0.5,0.65,80,20065080,162,255907,0.5143859296482413,5.202656000037678
2,250,0.55,0.5,0.65,81,20065081,162,275890,0.5545527638190955,5.291774999932386
2,250,0.55,0.5,0.65,82,20065082,162,262892,0.5284261306532664,5.2570628999965265
2,250,0.55,0.5,0.65,83,20065083,162,258789,0.5201788944723618,5.283923499984667
2,250,0.55,0.5,0.65,84,20065084,162,265944,0.5345608040201005,5.294490400003269
2,250,0.55,0.5,0.65,85,20065085,162,264870,0.5324020100502512,5.294297500047833
2,250,0.55,0.5,0.65,86,20065086,162,258890,0.5203819095477387,5.200513800024055
2,250,0.55,0.5,0.65,87,20065087,162,256780,0.5161407035175879,5.2860422999365255
2,250,0.55,0.5,0.65,88,20065088,162,272924,0.5485909547738693,5.343649200047366
2,250,0.55,0.5,0.65,89,20065089,162,264015,0.5306834170854271,5.438527900027111
2,250,0.55,0.5,0.65,90,20065090,162,264995,0.5326532663316583,5.231686700019054
2,250,0.55,0.5,0.65,91,20065091,162,255990,0.5145527638190954,5.192741899983957
2,250,0.55,0.5,0.65,92,20065092,162,260873,0.5243678391959798,5.260469099972397
2,250,0.55,0.5,0.65,93,20065093,162,268883,0.5404683417085427,5.452614099951461
2,250,0.55,0.5,0.65,94,20065094,162,254920,0.5124020100502512,5.262144799926318
2,250,0.55,0.5,0.65,95,20065095,162,261724,0.526078391959799,5.35677069996018
2,250,0.55,0.5,0.65,96,20065096,162,269947,0.5426070351758794,5.205624399939552
2,250,0.55,0.5,0.65,97,20065097,162,268842,0.5403859296482412,5.171926900045946
2,250,0.55,0.5,0.65,98,20065098,162,263975,0.5306030150753769,5.536351099959575
2,250,0.55,0.5,0.65,99,20065099,162,264508,0.5316743718592964,5.099052599980496
2,250,0.55,0.5,0.7000000000000001,0,20070000,175,281013,0.5648502512562814,5.098379599978216
2,250,0.55,0.5,0.7000000000000001,1,20070001,175,269841,0.5423939698492463,5.301313700038008
2,250,0.55,0.5,0.7000000000000001,2,20070002,175,267944,0.5385809045226131,4.9708087999606505
2,250,0.55,0.5,0.7000000000000001,3,20070003,175,267979,0.5386512562814071,5.370313600054942
2,250,0.55,0.5,0.7000000000000001,4,20070004,175,279721,0.5622532663316583,5.453745800070465
2,250,0.55,0.5,0.7000000000000001,5,20070005,175,280655,0.5641306532663316,5.47295009996742
2,250,0.55,0.5,0.7000000000000001,6,20070006,175,273918,0.5505889447236181,5.365971699939109
2,250,0.55,0.5,0.7000000000000001,7,20070007,175,260038,0.5226894472361809,5.302412400022149
2,250,0.55,0.5,0.7000000000000001,8,20070008,175,281781,0.5663939698492463,5.3551252000033855
2,250,0.55,0.5,0.7000000000000001,9,20070009,175,268640,0.5399798994974875,5.3830055999569595
2,250,0.55,0.5,0.7000000000000001,10,20070010,175,276010,0.5547939698492462,5.351773499976844
2,250,0.55,0.5,0.7000000000000001,11,20070011,175,272905,0.5485527638190955,5.384616399998777
2,250,0.55,0.5,0.7000000000000001,12,20070012,175,282027,0.5668884422110553,5.307060600025579
2,250,0.55,0.5,0.7000000000000001,13,20070013,175,274552,0.5518633165829145,5.341460599913262
2,250,0.55,0.5,0.7000000000000001,14,20070014,175,278879,0.5605608040201006,5.363808499998413
2,250,0.55,0.5,0.7000000000000001,15,20070015,175,263028,0.5286994974874372,5.329835699987598
2,250,0.55,0.5,0.7000000000000001,16,20070016,175,266822,0.5363256281407035,5.278239799896255
2,250,0.55,0.5,0.7000000000000001,17,20070017,175,275886,0.5545447236180905,5.353429800015874
2,250,0.55,0.5,0.7000000000000001,18,20070018,175,266002,0.5346773869346734,5.3477399999974295
2,250,0.55,0.5,0.7000000000000001,19,20070019,175,284008,0.570870351758794,5.298570699989796
2,250,0.55,0.5,0.7000000000000001,20,20070020,175,274946,0.5526552763819096,5.312060399912298
2,250,0.55,0.5,0.7000000000000001,21,20070021,175,261060,0.5247437185929649,5.212223900016397
2,250,0.55,0.5,0.7000000000000001,22,20070022,175,294703,0.5923678391959799,5.380280300043523
2,250,0.55,0.5,0.7000000000000001,23,20070023,175,266980,0.536643216080402,5.199587600072846
2,250,0.55,0.5,0.7000000000000001,24,20070024,175,266967,0.5366170854271357,5.362025800044648
2,250,0.55,0.5,0.7000000000000001,25,20070025,175,264133,0.5309206030150754,5.365794799989089
2,250,0.55,0.5,0.7000000000000001,26,20070026,175,264868,0.5323979899497487,5.310530099901371
2,250,0.55,0.5,0.7000000000000001,27,20070027,175,265013,0.532689447236181,5.308324299985543
2,250,0.55,0.5,0.7000000000000001,28,20070028,175,259095,0.5207939698492462,5.188526100013405
2,250,0.55,0.5,0.7000000000000001,29,20070029,175,273541,0.5498311557788945,5.355482000042684
2,250,0.55,0.5,0.7000000000000001,30,20070030,175,271865,0.5464623115577889,5.308698500040919
2,250,0.55,0.5,0.7000000000000001,31,20070031,175,268855,0.5404120603015076,5.367049599997699
2,250,0.55,0.5,0.7000000000000001,32,20070032,175,259125,0.520854271356784,5.15465729997959
2,250,0.55,0.5,0.7000000000000001,33,20070033,175,263029,0.5287015075376884,5.410010499996133
2,250,0.55,0.5,0.7000000000000001,34,20070034,175,265816,0.5343035175879397,5.247936900006607
2,250,0.55,0.5,0.7000000000000001,35,20070035,175,270940,0.5446030150753769,5.082761499914341
2,250,0.55,0.5,0.7000000000000001,36,20070036,175,260071,0.5227557788944723,5.41717669996433
2,250,0.55,0.5,0.7000000000000001,37,20070037,175,269915,0.5425427135678392,5.27135699999053
2,250,0.55,0.5,0.7000000000000001,38,20070038,175,273770,0.5502914572864321,5.459013799903914
2,250,0.55,0.5,0.7000000000000001,39,20070039,175,286363,0.5756040201005025,5.080519699957222
2,250,0.55,0.5,0.7000000000000001,40,20070040,175,264801,0.5322633165829146,5.24835340003483
2,250,0.55,0.5,0.7000000000000001,41,20070041,175,291741,0.5864140703517587,5.26903389999643
2,250,0.55,0.5,0.7000000000000001,42,20070042,175,273698,0.5501467336683417,5.336039899964817
2,250,0.55,0.5,0.7000000000000001,43,20070043,175,266950,0.5365829145728643,4.875710499938577
2,250,0.55,0.5,0.7000000000000001,44,20070044,175,273000,0.5487437185929648,5.640224699978717
2,250,0.55,0.5,0.7000000000000001,45,20070045,175,262087,0.526808040201005,5.451427499996498
2,250,0.55,0.5,0.7000000000000001,46,20070046,175,283908,0.5706693467336683,4.899277299991809
2,250,0.55,0.5,0.7000000000000001,47,20070047,175,279076,0.560956783919598,5.5272575000999495
2,250,0.55,0.5,0.7000000000000001,48,20070048,175,275806,0.5543839195979899,5.278063200064935
2,250,0.55,0.5,0.7000000000000001,49,20070049,175,284356,0.5715698492462311,5.466089499997906
2,250,0.55,0.5,0.7000000000000001,50,20070050,175,290890,0.5847035175879397,5.380105699994601
2,250,0.55,0.5,0.7000000000000001,51,20070051,175,269778,0.5422673366834171,5.278950700070709
2,250,0.55,0.5,0.7000000000000001,52,20070052,175,267068,0.5368201005025126,5.3021895999554545
2,250,0.55,0.5,0.7000000000000001,53,20070053,175,275892,0.554556783919598,5.133902999921702
2,250,0.55,0.5,0.7000000000000001,54,20070054,175,263917,0.530486432160804,5.165196000016294
2,250,0.55,0.5,0.7000000000000001,55,20070055,175,259177,0.5209587939698492,5.283343599992804
2,250,0.55,0.5,0.7000000000000001,56,20070056,175,265642,0.5339537688442211,5.34445030009374
2,250,0.55,0.5,0.7000000000000001,57,20070057,175,279861,0.5625346733668342,5.337387999985367
2,250,0.55,0.5,0.7000000000000001,58,20070058,175,272896,0.5485346733668341,5.3431115000275895
2,250,0.55,0.5,0.7000000000000001,59,20070059,175,273591,0.5499316582914573,5.374428300070576
2,250,0.55,0.5,0.7000000000000001,60,20070060,175,269691,0.5420924623115578,5.263839700026438
2,250,0.55,0.5,0.7000000000000001,61,20070061,175,257241,0.5170673366834171,5.339837800012901
2,250,0.55,0.5,0.7000000000000001,62,20070062,175,278767,0.5603356783919597,5.296709000016563
2,250,0.55,0.5,0.7000000000000001,63,20070063,175,256891,0.5163638190954773,5.316231900011189
2,250,0.55,0.5,0.7000000000000001,64,20070064,175,279991,0.5627959798994975,5.314731499995105
2,250,0.55,0.5,0.7000000000000001,65,20070065,175,273894,0.550540703517588,5.355831499909982
2,250,0.55,0.5,0.7000000000000001,66,20070066,175,278748,0.5602974874371859,5.4044610999990255
2,250,0.55,0.5,0.7000000000000001,67,20070067,175,265104,0.5328723618090452,5.395569099928252
2,250,0.55,0.5,0.7000000000000001,68,20070068,175,269029,0.5407618090452261,5.341370000038296
2,250,0.55,0.5,0.7000000000000001,69,20070069,175,277907,0.5586070351758794,5.300193200004287
2,250,0.55,0.5,0.7000000000000001,70,20070070,175,268952,0.5406070351758794,5.439145299955271
2,250,0.55,0.5,0.7000000000000001,71,20070071,175,272101,0.5469366834170855,5.3452240999322385
2,250,0.55,0.5,0.7000000000000001,72,20070072,175,273628,0.5500060301507538,5.459958099992946
2,250,0.55,0.5,0.7000000000000001,73,20070073,175,277779,0.5583497487437186,5.467096300097182
2,250,0.55,0.5,0.7000000000000001,74,20070074,175,275863,0.5544984924623115,5.5181472999975085
2,250,0.55,0.5,0.7000000000000001,75,20070075,175,265877,0.5344261306532664,5.310760200023651
2,250,0.55,0.5,0.7000000000000001,76,20070076,175,271001,0.5447256281407035,5.447416700073518
2,250,0.55,0.5,0.7000000000000001,77,20070077,175,275906,0.5545849246231156,5.289041600073688
2,250,0.55,0.5,0.7000000000000001,78,20070078,175,273910,0.550572864321608,5.417688100016676
2,250,0.55,0.5,0.7000000000000001,79,20070079,175,263860,0.5303718592964825,5.4085974000627175
2,250,0.55,0.5,0.7000000000000001,80,20070080,175,269985,0.5426834170854271,5.338459499995224
2,250,0.55,0.5,0.7000000000000001,81,20070081,175,269825,0.5423618090452261,5.245902800001204
2,250,0.55,0.5,0.7000000000000001,82,20070082,175,259114,0.5208321608040201,5.290481899981387
2,250,0.55,0.5,0.7000000000000001,83,20070083,175,267754,0.5381989949748743,5.361199900042266
2,250,0.55,0.5,0.7000000000000001,84,20070084,175,276833,0.5564482412060302,5.379535999963991
2,250,0.55,0.5,0.7000000000000001,85,20070085,175,281712,0.5662552763819095,5.377610799972899
2,250,0.55,0.5,0.7000000000000001,86,20070086,175,280010,0.5628341708542713,5.382196300080977
2,250,0.55,0.5,0.7000000000000001,87,20070087,175,280750,0.564321608040201,5.326897099963389
2,250,0.55,0.5,0.7000000000000001,88,20070088,175,267953,0.5385989949748744,5.256982200080529
2,250,0.55,0.5,0.7000000000000001,89,20070089,175,273024,0.548791959798995,5.280908500077203
2,250,0.55,0.5,0.7000000000000001,90,20070090,175,273794,0.5503396984924623,5.312189599964768
2,250,0.55,0.5,0.7000000000000001,91,20070091,175,268928,0.5405587939698493,5.300435599987395
2,250,0.55,0.5,0.7000000000000001,92,20070092,175,276861,0.5565045226130654,5.283498300006613
2,250,0.55,0.5,0.7000000000000001,93,20070093,175,273547,0.549843216080402,5.3002702000085264
2,250,0.55,0.5,0.7000000000000001,94,20070094,175,281614,0.5660582914572865,5.305075400043279
2,250,0.55,0.5,0.7000000000000001,95,20070095,175,265939,0.5345507537688442,5.265023500076495
2,250,0.55,0.5,0.7000000000000001,96,20070096,175,278829,0.5604603015075377,5.296941899927333
2,250,0.55,0.5,0.7000000000000001,97,20070097,175,281777,0.5663859296482412,5.287489300011657
2,250,0.55,0.5,0.7000000000000001,98,20070098,175,267042,0.5367678391959799,5.265628800028935
2,250,0.55,0.5,0.7000000000000001,99,20070099,175,271848,0.5464281407035176,5.337145099998452
2,250,0.55,0.5,0.75,0,20075000,188,282886,0.5686150753768844,5.37238570000045
2,250,0.55,0.5,0.75,1,20075001,188,283721,0.5702934673366834,5.3221853999421
2,250,0.55,0.5,0.75,2,20075002,188,304676,0.6124140703517588,5.353457399993204
2,250,0.55,0.5,0.75,3,20075003,188,307701,0.6184944723618091,5.48296609998215
2,250,0.55,0.5,0.75,4,20075004,188,302842,0.6087276381909548,5.356835199985653
2,250,0.55,0.5,0.75,5,20075005,188,289624,0.5821587939698493,5.401425399933942
2,250,0.55,0.5,0.75,6,20075006,188,289696,0.5823035175879397,5.294727199943736
2,250,0.55,0.5,0.75,7,20075007,188,265058,0.5327798994974874,5.302850800100714
2,250,0.55,0.5,0.75,8,20075008,188,295988,0.5949507537688442,5.411910499911755
2,250,0.55,0.5,0.75,9,20075009,188,280402,0.5636221105527638,5.3606063000625
2,250,0.55,0.5,0.75,10,20075010,188,276739,0.556259296482412,5.386337299947627
2,250,0.55,0.5,0.75,11,20075011,188,281820,0.5664723618090453,5.460743800038472
2,250,0.55,0.5,0.75,12,20075012,188,287519,0.5779276381909548,5.306973399943672
2,250,0.55,0.5,0.75,13,20075013,188,287559,0.578008040201005,5.292110400041565
2,250,0.55,0.5,0.75,14,20075014,188,290599,0.5841185929648242,5.236424000002444
2,250,0.55,0.5,0.75,15,20075015,188,278854,0.5605105527638191,5.294846300035715
2,250,0.55,0.5,0.75,16,20075016,188,278832,0.5604663316582914,5.4453955999342725
2,250,0.55,0.5,0.75,17,20075017,188,273951,0.5506552763819096,5.238961800001562
2,250,0.55,0.5,0.75,18,20075018,188,266894,0.536470351758794,5.213594799977727
2,250,0.55,0.5,0.75,19,20075019,188,270119,0.5429527638190955,5.427972199977376
2,250,0.55,0.5,0.75,20,20075020,188,279886,0.5625849246231156,5.332667900016531
2,250,0.55,0.5,0.75,21,20075021,188,284799,0.5724603015075377,5.497699900064617
2,250,0.55,0.5,0.75,22,20075022,188,278855,0.5605125628140704,5.261571999988519
2,250,0.55,0.5,0.75,23,20075023,188,282982,0.5688080402010051,5.28990930004511
2,250,0.55,0.5,0.75,24,20075024,188,271086,0.5448964824120603,5.323093599989079
2,250,0.55,0.5,0.75,25,20075025,188,273751,0.5502532663316583,5.3154173999791965
2,250,0.55,0.5,0.75,26,20075026,188,277003,0.5567899497487437,5.522842700011097
2,250,0.55,0.5,0.75,27,20075027,188,279904,0.5626211055276382,5.319890500046313
2,250,0.55,0.5,0.75,28,20075028,188,280829,0.5644804020100502,5.520946000004187
2,250,0.55,0.5,0.75,29,20075029,188,284959,0.5727819095477387,5.390817799954675
2,250,0.55,0.5,0.75,30,20075030,188,281771,0.5663738693467336,5.462177100009285
2,250,0.55,0.5,0.75,31,20075031,188,274977,0.5527175879396985,5.405082300072536
2,250,0.55,0.5,0.75,32,20075032,188,291757,0.5864462311557789,5.418868400040083
2,250,0.55,0.5,0.75,33,20075033,188,275806,0.5543839195979899,5.180403400096111
2,250,0.55,0.5,0.75,34,20075034,188,295646,0.5942633165829145,5.629273200058378
2,250,0.55,0.5,0.75,35,20075035,188,287637,0.578164824120603,5.563794199959375
2,250,0.55,0.5,0.75,36,20075036,188,271922,0.5465768844221105,5.181632300023921
2,250,0.55,0.5,0.75,37,20075037,188,274723,0.5522070351758794,4.946682199952193
2,250,0.55,0.5,0.75,38,20075038,188,272747,0.548235175879397,5.137139300000854
2,250,0.55,0.5,0.75,39,20075039,188,296770,0.5965226130653266,4.833556699915789
2,250,0.55,0.5,0.75,40,20075040,188,265907,0.534486432160804,5.679261900018901
2,250,0.55,0.5,0.75,41,20075041,188,274956,0.5526753768844221,4.910533100017346
2,250,0.55,0.5,0.75,42,20075042,188,277036,0.5568562814070351,5.703146600048058
2,250,0.55,0.5,0.75,43,20075043,188,275987,0.5547477386934674,5.234846099978313
2,250,0.55,0.5,0.75,44,20075044,188,273992,0.550737688442211,5.178465500008315
2,250,0.55,0.5,0.75,45,20075045,188,272985,0.548713567839196,5.642655299976468
2,250,0.55,0.5,0.75,46,20075046,188,277018,0.5568201005025125,5.636401399970055
2,250,0.55,0.5,0.75,47,20075047,188,265009,0.5326814070351759,5.233543100068346
2,250,0.55,0.5,0.75,48,20075048,188,267885,0.5384623115577889,4.9791617000009865
2,250,0.55,0.5,0.75,49,20075049,188,269841,0.5423939698492463,5.109861799981445
2,250,0.55,0.5,0.75,50,20075050,188,288675,0.5802512562814071,5.227094299974851
2,250,0.55,0.5,0.75,51,20075051,188,273052,0.5488482412060302,5.268595999921672
2,250,0.55,0.5,0.75,52,20075052,188,259966,0.5225447236180905,5.048680400010198
2,250,0.55,0.5,0.75,53,20075053,188,278041,0.5588763819095477,5.2080140999751166
2,250,0.55,0.5,0.75,54,20075054,188,281847,0.5665266331658292,5.046002399991266
2,250,0.55,0.5,0.75,55,20075055,188,290766,0.584454271356784,5.088959199958481
2,250,0.55,0.5,0.75,56,20075056,188,280992,0.5648080402010051,4.935066899983212
2,250,0.55,0.5,0.75,57,20075057,188,275914,0.5546010050251257,4.985313999932259
2,250,0.55,0.5,0.75,58,20075058,188,291876,0.5866854271356784,5.072301299893297
2,250,0.55,0.5,0.75,59,20075059,188,258055,0.5187035175879396,5.083595599979162
2,250,0.55,0.5,0.75,60,20075060,188,284694,0.5722492462311558,5.050027000019327
2,250,0.55,0.5,0.75,61,20075061,188,265890,0.5344522613065327,5.072632299968973
2,250,0.55,0.5,0.75,62,20075062,188,280898,0.564619095477387,5.01955770002678
2,250,0.55,0.5,0.75,63,20075063,188,274972,0.5527075376884422,4.956679200055078
2,250,0.55,0.5,0.75,64,20075064,188,266041,0.5347557788944723,5.03938449989073
2,250,0.55,0.5,0.75,65,20075065,188,267040,0.5367638190954774,4.809350700001232
2,250,0.55,0.5,0.75,66,20075066,188,262896,0.5284341708542714,5.001496599987149
2,250,0.55,0.5,0.75,67,20075067,188,273826,0.5504040201005025,4.932965899934061
2,250,0.55,0.5,0.75,68,20075068,188,273889,0.5505306532663317,5.020635299966671
2,250,0.55,0.5,0.75,69,20075069,188,278933,0.5606693467336683,4.907906700042076
2,250,0.55,0.5,0.75,70,20075070,188,280914,0.564651256281407,4.9908630000427365
2,250,0.55,0.5,0.75,71,20075071,188,271008,0.5447396984924623,4.981994899921119
2,250,0.55,0.5,0.75,72,20075072,188,273764,0.5502793969849247,4.9759897999465466
2,250,0.55,0.5,0.75,73,20075073,188,279815,0.5624422110552764,5.037897000089288
2,250,0.55,0.5,0.75,74,20075074,188,267043,0.5367698492462312,5.019532799953595
2,250,0.55,0.5,0.75,75,20075075,188,284793,0.5724482412060301,5.02939299994614
2,250,0.55,0.5,0.75,76,20075076,188,279817,0.5624462311557789,5.174871299997903
2,250,0.55,0.5,0.75,77,20075077,188,265941,0.5345547738693467,5.059320000000298
2,250,0.55,0.5,0.75,78,20075078,188,264867,0.5323959798994975,5.102659900090657
2,250,0.55,0.5,0.75,79,20075079,188,279796,0.5624040201005025,5.138649399974383
2,250,0.55,0.5,0.75,80,20075080,188,268855,0.5404120603015076,5.051544799935073
2,250,0.55,0.5,0.75,81,20075081,188,277938,0.5586693467336683,5.129621700034477
2,250,0.55,0.5,0.75,82,20075082,188,297789,0.5985708542713568,5.293489499948919
2,250,0.55,0.5,0.75,83,20075083,188,259150,0.5209045226130653,5.080962400068529
2,250,0.55,0.5,0.75,84,20075084,188,277959,0.5587115577889448,5.19294350000564
2,250,0.55,0.5,0.75,85,20075085,188,275899,0.5545708542713568,5.134994299965911
2,250,0.55,0.5,0.75,86,20075086,188,269132,0.5409688442211056,5.121480499976315
2,250,0.55,0.5,0.75,87,20075087,188,275722,0.5542150753768844,5.166870699962601
2,250,0.55,0.5,0.75,88,20075088,188,280794,0.5644100502512562,5.017714099958539
2,250,0.55,0.5,0.75,89,20075089,188,271909,0.5465507537688442,5.154727999935858
2,250,0.55,0.5,0.75,90,20075090,188,271864,0.5464603015075377,5.08364760002587
2,250,0.55,0.5,0.75,91,20075091,188,272665,0.5480703517587939,5.102995500084944
2,250,0.55,0.5,0.75,92,20075092,188,277040,0.5568643216080402,5.184973099967465
2,250,0.55,0.5,0.75,93,20075093,188,285940,0.5747537688442211,5.137901999987662
2,250,0.55,0.5,0.75,94,20075094,188,278754,0.5603095477386935,5.122142700012773
2,250,0.55,0.5,0.75,95,20075095,188,285594,0.5740582914572865,5.035979599924758
2,250,0.55,0.5,0.75,96,20075096,188,276485,0.555748743718593,4.889511100016534
2,250,0.55,0.5,0.75,97,20075097,188,272903,0.548548743718593,4.96898289991077
2,250,0.55,0.5,0.75,98,20075098,188,274970,0.5527035175879397,5.101930000004359
2,250,0.55,0.5,0.75,99,20075099,188,279852,0.5625165829145728,5.0780392999295145
2,250,0.55,0.5,0.8,0,20080000,200,271960,0.5466532663316583,5.033071500016376
2,250,0.55,0.5,0.8,1,20080001,200,285814,0.5745005025125628,5.215804800041951
2,250,0.55,0.5,0.8,2,20080002,200,296896,0.596775879396985,4.9668316000606865
2,250,0.55,0.5,0.8,3,20080003,200,276903,0.5565889447236181,5.106702100019902
2,250,0.55,0.5,0.8,4,20080004,200,286648,0.5761768844221106,5.372474499978125
2,250,0.55,0.5,0.8,5,20080005,200,288907,0.5807175879396985,5.133653500000946
2,250,0.55,0.5,0.8,6,20080006,200,288824,0.5805507537688442,5.287572699948214
2,250,0.55,0.5,0.8,7,20080007,200,285776,0.5744241206030151,5.452361600007862
2,250,0.55,0.5,0.8,8,20080008,200,309466,0.6220422110552764,5.545618899981491
2,250,0.55,0.5,0.8,9,20080009,200,280959,0.5647417085427135,5.216248900047503
2,250,0.55,0.5,0.8,10,20080010,200,276045,0.5548643216080402,5.190753099974245
2,250,0.55,0.5,0.8,11,20080011,200,280916,0.5646552763819096,5.396450000000186
2,250,0.55,0.5,0.8,12,20080012,200,278785,0.5603718592964824,5.400273000006564
2,250,0.55,0.5,0.8,13,20080013,200,284755,0.5723718592964824,5.39356300001964
2,250,0.55,0.5,0.8,14,20080014,200,280848,0.5645185929648241,5.195966299972497
2,250,0.55,0.5,0.8,15,20080015,200,297650,0.5982914572864322,5.412230400019325
2,250,0.55,0.5,0.8,16,20080016,200,281730,0.5662914572864322,5.390991699998267
2,250,0.55,0.5,0.8,17,20080017,200,299725,0.602462311557789,5.348188299918547
2,250,0.55,0.5,0.8,18,20080018,200,262049,0.5267316582914573,5.297354299924336
2,250,0.55,0.5,0.8,19,20080019,200,290811,0.5845447236180904,5.421718399971724
2,250,0.55,0.5,0.8,20,20080020,200,275034,0.5528321608040201,5.282822799985297
2,250,0.55,0.5,0.8,21,20080021,200,281893,0.566619095477387,5.321998899918981
2,250,0.55,0.5,0.8,22,20080022,200,278910,0.5606231155778895,5.353051999933086
2,250,0.55,0.5,0.8,23,20080023,200,275071,0.5529065326633166,5.351016500033438
2,250,0.55,0.5,0.8,24,20080024,200,262135,0.5269045226130653,5.272069299942814
2,250,0.55,0.5,0.8,25,20080025,200,295337,0.5936422110552764,5.362163400044665
2,250,0.55,0.5,0.8,26,20080026,200,279937,0.5626874371859296,5.297368500032462
2,250,0.55,0.5,0.8,27,20080027,200,278881,0.560564824120603,5.352138199959882
2,250,0.55,0.5,0.8,28,20080028,200,287874,0.5786412060301508,5.296233200002462
2,250,0.55,0.5,0.8,29,20080029,200,262875,0.528391959798995,5.208851200062782
2,250,0.55,0.5,0.8,30,20080030,200,277870,0.5585326633165829,5.2705080000450835
2,250,0.55,0.5,0.8,31,20080031,200,284844,0.5725507537688442,5.361299999989569
2,250,0.55,0.5,0.8,32,20080032,200,268111,0.5389165829145729,5.151725900010206
2,250,0.55,0.5,0.8,33,20080033,200,291706,0.5863437185929649,5.483129099942744
2,250,0.55,0.5,0.8,34,20080034,200,284758,0.5723778894472362,5.447014799923636
2,250,0.55,0.5,0.8,35,20080035,200,286899,0.5766814070351759,5.404974500066601
2,250,0.55,0.5,0.8,36,20080036,200,283793,0.5704381909547739,5.31474080006592
2,250,0.55,0.5,0.8,37,20080037,200,278992,0.5607879396984925,5.38283739995677
2,250,0.55,0.5,0.8,38,20080038,200,274892,0.5525467336683417,5.3574253000551835
2,250,0.55,0.5,0.8,39,20080039,200,285759,0.5743899497487437,5.381120499921963
2,250,0.55,0.5,0.8,40,20080040,200,282951,0.568745728643216,5.410580400028266
2,250,0.55,0.5,0.8,41,20080041,200,278800,0.5604020100502513,5.299894999945536
2,250,0.55,0.5,0.8,42,20080042,200,287771,0.5784341708542714,5.28015480004251
2,250,0.55,0.5,0.8,43,20080043,200,271773,0.5462773869346733,5.269668800057843
2,250,0.55,0.5,0.8,44,20080044,200,275857,0.5544864321608041,5.272203200031072
2,250,0.55,0.5,0.8,45,20080045,200,283782,0.5704160804020101,5.158374999999069
2,250,0.55,0.5,0.8,46,20080046,200,279814,0.5624402010050251,5.1430263998918235
2,250,0.55,0.5,0.8,47,20080047,200,298793,0.6005889447236181,5.23063370003365
2,250,0.55,0.5,0.8,48,20080048,200,267125,0.5369346733668342,5.0398322000401095
2,250,0.55,0.5,0.8,49,20080049,200,285893,0.5746592964824121,5.113499500090256
2,250,0.55,0.5,0.8,50,20080050,200,289821,0.5825547738693467,5.1744256999809295
2,250,0.55,0.5,0.8,51,20080051,200,287573,0.5780361809045226,5.115779199986719
2,250,0.55,0.5,0.8,52,20080052,200,276789,0.5563597989949749,5.006033500074409
2,250,0.55,0.5,0.8,53,20080053,200,272972,0.5486874371859296,5.040697199990973
2,250,0.55,0.5,0.8,54,20080054,200,283882,0.5706170854271356,5.111998099950142
2,250,0.55,0.5,0.8,55,20080055,200,286808,0.5764984924623116,5.3188458000076935
2,250,0.55,0.5,0.8,56,20080056,200,291860,0.5866532663316583,5.110999400028959
2,250,0.55,0.5,0.8,57,20080057,200,298642,0.6002854271356783,5.4841528999386355
2,250,0.55,0.5,0.8,58,20080058,200,278554,0.5599075376884423,5.495659000007436
2,250,0.55,0.5,0.8,59,20080059,200,282987,0.5688180904522613,4.975291399983689
2,250,0.55,0.5,0.8,60,20080060,200,282829,0.5685005025125628,5.084526299964637
2,250,0.55,0.5,0.8,61,20080061,200,274903,0.5525688442211055,5.446801699930802
2,250,0.55,0.5,0.8,62,20080062,200,270088,0.5428904522613065,5.299278200021945
2,250,0.55,0.5,0.8,63,20080063,200,271976,0.5466854271356784,5.346988500095904
2,250,0.55,0.5,0.8,64,20080064,200,267103,0.5368904522613065,5.532990699983202
2,250,0.55,0.5,0.8,65,20080065,200,268923,0.540548743718593,5.26022430008743
2,250,0.55,0.5,0.8,66,20080066,200,290832,0.5845869346733669,5.320466100005433
2,250,0.55,0.5,0.8,67,20080067,200,298629,0.600259296482412,5.20016729994677
2,250,0.55,0.5,0.8,68,20080068,200,278839,0.5604804020100502,5.34806510002818
2,250,0.55,0.5,0.8,69,20080069,200,294667,0.5922954773869347,5.328209699946456
2,250,0.55,0.5,0.8,70,20080070,200,298477,0.5999537688442211,5.301079400000162
2,250,0.55,0.5,0.8,71,20080071,200,299751,0.6025145728643216,5.3793848000932485
2,250,0.55,0.5,0.8,72,20080072,200,298836,0.6006753768844221,5.3826610000105575
2,250,0.55,0.5,0.8,73,20080073,200,281811,0.566454271356784,5.272466300055385
2,250,0.55,0.5,0.8,74,20080074,200,287664,0.5782190954773869,5.116145100095309
2,250,0.55,0.5,0.8,75,20080075,200,314629,0.6324201005025125,5.322668400011025
2,250,0.55,0.5,0.8,76,20080076,200,291891,0.5867155778894473,5.511767499963753
2,250,0.55,0.5,0.8,77,20080077,200,300614,0.6042492462311558,5.775215900037438
2,250,0.55,0.5,0.8,78,20080078,200,293662,0.5902753768844221,4.96654130006209
2,250,0.55,0.5,0.8,79,20080079,200,299770,0.6025527638190955,4.856763500021771
2,250,0.55,0.5,0.8,80,20080080,200,294890,0.5927437185929648,5.713955400045961
2,250,0.55,0.5,0.8,81,20080081,200,283927,0.5707075376884422,5.252808599965647
2,250,0.55,0.5,0.8,82,20080082,200,286911,0.5767055276381909,5.260872600018047
2,250,0.55,0.5,0.8,83,20080083,200,277950,0.5586934673366835,5.226233200053684
2,250,0.55,0.5,0.8,84,20080084,200,277141,0.5570673366834171,5.674714600085281
2,250,0.55,0.5,0.8,85,20080085,200,295686,0.5943437185929649,5.0157827999209985
2,250,0.55,0.5,0.8,86,20080086,200,281745,0.566321608040201,5.299496499937959
2,250,0.55,0.5,0.8,87,20080087,200,270065,0.5428442211055277,5.557155899936333
2,250,0.55,0.5,0.8,88,20080088,200,294739,0.5924402010050251,5.230711400043219
2,250,0.55,0.5,0.8,89,20080089,200,288957,0.5808180904522613,5.286210900056176
2,250,0.55,0.5,0.8,90,20080090,200,275955,0.5546834170854271,5.4442963999463245
2,250,0.55,0.5,0.8,91,20080091,200,284874,0.5726110552763819,5.410262699937448
2,250,0.55,0.5,0.8,92,20080092,200,282961,0.5687658291457286,5.456791800097562
2,250,0.55,0.5,0.8,93,20080093,200,284736,0.5723336683417085,5.392845700029284
2,250,0.55,0.5,0.8,94,20080094,200,275856,0.5544844221105527,5.2247917000204325
2,250,0.55,0.5,0.8,95,20080095,200,282032,0.5668984924623116,5.337353499955498
2,250,0.55,0.5,0.8,96,20080096,200,291944,0.5868221105527638,5.411264700000174
2,250,0.55,0.5,0.8,97,20080097,200,262091,0.52681608040201,5.215168400085531
2,250,0.55,0.5,0.8,98,20080098,200,285968,0.5748100502512563,5.477466400014237
2,250,0.55,0.5,0.8,99,20080099,200,291641,0.5862130653266332,5.2905714000808075
2,250,0.55,0.5,0.8500000000000001,0,20085000,213,301738,0.6065085427135678,5.394183299969882
2,250,0.55,0.5,0.8500000000000001,1,20085001,213,323434,0.6501185929648241,5.582948899944313
2,250,0.55,0.5,0.8500000000000001,2,20085002,213,289890,0.5826934673366834,5.428474400076084
2,250,0.55,0.5,0.8500000000000001,3,20085003,213,292762,0.5884663316582914,5.430321000050753
2,250,0.55,0.5,0.8500000000000001,4,20085004,213,284901,0.5726653266331658,5.391281399992295
2,250,0.55,0.5,0.8500000000000001,5,20085005,213,291853,0.5866391959798996,5.357772100018337
2,250,0.55,0.5,0.8500000000000001,6,20085006,213,284648,0.572156783919598,5.481107299914584
2,250,0.55,0.5,0.8500000000000001,7,20085007,213,307841,0.618775879396985,5.48451630002819
2,250,0.55,0.5,0.8500000000000001,8,20085008,213,300565,0.6041507537688442,5.449056399986148
2,250,0.55,0.5,0.8500000000000001,9,20085009,213,294734,0.5924301507537688,5.576793499989435
2,250,0.55,0.5,0.8500000000000001,10,20085010,213,281008,0.5648402010050251,5.496310299960896
2,250,0.55,0.5,0.8500000000000001,11,20085011,213,307592,0.6182753768844221,5.498715699999593
2,250,0.55,0.5,0.8500000000000001,12,20085012,213,303598,0.6102472361809045,5.566536199999973
2,250,0.55,0.5,0.8500000000000001,13,20085013,213,283918,0.5706894472361809,5.551787699921988
2,250,0.55,0.5,0.8500000000000001,14,20085014,213,293874,0.5907015075376885,5.486482699983753
2,250,0.55,0.5,0.8500000000000001,15,20085015,213,289729,0.5823698492462311,5.568559700041078
2,250,0.55,0.5,0.8500000000000001,16,20085016,213,295849,0.5946713567839196,5.5983776999637485
2,250,0.55,0.5,0.8500000000000001,17,20085017,213,301644,0.6063195979899497,5.515113799949177
2,250,0.55,0.5,0.8500000000000001,18,20085018,213,292886,0.5887155778894473,5.5333025000290945
2,250,0.55,0.5,0.8500000000000001,19,20085019,213,275864,0.5545005025125628,5.38404829998035
2,250,0.55,0.5,0.8500000000000001,20,20085020,213,280891,0.5646050251256282,5.427459699916653
2,250,0.55,0.5,0.8500000000000001,21,20085021,213,322461,0.6481628140703518,5.579682799987495
2,250,0.55,0.5,0.8500000000000001,22,20085022,213,283740,0.5703316582914573,5.606036799959838
2,250,0.55,0.5,0.8500000000000001,23,20085023,213,299769,0.6025507537688443,5.460083000012673
2,250,0.55,0.5,0.8500000000000001,24,20085024,213,285043,0.5729507537688442,5.603921299916692
2,250,0.55,0.5,0.8500000000000001,25,20085025,213,290864,0.584651256281407,5.589297599974088
2,250,0.55,0.5,0.8500000000000001,26,20085026,213,288693,0.5802874371859297,5.32888060004916
2,250,0.55,0.5,0.8500000000000001,27,20085027,213,289881,0.5826753768844221,5.367630499997176
2,250,0.55,0.5,0.8500000000000001,28,20085028,213,301543,0.6061165829145728,5.433306099963374
2,250,0.55,0.5,0.8500000000000001,29,20085029,213,322525,0.6482914572864321,5.56075529998634
2,250,0.55,0.5,0.8500000000000001,30,20085030,213,295633,0.5942371859296482,5.4283158999169245
2,250,0.55,0.5,0.8500000000000001,31,20085031,213,289755,0.5824221105527638,5.356175499968231
2,250,0.55,0.5,0.8500000000000001,32,20085032,213,297585,0.5981608040201005,5.5925670000724494
2,250,0.55,0.5,0.8500000000000001,33,20085033,213,313690,0.6305326633165829,5.330611899960786
2,250,0.55,0.5,0.8500000000000001,34,20085034,213,310551,0.6242231155778895,5.5810222999425605
2,250,0.55,0.5,0.8500000000000001,35,20085035,213,290834,0.5845909547738694,5.377748899976723
2,250,0.55,0.5,0.8500000000000001,36,20085036,213,273121,0.5489869346733668,5.356041899998672
2,250,0.55,0.5,0.8500000000000001,37,20085037,213,299764,0.6025407035175879,5.470840799971484
2,250,0.55,0.5,0.8500000000000001,38,20085038,213,301630,0.6062914572864322,5.31924009998329
2,250,0.55,0.5,0.8500000000000001,39,20085039,213,275965,0.5547035175879397,5.251212700037286
2,250,0.55,0.5,0.8500000000000001,40,20085040,213,287910,0.578713567839196,5.495663000037894
2,250,0.55,0.5,0.8500000000000001,41,20085041,213,286720,0.576321608040201,5.340217699995264
2,250,0.55,0.5,0.8500000000000001,42,20085042,213,285868,0.5746090452261307,5.326779399998486
2,250,0.55,0.5,0.8500000000000001,43,20085043,213,274959,0.5526814070351759,5.30912079999689
2,250,0.55,0.5,0.8500000000000001,44,20085044,213,308716,0.6205346733668342,5.3563031000085175
2,250,0.55,0.5,0.8500000000000001,45,20085045,213,310697,0.6245165829145729,5.4198405999923125
2,250,0.55,0.5,0.8500000000000001,46,20085046,213,293743,0.5904381909547739,5.279673399985768
2,250,0.55,0.5,0.8500000000000001,47,20085047,213,299704,0.6024201005025126,5.239783899975009
2,250,0.55,0.5,0.8500000000000001,48,20085048,213,302751,0.6085447236180904,5.374898000038229
2,250,0.55,0.5,0.8500000000000001,49,20085049,213,301706,0.6064442211055276,5.300812700064853
2,250,0.55,0.5,0.8500000000000001,50,20085050,213,277121,0.5570271356783919,5.2882867000298575
2,250,0.55,0.5,0.8500000000000001,51,20085051,213,273039,0.5488221105527639,5.169205500045791
2,250,0.55,0.5,0.8500000000000001,52,20085052,213,277898,0.5585889447236181,5.143301100004464
2,250,0.55,0.5,0.8500000000000001,53,20085053,213,304724,0.612510552763819,5.178435000008903
2,250,0.55,0.5,0.8500000000000001,54,20085054,213,293700,0.5903517587939698,5.104228900047019
2,250,0.55,0.5,0.8500000000000001,55,20085055,213,313687,0.6305266331658291,5.281659199972637
2,250,0.55,0.5,0.8500000000000001,56,20085056,213,297738,0.5984683417085427,5.213610699982382
2,250,0.55,0.5,0.8500000000000001,57,20085057,213,317533,0.6382572864321608,5.216302600107156
2,250,0.55,0.5,0.8500000000000001,58,20085058,213,277996,0.5587859296482413,5.116271900013089
2,250,0.55,0.5,0.8500000000000001,59,20085059,213,317638,0.6384683417085427,5.213793899980374
2,250,0.55,0.5,0.8500000000000001,60,20085060,213,297644,0.5982793969849246,5.156288200058043
2,250,0.55,0.5,0.8500000000000001,61,20085061,213,311442,0.6260140703517588,5.167959000100382
2,250,0.55,0.5,0.8500000000000001,62,20085062,213,301852,0.6067376884422111,5.3594580999342725
2,250,0.55,0.5,0.8500000000000001,63,20085063,213,310706,0.6245346733668342,5.2037037999834865
2,250,0.55,0.5,0.8500000000000001,64,20085064,213,310562,0.6242452261306533,5.194098399952054
2,250,0.55,0.5,0.8500000000000001,65,20085065,213,277846,0.5584844221105527,5.165900600026362
2,250,0.55,0.5,0.8500000000000001,66,20085066,213,271937,0.5466070351758794,5.036555600003339
2,250,0.55,0.5,0.8500000000000001,67,20085067,213,274969,0.5527015075376884,5.057906500063837
2,250,0.55,0.5,0.8500000000000001,68,20085068,213,331446,0.6662231155778895,5.296777799958363
2,250,0.55,0.5,0.8500000000000001,69,20085069,213,302711,0.6084643216080402,5.200773100019433
2,250,0.55,0.5,0.8500000000000001,70,20085070,213,287942,0.5787778894472362,5.103878699941561
2,250,0.55,0.5,0.8500000000000001,71,20085071,213,292832,0.5886070351758794,4.959957099985331
2,250,0.55,0.5,0.8500000000000001,72,20085072,213,314593,0.6323477386934674,5.166607500053942
2,250,0.55,0.5,0.8500000000000001,73,20085073,213,309657,0.6224261306532664,5.213861500029452
2,250,0.55,0.5,0.8500000000000001,74,20085074,213,313593,0.630337688442211,5.156164200045168
2,250,0.55,0.5,0.8500000000000001,75,20085075,213,301656,0.6063437185929649,5.029256199952215
2,250,0.55,0.5,0.8500000000000001,76,20085076,213,316604,0.6363899497487437,4.948605400044471
2,250,0.55,0.5,0.8500000000000001,77,20085077,213,279727,0.5622653266331659,5.077068299986422
2,250,0.55,0.5,0.8500000000000001,78,20085078,213,303513,0.6100763819095477,5.0457629999145865
2,250,0.55,0.5,0.8500000000000001,79,20085079,213,299815,0.602643216080402,4.904828800004907
2,250,0.55,0.5,0.8500000000000001,80,20085080,213,278064,0.5589226130653266,5.107066199998371
2,250,0.55,0.5,0.8500000000000001,81,20085081,213,294877,0.5927175879396985,5.111079900059849
2,250,0.55,0.5,0.8500000000000001,82,20085082,213,280926,0.5646753768844222,5.034047699999064
2,250,0.55,0.5,0.8500000000000001,83,20085083,213,286909,0.5767015075376885,5.0340240999357775
2,250,0.55,0.5,0.8500000000000001,84,20085084,213,299484,0.6019778894472362,5.044390700059012
2,250,0.55,0.5,0.8500000000000001,85,20085085,213,307634,0.6183597989949748,4.959707400063053
2,250,0.55,0.5,0.8500000000000001,86,20085086,213,301728,0.6064884422110552,5.0065416999859735
2,250,0.55,0.5,0.8500000000000001,87,20085087,213,287611,0.5781125628140703,5.013371099950746
2,250,0.55,0.5,0.8500000000000001,88,20085088,213,283010,0.5688643216080402,4.954262899933383
2,250,0.55,0.5,0.8500000000000001,89,20085089,213,292745,0.58843216080402,4.926043300074525
2,250,0.55,0.5,0.8500000000000001,90,20085090,213,304650,0.6123618090452261,5.1052376999286935
2,250,0.55,0.5,0.8500000000000001,91,20085091,213,311652,0.6264361809045226,5.128975300001912
2,250,0.55,0.5,0.8500000000000001,92,20085092,213,279951,0.5627155778894473,4.990120599977672
2,250,0.55,0.5,0.8500000000000001,93,20085093,213,298787,0.6005768844221105,5.117809900082648
2,250,0.55,0.5,0.8500000000000001,94,20085094,213,285822,0.5745165829145729,5.132857299991883
2,250,0.55,0.5,0.8500000000000001,95,20085095,213,289697,0.582305527638191,5.037536799907684
2,250,0.55,0.5,0.8500000000000001,96,20085096,213,289831,0.5825748743718593,5.113560999976471
2,250,0.55,0.5,0.8500000000000001,97,20085097,213,299786,0.6025849246231155,5.174930600100197
2,250,0.55,0.5,0.8500000000000001,98,20085098,213,318562,0.6403256281407035,5.282347100088373
2,250,0.55,0.5,0.8500000000000001,99,20085099,213,297821,0.598635175879397,5.196827600011602
2,250,0.55,0.5,0.9,0,20090000,225,294757,0.5924763819095478,5.159020599909127
2,250,0.55,0.5,0.9,1,20090001,225,331420,0.6661708542713568,5.297345699975267
2,250,0.55,0.5,0.9,2,20090002,225,304873,0.6128100502512562,5.225893400027417
2,250,0.55,0.5,0.9,3,20090003,225,306621,0.6163236180904522,5.1806752000702545
2,250,0.55,0.5,0.9,4,20090004,225,267147,0.5369788944723618,5.096000000019558
2,250,0.55,0.5,0.9,5,20090005,225,316731,0.6366452261306532,5.221419199951924
2,250,0.55,0.5,0.9,6,20090006,225,286832,0.5765467336683417,5.072635299991816
2,250,0.55,0.5,0.9,7,20090007,225,303497,0.6100442211055276,5.244715600041673
2,250,0.55,0.5,0.9,8,20090008,225,309812,0.622737688442211,4.983018699917011
2,250,0.55,0.5,0.9,9,20090009,225,290843,0.5846090452261307,5.072169999941252
2,250,0.55,0.5,0.9,10,20090010,225,318536,0.6402733668341709,5.144624500069767
2,250,0.55,0.5,0.9,11,20090011,225,282993,0.5688301507537689,4.886043500038795
2,250,0.55,0.5,0.9,12,20090012,225,321488,0.6462070351758794,5.172890799934976
2,250,0.55,0.5,0.9,13,20090013,225,290822,0.5845668341708543,5.095739500015043
2,250,0.55,0.5,0.9,14,20090014,225,303658,0.6103678391959799,5.166664799908176
2,250,0.55,0.5,0.9,15,20090015,225,307617,0.6183256281407035,4.949458400020376
2,250,0.55,0.5,0.9,16,20090016,225,314440,0.6320402010050251,5.143107800045982
2,250,0.55,0.5,0.9,17,20090017,225,304682,0.6124261306532663,5.211210099980235
2,250,0.55,0.5,0.9,18,20090018,225,323500,0.650251256281407,5.265915800002404
2,250,0.55,0.5,0.9,19,20090019,225,279947,0.5627075376884422,4.988356800051406
2,250,0.55,0.5,0.9,20,20090020,225,306613,0.6163075376884423,5.170592800015584
2,250,0.55,0.5,0.9,21,20090021,225,306700,0.6164824120603015,5.238229500013404
2,250,0.55,0.5,0.9,22,20090022,225,312785,0.628713567839196,5.046352000092156
2,250,0.55,0.5,0.9,23,20090023,225,297844,0.5986814070351759,5.15689470001962
2,250,0.55,0.5,0.9,24,20090024,225,323742,0.650737688442211,5.4809462000848725
2,250,0.55,0.5,0.9,25,20090025,225,333430,0.6702110552763819,5.236626400030218
2,250,0.55,0.5,0.9,26,20090026,225,296856,0.5966954773869346,5.209433900075965
2,250,0.55,0.5,0.9,27,20090027,225,317734,0.6386613065326633,5.654144899919629
2,250,0.55,0.5,0.9,28,20090028,225,328531,0.6603638190954774,5.359031399944797
2,250,0.55,0.5,0.9,29,20090029,225,285851,0.5745748743718593,5.257862799917348
2,250,0.55,0.5,0.9,30,20090030,225,286852,0.5765869346733669,5.550081599969417
2,250,0.55,0.5,0.9,31,20090031,225,295807,0.5945869346733669,5.003453999990597
2,250,0.55,0.5,0.9,32,20090032,225,309588,0.6222874371859296,5.442899500019848
2,250,0.55,0.5,0.9,33,20090033,225,297745,0.5984824120603015,5.026996099972166
2,250,0.55,0.5,0.9,34,20090034,225,311716,0.626564824120603,5.154890000005253
2,250,0.55,0.5,0.9,35,20090035,225,276983,0.5567497487437186,5.725946699967608
2,250,0.55,0.5,0.9,36,20090036,225,294913,0.5927899497487438,5.257850300054997
2,250,0.55,0.5,0.9,37,20090037,225,296790,0.5965628140703517,5.78736650000792
2,250,0.55,0.5,0.9,38,20090038,225,338274,0.6799477386934674,5.423385599977337
2,250,0.55,0.5,0.9,39,20090039,225,275965,0.5547035175879397,5.7581209999043494
2,250,0.55,0.5,0.9,40,20090040,225,330335,0.6639899497487437,5.555697900010273
2,250,0.55,0.5,0.9,41,20090041,225,316319,0.6358170854271357,5.742651999928057
2,250,0.55,0.5,0.9,42,20090042,225,282912,0.5686673366834171,5.119290199945681
2,250,0.55,0.5,0.9,43,20090043,225,312556,0.6282532663316583,5.22140129993204
2,250,0.55,0.5,0.9,44,20090044,225,273699,0.550148743718593,5.341987999971025
2,250,0.55,0.5,0.9,45,20090045,225,293845,0.590643216080402,5.302886899909936
2,250,0.55,0.5,0.9,46,20090046,225,310560,0.6242412060301508,5.362777499947697
2,250,0.55,0.5,0.9,47,20090047,225,277965,0.5587236180904522,5.63396919996012
2,250,0.55,0.5,0.9,48,20090048,225,279893,0.5625989949748744,5.445113800000399
2,250,0.55,0.5,0.9,49,20090049,225,301694,0.6064201005025126,5.403725300100632
2,250,0.55,0.5,0.9,50,20090050,225,299788,0.6025889447236181,5.549043699982576
2,250,0.55,0.5,0.9,51,20090051,225,298586,0.600172864321608,5.61289480002597
2,250,0.55,0.5,0.9,52,20090052,225,327586,0.6584643216080402,5.504567199968733
2,250,0.55,0.5,0.9,53,20090053,225,282981,0.5688060301507538,5.600552699994296
2,250,0.55,0.5,0.9,54,20090054,225,281945,0.5667236180904522,4.976258900016546
2,250,0.55,0.5,0.9,55,20090055,225,296877,0.5967376884422111,5.268871499923989
2,250,0.55,0.5,0.9,56,20090056,225,325666,0.6546050251256281,5.454857000033371
2,250,0.55,0.5,0.9,57,20090057,225,297877,0.5987477386934673,5.350305200088769
2,250,0.55,0.5,0.9,58,20090058,225,305700,0.6144723618090452,5.347722099977545
2,250,0.55,0.5,0.9,59,20090059,225,296887,0.5967577889447236,5.416299300035462
2,250,0.55,0.5,0.9,60,20090060,225,298590,0.6001809045226131,5.2459887999575585
2,250,0.55,0.5,0.9,61,20090061,225,293944,0.5908422110552763,5.214432900073007
2,250,0.55,0.5,0.9,62,20090062,225,301563,0.606156783919598,5.249568699975498
2,250,0.55,0.5,0.9,63,20090063,225,279919,0.562651256281407,5.065382599947043
2,250,0.55,0.5,0.9,64,20090064,225,302647,0.6083356783919598,5.191859200014733
2,250,0.55,0.5,0.9,65,20090065,225,308845,0.6207939698492463,5.156298500020057
2,250,0.55,0.5,0.9,66,20090066,225,329538,0.6623879396984924,5.338640099973418
2,250,0.55,0.5,0.9,67,20090067,225,314600,0.6323618090452261,5.295284699997865
2,250,0.55,0.5,0.9,68,20090068,225,284804,0.572470351758794,5.193921099998988
2,250,0.55,0.5,0.9,69,20090069,225,318456,0.6401125628140704,5.194302699994296
2,250,0.55,0.5,0.9,70,20090070,225,313774,0.6307015075376884,5.2368921000743285
2,250,0.55,0.5,0.9,71,20090071,225,309586,0.6222834170854271,5.0910770000191405
2,250,0.55,0.5,0.9,72,20090072,225,301659,0.6063497487437186,5.045290500042029
2,250,0.55,0.5,0.9,73,20090073,225,304692,0.6124462311557789,5.229051900096238
2,250,0.55,0.5,0.9,74,20090074,225,324591,0.6524442211055277,5.293220299994573
2,250,0.55,0.5,0.9,75,20090075,225,339406,0.6822231155778894,5.206932900007814
2,250,0.55,0.5,0.9,76,20090076,225,300774,0.6045708542713568,5.172356100054458
2,250,0.55,0.5,0.9,77,20090077,225,296658,0.5962974874371859,5.196099900058471
2,250,0.55,0.5,0.9,78,20090078,225,302770,0.6085829145728643,5.124420500011183
2,250,0.55,0.5,0.9,79,20090079,225,325209,0.653686432160804,5.1925225999439135
2,250,0.55,0.5,0.9,80,20090080,225,317629,0.6384502512562814,5.154913399950601
2,250,0.55,0.5,0.9,81,20090081,225,294856,0.5926753768844221,5.137815900030546
2,250,0.55,0.5,0.9,82,20090082,225,288749,0.5804,5.153000200050883
2,250,0.55,0.5,0.9,83,20090083,225,332443,0.668227135678392,5.0533015000401065
2,250,0.55,0.5,0.9,84,20090084,225,294838,0.5926391959798994,5.1469028000719845
2,250,0.55,0.5,0.9,85,20090085,225,305846,0.6147658291457286,5.099351299926639
2,250,0.55,0.5,0.9,86,20090086,225,278922,0.5606472361809045,5.0598138000350446
2,250,0.55,0.5,0.9,87,20090087,225,291744,0.5864201005025126,5.122650500037707
2,250,0.55,0.5,0.9,88,20090088,225,299789,0.6025909547738694,5.141890999977477
2,250,0.55,0.5,0.9,89,20090089,225,311608,0.6263477386934674,5.105310300015844
2,250,0.55,0.5,0.9,90,20090090,225,299869,0.6027517587939698,5.251471000025049
2,250,0.55,0.5,0.9,91,20090091,225,286690,0.5762613065326633,5.158024900010787
2,250,0.55,0.5,0.9,92,20090092,225,304775,0.6126130653266332,5.197800799971446
2,250,0.55,0.5,0.9,93,20090093,225,310637,0.6243959798994975,5.168950300081633
2,250,0.55,0.5,0.9,94,20090094,225,288664,0.5802291457286433,5.087854900048114
2,250,0.55,0.5,0.9,95,20090095,225,303625,0.6103015075376884,5.063008799916133
2,250,0.55,0.5,0.9,96,20090096,225,326336,0.6559517587939698,5.148209900013171
2,250,0.55,0.5,0.9,97,20090097,225,301677,0.6063859296482412,5.086974099976942
2,250,0.55,0.5,0.9,98,20090098,225,289972,0.5828582914572864,5.05772469996009
2,250,0.55,0.5,0.9,99,20090099,225,292943,0.5888301507537689,5.096503900014795
2,250,0.55,0.5,0.9500000000000001,0,20095000,238,311619,0.6263698492462312,5.157848700066097
2,250,0.55,0.5,0.9500000000000001,1,20095001,238,309761,0.622635175879397,5.215455899946392
2,250,0.55,0.5,0.9500000000000001,2,20095002,238,322707,0.6486572864321608,5.202656299923547
2,250,0.55,0.5,0.9500000000000001,3,20095003,238,292899,0.5887417085427136,5.180068799993023
2,250,0.55,0.5,0.9500000000000001,4,20095004,238,324381,0.6520221105527638,5.280230199918151
2,250,0.55,0.5,0.9500000000000001,5,20095005,238,308569,0.6202391959798995,5.286404000013135
2,250,0.55,0.5,0.9500000000000001,6,20095006,238,305790,0.6146532663316583,5.263725200085901
2,250,0.55,0.5,0.9500000000000001,7,20095007,238,339510,0.6824321608040201,5.293669100035913
2,250,0.55,0.5,0.9500000000000001,8,20095008,238,296655,0.5962914572864322,5.180684300023131
2,250,0.55,0.5,0.9500000000000001,9,20095009,238,303845,0.6107437185929648,5.169128799927421
2,250,0.55,0.5,0.9500000000000001,10,20095010,238,305775,0.6146231155778894,5.299874599906616
2,250,0.55,0.5,0.9500000000000001,11,20095011,238,306830,0.6167437185929648,5.238974799984135
2,250,0.55,0.5,0.9500000000000001,12,20095012,238,313680,0.6305125628140703,5.197269900003448
2,250,0.55,0.5,0.9500000000000001,13,20095013,238,325231,0.6537306532663316,5.325946800061502
2,250,0.55,0.5,0.9500000000000001,14,20095014,238,312857,0.6288582914572864,5.211280699935742
2,250,0.55,0.5,0.9500000000000001,15,20095015,238,320554,0.644329648241206,5.245521400007419
2,250,0.55,0.5,0.9500000000000001,16,20095016,238,314719,0.6326010050251256,5.15867359994445
2,250,0.55,0.5,0.9500000000000001,17,20095017,238,324483,0.652227135678392,5.337634399998933
2,250,0.55,0.5,0.9500000000000001,18,20095018,238,282877,0.5685969849246231,5.158119400031865
2,250,0.55,0.5,0.9500000000000001,19,20095019,238,315636,0.6344442211055277,5.2805489000165835
2,250,0.55,0.5,0.9500000000000001,20,20095020,238,337389,0.6781688442211056,5.243083200068213
2,250,0.55,0.5,0.9500000000000001,21,20095021,238,317690,0.6385728643216081,5.275734700029716
2,250,0.55,0.5,0.9500000000000001,22,20095022,238,325453,0.6541768844221105,5.470612099976279
2,250,0.55,0.5,0.9500000000000001,23,20095023,238,313726,0.6306050251256281,5.5790056000696495
2,250,0.55,0.5,0.9500000000000001,24,20095024,238,300626,0.6042733668341709,5.562727899989113
2,250,0.55,0.5,0.9500000000000001,25,20095025,238,344453,0.6923678391959799,5.4839846000541
2,250,0.55,0.5,0.9500000000000001,26,20095026,238,318676,0.6405547738693468,5.626395100029185
2,250,0.55,0.5,0.9500000000000001,27,20095027,238,306682,0.6164462311557789,5.059330099960789
2,250,0.55,0.5,0.9500000000000001,28,20095028,238,349300,0.7021105527638191,5.226649700081907
2,250,0.55,0.5,0.9500000000000001,29,20095029,238,331619,0.6665708542713568,5.685852899914607
2,250,0.55,0.5,0.9500000000000001,30,20095030,238,304888,0.6128402010050251,5.364434599992819
2,250,0.55,0.5,0.9500000000000001,31,20095031,238,306584,0.6162492462311557,5.438658399973065
2,250,0.55,0.5,0.9500000000000001,32,20095032,238,341354,0.6861386934673367,5.504182200063951
2,250,0.55,0.5,0.9500000000000001,33,20095033,238,291828,0.5865889447236181,5.3607670000055805
2,250,0.55,0.5,0.9500000000000001,34,20095034,238,289659,0.5822291457286433,5.434493499924429
2,250,0.55,0.5,0.9500000000000001,35,20095035,238,301908,0.6068502512562814,5.412342900061049
2,250,0.55,0.5,0.9500000000000001,36,20095036,238,303784,0.6106211055276382,5.4289848000044
2,250,0.55,0.5,0.9500000000000001,37,20095037,238,320499,0.644219095477387,5.419102700077929
2,250,0.55,0.5,0.9500000000000001,38,20095038,238,319735,0.6426834170854271,5.443787300027907
2,250,0.55,0.5,0.9500000000000001,39,20095039,238,320620,0.644462311557789,5.52766799996607
2,250,0.55,0.5,0.9500000000000001,40,20095040,238,326474,0.6562291457286432,5.485322199994698
2,250,0.55,0.5,0.9500000000000001,41,20095041,238,324580,0.6524221105527638,5.442176799988374
2,250,0.55,0.5,0.9500000000000001,42,20095042,238,312534,0.6282090452261306,5.389888100093231
2,250,0.55,0.5,0.9500000000000001,43,20095043,238,342496,0.6884341708542714,5.688314399914816
2,250,0.55,0.5,0.9500000000000001,44,20095044,238,304783,0.6126291457286432,5.584057500003837
2,250,0.55,0.5,0.9500000000000001,45,20095045,238,303925,0.6109045226130654,5.496800399967469
2,250,0.55,0.5,0.9500000000000001,46,20095046,238,331521,0.6663738693467337,5.723261100007221
2,250,0.55,0.5,0.9500000000000001,47,20095047,238,315631,0.6344341708542713,5.320075200055726
2,250,0.55,0.5,0.9500000000000001,48,20095048,238,312736,0.6286150753768844,5.47365900001023
2,250,0.55,0.5,0.9500000000000001,49,20095049,238,326617,0.6565165829145728,5.368168400018476
2,250,0.55,0.5,0.9500000000000001,50,20095050,238,318618,0.6404381909547738,5.4000850999727845
2,250,0.55,0.5,0.9500000000000001,51,20095051,238,337261,0.6779115577889447,5.669028399977833
2,250,0.55,0.5,0.9500000000000001,52,20095052,238,294908,0.5927798994974874,5.309975799988024
2,250,0.55,0.5,0.9500000000000001,53,20095053,238,329430,0.6621708542713568,5.4081641000229865
2,250,0.55,0.5,0.9500000000000001,54,20095054,238,304800,0.6126633165829146,5.385035999934189
2,250,0.55,0.5,0.9500000000000001,55,20095055,238,354160,0.7118793969849246,5.513929900014773
2,250,0.55,0.5,0.9500000000000001,56,20095056,238,296892,0.5967678391959799,5.516187599976547
2,250,0.55,0.5,0.9500000000000001,57,20095057,238,317628,0.6384482412060302,5.37979189993348
2,250,0.55,0.5,0.9500000000000001,58,20095058,238,325690,0.6546532663316583,5.370442699990235
2,250,0.55,0.5,0.9500000000000001,59,20095059,238,325550,0.6543718592964824,5.385881199967116
2,250,0.55,0.5,0.9500000000000001,60,20095060,238,301849,0.6067316582914573,5.356775699998252
2,250,0.55,0.5,0.9500000000000001,61,20095061,238,315727,0.6346271356783919,5.2454279999947175
2,250,0.55,0.5,0.9500000000000001,62,20095062,238,303730,0.6105125628140704,5.227084100013599
2,250,0.55,0.5,0.9500000000000001,63,20095063,238,303790,0.6106331658291457,5.221284199971706
2,250,0.55,0.5,0.9500000000000001,64,20095064,238,301503,0.6060361809045226,5.3732909999089316
2,250,0.55,0.5,0.9500000000000001,65,20095065,238,285877,0.574627135678392,5.253731100005098
2,250,0.55,0.5,0.9500000000000001,66,20095066,238,315589,0.6343497487437186,5.2947203000076115
2,250,0.55,0.5,0.9500000000000001,67,20095067,238,300560,0.604140703517588,5.407357300049625
2,250,0.55,0.5,0.9500000000000001,68,20095068,238,321609,0.6464502512562814,5.260033900034614
2,250,0.55,0.5,0.9500000000000001,69,20095069,238,335543,0.6744582914572864,5.692928400007077
2,250,0.55,0.5,0.9500000000000001,70,20095070,238,322626,0.648494472361809,5.461825000005774
2,250,0.55,0.5,0.9500000000000001,71,20095071,238,308823,0.6207497487437186,5.3988396999193355
2,250,0.55,0.5,0.9500000000000001,72,20095072,238,300854,0.6047316582914573,5.8886158999521285
2,250,0.55,0.5,0.9500000000000001,73,20095073,238,313706,0.630564824120603,5.122080000001006
2,250,0.55,0.5,0.9500000000000001,74,20095074,238,310739,0.6246010050251256,5.928534399950877
2,250,0.55,0.5,0.9500000000000001,75,20095075,238,310527,0.6241748743718593,5.429573699948378
2,250,0.55,0.5,0.9500000000000001,76,20095076,238,305764,0.6146010050251256,5.919059300096706
2,250,0.55,0.5,0.9500000000000001,77,20095077,238,329434,0.6621788944723618,5.075929999933578
2,250,0.55,0.5,0.9500000000000001,78,20095078,238,300756,0.6045346733668342,5.332041700021364
2,250,0.55,0.5,0.9500000000000001,79,20095079,238,292994,0.5889326633165829,5.004801000002772
2,250,0.55,0.5,0.9500000000000001,80,20095080,238,344411,0.6922834170854272,5.938998900004663
2,250,0.55,0.5,0.9500000000000001,81,20095081,238,311626,0.62638391959799,5.441874700016342
2,250,0.55,0.5,0.9500000000000001,82,20095082,238,308797,0.6206974874371859,5.370380699983798
2,250,0.55,0.5,0.9500000000000001,83,20095083,238,310741,0.6246050251256281,5.22912739997264
2,250,0.55,0.5,0.9500000000000001,84,20095084,238,302737,0.6085165829145729,5.712860099971294
2,250,0.55,0.5,0.9500000000000001,85,20095085,238,288716,0.5803336683417085,5.41477729997132
2,250,0.55,0.5,0.9500000000000001,86,20095086,238,290974,0.5848723618090452,5.370200400007889
2,250,0.55,0.5,0.9500000000000001,87,20095087,238,336346,0.6760723618090452,5.404182599973865
2,250,0.55,0.5,0.9500000000000001,88,20095088,238,352244,0.7080281407035176,5.37555109988898
2,250,0.55,0.5,0.9500000000000001,89,20095089,238,300722,0.6044663316582914,5.3377053999574855
2,250,0.55,0.5,0.9500000000000001,90,20095090,238,316633,0.6364482412060302,5.648264899966307
2,250,0.55,0.5,0.9500000000000001,91,20095091,238,315651,0.6344743718592964,5.366065999958664
2,250,0.55,0.5,0.9500000000000001,92,20095092,238,307673,0.6184381909547738,5.213168599992059
2,250,0.55,0.5,0.9500000000000001,93,20095093,238,309451,0.6220120603015076,5.558853599941358
2,250,0.55,0.5,0.9500000000000001,94,20095094,238,325556,0.6543839195979899,5.4047236000187695
2,250,0.55,0.5,0.9500000000000001,95,20095095,238,329150,0.661608040201005,5.6185178000014275
2,250,0.55,0.5,0.9500000000000001,96,20095096,238,344066,0.6915899497487438,5.565210599917918
2,250,0.55,0.5,0.9500000000000001,97,20095097,238,321630,0.6464924623115578,5.31250550004188
2,250,0.55,0.5,0.9500000000000001,98,20095098,238,322264,0.6477668341708542,5.476928399992175
2,250,0.55,0.5,0.9500000000000001,99,20095099,238,341470,0.6863718592964824,5.522308600018732
2,250,0.55,0.5,1.0,0,20100000,250,360316,0.7242532663316583,5.619108599959873
2,250,0.55,0.5,1.0,1,20100001,250,327460,0.6582110552763819,5.559638699982315
2,250,0.55,0.5,1.0,2,20100002,250,320629,0.6444804020100503,5.453376900055446
2,250,0.55,0.5,1.0,3,20100003,250,323590,0.6504321608040201,5.5296449000015855
2,250,0.55,0.5,1.0,4,20100004,250,319562,0.6423356783919598,5.463418399915099
2,250,0.55,0.5,1.0,5,20100005,250,323457,0.6501648241206031,5.441178200067952
2,250,0.55,0.5,1.0,6,20100006,250,343312,0.6900743718592964,5.590058299945667
2,250,0.55,0.5,1.0,7,20100007,250,363027,0.729702512562814,5.574406899977475
2,250,0.55,0.5,1.0,8,20100008,250,325603,0.654478391959799,5.443423099932261
2,250,0.55,0.5,1.0,9,20100009,250,342433,0.6883075376884422,5.526645299978554
2,250,0.55,0.5,1.0,10,20100010,250,334425,0.6722110552763819,5.502122300094925
2,250,0.55,0.5,1.0,11,20100011,250,289975,0.5828643216080402,5.45091319992207
2,250,0.55,0.5,1.0,12,20100012,250,329381,0.6620723618090453,5.6186018999433145
2,250,0.55,0.5,1.0,13,20100013,250,356279,0.7161386934673367,5.718723300029524
2,250,0.55,0.5,1.0,14,20100014,250,321446,0.6461226130653266,5.347956000012346
2,250,0.55,0.5,1.0,15,20100015,250,327451,0.6581929648241206,5.4891095999628305
2,250,0.55,0.5,1.0,16,20100016,250,326591,0.6564643216080402,5.690352399949916
2,250,0.55,0.5,1.0,17,20100017,250,321617,0.6464663316582915,5.671832900028676
2,250,0.55,0.5,1.0,18,20100018,250,342486,0.6884140703517588,5.670555599965155
2,250,0.55,0.5,1.0,19,20100019,250,327551,0.6583939698492463,5.331463600043207
2,250,0.55,0.5,1.0,20,20100020,250,334406,0.672172864321608,5.493715100106783
2,250,0.55,0.5,1.0,21,20100021,250,325397,0.6540643216080402,5.461857000016607
2,250,0.55,0.5,1.0,22,20100022,250,325668,0.6546090452261306,5.509440100053325
2,250,0.55,0.5,1.0,23,20100023,250,338489,0.6803798994974875,5.314680200070143
2,250,0.55,0.5,1.0,24,20100024,250,326512,0.6563055276381909,5.2661422999808565
2,250,0.55,0.5,1.0,25,20100025,250,361240,0.7261105527638191,6.146272600046359
2,250,0.55,0.5,1.0,26,20100026,250,281113,0.5650512562814071,5.381166400038637
2,250,0.55,0.5,1.0,27,20100027,250,354039,0.7116361809045226,6.087452699895948
2,250,0.55,0.5,1.0,28,20100028,250,339231,0.6818713567839196,5.341037400066853
2,250,0.55,0.5,1.0,29,20100029,250,336527,0.6764361809045226,5.80119739996735
2,250,0.55,0.5,1.0,30,20100030,250,355246,0.714062311557789,6.080096999998204
2,250,0.55,0.5,1.0,31,20100031,250,337502,0.6783959798994975,5.539084700052626
2,250,0.55,0.5,1.0,32,20100032,250,316579,0.6363396984924623,5.530048100044951
2,250,0.55,0.5,1.0,33,20100033,250,306812,0.6167075376884422,5.524693499901332
2,250,0.55,0.5,1.0,34,20100034,250,330499,0.6643195979899498,5.426923200022429
2,250,0.55,0.5,1.0,35,20100035,250,313508,0.6301668341708543,5.666465900023468
2,250,0.55,0.5,1.0,36,20100036,250,313731,0.6306150753768844,5.496318600024097
2,250,0.55,0.5,1.0,37,20100037,250,314787,0.632737688442211,5.609650400001556
2,250,0.55,0.5,1.0,38,20100038,250,330589,0.6645005025125628,5.5838163999142125
2,250,0.55,0.5,1.0,39,20100039,250,342433,0.6883075376884422,5.453509200015105
2,250,0.55,0.5,1.0,40,20100040,250,322680,0.6486030150753769,5.471191399963573
2,250,0.55,0.5,1.0,41,20100041,250,301916,0.6068663316582914,5.344326099962927
2,250,0.55,0.5,1.0,42,20100042,250,356322,0.7162251256281407,5.6133813000051305
2,250,0.55,0.5,1.0,43,20100043,250,330349,0.6640180904522613,5.55410019995179
2,250,0.55,0.5,1.0,44,20100044,250,309287,0.6216824120603015,5.4596698000095785
2,250,0.55,0.5,1.0,45,20100045,250,326668,0.656619095477387,5.438226900063455
2,250,0.55,0.5,1.0,46,20100046,250,319420,0.6420502512562815,5.314404899952933
2,250,0.55,0.5,1.0,47,20100047,250,332383,0.6681065326633165,5.677507899934426
2,250,0.55,0.5,1.0,48,20100048,250,352209,0.7079577889447236,5.764072900055908
2,250,0.55,0.5,1.0,49,20100049,250,357363,0.7183175879396985,5.561097400030121
2,250,0.55,0.5,1.0,50,20100050,250,334514,0.6723899497487437,5.668100999901071
2,250,0.55,0.5,1.0,51,20100051,250,304764,0.6125909547738694,5.655668299994431
2,250,0.55,0.5,1.0,52,20100052,250,347222,0.6979336683417086,5.528387400088832
2,250,0.55,0.5,1.0,53,20100053,250,332413,0.6681668341708543,5.344066600082442
2,250,0.55,0.5,1.0,54,20100054,250,336327,0.6760341708542713,5.508224299992435
2,250,0.55,0.5,1.0,55,20100055,250,310417,0.6239537688442212,5.4959847999271005
2,250,0.55,0.5,1.0,56,20100056,250,323686,0.6506251256281407,5.299272100091912
2,250,0.55,0.5,1.0,57,20100057,250,319572,0.6423557788944724,5.35808839998208
2,250,0.55,0.5,1.0,58,20100058,250,327451,0.6581929648241206,5.521545899915509
2,250,0.55,0.5,1.0,59,20100059,250,326567,0.65641608040201,5.5467018999625
2,250,0.55,0.5,1.0,60,20100060,250,337561,0.6785145728643216,5.610781399998814
2,250,0.55,0.5,1.0,61,20100061,250,335398,0.6741668341708543,5.439629700034857
2,250,0.55,0.5,1.0,62,20100062,250,323505,0.6502613065326633,5.553699099924415
2,250,0.55,0.5,1.0,63,20100063,250,283838,0.5705286432160804,5.344199400045909
2,250,0.55,0.5,1.0,64,20100064,250,326459,0.6561989949748743,5.5479173000203446
2,250,0.55,0.5,1.0,65,20100065,250,330532,0.6643859296482412,5.584947600029409
2,250,0.55,0.5,1.0,66,20100066,250,333687,0.6707276381909548,5.6161988999228925
2,250,0.55,0.5,1.0,67,20100067,250,305774,0.6146211055276382,5.429649899946526
2,250,0.55,0.5,1.0,68,20100068,250,319350,0.6419095477386935,5.529219100018963
2,250,0.55,0.5,1.0,69,20100069,250,316652,0.636486432160804,5.372498800046742
2,250,0.55,0.5,1.0,70,20100070,250,337518,0.6784281407035175,5.499325699987821
2,250,0.55,0.5,1.0,71,20100071,250,280948,0.5647195979899498,5.321197000099346
2,250,0.55,0.5,1.0,72,20100072,250,320510,0.6442412060301508,5.443557000020519
2,250,0.55,0.5,1.0,73,20100073,250,335528,0.6744281407035176,5.534511600038968
2,250,0.55,0.5,1.0,74,20100074,250,332480,0.6683015075376885,5.512248799903318
2,250,0.55,0.5,1.0,75,20100075,250,294811,0.5925849246231156,5.439403000054881
2,250,0.55,0.5,1.0,76,20100076,250,309738,0.6225889447236181,5.460479200002737
2,250,0.55,0.5,1.0,77,20100077,250,306790,0.6166633165829146,5.494719599955715
2,250,0.55,0.5,1.0,78,20100078,250,329530,0.6623718592964825,5.587281199987046
2,250,0.55,0.5,1.0,79,20100079,250,294790,0.5925427135678392,5.368489700020291
2,250,0.55,0.5,1.0,80,20100080,250,359293,0.7221969849246231,5.585569099988788
2,250,0.55,0.5,1.0,81,20100081,250,324668,0.6525989949748744,5.501815899973735
2,250,0.55,0.5,1.0,82,20100082,250,313797,0.6307477386934673,5.4128209999762475
2,250,0.55,0.5,1.0,83,20100083,250,342050,0.6875376884422111,5.581592199974693
2,250,0.55,0.5,1.0,84,20100084,250,310701,0.6245246231155779,5.5098015000112355
2,250,0.55,0.5,1.0,85,20100085,250,315547,0.6342653266331658,5.534007600042969
2,250,0.55,0.5,1.0,86,20100086,250,318635,0.6404723618090452,5.497665600036271
2,250,0.55,0.5,1.0,87,20100087,250,322579,0.6484,5.669529299950227
2,250,0.55,0.5,1.0,88,20100088,250,318689,0.6405809045226131,5.543319000047632
2,250,0.55,0.5,1.0,89,20100089,250,302889,0.6088221105527638,5.3657348999986425
2,250,0.55,0.5,1.0,90,20100090,250,331401,0.6661326633165829,5.503757300088182
2,250,0.55,0.5,1.0,91,20100091,250,318682,0.6405668341708542,5.484938299981877
2,250,0.55,0.5,1.0,92,20100092,250,321632,0.6464964824120603,5.618747300002724
2,250,0.55,0.5,1.0,93,20100093,250,331464,0.6662592964824121,5.588861200027168
2,250,0.55,0.5,1.0,94,20100094,250,332435,0.6682110552763819,5.510587599943392
2,250,0.55,0.5,1.0,95,20100095,250,334219,0.6717969849246231,5.673849500017241
2,250,0.55,0.5,1.0,96,20100096,250,340421,0.6842633165829146,5.703938800026663
2,250,0.55,0.5,1.0,97,20100097,250,322440,0.6481206030150753,5.5020406999392435
2,250,0.55,0.5,1.0,98,20100098,250,346379,0.6962391959798995,5.456506000016816
2,250,0.55,0.5,1.0,99,20100099,250,334422,0.6722050251256282,5.609309899969958
3,250,0.45,0.6,0.0,0,30000000,0,241125,0.48467336683417084,5.1862987000495195
3,250,0.45,0.6,0.0,1,30000001,0,241125,0.48467336683417084,5.101842099917121
3,250,0.45,0.6,0.0,2,30000002,0,241125,0.48467336683417084,5.1179350999882445
3,250,0.45,0.6,0.0,3,30000003,0,241125,0.48467336683417084,5.220392900053412
3,250,0.45,0.6,0.0,4,30000004,0,241125,0.48467336683417084,5.1434191999724135
3,250,0.45,0.6,0.0,5,30000005,0,241125,0.48467336683417084,5.0588957000290975
3,250,0.45,0.6,0.0,6,30000006,0,241125,0.48467336683417084,5.073599399998784
3,250,0.45,0.6,0.0,7,30000007,0,241125,0.48467336683417084,5.298485599923879
3,250,0.45,0.6,0.0,8,30000008,0,241125,0.48467336683417084,5.065999699989334
3,250,0.45,0.6,0.0,9,30000009,0,241125,0.48467336683417084,5.108310699928552
3,250,0.45,0.6,0.0,10,30000010,0,241125,0.48467336683417084,4.843450500047766
3,250,0.45,0.6,0.0,11,30000011,0,241125,0.48467336683417084,5.3169219000265
3,250,0.45,0.6,0.0,12,30000012,0,241125,0.48467336683417084,4.815970299998298
3,250,0.45,0.6,0.0,13,30000013,0,241125,0.48467336683417084,5.657451500068419
3,250,0.45,0.6,0.0,14,30000014,0,241125,0.48467336683417084,5.569820799981244
3,250,0.45,0.6,0.0,15,30000015,0,241125,0.48467336683417084,5.654100800049491
3,250,0.45,0.6,0.0,16,30000016,0,241125,0.48467336683417084,4.990330299944617
3,250,0.45,0.6,0.0,17,30000017,0,241125,0.48467336683417084,4.77892900002189
3,250,0.45,0.6,0.0,18,30000018,0,241125,0.48467336683417084,4.890411900007166
3,250,0.45,0.6,0.0,19,30000019,0,241125,0.48467336683417084,4.649654099950567
3,250,0.45,0.6,0.0,20,30000020,0,241125,0.48467336683417084,4.709981699939817
3,250,0.45,0.6,0.0,21,30000021,0,241125,0.48467336683417084,5.072750800056383
3,250,0.45,0.6,0.0,22,30000022,0,241125,0.48467336683417084,4.9472742000361905
3,250,0.45,0.6,0.0,23,30000023,0,241125,0.48467336683417084,5.490484000067227
3,250,0.45,0.6,0.0,24,30000024,0,241125,0.48467336683417084,5.296228999970481
3,250,0.45,0.6,0.0,25,30000025,0,241125,0.48467336683417084,5.0751450000097975
3,250,0.45,0.6,0.0,26,30000026,0,241125,0.48467336683417084,5.271095299976878
3,250,0.45,0.6,0.0,27,30000027,0,241125,0.48467336683417084,5.281676099984907
3,250,0.45,0.6,0.0,28,30000028,0,241125,0.48467336683417084,4.934053699951619
3,250,0.45,0.6,0.0,29,30000029,0,241125,0.48467336683417084,5.0449828000273556
3,250,0.45,0.6,0.0,30,30000030,0,241125,0.48467336683417084,5.013335699914023
3,250,0.45,0.6,0.0,31,30000031,0,241125,0.48467336683417084,5.075174600002356
3,250,0.45,0.6,0.0,32,30000032,0,241125,0.48467336683417084,5.131268600001931
3,250,0.45,0.6,0.0,33,30000033,0,241125,0.48467336683417084,5.124329700018279
3,250,0.45,0.6,0.0,34,30000034,0,241125,0.48467336683417084,5.155771999969147
3,250,0.45,0.6,0.0,35,30000035,0,241125,0.48467336683417084,5.110977899981663
3,250,0.45,0.6,0.0,36,30000036,0,241125,0.48467336683417084,5.127926000044681
3,250,0.45,0.6,0.0,37,30000037,0,241125,0.48467336683417084,5.106769600068219
3,250,0.45,0.6,0.0,38,30000038,0,241125,0.48467336683417084,5.105434700031765
3,250,0.45,0.6,0.0,39,30000039,0,241125,0.48467336683417084,5.112986900028773
3,250,0.45,0.6,0.0,40,30000040,0,241125,0.48467336683417084,5.140959799988195
3,250,0.45,0.6,0.0,41,30000041,0,241125,0.48467336683417084,5.058156300103292
3,250,0.45,0.6,0.0,42,30000042,0,241125,0.48467336683417084,5.098028799984604
3,250,0.45,0.6,0.0,43,30000043,0,241125,0.48467336683417084,5.070712900022045
3,250,0.45,0.6,0.0,44,30000044,0,241125,0.48467336683417084,5.149060899973847
3,250,0.45,0.6,0.0,45,30000045,0,241125,0.48467336683417084,5.079501700005494
3,250,0.45,0.6,0.0,46,30000046,0,241125,0.48467336683417084,5.13479110004846
3,250,0.45,0.6,0.0,47,30000047,0,241125,0.48467336683417084,5.0488385000498965
3,250,0.45,0.6,0.0,48,30000048,0,241125,0.48467336683417084,5.117954800021835
3,250,0.45,0.6,0.0,49,30000049,0,241125,0.48467336683417084,5.165084299980663
3,250,0.45,0.6,0.0,50,30000050,0,241125,0.48467336683417084,5.132981900009327
3,250,0.45,0.6,0.0,51,30000051,0,241125,0.48467336683417084,5.176413899986073
3,250,0.45,0.6,0.0,52,30000052,0,241125,0.48467336683417084,5.165133800008334
3,250,0.45,0.6,0.0,53,30000053,0,241125,0.48467336683417084,5.13975919992663
3,250,0.45,0.6,0.0,54,30000054,0,241125,0.48467336683417084,5.090323199983686
3,250,0.45,0.6,0.0,55,30000055,0,241125,0.48467336683417084,5.089061800041236
3,250,0.45,0.6,0.0,56,30000056,0,241125,0.48467336683417084,5.137786999926902
3,250,0.45,0.6,0.0,57,30000057,0,241125,0.48467336683417084,5.057106900028884
3,250,0.45,0.6,0.0,58,30000058,0,241125,0.48467336683417084,5.064794400008395
3,250,0.45,0.6,0.0,59,30000059,0,241125,0.48467336683417084,5.09307770000305
3,250,0.45,0.6,0.0,60,30000060,0,241125,0.48467336683417084,5.119614199968055
3,250,0.45,0.6,0.0,61,30000061,0,241125,0.48467336683417084,5.118151500006206
3,250,0.45,0.6,0.0,62,30000062,0,241125,0.48467336683417084,5.083226399961859
3,250,0.45,0.6,0.0,63,30000063,0,241125,0.48467336683417084,5.067245400045067
3,250,0.45,0.6,0.0,64,30000064,0,241125,0.48467336683417084,5.074926000088453
3,250,0.45,0.6,0.0,65,30000065,0,241125,0.48467336683417084,5.10574979998637
3,250,0.45,0.6,0.0,66,30000066,0,241125,0.48467336683417084,5.11674219998531
3,250,0.45,0.6,0.0,67,30000067,0,241125,0.48467336683417084,5.118097900063731
3,250,0.45,0.6,0.0,68,30000068,0,241125,0.48467336683417084,5.05486130004283
3,250,0.45,0.6,0.0,69,30000069,0,241125,0.48467336683417084,5.151451499899849
3,250,0.45,0.6,0.0,70,30000070,0,241125,0.48467336683417084,5.138016100041568
3,250,0.45,0.6,0.0,71,30000071,0,241125,0.48467336683417084,5.1393875000067055
3,250,0.45,0.6,0.0,72,30000072,0,241125,0.48467336683417084,5.11958240007516
3,250,0.45,0.6,0.0,73,30000073,0,241125,0.48467336683417084,5.130666199955158
3,250,0.45,0.6,0.0,74,30000074,0,241125,0.48467336683417084,5.1625502000097185
3,250,0.45,0.6,0.0,75,30000075,0,241125,0.48467336683417084,5.119275200064294
3,250,0.45,0.6,0.0,76,30000076,0,241125,0.48467336683417084,5.1261274999706075
3,250,0.45,0.6,0.0,77,30000077,0,241125,0.48467336683417084,5.110675900010392
3,250,0.45,0.6,0.0,78,30000078,0,241125,0.48467336683417084,5.145597499911673
3,250,0.45,0.6,0.0,79,30000079,0,241125,0.48467336683417084,5.030765099916607
3,250,0.45,0.6,0.0,80,30000080,0,241125,0.48467336683417084,5.0546558001078665
3,250,0.45,0.6,0.0,81,30000081,0,241125,0.48467336683417084,5.134992800070904
3,250,0.45,0.6,0.0,82,30000082,0,241125,0.48467336683417084,5.085461899987422
3,250,0.45,0.6,0.0,83,30000083,0,241125,0.48467336683417084,5.166188200004399
3,250,0.45,0.6,0.0,84,30000084,0,241125,0.48467336683417084,5.020031800027937
3,250,0.45,0.6,0.0,85,30000085,0,241125,0.48467336683417084,5.0932781000155956
3,250,0.45,0.6,0.0,86,30000086,0,241125,0.48467336683417084,5.266518699936569
3,250,0.45,0.6,0.0,87,30000087,0,241125,0.48467336683417084,5.320397899951786
3,250,0.45,0.6,0.0,88,30000088,0,241125,0.48467336683417084,5.171456099953502
3,250,0.45,0.6,0.0,89,30000089,0,241125,0.48467336683417084,5.264926100033335
3,250,0.45,0.6,0.0,90,30000090,0,241125,0.48467336683417084,5.090578899951652
3,250,0.45,0.6,0.0,91,30000091,0,241125,0.48467336683417084,5.099026900017634
3,250,0.45,0.6,0.0,92,30000092,0,241125,0.48467336683417084,4.883659499930218
3,250,0.45,0.6,0.0,93,30000093,0,241125,0.48467336683417084,5.046840999973938
3,250,0.45,0.6,0.0,94,30000094,0,241125,0.48467336683417084,5.254587600007653
3,250,0.45,0.6,0.0,95,30000095,0,241125,0.48467336683417084,5.101902899914421
3,250,0.45,0.6,0.0,96,30000096,0,241125,0.48467336683417084,5.071405999944545
3,250,0.45,0.6,0.0,97,30000097,0,241125,0.48467336683417084,5.267998400027864
3,250,0.45,0.6,0.0,98,30000098,0,241125,0.48467336683417084,5.345208499929868
3,250,0.45,0.6,0.0,99,30000099,0,241125,0.48467336683417084,4.812969099963084
3,250,0.45,0.6,0.05,0,30005000,12,245807,0.49408442211055276,5.355507200001739
3,250,0.45,0.6,0.05,1,30005001,12,246255,0.49498492462311555,4.857104099937715
3,250,0.45,0.6,0.05,2,30005002,12,245079,0.4926211055276382,5.047108100028709
3,250,0.45,0.6,0.05,3,30005003,12,246384,0.4952442211055276,5.035745700006373
3,250,0.45,0.6,0.05,4,30005004,12,244178,0.4908100502512563,5.16028940002434
3,250,0.45,0.6,0.05,5,30005005,12,246290,0.49505527638190955,5.239685399923474
3,250,0.45,0.6,0.05,6,30005006,12,245494,0.49345527638190956,5.17581909999717
3,250,0.45,0.6,0.05,7,30005007,12,244010,0.49047236180904524,5.167698899982497
3,250,0.45,0.6,0.05,8,30005008,12,246585,0.4956482412060301,5.174020100035705
3,250,0.45,0.6,0.05,9,30005009,12,243854,0.49015879396984924,5.138167200027965
3,250,0.45,0.6,0.05,10,30005010,12,243761,0.4899718592964824,5.258902600035071
3,250,0.45,0.6,0.05,11,30005011,12,245292,0.49304924623115576,5.227960699936375
3,250,0.45,0.6,0.05,12,30005012,12,245671,0.4938110552763819,5.104618399986066
3,250,0.45,0.6,0.05,13,30005013,12,244622,0.49170251256281405,5.099137100041844
3,250,0.45,0.6,0.05,14,30005014,12,245844,0.49415879396984924,5.450413000071421
3,250,0.45,0.6,0.05,15,30005015,12,245690,0.4938492462311558,5.056484300061129
3,250,0.45,0.6,0.05,16,30005016,12,244621,0.4917005025125628,5.17854840005748
3,250,0.45,0.6,0.05,17,30005017,12,242161,0.48675577889447236,5.370070700068027
3,250,0.45,0.6,0.05,18,30005018,12,246028,0.4945286432160804,5.160889100050554
3,250,0.45,0.6,0.05,19,30005019,12,246340,0.4951557788944724,5.420407300000079
3,250,0.45,0.6,0.05,20,30005020,12,245089,0.49264120603015077,4.977370000095107
3,250,0.45,0.6,0.05,21,30005021,12,245531,0.49352964824120604,5.483736399910413
3,250,0.45,0.6,0.05,22,30005022,12,244206,0.49086633165829147,5.294951899908483
3,250,0.45,0.6,0.05,23,30005023,12,245027,0.49251658291457284,4.841005000052974
3,250,0.45,0.6,0.05,24,30005024,12,245144,0.4927517587939699,4.909390700049698
3,250,0.45,0.6,0.05,25,30005025,12,246015,0.4945025125628141,5.155905200052075
3,250,0.45,0.6,0.05,26,30005026,12,244611,0.49168040201005025,4.962783299968578
3,250,0.45,0.6,0.05,27,30005027,12,246192,0.49485829145728644,5.0968460000585765
3,250,0.45,0.6,0.05,28,30005028,12,244674,0.49180703517587937,5.23535550001543
3,250,0.45,0.6,0.05,29,30005029,12,246303,0.4950814070351759,5.196624799980782
3,250,0.45,0.6,0.05,30,30005030,12,244776,0.4920120603015075,5.161248699994758
3,250,0.45,0.6,0.05,31,30005031,12,243806,0.49006231155778895,5.319185700034723
3,250,0.45,0.6,0.05,32,30005032,12,246590,0.49565829145728646,5.384033299982548
3,250,0.45,0.6,0.05,33,30005033,12,245092,0.4926472361809045,5.058543000021018
3,250,0.45,0.6,0.05,34,30005034,12,245093,0.4926492462311558,5.164935800014064
3,250,0.45,0.6,0.05,35,30005035,12,244257,0.49096884422110554,5.147744500078261
3,250,0.45,0.6,0.05,36,30005036,12,243400,0.4892462311557789,5.018332400009967
3,250,0.45,0.6,0.05,37,30005037,12,245270,0.49300502512562816,5.219182999921031
3,250,0.45,0.6,0.05,38,30005038,12,244557,0.4915718592964824,5.140726699959487
3,250,0.45,0.6,0.05,39,30005039,12,242272,0.4869788944723618,5.093871399993077
3,250,0.45,0.6,0.05,40,30005040,12,245665,0.4937989949748744,5.1029969999799505
3,250,0.45,0.6,0.05,41,30005041,12,245700,0.49386934673366834,5.0487213000888005
3,250,0.45,0.6,0.05,42,30005042,12,245371,0.493208040201005,5.057813000050373
3,250,0.45,0.6,0.05,43,30005043,12,244550,0.49155778894472363,5.034375699935481
3,250,0.45,0.6,0.05,44,30005044,12,244364,0.49118391959798996,5.120400100015104
3,250,0.45,0.6,0.05,45,30005045,12,246422,0.49532060301507536,5.107123999972828
3,250,0.45,0.6,0.05,46,30005046,12,245755,0.49397989949748744,5.134364200057462
3,250,0.45,0.6,0.05,47,30005047,12,244302,0.49105929648241203,5.094323000055738
3,250,0.45,0.6,0.05,48,30005048,12,245903,0.4942773869346734,5.170150800026022
3,250,0.45,0.6,0.05,49,30005049,12,243876,0.4902030150753769,5.172614800045267
3,250,0.45,0.6,0.05,50,30005050,12,245683,0.49383517587939696,5.144058999954723
3,250,0.45,0.6,0.05,51,30005051,12,244489,0.491435175879397,5.090422199922614
3,250,0.45,0.6,0.05,52,30005052,12,246088,0.4946492462311558,5.046447000000626
3,250,0.45,0.6,0.05,53,30005053,12,245444,0.49335477386934673,5.098406399949454
3,250,0.45,0.6,0.05,54,30005054,12,246167,0.49480804020100505,5.1060276000062
3,250,0.45,0.6,0.05,55,30005055,12,244410,0.49127638190954775,5.081427900004201
3,250,0.45,0.6,0.05,56,30005056,12,243834,0.49011859296482413,5.144007699913345
3,250,0.45,0.6,0.05,57,30005057,12,245285,0.493035175879397,5.2766135999700055
3,250,0.45,0.6,0.05,58,30005058,12,246840,0.4961608040201005,4.948283400037326
3,250,0.45,0.6,0.05,59,30005059,12,244421,0.49129849246231155,4.837806599913165
3,250,0.45,0.6,0.05,60,30005060,12,246829,0.4961386934673367,5.399432099889964
3,250,0.45,0.6,0.05,61,30005061,12,245487,0.49344120603015074,5.302127700066194
3,250,0.45,0.6,0.05,62,30005062,12,246084,0.49464120603015077,5.029438200057484
3,250,0.45,0.6,0.05,63,30005063,12,244882,0.4922251256281407,5.012519099982455
3,250,0.45,0.6,0.05,64,30005064,12,245838,0.4941467336683417,5.3045129999518394
3,250,0.45,0.6,0.05,65,30005065,12,244912,0.4922854271356784,5.054995300015435
3,250,0.45,0.6,0.05,66,30005066,12,245753,0.49397587939698495,5.1032858999678865
3,250,0.45,0.6,0.05,67,30005067,12,244939,0.4923396984924623,5.083848800044507
3,250,0.45,0.6,0.05,68,30005068,12,243564,0.48957587939698494,5.13398440007586
3,250,0.45,0.6,0.05,69,30005069,12,246415,0.4953065326633166,5.188651100033894
3,250,0.45,0.6,0.05,70,30005070,12,246444,0.495364824120603,5.1677099000662565
3,250,0.45,0.6,0.05,71,30005071,12,244898,0.4922572864321608,5.099296299973503
3,250,0.45,0.6,0.05,72,30005072,12,244846,0.49215276381909545,5.121556100086309
3,250,0.45,0.6,0.05,73,30005073,12,244939,0.4923396984924623,5.260866400087252
3,250,0.45,0.6,0.05,74,30005074,12,245001,0.4924643216080402,5.0054860999807715
3,250,0.45,0.6,0.05,75,30005075,12,246175,0.49482412060301506,5.2821690000128
3,250,0.45,0.6,0.05,76,30005076,12,246169,0.49481206030150754,4.9831761999521405
3,250,0.45,0.6,0.05,77,30005077,12,245402,0.49327035175879397,5.309524400043301
3,250,0.45,0.6,0.05,78,30005078,12,246047,0.4945668341708543,5.029996900004335
3,250,0.45,0.6,0.05,79,30005079,12,246631,0.4957407035175879,5.246749000041746
3,250,0.45,0.6,0.05,80,30005080,12,244667,0.4917929648241206,4.860964199993759
3,250,0.45,0.6,0.05,81,30005081,12,245751,0.4939718592964824,4.913465099991299
3,250,0.45,0.6,0.05,82,30005082,12,244733,0.4919256281407035,5.0040011999662966
3,250,0.45,0.6,0.05,83,30005083,12,244737,0.49193366834170854,5.000816700048745
3,250,0.45,0.6,0.05,84,30005084,12,243723,0.4898954773869347,5.213289699982852
3,250,0.45,0.6,0.05,85,30005085,12,247020,0.49652261306532663,5.011120699928142
3,250,0.45,0.6,0.05,86,30005086,12,245512,0.4934914572864322,5.190373299992643
3,250,0.45,0.6,0.05,87,30005087,12,243101,0.48864522613065325,5.110527800046839
3,250,0.45,0.6,0.05,88,30005088,12,244378,0.49121206030150755,5.259972400031984
3,250,0.45,0.6,0.05,89,30005089,12,246841,0.49616281407035173,5.212756399996579
3,250,0.45,0.6,0.05,90,30005090,12,246189,0.49485226130653265,4.90844280004967
3,250,0.45,0.6,0.05,91,30005091,12,245361,0.49318793969849245,4.988329100073315
3,250,0.45,0.6,0.05,92,30005092,12,242795,0.4880301507537688,5.013897400000133
3,250,0.45,0.6,0.05,93,30005093,12,244798,0.49205628140703517,5.14094800001476
3,250,0.45,0.6,0.05,94,30005094,12,245776,0.4940221105527638,5.0549914999864995
3,250,0.45,0.6,0.05,95,30005095,12,244447,0.49135075376884424,5.093188300030306
3,250,0.45,0.6,0.05,96,30005096,12,245347,0.49315979899497486,5.113929000101052
3,250,0.45,0.6,0.05,97,30005097,12,241884,0.4861989949748744,5.224822799907997
3,250,0.45,0.6,0.05,98,30005098,12,244753,0.4919658291457286,5.168583699967712
3,250,0.45,0.6,0.05,99,30005099,12,243679,0.4898070351758794,5.147034399909899
3,250,0.45,0.6,0.1,0,30010000,25,245940,0.49435175879396986,5.295004899962805
3,250,0.45,0.6,0.1,1,30010001,25,245319,0.4931035175879397,4.773319700034335
3,250,0.45,0.6,0.1,2,30010002,25,247185,0.4968542713567839,4.987924600020051
3,250,0.45,0.6,0.1,3,30010003,25,246567,0.49561206030150756,5.077275199932046
3,250,0.45,0.6,0.1,4,30010004,25,246384,0.4952442211055276,5.104754099971615
3,250,0.45,0.6,0.1,5,30010005,25,246086,0.49464522613065326,5.054358899942599
3,250,0.45,0.6,0.1,6,30010006,25,247357,0.4972,4.720033099991269
3,250,0.45,0.6,0.1,7,30010007,25,247598,0.49768442211055275,5.244216399965808
3,250,0.45,0.6,0.1,8,30010008,25,247129,0.49674170854271354,5.1843019999796525
3,250,0.45,0.6,0.1,9,30010009,25,245744,0.49395778894472364,5.231188600067981
3,250,0.45,0.6,0.1,10,30010010,25,246643,0.495764824120603,5.143298099981621
3,250,0.45,0.6,0.1,11,30010011,25,246369,0.4952140703517588,5.227086000028066
3,250,0.45,0.6,0.1,12,30010012,25,247187,0.49685829145728644,5.052027800003998
3,250,0.45,0.6,0.1,13,30010013,25,246397,0.49527035175879397,5.04247280000709
3,250,0.45,0.6,0.1,14,30010014,25,246389,0.4952542713567839,5.097612799960189
3,250,0.45,0.6,0.1,15,30010015,25,247092,0.49666733668341706,5.271069000009447
3,250,0.45,0.6,0.1,16,30010016,25,247294,0.49707336683417086,5.0808199000312015
3,250,0.45,0.6,0.1,17,30010017,25,246679,0.49583718592964826,5.15304769994691
3,250,0.45,0.6,0.1,18,30010018,25,247241,0.49696683417085424,4.975229899981059
3,250,0.45,0.6,0.1,19,30010019,25,245831,0.4941326633165829,5.217948199948296
3,250,0.45,0.6,0.1,20,30010020,25,246891,0.49626331658291456,5.240644000004977
3,250,0.45,0.6,0.1,21,30010021,25,246446,0.49536884422110555,5.063112500007264
3,250,0.45,0.6,0.1,22,30010022,25,246530,0.4955376884422111,5.018244400038384
3,250,0.45,0.6,0.1,23,30010023,25,246913,0.4963075376884422,5.165684300009161
3,250,0.45,0.6,0.1,24,30010024,25,246086,0.49464522613065326,5.000077800010331
3,250,0.45,0.6,0.1,25,30010025,25,246317,0.4951095477386935,5.260862599941902
3,250,0.45,0.6,0.1,26,30010026,25,244230,0.4909145728643216,4.893944300012663
3,250,0.45,0.6,0.1,27,30010027,25,246291,0.4950572864321608,5.084204499959014
3,250,0.45,0.6,0.1,28,30010028,25,246426,0.4953286432160804,5.02408010000363
3,250,0.45,0.6,0.1,29,30010029,25,246961,0.4964040201005025,5.025351500022225
3,250,0.45,0.6,0.1,30,30010030,25,247467,0.4974211055276382,5.268147499999031
3,250,0.45,0.6,0.1,31,30010031,25,246025,0.49452261306532663,5.365300500066951
3,250,0.45,0.6,0.1,32,30010032,25,246901,0.4962834170854271,4.985016999999061
3,250,0.45,0.6,0.1,33,30010033,25,246937,0.49635577889447235,5.1284880000166595
3,250,0.45,0.6,0.1,34,30010034,25,247689,0.4978673366834171,4.898488600039855
3,250,0.45,0.6,0.1,35,30010035,25,246723,0.4959256281407035,5.325420400011353
3,250,0.45,0.6,0.1,36,30010036,25,247503,0.4974934673366834,5.243528199964203
3,250,0.45,0.6,0.1,37,30010037,25,246713,0.49590552763819096,5.0552390000084415
3,250,0.45,0.6,0.1,38,30010038,25,245572,0.49361206030150756,5.09773659997154
3,250,0.45,0.6,0.1,39,30010039,25,246732,0.4959437185929648,5.078059999970719
3,250,0.45,0.6,0.1,40,30010040,25,246843,0.4961668341708543,5.155139499926008
3,250,0.45,0.6,0.1,41,30010041,25,247052,0.49658693467336684,5.140681900084019
3,250,0.45,0.6,0.1,42,30010042,25,247083,0.4966492462311558,5.20001599995885
3,250,0.45,0.6,0.1,43,30010043,25,247327,0.4971396984924623,5.199604299967177
3,250,0.45,0.6,0.1,44,30010044,25,246394,0.4952643216080402,5.209138999925926
3,250,0.45,0.6,0.1,45,30010045,25,245675,0.49381909547738695,5.135705700027756
3,250,0.45,0.6,0.1,46,30010046,25,246149,0.49477185929648243,5.122089300071821
3,250,0.45,0.6,0.1,47,30010047,25,246899,0.4962793969849246,5.203083300031722
3,250,0.45,0.6,0.1,48,30010048,25,246311,0.49509748743718596,5.200549199944362
3,250,0.45,0.6,0.1,49,30010049,25,246509,0.49549547738693467,5.10999309993349
3,250,0.45,0.6,0.1,50,30010050,25,247109,0.49670150753768844,5.262012799968943
3,250,0.45,0.6,0.1,51,30010051,25,244975,0.4924120603015075,5.118145700078458
3,250,0.45,0.6,0.1,52,30010052,25,246182,0.4948381909547739,5.104733400046825
3,250,0.45,0.6,0.1,53,30010053,25,246590,0.49565829145728646,5.098631700035185
3,250,0.45,0.6,0.1,54,30010054,25,245883,0.4942371859296482,5.126860399963334
3,250,0.45,0.6,0.1,55,30010055,25,246677,0.4958331658291457,5.122460099984892
3,250,0.45,0.6,0.1,56,30010056,25,246823,0.49612663316582917,5.131000899942592
3,250,0.45,0.6,0.1,57,30010057,25,246660,0.4957989949748744,5.15172929991968
3,250,0.45,0.6,0.1,58,30010058,25,247103,0.4966894472361809,5.132960299961269
3,250,0.45,0.6,0.1,59,30010059,25,247290,0.4970653266331658,5.097518799942918
3,250,0.45,0.6,0.1,60,30010060,25,245561,0.4935899497487437,5.098387200036086
3,250,0.45,0.6,0.1,61,30010061,25,246933,0.4963477386934673,5.128217600053176
3,250,0.45,0.6,0.1,62,30010062,25,247106,0.49669547738693465,5.161220100009814
3,250,0.45,0.6,0.1,63,30010063,25,246942,0.49636582914572863,5.153157100081444
3,250,0.45,0.6,0.1,64,30010064,25,247163,0.4968100502512563,5.239391000010073
3,250,0.45,0.6,0.1,65,30010065,25,245783,0.4940361809045226,5.188965899986215
3,250,0.45,0.6,0.1,66,30010066,25,246515,0.4955075376884422,5.1202049999265
3,250,0.45,0.6,0.1,67,30010067,25,246841,0.49616281407035173,5.10083799995482
3,250,0.45,0.6,0.1,68,30010068,25,247037,0.496556783919598,5.142453199950978
3,250,0.45,0.6,0.1,69,30010069,25,246380,0.4952361809045226,5.125861400039867
3,250,0.45,0.6,0.1,70,30010070,25,246724,0.49592763819095476,5.175890500075184
3,250,0.45,0.6,0.1,71,30010071,25,246753,0.49598592964824123,5.133142999955453
3,250,0.45,0.6,0.1,72,30010072,25,245473,0.49341306532663315,5.142282399930991
3,250,0.45,0.6,0.1,73,30010073,25,247064,0.4966110552763819,5.081364099984057
3,250,0.45,0.6,0.1,74,30010074,25,245890,0.49425125628140704,5.199929800000973
3,250,0.45,0.6,0.1,75,30010075,25,246330,0.4951356783919598,5.192549500032328
3,250,0.45,0.6,0.1,76,30010076,25,247286,0.4970572864321608,5.227912700036541
3,250,0.45,0.6,0.1,77,30010077,25,246898,0.4962773869346734,5.106292299926281
3,250,0.45,0.6,0.1,78,30010078,25,247243,0.4969708542713568,5.086774699972011
3,250,0.45,0.6,0.1,79,30010079,25,246462,0.49540100502512563,5.183166299946606
3,250,0.45,0.6,0.1,80,30010080,25,247295,0.4970753768844221,5.136220799991861
3,250,0.45,0.6,0.1,81,30010081,25,246459,0.49539497487437184,5.185666100005619
3,250,0.45,0.6,0.1,82,30010082,25,247760,0.4980100502512563,5.179291200009175
3,250,0.45,0.6,0.1,83,30010083,25,246315,0.49510552763819093,5.167770700063556
3,250,0.45,0.6,0.1,84,30010084,25,246623,0.4957246231155779,5.138885999913327
3,250,0.45,0.6,0.1,85,30010085,25,246367,0.4952100502512563,5.196326200035401
3,250,0.45,0.6,0.1,86,30010086,25,246160,0.49479396984924623,5.263472800026648
3,250,0.45,0.6,0.1,87,30010087,25,247924,0.4983396984924623,5.131576499901712
3,250,0.45,0.6,0.1,88,30010088,25,246378,0.4952321608040201,5.184360099956393
3,250,0.45,0.6,0.1,89,30010089,25,247183,0.4968502512562814,5.243630000040866
3,250,0.45,0.6,0.1,90,30010090,25,246543,0.49556381909547736,5.149225100059994
3,250,0.45,0.6,0.1,91,30010091,25,246195,0.4948643216080402,5.079525300068781
3,250,0.45,0.6,0.1,92,30010092,25,246804,0.4960884422110553,5.08790330006741
3,250,0.45,0.6,0.1,93,30010093,25,245805,0.49408040201005027,5.099926199996844
3,250,0.45,0.6,0.1,94,30010094,25,247070,0.49662311557788946,5.115242699976079
3,250,0.45,0.6,0.1,95,30010095,25,246591,0.4956603015075377,5.122507599997334
3,250,0.45,0.6,0.1,96,30010096,25,246705,0.4958894472361809,5.072110100067221
3,250,0.45,0.6,0.1,97,30010097,25,247155,0.49679396984924623,5.128764900029637
3,250,0.45,0.6,0.1,98,30010098,25,245016,0.49249447236180904,5.14985779998824
3,250,0.45,0.6,0.1,99,30010099,25,247438,0.49736281407035177,5.070706699974835
3,250,0.45,0.6,0.15000000000000002,0,30015000,38,247050,0.4965829145728643,5.066560499952175
3,250,0.45,0.6,0.15000000000000002,1,30015001,38,247353,0.497191959798995,5.07708580000326
3,250,0.45,0.6,0.15000000000000002,2,30015002,38,247738,0.4979658291457286,5.078165899962187
3,250,0.45,0.6,0.15000000000000002,3,30015003,38,247179,0.4968422110552764,5.119964199955575
3,250,0.45,0.6,0.15000000000000002,4,30015004,38,247874,0.4982391959798995,5.1486091000260785
3,250,0.45,0.6,0.15000000000000002,5,30015005,38,247749,0.4979879396984925,5.146157400100492
3,250,0.45,0.6,0.15000000000000002,6,30015006,38,246988,0.4964582914572864,5.135912699974142
3,250,0.45,0.6,0.15000000000000002,7,30015007,38,249276,0.5010572864321609,5.12662240001373
3,250,0.45,0.6,0.15000000000000002,8,30015008,38,246780,0.4960402010050251,5.1407755999825895
3,250,0.45,0.6,0.15000000000000002,9,30015009,38,246025,0.49452261306532663,5.062821400002576
3,250,0.45,0.6,0.15000000000000002,10,30015010,38,251148,0.5048201005025126,5.1143781000282615
3,250,0.45,0.6,0.15000000000000002,11,30015011,38,246371,0.4952180904522613,5.1057504999917
3,250,0.45,0.6,0.15000000000000002,12,30015012,38,246677,0.4958331658291457,5.143748600035906
3,250,0.45,0.6,0.15000000000000002,13,30015013,38,246883,0.49624723618090455,5.07858520001173
3,250,0.45,0.6,0.15000000000000002,14,30015014,38,247365,0.49721608040201004,5.149848800036125
3,250,0.45,0.6,0.15000000000000002,15,30015015,38,247444,0.4973748743718593,5.101657500024885
3,250,0.45,0.6,0.15000000000000002,16,30015016,38,248126,0.4987457286432161,5.108486299985088
3,250,0.45,0.6,0.15000000000000002,17,30015017,38,248231,0.49895678391959797,5.153646300081164
3,250,0.45,0.6,0.15000000000000002,18,30015018,38,247291,0.49706733668341707,5.099476799950935
3,250,0.45,0.6,0.15000000000000002,19,30015019,38,246984,0.4964502512562814,5.13293690001592
3,250,0.45,0.6,0.15000000000000002,20,30015020,38,247356,0.49719798994974873,5.144284400041215
3,250,0.45,0.6,0.15000000000000002,21,30015021,38,247400,0.49728643216080404,5.1215555999660864
3,250,0.45,0.6,0.15000000000000002,22,30015022,38,246968,0.4964180904522613,5.127110700006597
3,250,0.45,0.6,0.15000000000000002,23,30015023,38,247068,0.4966190954773869,5.195913900039159
3,250,0.45,0.6,0.15000000000000002,24,30015024,38,249594,0.5016964824120603,5.05389290000312
3,250,0.45,0.6,0.15000000000000002,25,30015025,38,246735,0.4959497487437186,5.03539340000134
3,250,0.45,0.6,0.15000000000000002,26,30015026,38,248244,0.4989829145728643,5.157147799967788
3,250,0.45,0.6,0.15000000000000002,27,30015027,38,247145,0.4967738693467337,4.86283400002867
3,250,0.45,0.6,0.15000000000000002,28,30015028,38,247051,0.4965849246231156,5.072844899958
3,250,0.45,0.6,0.15000000000000002,29,30015029,38,249210,0.5009246231155778,5.537442000000738
3,250,0.45,0.6,0.15000000000000002,30,30015030,38,247160,0.4968040201005025,5.503641700022854
3,250,0.45,0.6,0.15000000000000002,31,30015031,38,248922,0.500345728643216,5.038388999993913
3,250,0.45,0.6,0.15000000000000002,32,30015032,38,245899,0.49426934673366835,5.487749699968845
3,250,0.45,0.6,0.15000000000000002,33,30015033,38,246695,0.49586934673366834,4.808979299967177
3,250,0.45,0.6,0.15000000000000002,34,30015034,38,248347,0.4991899497487437,5.375385100021958
3,250,0.45,0.6,0.15000000000000002,35,30015035,38,247399,0.49728442211055274,5.0570501000620425
3,250,0.45,0.6,0.15000000000000002,36,30015036,38,247064,0.4966110552763819,4.8272108000237495
3,250,0.45,0.6,0.15000000000000002,37,30015037,38,246852,0.4961849246231156,4.838790499954484
3,250,0.45,0.6,0.15000000000000002,38,30015038,38,247664,0.49781708542713565,5.092312699998729
3,250,0.45,0.6,0.15000000000000002,39,30015039,38,247629,0.4977467336683417,5.039323200006038
3,250,0.45,0.6,0.15000000000000002,40,30015040,38,246918,0.4963175879396985,5.30883920006454
3,250,0.45,0.6,0.15000000000000002,41,30015041,38,247279,0.49704321608040203,4.995054099941626
3,250,0.45,0.6,0.15000000000000002,42,30015042,38,247635,0.49775879396984923,5.063536799978465
3,250,0.45,0.6,0.15000000000000002,43,30015043,38,247828,0.4981467336683417,5.306461800006218
3,250,0.45,0.6,0.15000000000000002,44,30015044,38,248278,0.499051256281407,4.992730299942195
3,250,0.45,0.6,0.15000000000000002,45,30015045,38,248201,0.4988964824120603,5.260133299976587
3,250,0.45,0.6,0.15000000000000002,46,30015046,38,247347,0.4971798994974874,5.2413996999384835
3,250,0.45,0.6,0.15000000000000002,47,30015047,38,248323,0.49914170854271356,5.132093899999745
3,250,0.45,0.6,0.15000000000000002,48,30015048,38,247757,0.4980040201005025,5.012890300014988
3,250,0.45,0.6,0.15000000000000002,49,30015049,38,244918,0.49229748743718593,5.1258707999950275
3,250,0.45,0.6,0.15000000000000002,50,30015050,38,246671,0.4958211055276382,5.08779969997704
3,250,0.45,0.6,0.15000000000000002,51,30015051,38,246666,0.4958110552763819,5.115079600014724
3,250,0.45,0.6,0.15000000000000002,52,30015052,38,246540,0.49555778894472363,5.165356499957852
3,250,0.45,0.6,0.15000000000000002,53,30015053,38,247599,0.497686432160804,5.109383999952115
3,250,0.45,0.6,0.15000000000000002,54,30015054,38,246245,0.494964824120603,5.186568100005388
3,250,0.45,0.6,0.15000000000000002,55,30015055,38,247165,0.4968140703517588,5.077749399933964
3,250,0.45,0.6,0.15000000000000002,56,30015056,38,247038,0.49655879396984925,5.1111346000107005
3,250,0.45,0.6,0.15000000000000002,57,30015057,38,247051,0.4965849246231156,5.089478500070982
3,250,0.45,0.6,0.15000000000000002,58,30015058,38,247733,0.49795577889447235,5.156516200047918
3,250,0.45,0.6,0.15000000000000002,59,30015059,38,246591,0.4956603015075377,5.100405300036073
3,250,0.45,0.6,0.15000000000000002,60,30015060,38,247410,0.4973065326633166,5.1310864998959005
3,250,0.45,0.6,0.15000000000000002,61,30015061,38,248247,0.4989889447236181,5.134536099969409
3,250,0.45,0.6,0.15000000000000002,62,30015062,38,246894,0.49626934673366835,5.132516099954955
3,250,0.45,0.6,0.15000000000000002,63,30015063,38,247566,0.49762010050251254,5.129466600017622
3,250,0.45,0.6,0.15000000000000002,64,30015064,38,247415,0.49731658291457287,5.141543299891055
3,250,0.45,0.6,0.15000000000000002,65,30015065,38,247221,0.49692663316582913,5.169642799999565
3,250,0.45,0.6,0.15000000000000002,66,30015066,38,249201,0.5009065326633165,5.181068200035952
3,250,0.45,0.6,0.15000000000000002,67,30015067,38,248378,0.49925226130653266,5.07330719998572
3,250,0.45,0.6,0.15000000000000002,68,30015068,38,246209,0.4948924623115578,5.089147499995306
3,250,0.45,0.6,0.15000000000000002,69,30015069,38,247503,0.4974934673366834,5.20186399994418
3,250,0.45,0.6,0.15000000000000002,70,30015070,38,247815,0.4981206030150754,5.170432499959134
3,250,0.45,0.6,0.15000000000000002,71,30015071,38,247111,0.496705527638191,5.147019400028512
3,250,0.45,0.6,0.15000000000000002,72,30015072,38,247147,0.49677788944723617,5.1364632999757305
3,250,0.45,0.6,0.15000000000000002,73,30015073,38,246978,0.4964381909547739,5.189365199999884
3,250,0.45,0.6,0.15000000000000002,74,30015074,38,246382,0.49524020100502514,5.203641599975526
3,250,0.45,0.6,0.15000000000000002,75,30015075,38,247902,0.4982954773869347,5.211864799959585
3,250,0.45,0.6,0.15000000000000002,76,30015076,38,247328,0.49714170854271356,5.212089500040747
3,250,0.45,0.6,0.15000000000000002,77,30015077,38,247411,0.49730854271356784,5.1577710000565276
3,250,0.45,0.6,0.15000000000000002,78,30015078,38,247146,0.4967758793969849,5.122763700084761
3,250,0.45,0.6,0.15000000000000002,79,30015079,38,246321,0.4951175879396985,5.0810262999730185
3,250,0.45,0.6,0.15000000000000002,80,30015080,38,247414,0.4973145728643216,5.10679730004631
3,250,0.45,0.6,0.15000000000000002,81,30015081,38,249514,0.5015356783919598,5.114680700004101
3,250,0.45,0.6,0.15000000000000002,82,30015082,38,247825,0.49814070351758793,5.156114300014451
3,250,0.45,0.6,0.15000000000000002,83,30015083,38,247164,0.49681206030150754,5.128116699983366
3,250,0.45,0.6,0.15000000000000002,84,30015084,38,248277,0.49904924623115576,5.100664000026882
3,250,0.45,0.6,0.15000000000000002,85,30015085,38,246903,0.49628743718592966,5.0614677999401465
3,250,0.45,0.6,0.15000000000000002,86,30015086,38,247010,0.4965025125628141,5.081903400016017
3,250,0.45,0.6,0.15000000000000002,87,30015087,38,246963,0.49640804020100504,5.146488499944098
3,250,0.45,0.6,0.15000000000000002,88,30015088,38,247980,0.49845226130653264,5.191770200035535
3,250,0.45,0.6,0.15000000000000002,89,30015089,38,247336,0.4971577889447236,5.136310999980196
3,250,0.45,0.6,0.15000000000000002,90,30015090,38,246145,0.4947638190954774,5.08358890004456
3,250,0.45,0.6,0.15000000000000002,91,30015091,38,247855,0.49820100502512565,5.146918999962509
3,250,0.45,0.6,0.15000000000000002,92,30015092,38,248282,0.49905929648241204,5.175061399932019
3,250,0.45,0.6,0.15000000000000002,93,30015093,38,246681,0.49584120603015075,5.122772500035353
3,250,0.45,0.6,0.15000000000000002,94,30015094,38,245947,0.49436582914572863,5.15458650002256
3,250,0.45,0.6,0.15000000000000002,95,30015095,38,247533,0.4975537688442211,5.185863099992275
3,250,0.45,0.6,0.15000000000000002,96,30015096,38,248881,0.5002633165829146,5.200257200049236
3,250,0.45,0.6,0.15000000000000002,97,30015097,38,247330,0.4971457286432161,5.146286900038831
3,250,0.45,0.6,0.15000000000000002,98,30015098,38,245705,0.4938793969849246,5.08947630005423
3,250,0.45,0.6,0.15000000000000002,99,30015099,38,248191,0.49887638190954775,5.2141981000313535
3,250,0.45,0.6,0.2,0,30020000,50,249222,0.500948743718593,5.130223699961789
3,250,0.45,0.6,0.2,1,30020001,50,247849,0.4981889447236181,5.099611199926585
3,250,0.45,0.6,0.2,2,30020002,50,249637,0.5017829145728643,5.163326299982145
3,250,0.45,0.6,0.2,3,30020003,50,247509,0.49750552763819095,5.077971299993806
3,250,0.45,0.6,0.2,4,30020004,50,247231,0.4969467336683417,5.132008600048721
3,250,0.45,0.6,0.2,5,30020005,50,248813,0.5001266331658292,5.115216200007126
3,250,0.45,0.6,0.2,6,30020006,50,247478,0.497443216080402,5.18546129995957
3,250,0.45,0.6,0.2,7,30020007,50,246727,0.49593366834170854,5.1405097000533715
3,250,0.45,0.6,0.2,8,30020008,50,247081,0.49664522613065326,5.0817069000331685
3,250,0.45,0.6,0.2,9,30020009,50,247520,0.49752763819095475,5.088426800095476
3,250,0.45,0.6,0.2,10,30020010,50,247102,0.49668743718592967,5.166133099934086
3,250,0.45,0.6,0.2,11,30020011,50,246995,0.49647236180904525,5.1036756000248715
3,250,0.45,0.6,0.2,12,30020012,50,247929,0.49834974874371857,5.121000400045887
3,250,0.45,0.6,0.2,13,30020013,50,247883,0.49825728643216083,5.152968499925919
3,250,0.45,0.6,0.2,14,30020014,50,247534,0.4975557788944724,5.214621199993417
3,250,0.45,0.6,0.2,15,30020015,50,249616,0.5017407035175879,5.245510500040837
3,250,0.45,0.6,0.2,16,30020016,50,250220,0.5029547738693467,5.159509200020693
3,250,0.45,0.6,0.2,17,30020017,50,250252,0.5030190954773869,5.115909399930388
3,250,0.45,0.6,0.2,18,30020018,50,246942,0.49636582914572863,5.41285780002363
3,250,0.45,0.6,0.2,19,30020019,50,247281,0.4970472361809045,5.135294099920429
3,250,0.45,0.6,0.2,20,30020020,50,247654,0.4977969849246231,5.133434499963187
3,250,0.45,0.6,0.2,21,30020021,50,247497,0.4974814070351759,5.465413000085391
3,250,0.45,0.6,0.2,22,30020022,50,248192,0.498878391959799,5.330859299981967
3,250,0.45,0.6,0.2,23,30020023,50,247451,0.4973889447236181,5.146182299940847
3,250,0.45,0.6,0.2,24,30020024,50,247388,0.49726231155778894,5.070935999974608
3,250,0.45,0.6,0.2,25,30020025,50,247177,0.4968381909547739,5.124117899918929
3,250,0.45,0.6,0.2,26,30020026,50,247962,0.4984160804020101,5.494506199960597
3,250,0.45,0.6,0.2,27,30020027,50,247512,0.49751155778894474,5.036058200057596
3,250,0.45,0.6,0.2,28,30020028,50,247083,0.4966492462311558,5.390975099988282
3,250,0.45,0.6,0.2,29,30020029,50,250608,0.5037346733668342,5.124774599913508
3,250,0.45,0.6,0.2,30,30020030,50,247165,0.4968140703517588,5.382769200019538
3,250,0.45,0.6,0.2,31,30020031,50,247482,0.497451256281407,5.015886000008322
3,250,0.45,0.6,0.2,32,30020032,50,249444,0.5013949748743719,5.017547900089994
3,250,0.45,0.6,0.2,33,30020033,50,247618,0.4977246231155779,5.17534059996251
3,250,0.45,0.6,0.2,34,30020034,50,249702,0.5019135678391959,5.330386199988425
3,250,0.45,0.6,0.2,35,30020035,50,247675,0.4978391959798995,5.169779099989682
3,250,0.45,0.6,0.2,36,30020036,50,247505,0.4974974874371859,5.033339299960062
3,250,0.45,0.6,0.2,37,30020037,50,249322,0.5011497487437186,5.124924200004898
3,250,0.45,0.6,0.2,38,30020038,50,247891,0.49827336683417084,5.198601400014013
3,250,0.45,0.6,0.2,39,30020039,50,247190,0.4968643216080402,5.215698300045915
3,250,0.45,0.6,0.2,40,30020040,50,247251,0.49698693467336685,5.025148099986836
3,250,0.45,0.6,0.2,41,30020041,50,247504,0.49749547738693467,5.00385079998523
3,250,0.45,0.6,0.2,42,30020042,50,247001,0.49648442211055277,5.446951000019908
3,250,0.45,0.6,0.2,43,30020043,50,248087,0.49866733668341706,5.098753699916415
3,250,0.45,0.6,0.2,44,30020044,50,247654,0.4977969849246231,5.349518599919975
3,250,0.45,0.6,0.2,45,30020045,50,250467,0.5034512562814071,5.319204000057653
3,250,0.45,0.6,0.2,46,30020046,50,247152,0.49678793969849244,5.278990300022997
3,250,0.45,0.6,0.2,47,30020047,50,248126,0.4987457286432161,4.917126999935135
3,250,0.45,0.6,0.2,48,30020048,50,247757,0.4980040201005025,4.884969600010663
3,250,0.45,0.6,0.2,49,30020049,50,250016,0.5025447236180904,5.088656399981119
3,250,0.45,0.6,0.2,50,30020050,50,247901,0.4982934673366834,5.150012099999003
3,250,0.45,0.6,0.2,51,30020051,50,248121,0.4987356783919598,5.058769499999471
3,250,0.45,0.6,0.2,52,30020052,50,247421,0.4973286432160804,5.123243500012904
3,250,0.45,0.6,0.2,53,30020053,50,247703,0.4978954773869347,5.088335899985395
3,250,0.45,0.6,0.2,54,30020054,50,247285,0.49705527638190955,5.11270339996554
3,250,0.45,0.6,0.2,55,30020055,50,248250,0.49899497487437183,5.196720400010236
3,250,0.45,0.6,0.2,56,30020056,50,247771,0.4980321608040201,5.052965199924074
3,250,0.45,0.6,0.2,57,30020057,50,247344,0.4971738693467337,5.115675700013526
3,250,0.45,0.6,0.2,58,30020058,50,247161,0.49680603015075375,5.156899800058454
3,250,0.45,0.6,0.2,59,30020059,50,247466,0.49741909547738694,5.188661099993624
3,250,0.45,0.6,0.2,60,30020060,50,248389,0.49927437185929646,5.086475900025107
3,250,0.45,0.6,0.2,61,30020061,50,248641,0.4997809045226131,5.178733199951239
3,250,0.45,0.6,0.2,62,30020062,50,247255,0.4969949748743719,5.226391000091098
3,250,0.45,0.6,0.2,63,30020063,50,248488,0.4994733668341709,5.186438400065526
3,250,0.45,0.6,0.2,64,30020064,50,248344,0.49918391959798997,5.16008800000418
3,250,0.45,0.6,0.2,65,30020065,50,249094,0.5006914572864322,5.100837700068951
3,250,0.45,0.6,0.2,66,30020066,50,248598,0.49969447236180903,5.218768400023691
3,250,0.45,0.6,0.2,67,30020067,50,247132,0.49674773869346733,5.0980512000387534
3,250,0.45,0.6,0.2,68,30020068,50,247755,0.498,5.143365300027654
3,250,0.45,0.6,0.2,69,30020069,50,249713,0.5019356783919598,5.088068699929863
3,250,0.45,0.6,0.2,70,30020070,50,248707,0.499913567839196,5.068144700024277
3,250,0.45,0.6,0.2,71,30020071,50,248466,0.4994291457286432,5.295323700061999
3,250,0.45,0.6,0.2,72,30020072,50,247883,0.49825728643216083,4.720828499994241
3,250,0.45,0.6,0.2,73,30020073,50,247565,0.4976180904522613,6.0328278000233695
3,250,0.45,0.6,0.2,74,30020074,50,247877,0.49824522613065325,6.035591799998656
3,250,0.45,0.6,0.2,75,30020075,50,247311,0.49710753768844224,4.777103199972771
3,250,0.45,0.6,0.2,76,30020076,50,248168,0.49883015075376885,5.023908499977551
3,250,0.45,0.6,0.2,77,30020077,50,247651,0.49779095477386937,4.996045000036247
3,250,0.45,0.6,0.2,78,30020078,50,247168,0.4968201005025126,5.951693700044416
3,250,0.45,0.6,0.2,79,30020079,50,248505,0.4995075376884422,5.643680899986066
3,250,0.45,0.6,0.2,80,30020080,50,247507,0.49750150753768846,4.958339300006628
3,250,0.45,0.6,0.2,81,30020081,50,248429,0.49935477386934674,4.752104899962433
3,250,0.45,0.6,0.2,82,30020082,50,247318,0.497121608040201,6.183774199918844
3,250,0.45,0.6,0.2,83,30020083,50,248185,0.49886432160804023,4.913544600014575
3,250,0.45,0.6,0.2,84,30020084,50,247186,0.4968562814070352,5.264770399895497
3,250,0.45,0.6,0.2,85,30020085,50,247279,0.49704321608040203,5.322611399926245
3,250,0.45,0.6,0.2,86,30020086,50,247046,0.4965748743718593,5.079656100017019
3,250,0.45,0.6,0.2,87,30020087,50,249236,0.5009768844221105,4.9530329999979585
3,250,0.45,0.6,0.2,88,30020088,50,248641,0.4997809045226131,4.955106099951081
3,250,0.45,0.6,0.2,89,30020089,50,247542,0.4975718592964824,5.144200199982151
3,250,0.45,0.6,0.2,90,30020090,50,248384,0.4992643216080402,4.9832669999450445
3,250,0.45,0.6,0.2,91,30020091,50,247327,0.4971396984924623,5.190219700103626
3,250,0.45,0.6,0.2,92,30020092,50,247925,0.4983417085427136,5.258297999971546
3,250,0.45,0.6,0.2,93,30020093,50,247332,0.4971497487437186,5.186023999936879
3,250,0.45,0.6,0.2,94,30020094,50,248725,0.4999497487437186,5.187270800000988
3,250,0.45,0.6,0.2,95,30020095,50,246970,0.4964221105527638,5.128012400004081
3,250,0.45,0.6,0.2,96,30020096,50,247700,0.4978894472361809,5.123774699983187
3,250,0.45,0.6,0.2,97,30020097,50,247580,0.49764824120603013,5.12003399990499
3,250,0.45,0.6,0.2,98,30020098,50,248537,0.4995718592964824,5.289897599956021
3,250,0.45,0.6,0.2,99,30020099,50,248416,0.4993286432160804,5.230345999938436
3,250,0.45,0.6,0.25,0,30025000,62,250505,0.5035276381909548,5.009521899977699
3,250,0.45,0.6,0.25,1,30025001,62,247796,0.4980824120603015,5.1716275999788195
3,250,0.45,0.6,0.25,2,30025002,62,248504,0.49950552763819095,5.005239900085144
3,250,0.45,0.6,0.25,3,30025003,62,250511,0.5035396984924623,4.97173049999401
3,250,0.45,0.6,0.25,4,30025004,62,247533,0.4975537688442211,5.11446959991008
3,250,0.45,0.6,0.25,5,30025005,62,248403,0.49930251256281405,4.9136420000577345
3,250,0.45,0.6,0.25,6,30025006,62,247769,0.4980281407035176,4.660504600033164
3,250,0.45,0.6,0.25,7,30025007,62,249568,0.5016442211055276,4.715243900078349
3,250,0.45,0.6,0.25,8,30025008,62,247491,0.4974693467336683,4.7511273000855
3,250,0.45,0.6,0.25,9,30025009,62,247845,0.49818090452261304,4.913190400111489
3,250,0.45,0.6,0.25,10,30025010,62,248466,0.4994291457286432,4.859367100056261
3,250,0.45,0.6,0.25,11,30025011,62,249086,0.5006753768844221,4.857284800033085
3,250,0.45,0.6,0.25,12,30025012,62,251631,0.5057909547738694,4.982300800038502
3,250,0.45,0.6,0.25,13,30025013,62,248207,0.4989085427135678,5.028245199937373
3,250,0.45,0.6,0.25,14,30025014,62,249270,0.5010452261306533,5.04104110004846
3,250,0.45,0.6,0.25,15,30025015,62,248259,0.49901306532663314,5.071159499930218
3,250,0.45,0.6,0.25,16,30025016,62,247318,0.497121608040201,5.028440300025977
3,250,0.45,0.6,0.25,17,30025017,62,247656,0.49780100502512564,4.93815399997402
3,250,0.45,0.6,0.25,18,30025018,62,249439,0.5013849246231156,4.8531604000600055
3,250,0.45,0.6,0.25,19,30025019,62,249496,0.5014994974874372,5.137518300092779
3,250,0.45,0.6,0.25,20,30025020,62,248689,0.4998773869346734,5.451490799896419
3,250,0.45,0.6,0.25,21,30025021,62,249827,0.502164824120603,5.11126479995437
3,250,0.45,0.6,0.25,22,30025022,62,247772,0.4980341708542714,4.750371900037862
3,250,0.45,0.6,0.25,23,30025023,62,251415,0.505356783919598,5.208355600014329
3,250,0.45,0.6,0.25,24,30025024,62,248709,0.4999175879396985,5.323431600001641
3,250,0.45,0.6,0.25,25,30025025,62,247773,0.4980361809045226,5.319700599997304
3,250,0.45,0.6,0.25,26,30025026,62,246947,0.4963758793969849,5.198096499894746
3,250,0.45,0.6,0.25,27,30025027,62,247305,0.49709547738693466,5.180869399919175
3,250,0.45,0.6,0.25,28,30025028,62,247829,0.49814874371859297,5.209538000053726
3,250,0.45,0.6,0.25,29,30025029,62,247847,0.4981849246231156,5.22760169999674
3,250,0.45,0.6,0.25,30,30025030,62,249395,0.5012964824120603,5.1647948999889195
3,250,0.45,0.6,0.25,31,30025031,62,248614,0.49972663316582916,5.137268099933863
3,250,0.45,0.6,0.25,32,30025032,62,248585,0.49966834170854274,5.196485099964775
3,250,0.45,0.6,0.25,33,30025033,62,247400,0.49728643216080404,5.1965377000160515
3,250,0.45,0.6,0.25,34,30025034,62,248608,0.4997145728643216,5.171776000061072
3,250,0.45,0.6,0.25,35,30025035,62,247667,0.49782311557788944,5.232834100024775
3,250,0.45,0.6,0.25,36,30025036,62,250664,0.5038472361809045,5.148069299990311
3,250,0.45,0.6,0.25,37,30025037,62,248348,0.499191959798995,5.164273399976082
3,250,0.45,0.6,0.25,38,30025038,62,248728,0.49995577889447235,5.14172229997348
3,250,0.45,0.6,0.25,39,30025039,62,247352,0.4971899497487437,5.192161699989811
3,250,0.45,0.6,0.25,40,30025040,62,249492,0.5014914572864322,5.231584600056522
3,250,0.45,0.6,0.25,41,30025041,62,247829,0.49814874371859297,5.147566400002688
3,250,0.45,0.6,0.25,42,30025042,62,248433,0.49936281407035177,5.222589100012556
3,250,0.45,0.6,0.25,43,30025043,62,249795,0.5021005025125628,5.220572800026275
3,250,0.45,0.6,0.25,44,30025044,62,249819,0.502148743718593,5.206675099907443
3,250,0.45,0.6,0.25,45,30025045,62,247365,0.49721608040201004,5.208256800076924
3,250,0.45,0.6,0.25,46,30025046,62,246698,0.4958753768844221,5.26336550002452
3,250,0.45,0.6,0.25,47,30025047,62,248723,0.49994572864321607,5.060547100030817
3,250,0.45,0.6,0.25,48,30025048,62,247803,0.4980964824120603,5.1376248999731615
3,250,0.45,0.6,0.25,49,30025049,62,252513,0.5075638190954774,5.052382100024261
3,250,0.45,0.6,0.25,50,30025050,62,252573,0.5076844221105528,5.147832400049083
3,250,0.45,0.6,0.25,51,30025051,62,247783,0.4980562814070352,5.103429700015113
3,250,0.45,0.6,0.25,52,30025052,62,249611,0.5017306532663317,5.146317099919543
3,250,0.45,0.6,0.25,53,30025053,62,248898,0.5002974874371859,5.154177400050685
3,250,0.45,0.6,0.25,54,30025054,62,248735,0.49996984924623117,5.127491199993528
3,250,0.45,0.6,0.25,55,30025055,62,247579,0.4976462311557789,5.23898690007627
3,250,0.45,0.6,0.25,56,30025056,62,248716,0.4999316582914573,5.131958500016481
3,250,0.45,0.6,0.25,57,30025057,62,249106,0.5007155778894472,5.2311345000052825
3,250,0.45,0.6,0.25,58,30025058,62,247288,0.49706130653266334,5.093059799983166
3,250,0.45,0.6,0.25,59,30025059,62,247926,0.49834371859296483,5.123933000024408
3,250,0.45,0.6,0.25,60,30025060,62,250821,0.5041628140703518,5.104019599966705
3,250,0.45,0.6,0.25,61,30025061,62,249745,0.502,5.095685600070283
3,250,0.45,0.6,0.25,62,30025062,62,247108,0.4966994974874372,5.196453799959272
3,250,0.45,0.6,0.25,63,30025063,62,251502,0.5055316582914573,5.0680638999911025
3,250,0.45,0.6,0.25,64,30025064,62,249806,0.5021226130653267,5.129138100077398
3,250,0.45,0.6,0.25,65,30025065,62,247829,0.49814874371859297,5.059822300099768
3,250,0.45,0.6,0.25,66,30025066,62,247526,0.4975396984924623,5.128450800082646
3,250,0.45,0.6,0.25,67,30025067,62,249614,0.5017366834170854,5.007734699989669
3,250,0.45,0.6,0.25,68,30025068,62,250437,0.5033909547738693,5.068261799984612
3,250,0.45,0.6,0.25,69,30025069,62,249659,0.501827135678392,5.0775698000798
3,250,0.45,0.6,0.25,70,30025070,62,248631,0.4997608040201005,5.0946784999687225
3,250,0.45,0.6,0.25,71,30025071,62,249512,0.5015316582914573,5.122707500006072
3,250,0.45,0.6,0.25,72,30025072,62,249800,0.5021105527638191,5.060511300107464
3,250,0.45,0.6,0.25,73,30025073,62,248605,0.49970854271356785,5.144425700069405
3,250,0.45,0.6,0.25,74,30025074,62,249153,0.5008100502512562,5.072168400045484
3,250,0.45,0.6,0.25,75,30025075,62,248355,0.49920603015075377,5.158874199958518
3,250,0.45,0.6,0.25,76,30025076,62,247066,0.49661507537688443,5.110563899972476
3,250,0.45,0.6,0.25,77,30025077,62,247776,0.4980422110552764,5.205835199914873
3,250,0.45,0.6,0.25,78,30025078,62,247783,0.4980562814070352,5.105197299970314
3,250,0.45,0.6,0.25,79,30025079,62,248615,0.4997286432160804,5.089614500058815
3,250,0.45,0.6,0.25,80,30025080,62,250518,0.5035537688442211,5.16623149998486
3,250,0.45,0.6,0.25,81,30025081,62,250062,0.5026371859296482,5.175783599959686
3,250,0.45,0.6,0.25,82,30025082,62,247603,0.497694472361809,5.182083000079729
3,250,0.45,0.6,0.25,83,30025083,62,248583,0.4996643216080402,5.138709899969399
3,250,0.45,0.6,0.25,84,30025084,62,248371,0.49923819095477384,5.1239970999304205
3,250,0.45,0.6,0.25,85,30025085,62,248651,0.49980100502512564,5.10259240004234
3,250,0.45,0.6,0.25,86,30025086,62,247476,0.4974391959798995,5.249806400039233
3,250,0.45,0.6,0.25,87,30025087,62,247296,0.49707738693467335,5.102381099946797
3,250,0.45,0.6,0.25,88,30025088,62,249706,0.501921608040201,5.1515102999983355
3,250,0.45,0.6,0.25,89,30025089,62,248086,0.4986653266331658,5.168703999952413
3,250,0.45,0.6,0.25,90,30025090,62,248567,0.4996321608040201,5.172966199927032
3,250,0.45,0.6,0.25,91,30025091,62,249585,0.501678391959799,5.133938800077885
3,250,0.45,0.6,0.25,92,30025092,62,247716,0.497921608040201,5.063007800024934
3,250,0.45,0.6,0.25,93,30025093,62,246869,0.49621909547738696,5.001201500068419
3,250,0.45,0.6,0.25,94,30025094,62,249539,0.5015859296482412,5.010920000029728
3,250,0.45,0.6,0.25,95,30025095,62,248818,0.5001366834170854,5.082290299935266
3,250,0.45,0.6,0.25,96,30025096,62,249618,0.5017447236180904,5.031293999985792
3,250,0.45,0.6,0.25,97,30025097,62,247717,0.49792361809045227,4.929024999961257
3,250,0.45,0.6,0.25,98,30025098,62,248636,0.49977085427135676,4.926198999979533
3,250,0.45,0.6,0.25,99,30025099,62,247790,0.498070351758794,4.920071000000462
3,250,0.45,0.6,0.30000000000000004,0,30030000,75,252360,0.5072562814070352,4.798025300027803
3,250,0.45,0.6,0.30000000000000004,1,30030001,75,249322,0.5011497487437186,4.910850899992511
3,250,0.45,0.6,0.30000000000000004,2,30030002,75,248656,0.4998110552763819,4.897319999989122
3,250,0.45,0.6,0.30000000000000004,3,30030003,75,250688,0.5038954773869346,4.744974999921396
3,250,0.45,0.6,0.30000000000000004,4,30030004,75,248640,0.4997788944723618,4.929703400004655
3,250,0.45,0.6,0.30000000000000004,5,30030005,75,247820,0.49813065326633166,4.885102599975653
3,250,0.45,0.6,0.30000000000000004,6,30030006,75,250778,0.5040763819095477,4.959095999947749
3,250,0.45,0.6,0.30000000000000004,7,30030007,75,248429,0.49935477386934674,4.960138899972662
3,250,0.45,0.6,0.30000000000000004,8,30030008,75,251708,0.5059457286432161,4.949490100028925
3,250,0.45,0.6,0.30000000000000004,9,30030009,75,249491,0.5014894472361809,4.911454700049944
3,250,0.45,0.6,0.30000000000000004,10,30030010,75,248800,0.5001005025125628,4.927796200034209
3,250,0.45,0.6,0.30000000000000004,11,30030011,75,248679,0.4998572864321608,5.043355799978599
3,250,0.45,0.6,0.30000000000000004,12,30030012,75,248647,0.4997929648241206,5.034529399941675
3,250,0.45,0.6,0.30000000000000004,13,30030013,75,249640,0.5017889447236181,5.039431700017303
3,250,0.45,0.6,0.30000000000000004,14,30030014,75,248668,0.49983517587939696,5.142503099981695
3,250,0.45,0.6,0.30000000000000004,15,30030015,75,250407,0.5033306532663316,5.147479300037958
3,250,0.45,0.6,0.30000000000000004,16,30030016,75,249427,0.5013608040201005,5.331370999920182
3,250,0.45,0.6,0.30000000000000004,17,30030017,75,250567,0.5036522613065326,5.184109000023454
3,250,0.45,0.6,0.30000000000000004,18,30030018,75,252716,0.5079718592964824,4.975403400021605
3,250,0.45,0.6,0.30000000000000004,19,30030019,75,248899,0.5002994974874372,5.1578653999604285
3,250,0.45,0.6,0.30000000000000004,20,30030020,75,247962,0.4984160804020101,5.416072400053963
3,250,0.45,0.6,0.30000000000000004,21,30030021,75,248715,0.499929648241206,5.46576669998467
3,250,0.45,0.6,0.30000000000000004,22,30030022,75,247658,0.49780502512562813,4.849430599948391
3,250,0.45,0.6,0.30000000000000004,23,30030023,75,252414,0.507364824120603,5.451401800033636
3,250,0.45,0.6,0.30000000000000004,24,30030024,75,247756,0.49800201005025124,5.107027400052175
3,250,0.45,0.6,0.30000000000000004,25,30030025,75,252498,0.5075336683417085,4.973106999997981
3,250,0.45,0.6,0.30000000000000004,26,30030026,75,249669,0.5018472361809045,5.224993000039831
3,250,0.45,0.6,0.30000000000000004,27,30030027,75,250593,0.5037045226130653,5.337443200056441
3,250,0.45,0.6,0.30000000000000004,28,30030028,75,250420,0.503356783919598,5.047189700067975
3,250,0.45,0.6,0.30000000000000004,29,30030029,75,247785,0.49806030150753766,5.16413059993647
3,250,0.45,0.6,0.30000000000000004,30,30030030,75,249341,0.5011879396984925,5.31017209996935
3,250,0.45,0.6,0.30000000000000004,31,30030031,75,249530,0.5015678391959799,5.263048600056209
3,250,0.45,0.6,0.30000000000000004,32,30030032,75,250318,0.5031517587939699,5.240172200021334
3,250,0.45,0.6,0.30000000000000004,33,30030033,75,247652,0.4977929648241206,5.1773724999511614
3,250,0.45,0.6,0.30000000000000004,34,30030034,75,247762,0.4980140703517588,5.170762300025672
3,250,0.45,0.6,0.30000000000000004,35,30030035,75,249563,0.5016341708542713,5.266689700074494
3,250,0.45,0.6,0.30000000000000004,36,30030036,75,248523,0.4995437185929648,5.144276899984106
3,250,0.45,0.6,0.30000000000000004,37,30030037,75,248270,0.499035175879397,5.1927729999879375
3,250,0.45,0.6,0.30000000000000004,38,30030038,75,250327,0.5031698492462312,5.181915699969977
3,250,0.45,0.6,0.30000000000000004,39,30030039,75,249908,0.5023276381909548,5.087436400004663
3,250,0.45,0.6,0.30000000000000004,40,30030040,75,250896,0.504313567839196,5.1482466999441385
3,250,0.45,0.6,0.30000000000000004,41,30030041,75,250619,0.503756783919598,5.148138599935919
3,250,0.45,0.6,0.30000000000000004,42,30030042,75,251561,0.5056502512562814,5.101337400032207
3,250,0.45,0.6,0.30000000000000004,43,30030043,75,251956,0.5064442211055277,5.202137300046161
3,250,0.45,0.6,0.30000000000000004,44,30030044,75,249677,0.5018633165829146,5.157950799912214
3,250,0.45,0.6,0.30000000000000004,45,30030045,75,248714,0.49992763819095476,5.093098299927078
3,250,0.45,0.6,0.30000000000000004,46,30030046,75,249763,0.5020361809045226,5.079634600086138
3,250,0.45,0.6,0.30000000000000004,47,30030047,75,248322,0.4991396984924623,4.838701199973002
3,250,0.45,0.6,0.30000000000000004,48,30030048,75,251474,0.5054753768844221,4.983816100051627
3,250,0.45,0.6,0.30000000000000004,49,30030049,75,253901,0.5103537688442211,5.051164599950425
3,250,0.45,0.6,0.30000000000000004,50,30030050,75,251834,0.5061989949748744,5.170996300061233
3,250,0.45,0.6,0.30000000000000004,51,30030051,75,252151,0.5068361809045226,4.947296899976209
3,250,0.45,0.6,0.30000000000000004,52,30030052,75,250310,0.5031356783919598,4.923493099980988
3,250,0.45,0.6,0.30000000000000004,53,30030053,75,251732,0.5059939698492463,4.7524576999712735
3,250,0.45,0.6,0.30000000000000004,54,30030054,75,247760,0.4980100502512563,4.959681499982253
3,250,0.45,0.6,0.30000000000000004,55,30030055,75,248565,0.4996281407035176,4.874118400039151
3,250,0.45,0.6,0.30000000000000004,56,30030056,75,247799,0.49808844221105525,5.27514009992592
3,250,0.45,0.6,0.30000000000000004,57,30030057,75,247711,0.49791155778894475,5.327081199968234
3,250,0.45,0.6,0.30000000000000004,58,30030058,75,249398,0.5013025125628141,5.376877299975604
3,250,0.45,0.6,0.30000000000000004,59,30030059,75,250574,0.5036663316582914,4.944378699990921
3,250,0.45,0.6,0.30000000000000004,60,30030060,75,248947,0.5003959798994975,5.1882171999895945
3,250,0.45,0.6,0.30000000000000004,61,30030061,75,252799,0.5081386934673366,5.244326299987733
3,250,0.45,0.6,0.30000000000000004,62,30030062,75,248778,0.5000562814070352,5.094928300008178
3,250,0.45,0.6,0.30000000000000004,63,30030063,75,251014,0.5045507537688442,5.128378800000064
3,250,0.45,0.6,0.30000000000000004,64,30030064,75,252570,0.507678391959799,5.081715899985284
3,250,0.45,0.6,0.30000000000000004,65,30030065,75,247673,0.49783517587939696,5.103762099985033
3,250,0.45,0.6,0.30000000000000004,66,30030066,75,250353,0.5032221105527638,5.09135130001232
3,250,0.45,0.6,0.30000000000000004,67,30030067,75,247824,0.4981386934673367,5.146101500024088
3,250,0.45,0.6,0.30000000000000004,68,30030068,75,247595,0.497678391959799,5.2053926000371575
3,250,0.45,0.6,0.30000000000000004,69,30030069,75,248746,0.49999195979899497,5.22662880003918
3,250,0.45,0.6,0.30000000000000004,70,30030070,75,247014,0.4965105527638191,5.184988099965267
3,250,0.45,0.6,0.30000000000000004,71,30030071,75,248802,0.5001045226130654,5.050733800046146
3,250,0.45,0.6,0.30000000000000004,72,30030072,75,251581,0.5056904522613065,5.190094799967483
3,250,0.45,0.6,0.30000000000000004,73,30030073,75,248872,0.5002452261306533,5.195952299982309
3,250,0.45,0.6,0.30000000000000004,74,30030074,75,248709,0.4999175879396985,5.13898050005082
3,250,0.45,0.6,0.30000000000000004,75,30030075,75,250724,0.5039678391959799,5.128057699999772
3,250,0.45,0.6,0.30000000000000004,76,30030076,75,250659,0.5038371859296482,5.036880900035612
3,250,0.45,0.6,0.30000000000000004,77,30030077,75,248522,0.49954170854271357,5.112819500034675
3,250,0.45,0.6,0.30000000000000004,78,30030078,75,250864,0.5042492462311557,5.141712400014512
3,250,0.45,0.6,0.30000000000000004,79,30030079,75,248884,0.5002693467336683,5.142051399918273
3,250,0.45,0.6,0.30000000000000004,80,30030080,75,247801,0.4980924623115578,5.15695960004814
3,250,0.45,0.6,0.30000000000000004,81,30030081,75,249807,0.5021246231155779,5.139365899958648
3,250,0.45,0.6,0.30000000000000004,82,30030082,75,250730,0.5039798994974874,5.207692899974063
3,250,0.45,0.6,0.30000000000000004,83,30030083,75,249352,0.5012100502512563,5.070208100019954
3,250,0.45,0.6,0.30000000000000004,84,30030084,75,249731,0.5019718592964824,5.218466600053944
3,250,0.45,0.6,0.30000000000000004,85,30030085,75,249760,0.5020301507537689,5.180344699998386
3,250,0.45,0.6,0.30000000000000004,86,30030086,75,250555,0.5036281407035176,5.123579200007953
3,250,0.45,0.6,0.30000000000000004,87,30030087,75,248833,0.5001668341708543,5.025133600109257
3,250,0.45,0.6,0.30000000000000004,88,30030088,75,250117,0.5027477386934673,5.21638030000031
3,250,0.45,0.6,0.30000000000000004,89,30030089,75,251779,0.5060884422110553,5.299335299991071
3,250,0.45,0.6,0.30000000000000004,90,30030090,75,250723,0.5039658291457286,5.276863900013268
3,250,0.45,0.6,0.30000000000000004,91,30030091,75,249641,0.5017909547738694,5.24927310005296
3,250,0.45,0.6,0.30000000000000004,92,30030092,75,248524,0.49954572864321606,5.1290293000638485
3,250,0.45,0.6,0.30000000000000004,93,30030093,75,252681,0.5079015075376885,5.134437199914828
3,250,0.45,0.6,0.30000000000000004,94,30030094,75,247823,0.49813668341708545,5.043648299993947
3,250,0.45,0.6,0.30000000000000004,95,30030095,75,252981,0.5085045226130653,5.081433300045319
3,250,0.45,0.6,0.30000000000000004,96,30030096,75,249574,0.5016562814070352,5.1702101000119
3,250,0.45,0.6,0.30000000000000004,97,30030097,75,248839,0.5001788944723619,5.146876000100747
3,250,0.45,0.6,0.30000000000000004,98,30030098,75,249471,0.5014492462311558,5.058885000064038
3,250,0.45,0.6,0.30000000000000004,99,30030099,75,248481,0.49945929648241205,5.216454699984752
3,250,0.45,0.6,0.35000000000000003,0,30035000,88,255826,0.5142231155778895,5.216079500038177
3,250,0.45,0.6,0.35000000000000003,1,30035001,88,248822,0.5001447236180905,5.150593500002287
3,250,0.45,0.6,0.35000000000000003,2,30035002,88,250915,0.5043517587939699,5.152799400035292
3,250,0.45,0.6,0.35000000000000003,3,30035003,88,250638,0.5037949748743719,5.192409800016321
3,250,0.45,0.6,0.35000000000000003,4,30035004,88,247851,0.4981929648241206,5.133798100054264
3,250,0.45,0.6,0.35000000000000003,5,30035005,88,248773,0.5000462311557788,5.167735600029118
3,250,0.45,0.6,0.35000000000000003,6,30035006,88,249697,0.5019035175879397,5.269402800011449
3,250,0.45,0.6,0.35000000000000003,7,30035007,88,247646,0.4977809045226131,5.182484699995257
3,250,0.45,0.6,0.35000000000000003,8,30035008,88,247902,0.4982954773869347,5.188084200024605
3,250,0.45,0.6,0.35000000000000003,9,30035009,88,247974,0.4984402010050251,5.105499600060284
3,250,0.45,0.6,0.35000000000000003,10,30035010,88,249892,0.5022954773869347,5.237626100075431
3,250,0.45,0.6,0.35000000000000003,11,30035011,88,250781,0.5040824120603015,5.177633599960245
3,250,0.45,0.6,0.35000000000000003,12,30035012,88,250864,0.5042492462311557,5.14785569999367
3,250,0.45,0.6,0.35000000000000003,13,30035013,88,252563,0.5076643216080402,5.232536399969831
3,250,0.45,0.6,0.35000000000000003,14,30035014,88,253956,0.5104643216080402,5.182783699943684
3,250,0.45,0.6,0.35000000000000003,15,30035015,88,252387,0.5073105527638191,5.181746799964458
3,250,0.45,0.6,0.35000000000000003,16,30035016,88,254978,0.5125185929648242,5.223197299987078
3,250,0.45,0.6,0.35000000000000003,17,30035017,88,252509,0.5075557788944723,5.234638400026597
3,250,0.45,0.6,0.35000000000000003,18,30035018,88,253761,0.5100723618090452,5.23519309994299
3,250,0.45,0.6,0.35000000000000003,19,30035019,88,253783,0.5101165829145728,5.188547599944286
3,250,0.45,0.6,0.35000000000000003,20,30035020,88,248777,0.5000542713567839,5.173647499992512
3,250,0.45,0.6,0.35000000000000003,21,30035021,88,249653,0.5018150753768844,5.171089399955235
3,250,0.45,0.6,0.35000000000000003,22,30035022,88,250600,0.5037185929648241,5.0045382000971586
3,250,0.45,0.6,0.35000000000000003,23,30035023,88,250946,0.5044140703517588,5.1427450000774115
3,250,0.45,0.6,0.35000000000000003,24,30035024,88,254666,0.5118914572864321,5.137344499933533
3,250,0.45,0.6,0.35000000000000003,25,30035025,88,249236,0.5009768844221105,4.992556900018826
3,250,0.45,0.6,0.35000000000000003,26,30035026,88,249742,0.5019939698492463,5.050230699940585
3,250,0.45,0.6,0.35000000000000003,27,30035027,88,252645,0.5078291457286432,4.995025699958205
3,250,0.45,0.6,0.35000000000000003,28,30035028,88,258029,0.5186512562814071,5.11155329993926
3,250,0.45,0.6,0.35000000000000003,29,30035029,88,250533,0.50358391959799,5.050942400004715
3,250,0.45,0.6,0.35000000000000003,30,30035030,88,251934,0.5064,5.052676400053315
3,250,0.45,0.6,0.35000000000000003,31,30035031,88,253815,0.5101809045226131,5.052835499984212
3,250,0.45,0.6,0.35000000000000003,32,30035032,88,250281,0.5030773869346734,5.115555700031109
3,250,0.45,0.6,0.35000000000000003,33,30035033,88,249971,0.5024542713567839,5.230834600050002
3,250,0.45,0.6,0.35000000000000003,34,30035034,88,248918,0.500337688442211,5.231802899972536
3,250,0.45,0.6,0.35000000000000003,35,30035035,88,248461,0.49941909547738694,5.23149849998299
3,250,0.45,0.6,0.35000000000000003,36,30035036,88,249116,0.5007356783919598,5.1671415999298915
3,250,0.45,0.6,0.35000000000000003,37,30035037,88,249797,0.5021045226130654,5.144437600043602
3,250,0.45,0.6,0.35000000000000003,38,30035038,88,250901,0.5043236180904522,5.146075799944811
3,250,0.45,0.6,0.35000000000000003,39,30035039,88,248831,0.5001628140703518,5.229183400049806
3,250,0.45,0.6,0.35000000000000003,40,30035040,88,250786,0.5040924623115578,5.178031199960969
3,250,0.45,0.6,0.35000000000000003,41,30035041,88,249853,0.5022170854271357,5.259842799976468
3,250,0.45,0.6,0.35000000000000003,42,30035042,88,252456,0.5074492462311557,5.260295899934135
3,250,0.45,0.6,0.35000000000000003,43,30035043,88,249839,0.5021889447236181,5.270467199967243
3,250,0.45,0.6,0.35000000000000003,44,30035044,88,248389,0.49927437185929646,5.242543999920599
3,250,0.45,0.6,0.35000000000000003,45,30035045,88,250805,0.5041306532663317,5.221072299988009
3,250,0.45,0.6,0.35000000000000003,46,30035046,88,251676,0.5058814070351759,5.184493999928236
3,250,0.45,0.6,0.35000000000000003,47,30035047,88,250604,0.5037266331658291,5.140614899923094
3,250,0.45,0.6,0.35000000000000003,48,30035048,88,254795,0.5121507537688442,5.270883199991658
3,250,0.45,0.6,0.35000000000000003,49,30035049,88,250858,0.5042371859296483,5.397778199985623
3,250,0.45,0.6,0.35000000000000003,50,30035050,88,247680,0.4978492462311558,5.207598100067116
3,250,0.45,0.6,0.35000000000000003,51,30035051,88,247648,0.4977849246231156,5.351759999990463
3,250,0.45,0.6,0.35000000000000003,52,30035052,88,254427,0.5114110552763819,5.3555211999919266
3,250,0.45,0.6,0.35000000000000003,53,30035053,88,252811,0.5081628140703518,5.146429100073874
3,250,0.45,0.6,0.35000000000000003,54,30035054,88,249840,0.5021909547738693,5.077026399900205
3,250,0.45,0.6,0.35000000000000003,55,30035055,88,248599,0.4996964824120603,5.225372500019148
3,250,0.45,0.6,0.35000000000000003,56,30035056,88,249933,0.5023778894472362,5.356631099944934
3,250,0.45,0.6,0.35000000000000003,57,30035057,88,251501,0.505529648241206,5.151815399993211
3,250,0.45,0.6,0.35000000000000003,58,30035058,88,247646,0.4977809045226131,5.106432600063272
3,250,0.45,0.6,0.35000000000000003,59,30035059,88,248759,0.5000180904522613,5.225830500014126
3,250,0.45,0.6,0.35000000000000003,60,30035060,88,251904,0.5063396984924623,5.20298369997181
3,250,0.45,0.6,0.35000000000000003,61,30035061,88,254593,0.5117447236180904,5.197429099935107
3,250,0.45,0.6,0.35000000000000003,62,30035062,88,251582,0.5056924623115578,5.230352699989453
3,250,0.45,0.6,0.35000000000000003,63,30035063,88,251572,0.5056723618090452,5.24003129999619
3,250,0.45,0.6,0.35000000000000003,64,30035064,88,249168,0.5008402010050251,5.226549300015904
3,250,0.45,0.6,0.35000000000000003,65,30035065,88,248997,0.5004964824120604,5.216267199954018
3,250,0.45,0.6,0.35000000000000003,66,30035066,88,253567,0.5096824120603015,5.139713800046593
3,250,0.45,0.6,0.35000000000000003,67,30035067,88,249980,0.5024723618090452,5.180035499972291
3,250,0.45,0.6,0.35000000000000003,68,30035068,88,250838,0.5041969849246232,5.1726275000255555
3,250,0.45,0.6,0.35000000000000003,69,30035069,88,252790,0.5081206030150753,5.225942700053565
3,250,0.45,0.6,0.35000000000000003,70,30035070,88,248978,0.5004582914572865,5.187218699953519
3,250,0.45,0.6,0.35000000000000003,71,30035071,88,248832,0.500164824120603,5.158843099954538
3,250,0.45,0.6,0.35000000000000003,72,30035072,88,252578,0.5076944723618091,5.2646844000555575
3,250,0.45,0.6,0.35000000000000003,73,30035073,88,252825,0.5081909547738693,5.258210200001486
3,250,0.45,0.6,0.35000000000000003,74,30035074,88,251639,0.5058070351758794,5.2662632000865415
3,250,0.45,0.6,0.35000000000000003,75,30035075,88,252424,0.5073849246231156,5.271924800006673
3,250,0.45,0.6,0.35000000000000003,76,30035076,88,250041,0.5025949748743719,5.197206699987873
3,250,0.45,0.6,0.35000000000000003,77,30035077,88,249698,0.501905527638191,5.1771184001117945
3,250,0.45,0.6,0.35000000000000003,78,30035078,88,251647,0.5058231155778894,5.200742700020783
3,250,0.45,0.6,0.35000000000000003,79,30035079,88,251078,0.5046793969849246,5.12353790004272
3,250,0.45,0.6,0.35000000000000003,80,30035080,88,251028,0.5045788944723618,5.119517699931748
3,250,0.45,0.6,0.35000000000000003,81,30035081,88,251562,0.5056522613065326,5.239180599921383
3,250,0.45,0.6,0.35000000000000003,82,30035082,88,251931,0.5063939698492462,5.225369299994782
3,250,0.45,0.6,0.35000000000000003,83,30035083,88,250855,0.5042311557788944,5.250624500098638
3,250,0.45,0.6,0.35000000000000003,84,30035084,88,248925,0.5003517587939699,5.3197932000039145
3,250,0.45,0.6,0.35000000000000003,85,30035085,88,249898,0.5023075376884422,5.337093400070444
3,250,0.45,0.6,0.35000000000000003,86,30035086,88,247788,0.49806633165829145,5.275693899951875
3,250,0.45,0.6,0.35000000000000003,87,30035087,88,249747,0.5020040201005025,5.131109899957664
3,250,0.45,0.6,0.35000000000000003,88,30035088,88,249722,0.5019537688442212,5.134231699979864
3,250,0.45,0.6,0.35000000000000003,89,30035089,88,249910,0.5023316582914573,5.257447100011632
3,250,0.45,0.6,0.35000000000000003,90,30035090,88,247738,0.4979658291457286,5.07440130005125
3,250,0.45,0.6,0.35000000000000003,91,30035091,88,250585,0.5036884422110552,5.1120184999890625
3,250,0.45,0.6,0.35000000000000003,92,30035092,88,250691,0.5039015075376885,5.236776400008239
3,250,0.45,0.6,0.35000000000000003,93,30035093,88,248779,0.5000582914572864,5.154184199986048
3,250,0.45,0.6,0.35000000000000003,94,30035094,88,250947,0.50441608040201,5.252647599903867
3,250,0.45,0.6,0.35000000000000003,95,30035095,88,248937,0.5003758793969849,5.554120399989188
3,250,0.45,0.6,0.35000000000000003,96,30035096,88,253017,0.5085768844221106,5.358020299929194
3,250,0.45,0.6,0.35000000000000003,97,30035097,88,252773,0.5080864321608041,5.574291000026278
3,250,0.45,0.6,0.35000000000000003,98,30035098,88,252826,0.5081929648241206,4.861469499999657
3,250,0.45,0.6,0.35000000000000003,99,30035099,88,250933,0.5043879396984925,4.801256700069644
3,250,0.45,0.6,0.4,0,30040000,100,258607,0.5198130653266332,5.539280400029384
3,250,0.45,0.6,0.4,1,30040001,100,252896,0.5083336683417086,5.050686800037511
3,250,0.45,0.6,0.4,2,30040002,100,251884,0.5062994974874372,5.150144699960947
3,250,0.45,0.6,0.4,3,30040003,100,249946,0.5024040201005026,5.346386999939568
3,250,0.45,0.6,0.4,4,30040004,100,255941,0.5144542713567839,5.17032619996462
3,250,0.45,0.6,0.4,5,30040005,100,251631,0.5057909547738694,5.218632400035858
3,250,0.45,0.6,0.4,6,30040006,100,253702,0.5099537688442211,4.998487899894826
3,250,0.45,0.6,0.4,7,30040007,100,256923,0.5164281407035176,5.042644600034691
3,250,0.45,0.6,0.4,8,30040008,100,251803,0.5061366834170854,5.305548600037582
3,250,0.45,0.6,0.4,9,30040009,100,256968,0.5165185929648242,5.287556700059213
3,250,0.45,0.6,0.4,10,30040010,100,249668,0.5018452261306533,5.082905100076459
3,250,0.45,0.6,0.4,11,30040011,100,249952,0.50241608040201,5.201242300099693
3,250,0.45,0.6,0.4,12,30040012,100,250907,0.5043356783919598,5.2033753000432625
3,250,0.45,0.6,0.4,13,30040013,100,254784,0.5121286432160804,5.208198499982245
3,250,0.45,0.6,0.4,14,30040014,100,255650,0.5138693467336684,5.145960900001228
3,250,0.45,0.6,0.4,15,30040015,100,249599,0.5017065326633166,5.229300400009379
3,250,0.45,0.6,0.4,16,30040016,100,253634,0.5098170854271357,5.321236400050111
3,250,0.45,0.6,0.4,17,30040017,100,248436,0.4993688442211055,5.083592899958603
3,250,0.45,0.6,0.4,18,30040018,100,257887,0.5183658291457286,5.232434900011867
3,250,0.45,0.6,0.4,19,30040019,100,252635,0.5078090452261307,5.182446800055914
3,250,0.45,0.6,0.4,20,30040020,100,254653,0.5118653266331659,5.19231299997773
3,250,0.45,0.6,0.4,21,30040021,100,250771,0.5040623115577889,5.3513645000057295
3,250,0.45,0.6,0.4,22,30040022,100,251572,0.5056723618090452,5.347961000050418
3,250,0.45,0.6,0.4,23,30040023,100,250875,0.5042713567839195,4.941338400007226
3,250,0.45,0.6,0.4,24,30040024,100,252019,0.5065708542713567,5.100919599994086
3,250,0.45,0.6,0.4,25,30040025,100,255899,0.5143698492462312,4.992487300070934
3,250,0.45,0.6,0.4,26,30040026,100,251707,0.5059437185929648,5.100587799912319
3,250,0.45,0.6,0.4,27,30040027,100,251678,0.5058854271356784,5.034953700029291
3,250,0.45,0.6,0.4,28,30040028,100,254792,0.5121447236180905,5.295140900067054
3,250,0.45,0.6,0.4,29,30040029,100,255831,0.5142331658291457,5.1226170000154525
3,250,0.45,0.6,0.4,30,30040030,100,249872,0.5022552763819096,5.164428399992175
3,250,0.45,0.6,0.4,31,30040031,100,253911,0.5103738693467337,5.111627400037833
3,250,0.45,0.6,0.4,32,30040032,100,249795,0.5021005025125628,5.14426229998935
3,250,0.45,0.6,0.4,33,30040033,100,253533,0.5096140703517588,5.288279899978079
3,250,0.45,0.6,0.4,34,30040034,100,253053,0.5086492462311558,5.113438899978064
3,250,0.45,0.6,0.4,35,30040035,100,253821,0.5101929648241206,5.070978100062348
3,250,0.45,0.6,0.4,36,30040036,100,248530,0.49955778894472364,5.248557199956849
3,250,0.45,0.6,0.4,37,30040037,100,253913,0.5103778894472362,5.135930499993265
3,250,0.45,0.6,0.4,38,30040038,100,251890,0.5063115577889448,5.232523399987258
3,250,0.45,0.6,0.4,39,30040039,100,251029,0.5045809045226131,4.953079700004309
3,250,0.45,0.6,0.4,40,30040040,100,249953,0.5024180904522613,5.251279799966142
3,250,0.45,0.6,0.4,41,30040041,100,252968,0.508478391959799,5.324784499942325
3,250,0.45,0.6,0.4,42,30040042,100,254795,0.5121507537688442,5.085971600026824
3,250,0.45,0.6,0.4,43,30040043,100,249958,0.5024281407035176,5.191830200026743
3,250,0.45,0.6,0.4,44,30040044,100,248690,0.4998793969849246,4.954607899999246
3,250,0.45,0.6,0.4,45,30040045,100,249079,0.5006613065326633,5.171826200094074
3,250,0.45,0.6,0.4,46,30040046,100,251403,0.5053326633165829,5.211970700067468
3,250,0.45,0.6,0.4,47,30040047,100,258804,0.5202090452261307,5.202911000000313
3,250,0.45,0.6,0.4,48,30040048,100,253697,0.5099437185929648,5.479132000007667
3,250,0.45,0.6,0.4,49,30040049,100,250020,0.5025527638190955,5.346161999972537
3,250,0.45,0.6,0.4,50,30040050,100,248075,0.498643216080402,5.107594599947333
3,250,0.45,0.6,0.4,51,30040051,100,255418,0.5134030150753769,5.338234900031239
3,250,0.45,0.6,0.4,52,30040052,100,251748,0.5060261306532663,4.816528300056234
3,250,0.45,0.6,0.4,53,30040053,100,251794,0.5061185929648241,5.379973999923095
3,250,0.45,0.6,0.4,54,30040054,100,255954,0.5144804020100503,5.199563000001945
3,250,0.45,0.6,0.4,55,30040055,100,250685,0.5038894472361809,4.964410500018857
3,250,0.45,0.6,0.4,56,30040056,100,250923,0.5043678391959799,5.151576100033708
3,250,0.45,0.6,0.4,57,30040057,100,249789,0.5020884422110553,5.133444000035524
3,250,0.45,0.6,0.4,58,30040058,100,250943,0.504408040201005,4.883021799963899
3,250,0.45,0.6,0.4,59,30040059,100,249085,0.5006733668341709,5.235948899993673
3,250,0.45,0.6,0.4,60,30040060,100,250944,0.5044100502512563,5.1775005999952555
3,250,0.45,0.6,0.4,61,30040061,100,253864,0.5102793969849246,5.208597799995914
3,250,0.45,0.6,0.4,62,30040062,100,248979,0.5004603015075377,5.202505600056611
3,250,0.45,0.6,0.4,63,30040063,100,253341,0.5092281407035176,5.183858000091277
3,250,0.45,0.6,0.4,64,30040064,100,250055,0.5026231155778894,5.202906999969855
3,250,0.45,0.6,0.4,65,30040065,100,252779,0.5080984924623115,5.153210099902935
3,250,0.45,0.6,0.4,66,30040066,100,248833,0.5001668341708543,5.099322200054303
3,250,0.45,0.6,0.4,67,30040067,100,252792,0.5081246231155779,5.185590600012802
3,250,0.45,0.6,0.4,68,30040068,100,250789,0.5040984924623115,5.135799000039697
3,250,0.45,0.6,0.4,69,30040069,100,248235,0.498964824120603,5.10588489996735
3,250,0.45,0.6,0.4,70,30040070,100,254540,0.5116381909547739,5.217112799989991
3,250,0.45,0.6,0.4,71,30040071,100,252972,0.508486432160804,5.189180299988948
3,250,0.45,0.6,0.4,72,30040072,100,248828,0.500156783919598,5.470559500041418
3,250,0.45,0.6,0.4,73,30040073,100,249804,0.5021185929648241,5.271884800051339
3,250,0.45,0.6,0.4,74,30040074,100,252014,0.5065608040201005,5.472857199958526
3,250,0.45,0.6,0.4,75,30040075,100,252549,0.5076361809045226,5.438002299983054
3,250,0.45,0.6,0.4,76,30040076,100,249849,0.5022090452261306,5.2783851000713184
3,250,0.45,0.6,0.4,77,30040077,100,251957,0.5064462311557789,5.323675099993125
3,250,0.45,0.6,0.4,78,30040078,100,252539,0.50761608040201,5.309228700003587
3,250,0.45,0.6,0.4,79,30040079,100,252799,0.5081386934673366,5.327009000000544
3,250,0.45,0.6,0.4,80,30040080,100,252862,0.5082653266331658,5.425612199935131
3,250,0.45,0.6,0.4,81,30040081,100,254118,0.5107899497487437,5.392105699982494
3,250,0.45,0.6,0.4,82,30040082,100,256050,0.5146733668341709,5.516980400076136
3,250,0.45,0.6,0.4,83,30040083,100,250834,0.5041889447236181,5.29647219995968
3,250,0.45,0.6,0.4,84,30040084,100,252897,0.5083356783919598,5.450100400019437
3,250,0.45,0.6,0.4,85,30040085,100,255765,0.5141005025125628,5.29879690008238
3,250,0.45,0.6,0.4,86,30040086,100,258044,0.5186814070351758,5.439522399916314
3,250,0.45,0.6,0.4,87,30040087,100,253968,0.5104884422110553,5.366135600022972
3,250,0.45,0.6,0.4,88,30040088,100,248799,0.5000984924623115,5.2078796999994665
3,250,0.45,0.6,0.4,89,30040089,100,248932,0.5003658291457287,5.253595099900849
3,250,0.45,0.6,0.4,90,30040090,100,249769,0.5020482412060302,5.194396800012328
3,250,0.45,0.6,0.4,91,30040091,100,254789,0.5121386934673366,5.1891202999977395
3,250,0.45,0.6,0.4,92,30040092,100,248827,0.5001547738693467,5.228520300006494
3,250,0.45,0.6,0.4,93,30040093,100,251664,0.5058572864321608,5.17557379999198
3,250,0.45,0.6,0.4,94,30040094,100,249866,0.502243216080402,5.246273300028406
3,250,0.45,0.6,0.4,95,30040095,100,250969,0.5044603015075377,5.301723100012168
3,250,0.45,0.6,0.4,96,30040096,100,252789,0.5081185929648241,5.110750299994834
3,250,0.45,0.6,0.4,97,30040097,100,248032,0.498556783919598,5.256949299946427
3,250,0.45,0.6,0.4,98,30040098,100,255613,0.5137949748743719,5.168956600013189
3,250,0.45,0.6,0.4,99,30040099,100,250557,0.5036321608040201,5.163628000067547
3,250,0.45,0.6,0.45,0,30045000,112,251978,0.5064884422110553,5.207242300035432
3,250,0.45,0.6,0.45,1,30045001,112,261733,0.5260964824120603,5.32793359993957
3,250,0.45,0.6,0.45,2,30045002,112,249343,0.501191959798995,5.165831900085323
3,250,0.45,0.6,0.45,3,30045003,112,252872,0.5082854271356784,5.296930400072597
3,250,0.45,0.6,0.45,4,30045004,112,255326,0.5132180904522613,5.238464200054295
3,250,0.45,0.6,0.45,5,30045005,112,253935,0.5104221105527638,5.237422700040042
3,250,0.45,0.6,0.45,6,30045006,112,254955,0.5124723618090452,5.281485600047745
3,250,0.45,0.6,0.45,7,30045007,112,256755,0.5160904522613066,5.248457199893892
3,250,0.45,0.6,0.45,8,30045008,112,253010,0.5085628140703518,5.233788699959405
3,250,0.45,0.6,0.45,9,30045009,112,259729,0.5220683417085427,5.336907700053416
3,250,0.45,0.6,0.45,10,30045010,112,257958,0.5185085427135678,5.181865700054914
3,250,0.45,0.6,0.45,11,30045011,112,250895,0.5043115577889448,5.098233300028369
3,250,0.45,0.6,0.45,12,30045012,112,257808,0.5182070351758794,5.143878799979575
3,250,0.45,0.6,0.45,13,30045013,112,250876,0.5042733668341709,5.10228009999264
3,250,0.45,0.6,0.45,14,30045014,112,258090,0.5187738693467336,5.383155999938026
3,250,0.45,0.6,0.45,15,30045015,112,249829,0.5021688442211055,5.189994800020941
3,250,0.45,0.6,0.45,16,30045016,112,259436,0.5214793969849246,5.142968000029214
3,250,0.45,0.6,0.45,17,30045017,112,253686,0.509921608040201,5.351720799924806
3,250,0.45,0.6,0.45,18,30045018,112,260866,0.5243537688442211,5.381480000098236
3,250,0.45,0.6,0.45,19,30045019,112,258669,0.5199376884422111,5.142590300063603
3,250,0.45,0.6,0.45,20,30045020,112,252019,0.5065708542713567,5.267110300017521
3,250,0.45,0.6,0.45,21,30045021,112,264040,0.5307336683417085,5.239205299993046
3,250,0.45,0.6,0.45,22,30045022,112,251987,0.5065065326633166,5.089001000043936
3,250,0.45,0.6,0.45,23,30045023,112,254627,0.5118130653266332,5.13887479994446
3,250,0.45,0.6,0.45,24,30045024,112,253811,0.510172864321608,5.22058730002027
3,250,0.45,0.6,0.45,25,30045025,112,252723,0.5079859296482412,5.178235699888319
3,250,0.45,0.6,0.45,26,30045026,112,258024,0.5186412060301507,5.219466100097634
3,250,0.45,0.6,0.45,27,30045027,112,254851,0.5122633165829146,5.204016299918294
3,250,0.45,0.6,0.45,28,30045028,112,249034,0.5005708542713568,5.174369099899195
3,250,0.45,0.6,0.45,29,30045029,112,255096,0.5127557788944723,5.106283699977212
3,250,0.45,0.6,0.45,30,30045030,112,256976,0.5165346733668341,5.189386400044896
3,250,0.45,0.6,0.45,31,30045031,112,252928,0.5083979899497487,5.230224599945359
3,250,0.45,0.6,0.45,32,30045032,112,255819,0.5142090452261306,5.215948199969716
3,250,0.45,0.6,0.45,33,30045033,112,256529,0.5156361809045226,5.121874999953434
3,250,0.45,0.6,0.45,34,30045034,112,253923,0.5103979899497487,5.128808600013144
3,250,0.45,0.6,0.45,35,30045035,112,257015,0.5166130653266332,5.217660599970259
3,250,0.45,0.6,0.45,36,30045036,112,253728,0.5100060301507537,5.208805900067091
3,250,0.45,0.6,0.45,37,30045037,112,250699,0.5039175879396985,5.201740499935113
3,250,0.45,0.6,0.45,38,30045038,112,251927,0.5063859296482413,5.178499300032854
3,250,0.45,0.6,0.45,39,30045039,112,253903,0.5103577889447236,5.208407700061798
3,250,0.45,0.6,0.45,40,30045040,112,252951,0.5084442211055277,5.173574400017969
3,250,0.45,0.6,0.45,41,30045041,112,259650,0.5219095477386935,5.22986810002476
3,250,0.45,0.6,0.45,42,30045042,112,258676,0.5199517587939698,5.213078300002962
3,250,0.45,0.6,0.45,43,30045043,112,251744,0.5060180904522613,5.279986499925144
3,250,0.45,0.6,0.45,44,30045044,112,254788,0.5121366834170854,5.132538300007582
3,250,0.45,0.6,0.45,45,30045045,112,252035,0.5066030150753769,5.2210806999355555
3,250,0.45,0.6,0.45,46,30045046,112,251767,0.5060643216080402,5.164906700025313
3,250,0.45,0.6,0.45,47,30045047,112,255473,0.513513567839196,5.283718499937095
3,250,0.45,0.6,0.45,48,30045048,112,252975,0.5084924623115578,5.111730300006457
3,250,0.45,0.6,0.45,49,30045049,112,254015,0.5105829145728643,5.099021399975754
3,250,0.45,0.6,0.45,50,30045050,112,251722,0.5059738693467337,5.125043799984269
3,250,0.45,0.6,0.45,51,30045051,112,253513,0.5095738693467337,5.344925299985334
3,250,0.45,0.6,0.45,52,30045052,112,255999,0.5145708542713567,5.236434600083157
3,250,0.45,0.6,0.45,53,30045053,112,250995,0.5045125628140703,5.1614451999776065
3,250,0.45,0.6,0.45,54,30045054,112,251032,0.5045869346733668,5.118726299959235
3,250,0.45,0.6,0.45,55,30045055,112,253845,0.5102412060301508,5.24672960001044
3,250,0.45,0.6,0.45,56,30045056,112,254845,0.512251256281407,5.198644299991429
3,250,0.45,0.6,0.45,57,30045057,112,248561,0.49962010050251254,5.19883339991793
3,250,0.45,0.6,0.45,58,30045058,112,253018,0.5085788944723618,5.0796623000642285
3,250,0.45,0.6,0.45,59,30045059,112,251775,0.5060804020100502,5.290889999945648
3,250,0.45,0.6,0.45,60,30045060,112,250021,0.5025547738693468,5.169844300020486
3,250,0.45,0.6,0.45,61,30045061,112,251912,0.5063557788944724,5.123468200094067
3,250,0.45,0.6,0.45,62,30045062,112,250736,0.503991959798995,5.094727499992587
3,250,0.45,0.6,0.45,63,30045063,112,253980,0.5105125628140703,5.101859500049613
3,250,0.45,0.6,0.45,64,30045064,112,259597,0.5218030150753769,5.1825199000304565
3,250,0.45,0.6,0.45,65,30045065,112,251805,0.5061407035175879,5.109798899968155
3,250,0.45,0.6,0.45,66,30045066,112,252076,0.5066854271356784,5.116361899999902
3,250,0.45,0.6,0.45,67,30045067,112,251942,0.50641608040201,5.179390099947341
3,250,0.45,0.6,0.45,68,30045068,112,249066,0.500635175879397,5.111838600016199
3,250,0.45,0.6,0.45,69,30045069,112,250838,0.5041969849246232,4.996687200036831
3,250,0.45,0.6,0.45,70,30045070,112,250757,0.5040341708542714,5.09791450004559
3,250,0.45,0.6,0.45,71,30045071,112,250957,0.5044361809045226,5.068218300002627
3,250,0.45,0.6,0.45,72,30045072,112,250822,0.504164824120603,5.062211400014348
3,250,0.45,0.6,0.45,73,30045073,112,257958,0.5185085427135678,5.126656000036746
3,250,0.45,0.6,0.45,74,30045074,112,248741,0.4999819095477387,5.074225299991667
3,250,0.45,0.6,0.45,75,30045075,112,252933,0.508408040201005,5.0590230000671
3,250,0.45,0.6,0.45,76,30045076,112,251660,0.5058492462311558,5.031245300080627
3,250,0.45,0.6,0.45,77,30045077,112,251114,0.5047517587939698,5.033969599986449
3,250,0.45,0.6,0.45,78,30045078,112,251814,0.5061587939698492,5.019971400033683
3,250,0.45,0.6,0.45,79,30045079,112,252896,0.5083336683417086,4.983874600031413
3,250,0.45,0.6,0.45,80,30045080,112,256648,0.5158753768844221,5.061641999986023
3,250,0.45,0.6,0.45,81,30045081,112,252899,0.5083396984924623,4.915100699989125
3,250,0.45,0.6,0.45,82,30045082,112,253832,0.5102150753768844,4.978212499991059
3,250,0.45,0.6,0.45,83,30045083,112,261365,0.525356783919598,4.83663160004653
3,250,0.45,0.6,0.45,84,30045084,112,255813,0.5141969849246231,4.860986299929209
3,250,0.45,0.6,0.45,85,30045085,112,251193,0.5049105527638191,4.78384010004811
3,250,0.45,0.6,0.45,86,30045086,112,256069,0.5147115577889447,4.940473300055601
3,250,0.45,0.6,0.45,87,30045087,112,250936,0.5043939698492462,4.952746899914928
3,250,0.45,0.6,0.45,88,30045088,112,252083,0.5066994974874371,4.816365699982271
3,250,0.45,0.6,0.45,89,30045089,112,251776,0.5060824120603015,4.804448499926366
3,250,0.45,0.6,0.45,90,30045090,112,252014,0.5065608040201005,4.819019100046717
3,250,0.45,0.6,0.45,91,30045091,112,251376,0.505278391959799,4.94798759999685
3,250,0.45,0.6,0.45,92,30045092,112,250542,0.5036020100502513,4.777542199939489
3,250,0.45,0.6,0.45,93,30045093,112,249521,0.5015497487437186,4.816945999977179
3,250,0.45,0.6,0.45,94,30045094,112,253893,0.5103376884422111,4.8239246000302956
3,250,0.45,0.6,0.45,95,30045095,112,250894,0.5043095477386935,4.8994435999775305
3,250,0.45,0.6,0.45,96,30045096,112,253966,0.5104844221105528,4.8926636999240145
3,250,0.45,0.6,0.45,97,30045097,112,248821,0.5001427135678392,4.912528799963184
3,250,0.45,0.6,0.45,98,30045098,112,251827,0.5061849246231156,4.821793299983256
3,250,0.45,0.6,0.45,99,30045099,112,253916,0.5103839195979899,4.738319900003262
3,250,0.45,0.6,0.5,0,30050000,125,265480,0.5336281407035176,4.932021900080144
3,250,0.45,0.6,0.5,1,30050001,125,257997,0.5185869346733668,4.888404699973762
3,250,0.45,0.6,0.5,2,30050002,125,254693,0.5119457286432161,4.818429899984039
3,250,0.45,0.6,0.5,3,30050003,125,251134,0.5047919597989949,4.872428699978627
3,250,0.45,0.6,0.5,4,30050004,125,254983,0.5125286432160804,4.847522499971092
3,250,0.45,0.6,0.5,5,30050005,125,259010,0.5206231155778894,4.9333510000724345
3,250,0.45,0.6,0.5,6,30050006,125,259021,0.5206452261306532,4.975471100071445
3,250,0.45,0.6,0.5,7,30050007,125,256017,0.5146070351758794,4.9057601999957114
3,250,0.45,0.6,0.5,8,30050008,125,260856,0.5243336683417086,5.025315799983218
3,250,0.45,0.6,0.5,9,30050009,125,253959,0.510470351758794,4.88374770001974
3,250,0.45,0.6,0.5,10,30050010,125,253038,0.5086190954773869,5.012574500055052
3,250,0.45,0.6,0.5,11,30050011,125,252478,0.5074934673366834,5.135368099901825
3,250,0.45,0.6,0.5,12,30050012,125,258866,0.5203336683417086,5.1690566999604926
3,250,0.45,0.6,0.5,13,30050013,125,247937,0.49836582914572863,5.1676526999799535
3,250,0.45,0.6,0.5,14,30050014,125,261785,0.5262010050251257,5.229618499986827
3,250,0.45,0.6,0.5,15,30050015,125,251985,0.5065025125628141,5.233132899971679
3,250,0.45,0.6,0.5,16,30050016,125,248927,0.5003557788944724,5.1328915999038145
3,250,0.45,0.6,0.5,17,30050017,125,254993,0.5125487437185929,5.242409800062887
3,250,0.45,0.6,0.5,18,30050018,125,257921,0.5184341708542713,5.170633899979293
3,250,0.45,0.6,0.5,19,30050019,125,261856,0.5263437185929648,5.176917299977504
3,250,0.45,0.6,0.5,20,30050020,125,258730,0.5200603015075377,5.3459965999936685
3,250,0.45,0.6,0.5,21,30050021,125,257374,0.5173346733668341,5.175694199977443
3,250,0.45,0.6,0.5,22,30050022,125,255167,0.5128984924623116,5.048408699920401
3,250,0.45,0.6,0.5,23,30050023,125,263041,0.5287256281407036,5.389808799955063
3,250,0.45,0.6,0.5,24,30050024,125,254067,0.5106874371859297,5.220800700015388
3,250,0.45,0.6,0.5,25,30050025,125,256139,0.5148522613065326,5.4738441000226885
3,250,0.45,0.6,0.5,26,30050026,125,257049,0.5166814070351758,5.418989099911414
3,250,0.45,0.6,0.5,27,30050027,125,254800,0.5121608040201006,5.102085300022736
3,250,0.45,0.6,0.5,28,30050028,125,258860,0.520321608040201,5.212623100029305
3,250,0.45,0.6,0.5,29,30050029,125,252053,0.5066391959798995,5.127256900072098
3,250,0.45,0.6,0.5,30,30050030,125,253948,0.5104482412060302,5.1390865000430495
3,250,0.45,0.6,0.5,31,30050031,125,252768,0.5080763819095477,5.279458599979989
3,250,0.45,0.6,0.5,32,30050032,125,259077,0.5207577889447236,5.31828620005399
3,250,0.45,0.6,0.5,33,30050033,125,252108,0.5067497487437186,5.1406300000380725
3,250,0.45,0.6,0.5,34,30050034,125,252893,0.5083276381909547,5.261616700096056
3,250,0.45,0.6,0.5,35,30050035,125,260693,0.5240060301507538,5.114217099966481
3,250,0.45,0.6,0.5,36,30050036,125,260009,0.5226311557788945,5.070514400023967
3,250,0.45,0.6,0.5,37,30050037,125,254867,0.5122954773869347,5.070796399959363
3,250,0.45,0.6,0.5,38,30050038,125,256751,0.5160824120603015,5.104059399920516
3,250,0.45,0.6,0.5,39,30050039,125,252086,0.506705527638191,5.15086109994445
3,250,0.45,0.6,0.5,40,30050040,125,258507,0.5196120603015075,5.045788299990818
3,250,0.45,0.6,0.5,41,30050041,125,254052,0.5106572864321608,5.053405300015584
3,250,0.45,0.6,0.5,42,30050042,125,251056,0.504635175879397,5.0189931999193504
3,250,0.45,0.6,0.5,43,30050043,125,260960,0.5245427135678392,4.943366499966942
3,250,0.45,0.6,0.5,44,30050044,125,250793,0.5041065326633166,4.978632700047456
3,250,0.45,0.6,0.5,45,30050045,125,262585,0.5278090452261307,4.946375299943611
3,250,0.45,0.6,0.5,46,30050046,125,252056,0.5066452261306532,4.785979300038889
3,250,0.45,0.6,0.5,47,30050047,125,252078,0.5066894472361809,4.921397399972193
3,250,0.45,0.6,0.5,48,30050048,125,249755,0.5020201005025126,4.7936492000008
3,250,0.45,0.6,0.5,49,30050049,125,259859,0.522329648241206,4.901088000042364
3,250,0.45,0.6,0.5,50,30050050,125,251948,0.5064281407035176,4.821508999913931
3,250,0.45,0.6,0.5,51,30050051,125,259557,0.5217226130653266,4.968223399948329
3,250,0.45,0.6,0.5,52,30050052,125,254926,0.5124140703517588,4.951998100033961
3,250,0.45,0.6,0.5,53,30050053,125,252529,0.5075959798994975,4.826614800025709
3,250,0.45,0.6,0.5,54,30050054,125,260945,0.5245125628140703,4.940835200017318
3,250,0.45,0.6,0.5,55,30050055,125,252918,0.5083778894472362,4.859911600011401
3,250,0.45,0.6,0.5,56,30050056,125,266653,0.5359859296482412,5.087567399954423
3,250,0.45,0.6,0.5,57,30050057,125,257067,0.5167175879396985,5.007469599950127
3,250,0.45,0.6,0.5,58,30050058,125,257660,0.5179095477386935,4.961652599973604
3,250,0.45,0.6,0.5,59,30050059,125,249651,0.5018110552763819,4.9073307000799105
3,250,0.45,0.6,0.5,60,30050060,125,256135,0.5148442211055276,5.004140399978496
3,250,0.45,0.6,0.5,61,30050061,125,273848,0.5504482412060302,5.071634499938227
3,250,0.45,0.6,0.5,62,30050062,125,255676,0.513921608040201,5.153880500001833
3,250,0.45,0.6,0.5,63,30050063,125,253594,0.5097366834170854,5.140342300059274
3,250,0.45,0.6,0.5,64,30050064,125,262564,0.5277668341708542,5.065924899885431
3,250,0.45,0.6,0.5,65,30050065,125,254955,0.5124723618090452,5.07824249996338
3,250,0.45,0.6,0.5,66,30050066,125,273977,0.5507075376884422,5.147885299986228
3,250,0.45,0.6,0.5,67,30050067,125,254854,0.5122693467336683,5.116709599969909
3,250,0.45,0.6,0.5,68,30050068,125,254626,0.5118110552763819,5.125008400063962
3,250,0.45,0.6,0.5,69,30050069,125,253016,0.5085748743718593,5.193394799949601
3,250,0.45,0.6,0.5,70,30050070,125,256075,0.5147236180904523,5.214752100058831
3,250,0.45,0.6,0.5,71,30050071,125,253752,0.5100542713567839,5.173663399997167
3,250,0.45,0.6,0.5,72,30050072,125,260629,0.5238773869346733,5.150448100059293
3,250,0.45,0.6,0.5,73,30050073,125,256976,0.5165346733668341,5.212574400007725
3,250,0.45,0.6,0.5,74,30050074,125,259773,0.522156783919598,5.1750470999395475
3,250,0.45,0.6,0.5,75,30050075,125,257950,0.5184924623115578,5.163372299983166
3,250,0.45,0.6,0.5,76,30050076,125,257721,0.5180321608040201,5.215744500048459
3,250,0.45,0.6,0.5,77,30050077,125,257830,0.518251256281407,5.135415300028399
3,250,0.45,0.6,0.5,78,30050078,125,257887,0.5183658291457286,5.156099100015126
3,250,0.45,0.6,0.5,79,30050079,125,252851,0.508243216080402,5.262739100027829
3,250,0.45,0.6,0.5,80,30050080,125,250839,0.5041989949748744,5.140678499941714
3,250,0.45,0.6,0.5,81,30050081,125,252104,0.5067417085427136,5.138905000058003
3,250,0.45,0.6,0.5,82,30050082,125,253035,0.5086130653266332,5.182632600073703
3,250,0.45,0.6,0.5,83,30050083,125,260057,0.5227276381909548,5.1707044999348
3,250,0.45,0.6,0.5,84,30050084,125,259842,0.5222954773869347,5.244623300037347
3,250,0.45,0.6,0.5,85,30050085,125,250908,0.504337688442211,5.219799999962561
3,250,0.45,0.6,0.5,86,30050086,125,256854,0.5162894472361809,5.155836999998428
3,250,0.45,0.6,0.5,87,30050087,125,264776,0.5322130653266332,5.159660900011659
3,250,0.45,0.6,0.5,88,30050088,125,260705,0.5240301507537688,5.323114000027999
3,250,0.45,0.6,0.5,89,30050089,125,260748,0.5241165829145729,5.264633599901572
3,250,0.45,0.6,0.5,90,30050090,125,253865,0.5102814070351759,5.214877300080843
3,250,0.45,0.6,0.5,91,30050091,125,252781,0.508102512562814,5.189228999894112
3,250,0.45,0.6,0.5,92,30050092,125,268657,0.5400140703517587,5.402308200020343
3,250,0.45,0.6,0.5,93,30050093,125,257879,0.5183497487437186,5.336744699976407
3,250,0.45,0.6,0.5,94,30050094,125,259696,0.5220020100502513,5.031331599922851
3,250,0.45,0.6,0.5,95,30050095,125,256890,0.5163618090452261,5.3150131000438705
3,250,0.45,0.6,0.5,96,30050096,125,250951,0.5044241206030151,5.338156300014816
3,250,0.45,0.6,0.5,97,30050097,125,255952,0.5144763819095477,5.021990800043568
3,250,0.45,0.6,0.5,98,30050098,125,264010,0.5306733668341709,4.872146900044754
3,250,0.45,0.6,0.5,99,30050099,125,254645,0.5118492462311558,5.332107799942605
3,250,0.45,0.6,0.55,0,30055000,138,256020,0.5146130653266332,5.327308299951255
3,250,0.45,0.6,0.55,1,30055001,138,280844,0.5645105527638191,5.459378899889998
3,250,0.45,0.6,0.55,2,30055002,138,261920,0.5264723618090452,5.313916499959305
3,250,0.45,0.6,0.55,3,30055003,138,255935,0.5144422110552764,5.196510199923068
3,250,0.45,0.6,0.55,4,30055004,138,253859,0.5102693467336683,5.070324600092135
3,250,0.45,0.6,0.55,5,30055005,138,256918,0.5164180904522613,4.9590998000930995
3,250,0.45,0.6,0.55,6,30055006,138,254972,0.5125065326633166,5.153214999940246
3,250,0.45,0.6,0.55,7,30055007,138,265513,0.533694472361809,4.98790170007851
3,250,0.45,0.6,0.55,8,30055008,138,252175,0.5068844221105527,4.939926899969578
3,250,0.45,0.6,0.55,9,30055009,138,253759,0.5100683417085428,4.994771099998616
3,250,0.45,0.6,0.55,10,30055010,138,257970,0.5185326633165829,5.027725400053896
3,250,0.45,0.6,0.55,11,30055011,138,259578,0.521764824120603,4.8550514000235125
3,250,0.45,0.6,0.55,12,30055012,138,259990,0.5225929648241207,4.9344524999614805
3,250,0.45,0.6,0.55,13,30055013,138,254943,0.5124482412060302,5.104739099973813
3,250,0.45,0.6,0.55,14,30055014,138,260968,0.5245587939698493,5.001185599947348
3,250,0.45,0.6,0.55,15,30055015,138,258079,0.5187517587939698,4.883691999944858
3,250,0.45,0.6,0.55,16,30055016,138,260949,0.5245206030150754,5.168260199949145
3,250,0.45,0.6,0.55,17,30055017,138,263708,0.5300663316582914,4.927623099996708
3,250,0.45,0.6,0.55,18,30055018,138,251131,0.5047859296482412,4.88637690001633
3,250,0.45,0.6,0.55,19,30055019,138,260978,0.5245788944723618,5.09695300005842
3,250,0.45,0.6,0.55,20,30055020,138,255093,0.5127497487437186,5.082386699970812
3,250,0.45,0.6,0.55,21,30055021,138,259122,0.5208482412060301,4.989929799921811
3,250,0.45,0.6,0.55,22,30055022,138,267733,0.538156783919598,4.9150599000277
3,250,0.45,0.6,0.55,23,30055023,138,251966,0.5064643216080402,5.131774500012398
3,250,0.45,0.6,0.55,24,30055024,138,253043,0.5086291457286433,5.004487800062634
3,250,0.45,0.6,0.55,25,30055025,138,255041,0.5126452261306532,5.021662300103344
3,250,0.45,0.6,0.55,26,30055026,138,256972,0.5165266331658291,4.869778499938548
3,250,0.45,0.6,0.55,27,30055027,138,257616,0.5178211055276382,4.908867800026201
3,250,0.45,0.6,0.55,28,30055028,138,263841,0.5303336683417086,4.9152624000562355
3,250,0.45,0.6,0.55,29,30055029,138,265801,0.5342733668341708,4.882306699990295
3,250,0.45,0.6,0.55,30,30055030,138,254834,0.5122291457286432,4.842704699956812
3,250,0.45,0.6,0.55,31,30055031,138,256796,0.516172864321608,4.8738930999534205
3,250,0.45,0.6,0.55,32,30055032,138,254013,0.5105788944723618,4.963366699987091
3,250,0.45,0.6,0.55,33,30055033,138,267714,0.5381185929648241,4.950166800059378
3,250,0.45,0.6,0.55,34,30055034,138,256908,0.5163979899497487,4.831905600032769
3,250,0.45,0.6,0.55,35,30055035,138,263018,0.5286793969849246,5.063462999998592
3,250,0.45,0.6,0.55,36,30055036,138,261917,0.5264663316582915,4.820037400000729
3,250,0.45,0.6,0.55,37,30055037,138,256995,0.5165728643216081,4.8668781000887975
3,250,0.45,0.6,0.55,38,30055038,138,254840,0.5122412060301508,5.030631299945526
3,250,0.45,0.6,0.55,39,30055039,138,252095,0.5067236180904523,4.949042599997483
3,250,0.45,0.6,0.55,40,30055040,138,256875,0.5163316582914573,4.931720299995504
3,250,0.45,0.6,0.55,41,30055041,138,269688,0.542086432160804,4.878001900040545
3,250,0.45,0.6,0.55,42,30055042,138,251108,0.5047396984924624,4.933295399998315
3,250,0.45,0.6,0.55,43,30055043,138,255977,0.5145266331658291,4.8983819000422955
3,250,0.45,0.6,0.55,44,30055044,138,261841,0.526313567839196,5.01455259998329
3,250,0.45,0.6,0.55,45,30055045,138,252995,0.5085326633165829,5.063199599971995
3,250,0.45,0.6,0.55,46,30055046,138,256834,0.5162492462311558,5.017851600074209
3,250,0.45,0.6,0.55,47,30055047,138,256743,0.5160663316582914,4.880014199996367
3,250,0.45,0.6,0.55,48,30055048,138,266798,0.5362773869346734,5.028044300037436
3,250,0.45,0.6,0.55,49,30055049,138,257042,0.5166673366834171,4.959371699951589
3,250,0.45,0.6,0.55,50,30055050,138,257049,0.5166814070351758,4.902883299975656
3,250,0.45,0.6,0.55,51,30055051,138,256696,0.5159718592964824,4.8624547000508755
3,250,0.45,0.6,0.55,52,30055052,138,253965,0.5104824120603015,4.807391199981794
3,250,0.45,0.6,0.55,53,30055053,138,257974,0.518540703517588,4.913782399962656
3,250,0.45,0.6,0.55,54,30055054,138,255029,0.5126211055276382,5.011182099930011
3,250,0.45,0.6,0.55,55,30055055,138,250936,0.5043939698492462,4.844159500091337
3,250,0.45,0.6,0.55,56,30055056,138,254907,0.5123758793969849,4.964220400084741
3,250,0.45,0.6,0.55,57,30055057,138,261879,0.5263899497487438,4.994078399962746
3,250,0.45,0.6,0.55,58,30055058,138,256097,0.5147678391959799,4.902523999917321
3,250,0.45,0.6,0.55,59,30055059,138,259106,0.52081608040201,4.954749999917112
3,250,0.45,0.6,0.55,60,30055060,138,265873,0.5344180904522613,4.901031700079329
3,250,0.45,0.6,0.55,61,30055061,138,261609,0.5258472361809046,4.963432699907571
3,250,0.45,0.6,0.55,62,30055062,138,252090,0.506713567839196,4.836821699980646
3,250,0.45,0.6,0.55,63,30055063,138,253104,0.5087517587939698,4.849805200006813
3,250,0.45,0.6,0.55,64,30055064,138,257864,0.5183195979899498,4.900435099960305
3,250,0.45,0.6,0.55,65,30055065,138,263801,0.5302532663316583,4.916676499997266
3,250,0.45,0.6,0.55,66,30055066,138,269811,0.5423336683417086,5.045492499950342
3,250,0.45,0.6,0.55,67,30055067,138,260905,0.5244321608040201,4.993543199962005
3,250,0.45,0.6,0.55,68,30055068,138,254178,0.5109105527638191,4.991889400058426
3,250,0.45,0.6,0.55,69,30055069,138,260896,0.5244140703517588,4.8437977998983115
3,250,0.45,0.6,0.55,70,30055070,138,259807,0.5222251256281407,4.924735100008547
3,250,0.45,0.6,0.55,71,30055071,138,257886,0.5183638190954774,5.136413000058383
3,250,0.45,0.6,0.55,72,30055072,138,253069,0.5086814070351758,5.142678299918771
3,250,0.45,0.6,0.55,73,30055073,138,262453,0.5275437185929648,5.144485000055283
3,250,0.45,0.6,0.55,74,30055074,138,271923,0.5465788944723619,5.191427999990992
3,250,0.45,0.6,0.55,75,30055075,138,262047,0.5267276381909548,5.061603499925695
3,250,0.45,0.6,0.55,76,30055076,138,262849,0.5283396984924623,5.135516299982555
3,250,0.45,0.6,0.55,77,30055077,138,260038,0.5226894472361809,5.0843900999752805
3,250,0.45,0.6,0.55,78,30055078,138,259052,0.5207075376884422,5.126700000022538
3,250,0.45,0.6,0.55,79,30055079,138,256100,0.5147738693467336,5.14812070003245
3,250,0.45,0.6,0.55,80,30055080,138,258098,0.5187899497487437,5.125591100077145
3,250,0.45,0.6,0.55,81,30055081,138,259646,0.5219015075376885,5.019459999981336
3,250,0.45,0.6,0.55,82,30055082,138,254060,0.5106733668341709,4.947660799953155
3,250,0.45,0.6,0.55,83,30055083,138,254846,0.5122532663316582,5.050212999922223
3,250,0.45,0.6,0.55,84,30055084,138,254890,0.5123417085427135,5.10478900000453
3,250,0.45,0.6,0.55,85,30055085,138,263787,0.5302251256281407,5.1381047000177205
3,250,0.45,0.6,0.55,86,30055086,138,257002,0.5165869346733668,5.08024280006066
3,250,0.45,0.6,0.55,87,30055087,138,261798,0.526227135678392,5.051920800004154
3,250,0.45,0.6,0.55,88,30055088,138,258060,0.518713567839196,5.073223799932748
3,250,0.45,0.6,0.55,89,30055089,138,255890,0.5143517587939699,4.900778300012462
3,250,0.45,0.6,0.55,90,30055090,138,261039,0.5247015075376884,5.007382899988443
3,250,0.45,0.6,0.55,91,30055091,138,267867,0.5384261306532663,4.989664900000207
3,250,0.45,0.6,0.55,92,30055092,138,264819,0.5322994974874372,4.926953200018033
3,250,0.45,0.6,0.55,93,30055093,138,257916,0.5184241206030151,4.905118599999696
3,250,0.45,0.6,0.55,94,30055094,138,258853,0.5203075376884422,4.956316400086507
3,250,0.45,0.6,0.55,95,30055095,138,264791,0.532243216080402,4.7945262000430375
3,250,0.45,0.6,0.55,96,30055096,138,260867,0.5243557788944724,4.867251900024712
3,250,0.45,0.6,0.55,97,30055097,138,259954,0.5225206030150754,4.88662010000553
3,250,0.45,0.6,0.55,98,30055098,138,253614,0.5097768844221106,4.9448631999548525
3,250,0.45,0.6,0.55,99,30055099,138,264894,0.5324502512562814,4.994986200006679
3,250,0.45,0.6,0.6000000000000001,0,30060000,150,263987,0.5306271356783919,4.998860000050627
3,250,0.45,0.6,0.6000000000000001,1,30060001,150,259813,0.5222371859296483,4.838717799982987
3,250,0.45,0.6,0.6000000000000001,2,30060002,150,267716,0.5381226130653266,5.016789000015706
3,250,0.45,0.6,0.6000000000000001,3,30060003,150,267906,0.5385045226130654,4.945117100025527
3,250,0.45,0.6,0.6000000000000001,4,30060004,150,258114,0.5188221105527638,4.932168600033037
3,250,0.45,0.6,0.6000000000000001,5,30060005,150,261030,0.5246834170854271,4.963608599966392
3,250,0.45,0.6,0.6000000000000001,6,30060006,150,268927,0.5405567839195979,4.8681511000031605
3,250,0.45,0.6,0.6000000000000001,7,30060007,150,260823,0.5242673366834171,5.02573430002667
3,250,0.45,0.6,0.6000000000000001,8,30060008,150,274876,0.5525145728643216,5.034635700052604
3,250,0.45,0.6,0.6000000000000001,9,30060009,150,268765,0.5402311557788945,4.912313700071536
3,250,0.45,0.6,0.6000000000000001,10,30060010,150,261025,0.5246733668341709,5.012132299947552
3,250,0.45,0.6,0.6000000000000001,11,30060011,150,271888,0.5465085427135679,4.9793513000477105
3,250,0.45,0.6,0.6000000000000001,12,30060012,150,266855,0.536391959798995,4.973434300045483
3,250,0.45,0.6,0.6000000000000001,13,30060013,150,258902,0.5204060301507538,4.81211339996662
3,250,0.45,0.6,0.6000000000000001,14,30060014,150,263784,0.5302190954773869,4.964087700005621
3,250,0.45,0.6,0.6000000000000001,15,30060015,150,260984,0.5245909547738693,4.925612000050023
3,250,0.45,0.6,0.6000000000000001,16,30060016,150,257089,0.5167618090452262,4.963181200088002
3,250,0.45,0.6,0.6000000000000001,17,30060017,150,267873,0.5384381909547739,4.8797113000182435
3,250,0.45,0.6,0.6000000000000001,18,30060018,150,261957,0.5265467336683417,4.8765959000447765
3,250,0.45,0.6,0.6000000000000001,19,30060019,150,273915,0.5505829145728643,4.979002699954435
3,250,0.45,0.6,0.6000000000000001,20,30060020,150,265052,0.5327678391959799,4.940755199990235
3,250,0.45,0.6,0.6000000000000001,21,30060021,150,260072,0.5227577889447236,5.004054900025949
3,250,0.45,0.6,0.6000000000000001,22,30060022,150,258927,0.5204562814070351,5.107082800008357
3,250,0.45,0.6,0.6000000000000001,23,30060023,150,262026,0.5266854271356783,5.022818400058895
3,250,0.45,0.6,0.6000000000000001,24,30060024,150,260006,0.5226251256281407,5.005085099954158
3,250,0.45,0.6,0.6000000000000001,25,30060025,150,262872,0.5283859296482412,5.1145791000453755
3,250,0.45,0.6,0.6000000000000001,26,30060026,150,255856,0.5142834170854271,4.9505278000142425
3,250,0.45,0.6,0.6000000000000001,27,30060027,150,259052,0.5207075376884422,5.009940900024958
3,250,0.45,0.6,0.6000000000000001,28,30060028,150,263950,0.5305527638190954,5.094500100007281
3,250,0.45,0.6,0.6000000000000001,29,30060029,150,254913,0.5123879396984925,5.005674799904227
3,250,0.45,0.6,0.6000000000000001,30,30060030,150,262948,0.5285386934673367,5.065918300068006
3,250,0.45,0.6,0.6000000000000001,31,30060031,150,261849,0.526329648241206,4.976801299955696
3,250,0.45,0.6,0.6000000000000001,32,30060032,150,252136,0.5068060301507538,5.10165510000661
3,250,0.45,0.6,0.6000000000000001,33,30060033,150,267687,0.5380643216080402,5.146410100045614
3,250,0.45,0.6,0.6000000000000001,34,30060034,150,251007,0.5045366834170855,5.061239500064403
3,250,0.45,0.6,0.6000000000000001,35,30060035,150,258010,0.5186130653266332,5.09727569995448
3,250,0.45,0.6,0.6000000000000001,36,30060036,150,269922,0.5425567839195979,5.223210000083782
3,250,0.45,0.6,0.6000000000000001,37,30060037,150,259809,0.5222291457286432,5.1676028000656515
3,250,0.45,0.6,0.6000000000000001,38,30060038,150,262056,0.5267457286432161,5.204628400038928
3,250,0.45,0.6,0.6000000000000001,39,30060039,150,258842,0.5202854271356784,5.136692599975504
3,250,0.45,0.6,0.6000000000000001,40,30060040,150,269755,0.5422211055276381,5.2348164999857545
3,250,0.45,0.6,0.6000000000000001,41,30060041,150,266886,0.5364542713567839,5.282609899993986
3,250,0.45,0.6,0.6000000000000001,42,30060042,150,257863,0.5183175879396985,5.279992000083439
3,250,0.45,0.6,0.6000000000000001,43,30060043,150,276998,0.5567798994974874,5.26623790001031
3,250,0.45,0.6,0.6000000000000001,44,30060044,150,257055,0.5166934673366834,5.2456795000471175
3,250,0.45,0.6,0.6000000000000001,45,30060045,150,259062,0.5207276381909548,5.305215300060809
3,250,0.45,0.6,0.6000000000000001,46,30060046,150,259716,0.5220422110552764,5.276677400106564
3,250,0.45,0.6,0.6000000000000001,47,30060047,150,259962,0.5225366834170855,5.266072600032203
3,250,0.45,0.6,0.6000000000000001,48,30060048,150,260059,0.5227316582914573,5.287470199982636
3,250,0.45,0.6,0.6000000000000001,49,30060049,150,258075,0.5187437185929649,5.257962599978782
3,250,0.45,0.6,0.6000000000000001,50,30060050,150,278656,0.5601125628140704,5.3166082999669015
3,250,0.45,0.6,0.6000000000000001,51,30060051,150,252123,0.5067798994974875,5.231597900041379
3,250,0.45,0.6,0.6000000000000001,52,30060052,150,264933,0.5325286432160804,5.348257999983616
3,250,0.45,0.6,0.6000000000000001,53,30060053,150,263772,0.5301949748743718,5.2183407000266016
3,250,0.45,0.6,0.6000000000000001,54,30060054,150,257045,0.5166733668341709,5.500346799963154
3,250,0.45,0.6,0.6000000000000001,55,30060055,150,264753,0.5321668341708543,5.227302999934182
3,250,0.45,0.6,0.6000000000000001,56,30060056,150,263999,0.5306512562814071,4.692259300034493
3,250,0.45,0.6,0.6000000000000001,57,30060057,150,258147,0.5188884422110552,5.157603000057861
3,250,0.45,0.6,0.6000000000000001,58,30060058,150,272634,0.548008040201005,5.561586600029841
3,250,0.45,0.6,0.6000000000000001,59,30060059,150,261755,0.5261407035175879,5.173954400001094
3,250,0.45,0.6,0.6000000000000001,60,30060060,150,257959,0.5185105527638191,4.932140599936247
3,250,0.45,0.6,0.6000000000000001,61,30060061,150,253115,0.5087738693467336,4.784314500051551
3,250,0.45,0.6,0.6000000000000001,62,30060062,150,264788,0.5322371859296482,5.423152900068089
3,250,0.45,0.6,0.6000000000000001,63,30060063,150,274742,0.5522452261306533,5.339038499980234
3,250,0.45,0.6,0.6000000000000001,64,30060064,150,252906,0.5083537688442211,5.059474100009538
3,250,0.45,0.6,0.6000000000000001,65,30060065,150,276678,0.5561366834170854,5.046512400032952
3,250,0.45,0.6,0.6000000000000001,66,30060066,150,263645,0.5299396984924624,4.992288299952634
3,250,0.45,0.6,0.6000000000000001,67,30060067,150,266066,0.5348060301507538,5.0432628999697044
3,250,0.45,0.6,0.6000000000000001,68,30060068,150,258922,0.5204462311557789,5.035706499940716
3,250,0.45,0.6,0.6000000000000001,69,30060069,150,259130,0.5208643216080402,5.159103900077753
3,250,0.45,0.6,0.6000000000000001,70,30060070,150,269628,0.5419658291457287,5.1232272000052035
3,250,0.45,0.6,0.6000000000000001,71,30060071,150,262787,0.5282150753768844,5.147411399986595
3,250,0.45,0.6,0.6000000000000001,72,30060072,150,267018,0.5367195979899497,5.116252899984829
3,250,0.45,0.6,0.6000000000000001,73,30060073,150,268965,0.5406331658291458,5.028179100016132
3,250,0.45,0.6,0.6000000000000001,74,30060074,150,256113,0.5148,5.027126800036058
3,250,0.45,0.6,0.6000000000000001,75,30060075,150,273900,0.5505527638190955,5.103151599992998
3,250,0.45,0.6,0.6000000000000001,76,30060076,150,251108,0.5047396984924624,4.9217881000367925
3,250,0.45,0.6,0.6000000000000001,77,30060077,150,258794,0.5201889447236181,4.95358380000107
3,250,0.45,0.6,0.6000000000000001,78,30060078,150,256941,0.5164643216080402,5.0133774999994785
3,250,0.45,0.6,0.6000000000000001,79,30060079,150,256993,0.5165688442211055,4.888189399964176
3,250,0.45,0.6,0.6000000000000001,80,30060080,150,267693,0.5380763819095478,4.916160500026308
3,250,0.45,0.6,0.6000000000000001,81,30060081,150,259689,0.5219879396984924,4.931551599991508
3,250,0.45,0.6,0.6000000000000001,82,30060082,150,271001,0.5447256281407035,4.953764599980786
3,250,0.45,0.6,0.6000000000000001,83,30060083,150,251937,0.5064060301507538,4.847639699932188
3,250,0.45,0.6,0.6000000000000001,84,30060084,150,250096,0.502705527638191,4.955479399999604
3,250,0.45,0.6,0.6000000000000001,85,30060085,150,269001,0.5407055276381909,5.06393029994797
3,250,0.45,0.6,0.6000000000000001,86,30060086,150,254122,0.5107979899497488,5.04038710007444
3,250,0.45,0.6,0.6000000000000001,87,30060087,150,253131,0.5088060301507538,5.031134799937718
3,250,0.45,0.6,0.6000000000000001,88,30060088,150,258802,0.5202050251256282,5.048643300076947
3,250,0.45,0.6,0.6000000000000001,89,30060089,150,263962,0.5305768844221106,5.075786100002006
3,250,0.45,0.6,0.6000000000000001,90,30060090,150,265013,0.532689447236181,5.158391600009054
3,250,0.45,0.6,0.6000000000000001,91,30060091,150,262915,0.5284723618090452,4.959515399998054
3,250,0.45,0.6,0.6000000000000001,92,30060092,150,267839,0.5383698492462311,5.083822899963707
3,250,0.45,0.6,0.6000000000000001,93,30060093,150,260917,0.5244562814070352,4.966840300010517
3,250,0.45,0.6,0.6000000000000001,94,30060094,150,254179,0.5109125628140704,5.009258500067517
3,250,0.45,0.6,0.6000000000000001,95,30060095,150,270695,0.5441105527638191,4.950121200061403
3,250,0.45,0.6,0.6000000000000001,96,30060096,150,256116,0.5148060301507538,4.912601399933919
3,250,0.45,0.6,0.6000000000000001,97,30060097,150,258977,0.520556783919598,5.011948499944992
3,250,0.45,0.6,0.6000000000000001,98,30060098,150,255013,0.512588944723618,4.768527700100094
3,250,0.45,0.6,0.6000000000000001,99,30060099,150,258832,0.5202653266331658,4.988344799960032
3,250,0.45,0.6,0.65,0,30065000,162,272008,0.5467497487437186,4.854469199897721
3,250,0.45,0.6,0.65,1,30065001,162,269999,0.5427115577889448,4.847385499975644
3,250,0.45,0.6,0.65,2,30065002,162,282876,0.5685949748743718,4.9707240998977795
3,250,0.45,0.6,0.65,3,30065003,162,266028,0.5347296482412061,4.857289100065827
3,250,0.45,0.6,0.65,4,30065004,162,260032,0.5226773869346734,4.972978799953125
3,250,0.45,0.6,0.65,5,30065005,162,258062,0.5187175879396985,4.981482400093228
3,250,0.45,0.6,0.65,6,30065006,162,267871,0.5384341708542714,4.918853100039996
3,250,0.45,0.6,0.65,7,30065007,162,276839,0.5564603015075377,4.948336499975994
3,250,0.45,0.6,0.65,8,30065008,162,270838,0.5443979899497488,4.988998100045137
3,250,0.45,0.6,0.65,9,30065009,162,259122,0.5208482412060301,4.956627000006847
3,250,0.45,0.6,0.65,10,30065010,162,275773,0.5543175879396985,5.000977299991064
3,250,0.45,0.6,0.65,11,30065011,162,263814,0.5302793969849247,4.969314299989492
3,250,0.45,0.6,0.65,12,30065012,162,264100,0.5308542713567839,5.054789800080471
3,250,0.45,0.6,0.65,13,30065013,162,268864,0.5404301507537689,4.932863099966198
3,250,0.45,0.6,0.65,14,30065014,162,267903,0.5384984924623115,5.028119600028731
3,250,0.45,0.6,0.65,15,30065015,162,272999,0.5487417085427135,4.805801599984989
3,250,0.45,0.6,0.65,16,30065016,162,278834,0.560470351758794,4.854406700003892
3,250,0.45,0.6,0.65,17,30065017,162,274038,0.5508301507537688,4.822004900081083
3,250,0.45,0.6,0.65,18,30065018,162,260925,0.5244723618090452,4.905450399965048
3,250,0.45,0.6,0.65,19,30065019,162,261814,0.5262592964824121,4.852810999960639
3,250,0.45,0.6,0.65,20,30065020,162,264099,0.5308522613065326,4.813914699945599
3,250,0.45,0.6,0.65,21,30065021,162,263837,0.5303256281407035,5.102883799932897
3,250,0.45,0.6,0.65,22,30065022,162,266931,0.5365447236180905,5.02059830003418
3,250,0.45,0.6,0.65,23,30065023,162,267934,0.5385608040201005,5.060097299981862
3,250,0.45,0.6,0.65,24,30065024,162,258913,0.5204281407035176,4.959837800008245
3,250,0.45,0.6,0.65,25,30065025,162,254983,0.5125286432160804,4.852484900038689
3,250,0.45,0.6,0.65,26,30065026,162,264706,0.5320723618090453,5.074407000094652
3,250,0.45,0.6,0.65,27,30065027,162,274902,0.5525668341708543,5.3268248999956995
3,250,0.45,0.6,0.65,28,30065028,162,263937,0.5305266331658292,5.255182900000364
3,250,0.45,0.6,0.65,29,30065029,162,275034,0.5528321608040201,4.934424199978821
3,250,0.45,0.6,0.65,30,30065030,162,266938,0.5365587939698493,5.233322000014596
3,250,0.45,0.6,0.65,31,30065031,162,269992,0.5426974874371859,5.107746799942106
3,250,0.45,0.6,0.65,32,30065032,162,279793,0.5623979899497488,5.356188399950042
3,250,0.45,0.6,0.65,33,30065033,162,268924,0.5405507537688442,5.376176199992187
3,250,0.45,0.6,0.65,34,30065034,162,265800,0.5342713567839196,5.179729500086978
3,250,0.45,0.6,0.65,35,30065035,162,266923,0.5365286432160804,5.298378600040451
3,250,0.45,0.6,0.65,36,30065036,162,262150,0.5269346733668342,5.18392459989991
3,250,0.45,0.6,0.65,37,30065037,162,276464,0.5557065326633166,5.188989700051025
3,250,0.45,0.6,0.65,38,30065038,162,261707,0.5260442211055276,5.2021887000883
3,250,0.45,0.6,0.65,39,30065039,162,271070,0.5448643216080402,5.220748400082812
3,250,0.45,0.6,0.65,40,30065040,162,263889,0.5304301507537689,5.231446100049652
3,250,0.45,0.6,0.65,41,30065041,162,267374,0.5374351758793969,5.303148799925111
3,250,0.45,0.6,0.65,42,30065042,162,261025,0.5246733668341709,5.251156100071967
3,250,0.45,0.6,0.65,43,30065043,162,275702,0.5541748743718593,5.270771900075488
3,250,0.45,0.6,0.65,44,30065044,162,254176,0.5109065326633165,5.203069300041534
3,250,0.45,0.6,0.65,45,30065045,162,282645,0.5681306532663316,5.250508400029503
3,250,0.45,0.6,0.65,46,30065046,162,270486,0.5436904522613065,5.278173399972729
3,250,0.45,0.6,0.65,47,30065047,162,270012,0.542737688442211,5.279362199944444
3,250,0.45,0.6,0.65,48,30065048,162,270851,0.544424120603015,5.328547399956733
3,250,0.45,0.6,0.65,49,30065049,162,272809,0.5483597989949749,5.225451200036332
3,250,0.45,0.6,0.65,50,30065050,162,262931,0.5285045226130654,5.20053450006526
3,250,0.45,0.6,0.65,51,30065051,162,261957,0.5265467336683417,5.266482900013216
3,250,0.45,0.6,0.65,52,30065052,162,259927,0.5224663316582915,5.14418210007716
3,250,0.45,0.6,0.65,53,30065053,162,273812,0.550375879396985,5.066671299980953
3,250,0.45,0.6,0.65,54,30065054,162,261779,0.5261889447236181,4.991287700016983
3,250,0.45,0.6,0.65,55,30065055,162,261135,0.5248944723618091,4.983676100033335
3,250,0.45,0.6,0.65,56,30065056,162,264883,0.5324281407035176,5.1097653999459
3,250,0.45,0.6,0.65,57,30065057,162,264931,0.5325246231155779,5.167745599988848
3,250,0.45,0.6,0.65,58,30065058,162,269008,0.5407195979899497,4.881720900069922
3,250,0.45,0.6,0.65,59,30065059,162,280242,0.5633005025125628,5.195935099967755
3,250,0.45,0.6,0.65,60,30065060,162,268659,0.5400180904522613,4.941254100063816
3,250,0.45,0.6,0.65,61,30065061,162,270818,0.5443577889447236,4.970018399995752
3,250,0.45,0.6,0.65,62,30065062,162,263561,0.5297708542713568,5.0693307999754325
3,250,0.45,0.6,0.65,63,30065063,162,268067,0.5388281407035176,5.099220999982208
3,250,0.45,0.6,0.65,64,30065064,162,267726,0.5381427135678392,4.980801000026986
3,250,0.45,0.6,0.65,65,30065065,162,277858,0.5585085427135679,4.888575799996033
3,250,0.45,0.6,0.65,66,30065066,162,266865,0.5364120603015076,4.9944846000289544
3,250,0.45,0.6,0.65,67,30065067,162,264397,0.531451256281407,5.046606999938376
3,250,0.45,0.6,0.65,68,30065068,162,266698,0.5360763819095478,4.9502178999828175
3,250,0.45,0.6,0.65,69,30065069,162,270000,0.542713567839196,5.034983199904673
3,250,0.45,0.6,0.65,70,30065070,162,265969,0.5346110552763819,4.8750879999715835
3,250,0.45,0.6,0.65,71,30065071,162,268645,0.5399899497487437,4.9388899999903515
3,250,0.45,0.6,0.65,72,30065072,162,258994,0.5205909547738693,4.9080632999539375
3,250,0.45,0.6,0.65,73,30065073,162,263782,0.5302150753768844,4.872901999973692
3,250,0.45,0.6,0.65,74,30065074,162,272865,0.5484723618090452,4.942223599995486
3,250,0.45,0.6,0.65,75,30065075,162,265847,0.5343658291457286,4.981940299971029
3,250,0.45,0.6,0.65,76,30065076,162,270059,0.5428321608040201,5.0826861000387
3,250,0.45,0.6,0.65,77,30065077,162,253103,0.5087497487437186,5.133086399990134
3,250,0.45,0.6,0.65,78,30065078,162,266843,0.5363678391959799,5.096600600052625
3,250,0.45,0.6,0.65,79,30065079,162,261892,0.52641608040201,5.058349199942313
3,250,0.45,0.6,0.65,80,30065080,162,287521,0.5779316582914573,5.29672539990861
3,250,0.45,0.6,0.65,81,30065081,162,276682,0.5561447236180904,5.134599199984223
3,250,0.45,0.6,0.65,82,30065082,162,271647,0.5460241206030151,5.184762099990621
3,250,0.45,0.6,0.65,83,30065083,162,258898,0.5203979899497487,5.199410500004888
3,250,0.45,0.6,0.65,84,30065084,162,263829,0.5303095477386934,5.2427278000395745
3,250,0.45,0.6,0.65,85,30065085,162,260987,0.5245969849246231,5.2458865999942645
3,250,0.45,0.6,0.65,86,30065086,162,265013,0.532689447236181,5.209971299977042
3,250,0.45,0.6,0.65,87,30065087,162,279690,0.5621909547738694,5.213643199997023
3,250,0.45,0.6,0.65,88,30065088,162,259962,0.5225366834170855,5.432962600025348
3,250,0.45,0.6,0.65,89,30065089,162,260840,0.5243015075376884,4.885090800002217
3,250,0.45,0.6,0.65,90,30065090,162,274809,0.5523798994974874,5.238226399989799
3,250,0.45,0.6,0.65,91,30065091,162,259070,0.5207437185929649,5.026742200017907
3,250,0.45,0.6,0.65,92,30065092,162,261708,0.5260462311557789,5.53426819993183
3,250,0.45,0.6,0.65,93,30065093,162,262849,0.5283396984924623,5.554184400010854
3,250,0.45,0.6,0.65,94,30065094,162,268082,0.5388582914572865,5.542311699944548
3,250,0.45,0.6,0.65,95,30065095,162,260021,0.5226552763819096,4.987748299958184
3,250,0.45,0.6,0.65,96,30065096,162,269938,0.5425889447236181,5.043993899947964
3,250,0.45,0.6,0.65,97,30065097,162,265084,0.5328321608040201,5.136899600038305
3,250,0.45,0.6,0.65,98,30065098,162,262078,0.5267899497487437,4.860598800005391
3,250,0.45,0.6,0.65,99,30065099,162,259902,0.52241608040201,5.089786699973047
3,250,0.45,0.6,0.7000000000000001,0,30070000,175,255156,0.5128763819095478,5.564718300011009
3,250,0.45,0.6,0.7000000000000001,1,30070001,175,286715,0.5763115577889447,4.877968700020574
3,250,0.45,0.6,0.7000000000000001,2,30070002,175,277629,0.5580482412060301,5.288794299936853
3,250,0.45,0.6,0.7000000000000001,3,30070003,175,279796,0.5624040201005025,5.725829700008035
3,250,0.45,0.6,0.7000000000000001,4,30070004,175,259122,0.5208482412060301,5.667966400040314
3,250,0.45,0.6,0.7000000000000001,5,30070005,175,280810,0.5644422110552764,5.227085400023498
3,250,0.45,0.6,0.7000000000000001,6,30070006,175,287886,0.5786653266331658,5.737071300041862
3,250,0.45,0.6,0.7000000000000001,7,30070007,175,269843,0.5423979899497487,5.301975899958052
3,250,0.45,0.6,0.7000000000000001,8,30070008,175,278885,0.560572864321608,5.23479649994988
3,250,0.45,0.6,0.7000000000000001,9,30070009,175,268023,0.5387396984924623,5.181259899982251
3,250,0.45,0.6,0.7000000000000001,10,30070010,175,282813,0.5684683417085428,5.28859609994106
3,250,0.45,0.6,0.7000000000000001,11,30070011,175,268706,0.5401125628140704,5.268376599997282
3,250,0.45,0.6,0.7000000000000001,12,30070012,175,276852,0.5564864321608041,5.355727799935266
3,250,0.45,0.6,0.7000000000000001,13,30070013,175,273466,0.5496804020100503,5.284520299988799
3,250,0.45,0.6,0.7000000000000001,14,30070014,175,282731,0.5683035175879397,5.3033540999749675
3,250,0.45,0.6,0.7000000000000001,15,30070015,175,265884,0.5344402010050251,5.17146560002584
3,250,0.45,0.6,0.7000000000000001,16,30070016,175,271479,0.545686432160804,5.235674800002016
3,250,0.45,0.6,0.7000000000000001,17,30070017,175,269051,0.5408060301507538,5.378647300065495
3,250,0.45,0.6,0.7000000000000001,18,30070018,175,269734,0.5421788944723618,5.3809285999741405
3,250,0.45,0.6,0.7000000000000001,19,30070019,175,250982,0.504486432160804,5.171766399987973
3,250,0.45,0.6,0.7000000000000001,20,30070020,175,276911,0.5566050251256282,4.938540900009684
3,250,0.45,0.6,0.7000000000000001,21,30070021,175,275997,0.5547678391959799,5.219057099893689
3,250,0.45,0.6,0.7000000000000001,22,30070022,175,275723,0.5542170854271357,5.441003400017507
3,250,0.45,0.6,0.7000000000000001,23,30070023,175,274834,0.5524301507537689,5.261237700004131
3,250,0.45,0.6,0.7000000000000001,24,30070024,175,273769,0.5502894472361809,5.260016800020821
3,250,0.45,0.6,0.7000000000000001,25,30070025,175,271866,0.5464643216080401,5.061987900058739
3,250,0.45,0.6,0.7000000000000001,26,30070026,175,273075,0.548894472361809,5.39364939997904
3,250,0.45,0.6,0.7000000000000001,27,30070027,175,263984,0.5306211055276382,5.007406900054775
3,250,0.45,0.6,0.7000000000000001,28,30070028,175,263670,0.5299899497487437,5.194531499990262
3,250,0.45,0.6,0.7000000000000001,29,30070029,175,271046,0.54481608040201,5.433331400039606
3,250,0.45,0.6,0.7000000000000001,30,30070030,175,272574,0.5478874371859297,5.400179599993862
3,250,0.45,0.6,0.7000000000000001,31,30070031,175,261057,0.524737688442211,4.9494044000748545
3,250,0.45,0.6,0.7000000000000001,32,30070032,175,282777,0.5683959798994975,5.211371200042777
3,250,0.45,0.6,0.7000000000000001,33,30070033,175,264864,0.5323899497487438,4.932383599923924
3,250,0.45,0.6,0.7000000000000001,34,30070034,175,274888,0.5525386934673366,5.199800199945457
3,250,0.45,0.6,0.7000000000000001,35,30070035,175,268838,0.5403778894472362,5.197747100028209
3,250,0.45,0.6,0.7000000000000001,36,30070036,175,262085,0.5268040201005025,5.398962000035681
3,250,0.45,0.6,0.7000000000000001,37,30070037,175,272000,0.5467336683417086,5.2157934999559075
3,250,0.45,0.6,0.7000000000000001,38,30070038,175,261989,0.5266110552763819,5.363638199982233
3,250,0.45,0.6,0.7000000000000001,39,30070039,175,278774,0.5603497487437186,5.102349100052379
3,250,0.45,0.6,0.7000000000000001,40,30070040,175,266067,0.534808040201005,5.276913299923763
3,250,0.45,0.6,0.7000000000000001,41,30070041,175,263870,0.530391959798995,5.121474600047804
3,250,0.45,0.6,0.7000000000000001,42,30070042,175,271951,0.546635175879397,5.372716599958949
3,250,0.45,0.6,0.7000000000000001,43,30070043,175,291473,0.5858753768844221,5.322225600015372
3,250,0.45,0.6,0.7000000000000001,44,30070044,175,267728,0.5381467336683418,5.227215199964121
3,250,0.45,0.6,0.7000000000000001,45,30070045,175,261758,0.5261467336683417,5.237675900105387
3,250,0.45,0.6,0.7000000000000001,46,30070046,175,277972,0.5587376884422111,5.295173400081694
3,250,0.45,0.6,0.7000000000000001,47,30070047,175,266004,0.5346814070351759,5.349464500090107
3,250,0.45,0.6,0.7000000000000001,48,30070048,175,270690,0.5441005025125628,5.209553200053051
3,250,0.45,0.6,0.7000000000000001,49,30070049,175,272997,0.548737688442211,5.263782800058834
3,250,0.45,0.6,0.7000000000000001,50,30070050,175,269015,0.5407336683417086,5.206170300021768
3,250,0.45,0.6,0.7000000000000001,51,30070051,175,274515,0.5517889447236181,5.217771700001322
3,250,0.45,0.6,0.7000000000000001,52,30070052,175,260972,0.5245668341708543,5.26802580000367
3,250,0.45,0.6,0.7000000000000001,53,30070053,175,257831,0.5182532663316582,5.227999099995941
3,250,0.45,0.6,0.7000000000000001,54,30070054,175,286796,0.5764743718592965,5.275708600063808
3,250,0.45,0.6,0.7000000000000001,55,30070055,175,276758,0.5562974874371859,5.269129400025122
3,250,0.45,0.6,0.7000000000000001,56,30070056,175,271970,0.5466733668341709,5.304450600058772
3,250,0.45,0.6,0.7000000000000001,57,30070057,175,259984,0.5225809045226131,5.2610936999553815
3,250,0.45,0.6,0.7000000000000001,58,30070058,175,259728,0.5220663316582914,5.267811500001699
3,250,0.45,0.6,0.7000000000000001,59,30070059,175,270853,0.5444281407035176,5.392106999992393
3,250,0.45,0.6,0.7000000000000001,60,30070060,175,269886,0.5424844221105528,5.315526299993508
3,250,0.45,0.6,0.7000000000000001,61,30070061,175,276868,0.5565185929648241,5.275441899895668
3,250,0.45,0.6,0.7000000000000001,62,30070062,175,277897,0.5585869346733668,5.270671400008723
3,250,0.45,0.6,0.7000000000000001,63,30070063,175,268800,0.5403015075376885,5.249739799997769
3,250,0.45,0.6,0.7000000000000001,64,30070064,175,271769,0.5462693467336683,5.399679100024514
3,250,0.45,0.6,0.7000000000000001,65,30070065,175,267762,0.5382150753768844,5.214939899975434
3,250,0.45,0.6,0.7000000000000001,66,30070066,175,282694,0.5682291457286432,5.242496500024572
3,250,0.45,0.6,0.7000000000000001,67,30070067,175,305772,0.6146170854271357,5.382656300091185
3,250,0.45,0.6,0.7000000000000001,68,30070068,175,269002,0.5407075376884423,5.320390100008808
3,250,0.45,0.6,0.7000000000000001,69,30070069,175,280830,0.5644824120603015,5.230427199974656
3,250,0.45,0.6,0.7000000000000001,70,30070070,175,277854,0.5585005025125628,5.328372899908572
3,250,0.45,0.6,0.7000000000000001,71,30070071,175,269783,0.5422773869346734,5.186917699989863
3,250,0.45,0.6,0.7000000000000001,72,30070072,175,269928,0.5425688442211055,5.218673099996522
3,250,0.45,0.6,0.7000000000000001,73,30070073,175,256902,0.5163859296482413,5.229645299958065
3,250,0.45,0.6,0.7000000000000001,74,30070074,175,282713,0.5682673366834171,5.3081985000753775
3,250,0.45,0.6,0.7000000000000001,75,30070075,175,266086,0.5348462311557789,5.395914599997923
3,250,0.45,0.6,0.7000000000000001,76,30070076,175,285709,0.5742894472361809,5.267921200022101
3,250,0.45,0.6,0.7000000000000001,77,30070077,175,296492,0.5959638190954774,5.49438339995686
3,250,0.45,0.6,0.7000000000000001,78,30070078,175,280941,0.5647055276381909,4.990353800007142
3,250,0.45,0.6,0.7000000000000001,79,30070079,175,265056,0.5327758793969849,5.526427299948409
3,250,0.45,0.6,0.7000000000000001,80,30070080,175,259023,0.5206492462311558,5.208358299918473
3,250,0.45,0.6,0.7000000000000001,81,30070081,175,267024,0.5367316582914573,5.511963400058448
3,250,0.45,0.6,0.7000000000000001,82,30070082,175,282663,0.5681668341708542,4.943901500082575
3,250,0.45,0.6,0.7000000000000001,83,30070083,175,273006,0.5487557788944724,5.018150100018829
3,250,0.45,0.6,0.7000000000000001,84,30070084,175,274998,0.5527597989949748,5.265211999998428
3,250,0.45,0.6,0.7000000000000001,85,30070085,175,264993,0.5326492462311557,5.344023199984804
3,250,0.45,0.6,0.7000000000000001,86,30070086,175,268974,0.5406512562814071,5.453559699933976
3,250,0.45,0.6,0.7000000000000001,87,30070087,175,275945,0.5546633165829146,5.266572799999267
3,250,0.45,0.6,0.7000000000000001,88,30070088,175,265968,0.5346090452261306,5.447201399947517
3,250,0.45,0.6,0.7000000000000001,89,30070089,175,281822,0.5664763819095477,5.035294600063935
3,250,0.45,0.6,0.7000000000000001,90,30070090,175,263038,0.5287195979899497,5.272062100004405
3,250,0.45,0.6,0.7000000000000001,91,30070091,175,270882,0.5444864321608041,5.283566199941561
3,250,0.45,0.6,0.7000000000000001,92,30070092,175,291667,0.5862653266331659,5.071695699938573
3,250,0.45,0.6,0.7000000000000001,93,30070093,175,264738,0.5321366834170854,4.990955799934454
3,250,0.45,0.6,0.7000000000000001,94,30070094,175,275827,0.5544261306532663,5.514503599959426
3,250,0.45,0.6,0.7000000000000001,95,30070095,175,275705,0.554180904522613,5.316314300056547
3,250,0.45,0.6,0.7000000000000001,96,30070096,175,272824,0.5483899497487437,5.382020799908787
3,250,0.45,0.6,0.7000000000000001,97,30070097,175,266079,0.5348321608040201,5.240990899968892
3,250,0.45,0.6,0.7000000000000001,98,30070098,175,264911,0.5324844221105528,5.2100792999845
3,250,0.45,0.6,0.7000000000000001,99,30070099,175,269040,0.54078391959799,5.294565899996087
3,250,0.45,0.6,0.75,0,30075000,188,289760,0.58243216080402,5.367739300010726
3,250,0.45,0.6,0.75,1,30075001,188,272006,0.5467457286432161,5.25980110000819
3,250,0.45,0.6,0.75,2,30075002,188,279671,0.5621527638190955,5.291930399951525
3,250,0.45,0.6,0.75,3,30075003,188,274851,0.5524643216080402,5.426213999977335
3,250,0.45,0.6,0.75,4,30075004,188,262821,0.5282834170854271,5.2201703999890015
3,250,0.45,0.6,0.75,5,30075005,188,281996,0.5668261306532664,5.402800399926491
3,250,0.45,0.6,0.75,6,30075006,188,275941,0.5546552763819096,5.44580240000505
3,250,0.45,0.6,0.75,7,30075007,188,276948,0.5566793969849246,5.4861214000266045
3,250,0.45,0.6,0.75,8,30075008,188,284888,0.5726391959798995,5.28008639998734
3,250,0.45,0.6,0.75,9,30075009,188,287729,0.5783497487437186,5.276837099925615
3,250,0.45,0.6,0.75,10,30075010,188,277807,0.5584060301507537,5.213287400081754
3,250,0.45,0.6,0.75,11,30075011,188,275933,0.5546391959798995,5.30889520002529
3,250,0.45,0.6,0.75,12,30075012,188,282870,0.5685829145728644,5.284839799976908
3,250,0.45,0.6,0.75,13,30075013,188,269022,0.5407477386934674,5.326207900070585
3,250,0.45,0.6,0.75,14,30075014,188,272057,0.5468482412060302,5.205485100043006
3,250,0.45,0.6,0.75,15,30075015,188,288836,0.5805748743718593,5.338649000041187
3,250,0.45,0.6,0.75,16,30075016,188,280974,0.5647718592964824,5.453993699979037
3,250,0.45,0.6,0.75,17,30075017,188,286894,0.5766713567839196,5.404654199955985
3,250,0.45,0.6,0.75,18,30075018,188,264964,0.5325909547738693,5.359132900019176
3,250,0.45,0.6,0.75,19,30075019,188,276064,0.5549025125628141,5.301533599966206
3,250,0.45,0.6,0.75,20,30075020,188,287783,0.5784582914572864,5.3489120999583974
3,250,0.45,0.6,0.75,21,30075021,188,292751,0.5884442211055276,5.49032880004961
3,250,0.45,0.6,0.75,22,30075022,188,264044,0.5307417085427135,5.1652575000189245
3,250,0.45,0.6,0.75,23,30075023,188,278679,0.5601587939698492,5.49577609996777
3,250,0.45,0.6,0.75,24,30075024,188,273926,0.5506050251256281,5.197517900029197
3,250,0.45,0.6,0.75,25,30075025,188,301299,0.6056261306532663,5.556181199965067
3,250,0.45,0.6,0.75,26,30075026,188,287780,0.5784522613065327,5.472991300048307
3,250,0.45,0.6,0.75,27,30075027,188,271130,0.5449849246231155,5.503346099983901
3,250,0.45,0.6,0.75,28,30075028,188,266592,0.5358633165829145,5.358506399905309
3,250,0.45,0.6,0.75,29,30075029,188,271036,0.5447959798994975,5.361280999961309
3,250,0.45,0.6,0.75,30,30075030,188,271016,0.5447557788944724,5.280576399993151
3,250,0.45,0.6,0.75,31,30075031,188,273991,0.5507356783919598,5.326263100025244
3,250,0.45,0.6,0.75,32,30075032,188,277899,0.5585909547738693,5.3956889000255615
3,250,0.45,0.6,0.75,33,30075033,188,268988,0.5406793969849246,5.590454799938016
3,250,0.45,0.6,0.75,34,30075034,188,282951,0.568745728643216,5.711428500013426
3,250,0.45,0.6,0.75,35,30075035,188,282838,0.5685185929648241,5.322520400048234
3,250,0.45,0.6,0.75,36,30075036,188,265899,0.534470351758794,5.235308700008318
3,250,0.45,0.6,0.75,37,30075037,188,276894,0.5565708542713568,5.142922400031239
3,250,0.45,0.6,0.75,38,30075038,188,266986,0.5366552763819096,5.745165299973451
3,250,0.45,0.6,0.75,39,30075039,188,284910,0.5726834170854271,5.26770030008629
3,250,0.45,0.6,0.75,40,30075040,188,282955,0.5687537688442211,5.697697600000538
3,250,0.45,0.6,0.75,41,30075041,188,273883,0.5505185929648241,4.992101200041361
3,250,0.45,0.6,0.75,42,30075042,188,260984,0.5245909547738693,5.141810600063764
3,250,0.45,0.6,0.75,43,30075043,188,266915,0.5365125628140703,4.9258670000126585
3,250,0.45,0.6,0.75,44,30075044,188,279994,0.5628020100502512,5.501478199963458
3,250,0.45,0.6,0.75,45,30075045,188,266987,0.5366572864321608,5.092265799990855
3,250,0.45,0.6,0.75,46,30075046,188,283549,0.5699477386934674,5.4771746000042185
3,250,0.45,0.6,0.75,47,30075047,188,275703,0.5541768844221105,5.230640499969013
3,250,0.45,0.6,0.75,48,30075048,188,277828,0.5584482412060302,5.259731699945405
3,250,0.45,0.6,0.75,49,30075049,188,278926,0.5606552763819096,5.323659799993038
3,250,0.45,0.6,0.75,50,30075050,188,293718,0.5903879396984925,5.450250800000504
3,250,0.45,0.6,0.75,51,30075051,188,270986,0.5446954773869347,5.2624229999491945
3,250,0.45,0.6,0.75,52,30075052,188,284829,0.5725206030150753,5.43179840000812
3,250,0.45,0.6,0.75,53,30075053,188,292948,0.5888402010050251,5.284763799980283
3,250,0.45,0.6,0.75,54,30075054,188,270792,0.544305527638191,5.245830700034276
3,250,0.45,0.6,0.75,55,30075055,188,271866,0.5464643216080401,5.395033999928273
3,250,0.45,0.6,0.75,56,30075056,188,282764,0.5683698492462311,5.304914199979976
3,250,0.45,0.6,0.75,57,30075057,188,272034,0.5468020100502513,5.2552457000128925
3,250,0.45,0.6,0.75,58,30075058,188,284740,0.5723417085427136,5.432286199997179
3,250,0.45,0.6,0.75,59,30075059,188,269906,0.5425246231155779,5.263271999894641
3,250,0.45,0.6,0.75,60,30075060,188,281871,0.5665748743718593,5.321957300067879
3,250,0.45,0.6,0.75,61,30075061,188,277751,0.5582934673366834,5.321492900024168
3,250,0.45,0.6,0.75,62,30075062,188,274991,0.552745728643216,5.242455500061624
3,250,0.45,0.6,0.75,63,30075063,188,300518,0.6040562814070352,5.439640900003724
3,250,0.45,0.6,0.75,64,30075064,188,273981,0.5507155778894472,5.13934390002396
3,250,0.45,0.6,0.75,65,30075065,188,297360,0.5977085427135679,5.183510300004855
3,250,0.45,0.6,0.75,66,30075066,188,283735,0.570321608040201,5.578179800068028
3,250,0.45,0.6,0.75,67,30075067,188,284982,0.5728281407035176,5.322078800061718
3,250,0.45,0.6,0.75,68,30075068,188,270817,0.5443557788944724,5.5448942999355495
3,250,0.45,0.6,0.75,69,30075069,188,269106,0.5409165829145729,5.603709000046365
3,250,0.45,0.6,0.75,70,30075070,188,283806,0.5704643216080402,5.304356900043786
3,250,0.45,0.6,0.75,71,30075071,188,287526,0.5779417085427135,5.346151500009
3,250,0.45,0.6,0.75,72,30075072,188,282506,0.567851256281407,5.316066400031559
3,250,0.45,0.6,0.75,73,30075073,188,273020,0.54878391959799,5.139269300037995
3,250,0.45,0.6,0.75,74,30075074,188,278980,0.5607638190954773,5.027400500024669
3,250,0.45,0.6,0.75,75,30075075,188,270979,0.5446814070351759,5.509493799996562
3,250,0.45,0.6,0.75,76,30075076,188,269994,0.5427015075376884,5.006812599953264
3,250,0.45,0.6,0.75,77,30075077,188,298540,0.6000804020100503,5.359941299888305
3,250,0.45,0.6,0.75,78,30075078,188,268076,0.5388462311557789,5.3419794999063015
3,250,0.45,0.6,0.75,79,30075079,188,268969,0.5406412060301508,5.270257099997252
3,250,0.45,0.6,0.75,80,30075080,188,284932,0.5727276381909547,5.2798135000048205
3,250,0.45,0.6,0.75,81,30075081,188,266064,0.5348020100502513,5.31516819994431
3,250,0.45,0.6,0.75,82,30075082,188,293809,0.5905708542713568,5.313357800012454
3,250,0.45,0.6,0.75,83,30075083,188,287149,0.57718391959799,5.324425800004974
3,250,0.45,0.6,0.75,84,30075084,188,265111,0.532886432160804,5.234981499961577
3,250,0.45,0.6,0.75,85,30075085,188,275806,0.5543839195979899,5.259727600030601
3,250,0.45,0.6,0.75,86,30075086,188,279867,0.5625467336683417,5.246444500051439
3,250,0.45,0.6,0.75,87,30075087,188,278822,0.5604462311557789,5.350568599998951
3,250,0.45,0.6,0.75,88,30075088,188,271946,0.5466251256281407,5.233585600042716
3,250,0.45,0.6,0.75,89,30075089,188,263109,0.528862311557789,5.319783900049515
3,250,0.45,0.6,0.75,90,30075090,188,265067,0.5327979899497487,5.2128547000465915
3,250,0.45,0.6,0.75,91,30075091,188,282877,0.5685969849246231,5.301071900059469
3,250,0.45,0.6,0.75,92,30075092,188,268040,0.5387738693467337,5.3626923999981955
3,250,0.45,0.6,0.75,93,30075093,188,267053,0.5367899497487437,5.32566410000436
3,250,0.45,0.6,0.75,94,30075094,188,273735,0.5502211055276381,5.303741300012916
3,250,0.45,0.6,0.75,95,30075095,188,269915,0.5425427135678392,5.212507699965499
3,250,0.45,0.6,0.75,96,30075096,188,280038,0.5628904522613065,5.22753609996289
3,250,0.45,0.6,0.75,97,30075097,188,259234,0.5210733668341708,5.22021830000449
3,250,0.45,0.6,0.75,98,30075098,188,285942,0.5747577889447236,5.305248099961318
3,250,0.45,0.6,0.75,99,30075099,188,276069,0.5549125628140703,5.261074299924076
3,250,0.45,0.6,0.8,0,30080000,200,284849,0.5725608040201005,5.301225599949248
3,250,0.45,0.6,0.8,1,30080001,200,294466,0.5918914572864321,5.349311299971305
3,250,0.45,0.6,0.8,2,30080002,200,310662,0.6244462311557789,5.303272699937224
3,250,0.45,0.6,0.8,3,30080003,200,290774,0.5844703517587939,5.406420500017703
3,250,0.45,0.6,0.8,4,30080004,200,290873,0.5846693467336683,5.390898299985565
3,250,0.45,0.6,0.8,5,30080005,200,308406,0.6199115577889447,5.427073899889365
3,250,0.45,0.6,0.8,6,30080006,200,275943,0.5546592964824121,5.224419299978763
3,250,0.45,0.6,0.8,7,30080007,200,288646,0.5801929648241206,5.234120799927041
3,250,0.45,0.6,0.8,8,30080008,200,284889,0.5726412060301508,5.247954200021923
3,250,0.45,0.6,0.8,9,30080009,200,274080,0.5509145728643217,5.304170400020666
3,250,0.45,0.6,0.8,10,30080010,200,276859,0.5565005025125628,5.339704399928451
3,250,0.45,0.6,0.8,11,30080011,200,279966,0.562745728643216,5.346522200037725
3,250,0.45,0.6,0.8,12,30080012,200,307566,0.6182231155778894,5.444845000049099
3,250,0.45,0.6,0.8,13,30080013,200,306681,0.6164442211055277,5.352043699938804
3,250,0.45,0.6,0.8,14,30080014,200,268902,0.5405065326633166,5.295470400014892
3,250,0.45,0.6,0.8,15,30080015,200,286877,0.5766371859296482,5.332094599958509
3,250,0.45,0.6,0.8,16,30080016,200,293857,0.5906673366834171,5.265558099956252
3,250,0.45,0.6,0.8,17,30080017,200,264010,0.5306733668341709,5.190233699977398
3,250,0.45,0.6,0.8,18,30080018,200,281767,0.5663658291457286,5.249388199998066
3,250,0.45,0.6,0.8,19,30080019,200,301559,0.606148743718593,5.243470999994315
3,250,0.45,0.6,0.8,20,30080020,200,294753,0.5924683417085427,5.18035979999695
3,250,0.45,0.6,0.8,21,30080021,200,269047,0.5407979899497487,4.978927599964663
3,250,0.45,0.6,0.8,22,30080022,200,284909,0.5726814070351759,5.017435300047509
3,250,0.45,0.6,0.8,23,30080023,200,278841,0.5604844221105527,5.0238971000071615
3,250,0.45,0.6,0.8,24,30080024,200,309588,0.6222874371859296,5.013163800002076
3,250,0.45,0.6,0.8,25,30080025,200,304566,0.6121929648241206,5.071329099941067
3,250,0.45,0.6,0.8,26,30080026,200,277874,0.5585407035175879,5.037240899982862
3,250,0.45,0.6,0.8,27,30080027,200,283638,0.5701266331658291,4.9654634000035
3,250,0.45,0.6,0.8,28,30080028,200,288966,0.5808361809045226,4.99067460000515
3,250,0.45,0.6,0.8,29,30080029,200,292858,0.5886592964824121,5.056909199920483
3,250,0.45,0.6,0.8,30,30080030,200,270068,0.5428502512562814,5.008981499937363
3,250,0.45,0.6,0.8,31,30080031,200,290751,0.5844241206030151,4.9524118000408635
3,250,0.45,0.6,0.8,32,30080032,200,293940,0.5908341708542714,5.049109100014903
3,250,0.45,0.6,0.8,33,30080033,200,282590,0.5680201005025126,5.005838799988851
3,250,0.45,0.6,0.8,34,30080034,200,310749,0.6246211055276382,5.03550090000499
3,250,0.45,0.6,0.8,35,30080035,200,269636,0.5419819095477387,5.076263800030574
3,250,0.45,0.6,0.8,36,30080036,200,281909,0.566651256281407,4.99055990006309
3,250,0.45,0.6,0.8,37,30080037,200,285938,0.5747497487437186,4.891033799969591
3,250,0.45,0.6,0.8,38,30080038,200,297755,0.5985025125628141,5.102644799975678
3,250,0.45,0.6,0.8,39,30080039,200,280917,0.5646572864321608,4.97904860007111
3,250,0.45,0.6,0.8,40,30080040,200,264572,0.5318030150753769,4.958123099990189
3,250,0.45,0.6,0.8,41,30080041,200,293698,0.5903477386934673,5.0187809999333695
3,250,0.45,0.6,0.8,42,30080042,200,288577,0.5800542713567839,5.002231499995105
3,250,0.45,0.6,0.8,43,30080043,200,287771,0.5784341708542714,5.024124599993229
3,250,0.45,0.6,0.8,44,30080044,200,293782,0.5905165829145729,5.000417599920183
3,250,0.45,0.6,0.8,45,30080045,200,298691,0.60038391959799,4.901688999962062
3,250,0.45,0.6,0.8,46,30080046,200,259127,0.5208582914572865,5.06200179993175
3,250,0.45,0.6,0.8,47,30080047,200,282839,0.5685206030150753,5.0153562000487
3,250,0.45,0.6,0.8,48,30080048,200,309616,0.6223437185929648,5.051672799978405
3,250,0.45,0.6,0.8,49,30080049,200,277816,0.558424120603015,5.019468399928883
3,250,0.45,0.6,0.8,50,30080050,200,293774,0.5905005025125628,5.046848599915393
3,250,0.45,0.6,0.8,51,30080051,200,296555,0.5960904522613065,5.110798800014891
3,250,0.45,0.6,0.8,52,30080052,200,282843,0.5685286432160804,4.922947299899533
3,250,0.45,0.6,0.8,53,30080053,200,272721,0.5481829145728643,4.93189930007793
3,250,0.45,0.6,0.8,54,30080054,200,295816,0.5946050251256282,5.07532689999789
3,250,0.45,0.6,0.8,55,30080055,200,286882,0.5766472361809045,5.036805400042795
3,250,0.45,0.6,0.8,56,30080056,200,288943,0.5807899497487438,5.166441399953328
3,250,0.45,0.6,0.8,57,30080057,200,296660,0.5963015075376884,5.104983200086281
3,250,0.45,0.6,0.8,58,30080058,200,263899,0.5304502512562814,4.967326999991201
3,250,0.45,0.6,0.8,59,30080059,200,272866,0.5484743718592965,4.98032209998928
3,250,0.45,0.6,0.8,60,30080060,200,284911,0.5726854271356784,5.072380500030704
3,250,0.45,0.6,0.8,61,30080061,200,304525,0.6121105527638191,5.0320074000628665
3,250,0.45,0.6,0.8,62,30080062,200,269898,0.5425085427135679,4.943952800007537
3,250,0.45,0.6,0.8,63,30080063,200,275082,0.5529286432160804,5.081701399991289
3,250,0.45,0.6,0.8,64,30080064,200,277804,0.5584,5.0396819999441504
3,250,0.45,0.6,0.8,65,30080065,200,275949,0.5546713567839195,5.001639000023715
3,250,0.45,0.6,0.8,66,30080066,200,267777,0.5382452261306533,4.957918799947947
3,250,0.45,0.6,0.8,67,30080067,200,292587,0.5881145728643216,4.9976364999311045
3,250,0.45,0.6,0.8,68,30080068,200,290898,0.5847195979899498,4.983251599944197
3,250,0.45,0.6,0.8,69,30080069,200,299530,0.602070351758794,5.0518172000302
3,250,0.45,0.6,0.8,70,30080070,200,289723,0.5823577889447236,5.02401719999034
3,250,0.45,0.6,0.8,71,30080071,200,290829,0.584580904522613,5.018824600032531
3,250,0.45,0.6,0.8,72,30080072,200,300578,0.6041768844221106,5.104303700034507
3,250,0.45,0.6,0.8,73,30080073,200,275960,0.5546934673366835,4.912334099994041
3,250,0.45,0.6,0.8,74,30080074,200,297701,0.5983939698492462,5.073823800077662
3,250,0.45,0.6,0.8,75,30080075,200,298542,0.6000844221105528,5.050963200046681
3,250,0.45,0.6,0.8,76,30080076,200,271935,0.5466030150753769,4.947461499948986
3,250,0.45,0.6,0.8,77,30080077,200,285864,0.5746010050251257,5.026749700075015
3,250,0.45,0.6,0.8,78,30080078,200,267836,0.5383638190954774,5.0543642999837175
3,250,0.45,0.6,0.8,79,30080079,200,279944,0.5627015075376884,5.062900500022806
3,250,0.45,0.6,0.8,80,30080080,200,291577,0.5860844221105528,5.182599799940363
3,250,0.45,0.6,0.8,81,30080081,200,321404,0.6460381909547739,5.202499400009401
3,250,0.45,0.6,0.8,82,30080082,200,281762,0.5663557788944724,5.061997400014661
3,250,0.45,0.6,0.8,83,30080083,200,286877,0.5766371859296482,5.27561130002141
3,250,0.45,0.6,0.8,84,30080084,200,273925,0.5506030150753769,5.233521200018004
3,250,0.45,0.6,0.8,85,30080085,200,285832,0.5745366834170854,4.98498029995244
3,250,0.45,0.6,0.8,86,30080086,200,284752,0.5723658291457286,5.144042000058107
3,250,0.45,0.6,0.8,87,30080087,200,283496,0.5698412060301508,5.188564599957317
3,250,0.45,0.6,0.8,88,30080088,200,286901,0.5766854271356784,5.6245585000142455
3,250,0.45,0.6,0.8,89,30080089,200,272975,0.5486934673366834,5.751895699999295
3,250,0.45,0.6,0.8,90,30080090,200,301720,0.6064723618090452,4.9415000000735745
3,250,0.45,0.6,0.8,91,30080091,200,290901,0.5847256281407035,5.240399399888702
3,250,0.45,0.6,0.8,92,30080092,200,283757,0.5703658291457286,5.290760300005786
3,250,0.45,0.6,0.8,93,30080093,200,284921,0.5727055276381909,4.951156800030731
3,250,0.45,0.6,0.8,94,30080094,200,295769,0.5945105527638191,5.574341700063087
3,250,0.45,0.6,0.8,95,30080095,200,285617,0.5741045226130653,5.498125600046478
3,250,0.45,0.6,0.8,96,30080096,200,284847,0.572556783919598,4.878863499965519
3,250,0.45,0.6,0.8,97,30080097,200,277044,0.5568723618090452,5.112498100032099
3,250,0.45,0.6,0.8,98,30080098,200,292756,0.588454271356784,5.159147100057453
3,250,0.45,0.6,0.8,99,30080099,200,281934,0.5667015075376884,5.384737899992615
3,250,0.45,0.6,0.8500000000000001,0,30085000,213,281677,0.5661849246231155,5.07404169999063
3,250,0.45,0.6,0.8500000000000001,1,30085001,213,286883,0.5766492462311558,5.542164299986325
3,250,0.45,0.6,0.8500000000000001,2,30085002,213,281842,0.5665165829145729,5.281461299979128
3,250,0.45,0.6,0.8500000000000001,3,30085003,213,285904,0.5746814070351759,5.353280000039376
3,250,0.45,0.6,0.8500000000000001,4,30085004,213,301746,0.6065246231155779,5.093262100010179
3,250,0.45,0.6,0.8500000000000001,5,30085005,213,308705,0.6205125628140703,4.898480000090785
3,250,0.45,0.6,0.8500000000000001,6,30085006,213,317576,0.6383437185929648,5.575405400013551
3,250,0.45,0.6,0.8500000000000001,7,30085007,213,299865,0.6027437185929648,5.311551899998449
3,250,0.45,0.6,0.8500000000000001,8,30085008,213,293755,0.5904623115577889,5.389052500016987
3,250,0.45,0.6,0.8500000000000001,9,30085009,213,315646,0.6344643216080402,5.290529399993829
3,250,0.45,0.6,0.8500000000000001,10,30085010,213,301337,0.605702512562814,5.044363599969074
3,250,0.45,0.6,0.8500000000000001,11,30085011,213,283066,0.5689768844221106,5.097473899950273
3,250,0.45,0.6,0.8500000000000001,12,30085012,213,290744,0.5844100502512563,5.009015899966471
3,250,0.45,0.6,0.8500000000000001,13,30085013,213,284986,0.5728361809045226,5.077403199975379
3,250,0.45,0.6,0.8500000000000001,14,30085014,213,311658,0.6264482412060302,5.016154599958099
3,250,0.45,0.6,0.8500000000000001,15,30085015,213,299682,0.6023758793969849,4.99995059997309
3,250,0.45,0.6,0.8500000000000001,16,30085016,213,283600,0.5700502512562814,5.038057500030845
3,250,0.45,0.6,0.8500000000000001,17,30085017,213,296810,0.5966030150753768,5.014881700044498
3,250,0.45,0.6,0.8500000000000001,18,30085018,213,282026,0.566886432160804,5.019276299979538
3,250,0.45,0.6,0.8500000000000001,19,30085019,213,278955,0.560713567839196,5.017459299997427
3,250,0.45,0.6,0.8500000000000001,20,30085020,213,291899,0.5867316582914572,4.8966465999837965
3,250,0.45,0.6,0.8500000000000001,21,30085021,213,286009,0.5748924623115578,5.067955799982883
3,250,0.45,0.6,0.8500000000000001,22,30085022,213,274096,0.5509467336683417,4.9918338999850675
3,250,0.45,0.6,0.8500000000000001,23,30085023,213,298904,0.6008120603015076,5.139598999987356
3,250,0.45,0.6,0.8500000000000001,24,30085024,213,288736,0.5803738693467336,5.032856099889614
3,250,0.45,0.6,0.8500000000000001,25,30085025,213,280700,0.5642211055276382,5.024643299984746
3,250,0.45,0.6,0.8500000000000001,26,30085026,213,280894,0.5646110552763819,4.89952890004497
3,250,0.45,0.6,0.8500000000000001,27,30085027,213,307596,0.6182834170854271,5.064830000046641
3,250,0.45,0.6,0.8500000000000001,28,30085028,213,307603,0.6182974874371859,5.019419300020672
3,250,0.45,0.6,0.8500000000000001,29,30085029,213,300569,0.6041587939698493,4.996241700020619
3,250,0.45,0.6,0.8500000000000001,30,30085030,213,281813,0.5664582914572864,5.048533299937844
3,250,0.45,0.6,0.8500000000000001,31,30085031,213,284958,0.5727798994974874,4.953954000025988
3,250,0.45,0.6,0.8500000000000001,32,30085032,213,299737,0.602486432160804,5.0548964000772685
3,250,0.45,0.6,0.8500000000000001,33,30085033,213,298737,0.6004763819095478,5.033991200034507
3,250,0.45,0.6,0.8500000000000001,34,30085034,213,286917,0.5767175879396985,4.937698699999601
3,250,0.45,0.6,0.8500000000000001,35,30085035,213,299448,0.6019055276381909,5.160954200080596
3,250,0.45,0.6,0.8500000000000001,36,30085036,213,296742,0.5964663316582914,5.036551200086251
3,250,0.45,0.6,0.8500000000000001,37,30085037,213,288793,0.5804884422110552,5.11059839988593
3,250,0.45,0.6,0.8500000000000001,38,30085038,213,297805,0.5986030150753768,5.196272999979556
3,250,0.45,0.6,0.8500000000000001,39,30085039,213,336189,0.675756783919598,5.1809055000776425
3,250,0.45,0.6,0.8500000000000001,40,30085040,213,288873,0.5806492462311558,5.053420900017954
3,250,0.45,0.6,0.8500000000000001,41,30085041,213,287918,0.578729648241206,4.96966209996026
3,250,0.45,0.6,0.8500000000000001,42,30085042,213,284769,0.5724,5.154077399987727
3,250,0.45,0.6,0.8500000000000001,43,30085043,213,298591,0.6001829145728643,5.1055243000155315
3,250,0.45,0.6,0.8500000000000001,44,30085044,213,283760,0.5703718592964824,5.0990035000722855
3,250,0.45,0.6,0.8500000000000001,45,30085045,213,302759,0.6085608040201005,5.133449099957943
3,250,0.45,0.6,0.8500000000000001,46,30085046,213,290683,0.5842874371859297,5.088115000049584
3,250,0.45,0.6,0.8500000000000001,47,30085047,213,291002,0.5849286432160804,5.066240100073628
3,250,0.45,0.6,0.8500000000000001,48,30085048,213,296626,0.5962331658291458,5.091905299923383
3,250,0.45,0.6,0.8500000000000001,49,30085049,213,306686,0.6164542713567839,5.080645800102502
3,250,0.45,0.6,0.8500000000000001,50,30085050,213,284927,0.5727175879396985,5.019047299982049
3,250,0.45,0.6,0.8500000000000001,51,30085051,213,308733,0.6205688442211055,5.09947680006735
3,250,0.45,0.6,0.8500000000000001,52,30085052,213,279950,0.562713567839196,5.119877899996936
3,250,0.45,0.6,0.8500000000000001,53,30085053,213,268990,0.5406834170854271,5.047438999987207
3,250,0.45,0.6,0.8500000000000001,54,30085054,213,305894,0.6148623115577889,5.130348999984562
3,250,0.45,0.6,0.8500000000000001,55,30085055,213,297605,0.5982010050251256,4.960992399952374
3,250,0.45,0.6,0.8500000000000001,56,30085056,213,296784,0.5965507537688443,5.492416199995205
3,250,0.45,0.6,0.8500000000000001,57,30085057,213,283788,0.5704281407035175,5.446092199999839
3,250,0.45,0.6,0.8500000000000001,58,30085058,213,308655,0.6204120603015075,5.152474900009111
3,250,0.45,0.6,0.8500000000000001,59,30085059,213,296705,0.596391959798995,5.648898599902168
3,250,0.45,0.6,0.8500000000000001,60,30085060,213,304712,0.612486432160804,5.220143200014718
3,250,0.45,0.6,0.8500000000000001,61,30085061,213,282888,0.568619095477387,4.8949329000897706
3,250,0.45,0.6,0.8500000000000001,62,30085062,213,281797,0.5664261306532663,5.108408899977803
3,250,0.45,0.6,0.8500000000000001,63,30085063,213,306512,0.6161045226130654,5.0986240999773145
3,250,0.45,0.6,0.8500000000000001,64,30085064,213,279946,0.5627055276381909,5.074381300015375
3,250,0.45,0.6,0.8500000000000001,65,30085065,213,310486,0.6240924623115578,5.137898499961011
3,250,0.45,0.6,0.8500000000000001,66,30085066,213,297578,0.5981467336683417,5.0713711000280455
3,250,0.45,0.6,0.8500000000000001,67,30085067,213,278771,0.5603437185929648,5.047607299988158
3,250,0.45,0.6,0.8500000000000001,68,30085068,213,297738,0.5984683417085427,5.183176500024274
3,250,0.45,0.6,0.8500000000000001,69,30085069,213,288768,0.5804381909547739,5.047702900017612
3,250,0.45,0.6,0.8500000000000001,70,30085070,213,278915,0.5606331658291457,5.062056299997494
3,250,0.45,0.6,0.8500000000000001,71,30085071,213,281937,0.5667075376884422,5.034693499910645
3,250,0.45,0.6,0.8500000000000001,72,30085072,213,295625,0.5942211055276382,5.07328889996279
3,250,0.45,0.6,0.8500000000000001,73,30085073,213,279936,0.5626854271356784,5.086513899965212
3,250,0.45,0.6,0.8500000000000001,74,30085074,213,310556,0.6242331658291457,5.051396600087173
3,250,0.45,0.6,0.8500000000000001,75,30085075,213,288963,0.5808301507537689,5.053843300091103
3,250,0.45,0.6,0.8500000000000001,76,30085076,213,281681,0.5661929648241206,5.0265910000307485
3,250,0.45,0.6,0.8500000000000001,77,30085077,213,307760,0.6186130653266332,5.123329799971543
3,250,0.45,0.6,0.8500000000000001,78,30085078,213,291727,0.5863859296482412,4.880108900018968
3,250,0.45,0.6,0.8500000000000001,79,30085079,213,287578,0.5780462311557789,5.028729200013913
3,250,0.45,0.6,0.8500000000000001,80,30085080,213,323302,0.6498532663316583,5.2161731999367476
3,250,0.45,0.6,0.8500000000000001,81,30085081,213,295895,0.5947638190954774,5.2202853000489995
3,250,0.45,0.6,0.8500000000000001,82,30085082,213,269002,0.5407075376884423,5.101445500040427
3,250,0.45,0.6,0.8500000000000001,83,30085083,213,296822,0.596627135678392,5.147253100061789
3,250,0.45,0.6,0.8500000000000001,84,30085084,213,301640,0.6063115577889447,5.076587100047618
3,250,0.45,0.6,0.8500000000000001,85,30085085,213,341265,0.6859597989949748,5.190935999969952
3,250,0.45,0.6,0.8500000000000001,86,30085086,213,302756,0.6085547738693468,5.071166999987327
3,250,0.45,0.6,0.8500000000000001,87,30085087,213,323553,0.6503577889447236,5.190686499932781
3,250,0.45,0.6,0.8500000000000001,88,30085088,213,271093,0.5449105527638191,5.0383140000049025
3,250,0.45,0.6,0.8500000000000001,89,30085089,213,302592,0.6082251256281407,5.171568099991418
3,250,0.45,0.6,0.8500000000000001,90,30085090,213,297852,0.598697487437186,4.868474700022489
3,250,0.45,0.6,0.8500000000000001,91,30085091,213,287679,0.5782492462311558,4.907977199996822
3,250,0.45,0.6,0.8500000000000001,92,30085092,213,291801,0.5865346733668342,4.948029299965128
3,250,0.45,0.6,0.8500000000000001,93,30085093,213,280987,0.5647979899497487,5.016753600095399
3,250,0.45,0.6,0.8500000000000001,94,30085094,213,296746,0.5964743718592965,5.08413610002026
3,250,0.45,0.6,0.8500000000000001,95,30085095,213,298854,0.6007115577889447,5.075281099998392
3,250,0.45,0.6,0.8500000000000001,96,30085096,213,286858,0.5765989949748743,5.012783100013621
3,250,0.45,0.6,0.8500000000000001,97,30085097,213,313740,0.6306331658291457,5.085374300018884
3,250,0.45,0.6,0.8500000000000001,98,30085098,213,288943,0.5807899497487438,4.918098699999973
3,250,0.45,0.6,0.8500000000000001,99,30085099,213,293874,0.5907015075376885,4.907580200000666
3,250,0.45,0.6,0.9,0,30090000,225,320531,0.6442834170854271,5.046831599902362
3,250,0.45,0.6,0.9,1,30090001,225,289386,0.5816804020100502,5.060915700043552
3,250,0.45,0.6,0.9,2,30090002,225,298751,0.6005045226130653,5.07256820006296
3,250,0.45,0.6,0.9,3,30090003,225,309770,0.6226532663316583,5.125453800079413
3,250,0.45,0.6,0.9,4,30090004,225,289772,0.5824562814070352,4.912107200012542
3,250,0.45,0.6,0.9,5,30090005,225,292813,0.5885688442211056,5.078973200055771
3,250,0.45,0.6,0.9,6,30090006,225,313756,0.6306653266331659,5.087704100064002
3,250,0.45,0.6,0.9,7,30090007,225,317621,0.6384341708542713,5.065426500048488
3,250,0.45,0.6,0.9,8,30090008,225,325507,0.6542854271356784,5.106775299995206
3,250,0.45,0.6,0.9,9,30090009,225,307518,0.6181266331658292,5.027553499909118
3,250,0.45,0.6,0.9,10,30090010,225,306630,0.6163417085427135,5.067841799929738
3,250,0.45,0.6,0.9,11,30090011,225,302740,0.6085226130653266,4.984509999980219
3,250,0.45,0.6,0.9,12,30090012,225,313404,0.6299577889447237,5.0668783999281
3,250,0.45,0.6,0.9,13,30090013,225,305667,0.6144060301507538,5.098736500018276
3,250,0.45,0.6,0.9,14,30090014,225,311537,0.6262050251256281,5.098094900022261
3,250,0.45,0.6,0.9,15,30090015,225,321697,0.6466271356783919,5.131817399989814
3,250,0.45,0.6,0.9,16,30090016,225,281897,0.566627135678392,4.893615499953739
3,250,0.45,0.6,0.9,17,30090017,225,290848,0.5846190954773869,5.082360000000335
3,250,0.45,0.6,0.9,18,30090018,225,298518,0.6000361809045226,4.922856400022283
3,250,0.45,0.6,0.9,19,30090019,225,286925,0.5767336683417086,5.022115499945357
3,250,0.45,0.6,0.9,20,30090020,225,314697,0.632556783919598,5.106063599931076
3,250,0.45,0.6,0.9,21,30090021,225,299832,0.6026773869346733,5.044963599997573
3,250,0.45,0.6,0.9,22,30090022,225,318548,0.640297487437186,5.283436699886806
3,250,0.45,0.6,0.9,23,30090023,225,302713,0.6084683417085427,4.8807658000150695
3,250,0.45,0.6,0.9,24,30090024,225,309655,0.6224221105527639,5.110588200041093
3,250,0.45,0.6,0.9,25,30090025,225,307564,0.618219095477387,5.552333500003442
3,250,0.45,0.6,0.9,26,30090026,225,305569,0.6142090452261306,5.389955600025132
3,250,0.45,0.6,0.9,27,30090027,225,295823,0.5946190954773869,5.160266499966383
3,250,0.45,0.6,0.9,28,30090028,225,305857,0.6147879396984924,5.750880799954757
3,250,0.45,0.6,0.9,29,30090029,225,297801,0.5985949748743719,5.410421299980953
3,250,0.45,0.6,0.9,30,30090030,225,307521,0.6181326633165829,5.3271280999761075
3,250,0.45,0.6,0.9,31,30090031,225,310700,0.6245226130653266,5.275855300016701
3,250,0.45,0.6,0.9,32,30090032,225,296751,0.5964844221105527,5.659327600034885
3,250,0.45,0.6,0.9,33,30090033,225,283934,0.570721608040201,5.270679000066593
3,250,0.45,0.6,0.9,34,30090034,225,297890,0.5987738693467337,5.710883799940348
3,250,0.45,0.6,0.9,35,30090035,225,307785,0.6186633165829146,5.128601599950343
3,250,0.45,0.6,0.9,36,30090036,225,293830,0.5906130653266332,5.1505052000284195
3,250,0.45,0.6,0.9,37,30090037,225,295837,0.5946472361809045,5.046619500033557
3,250,0.45,0.6,0.9,38,30090038,225,304656,0.6123738693467337,5.513497099978849
3,250,0.45,0.6,0.9,39,30090039,225,303677,0.6104060301507538,5.656569899991155
3,250,0.45,0.6,0.9,40,30090040,225,309787,0.6226874371859297,5.4176477999426425
3,250,0.45,0.6,0.9,41,30090041,225,306783,0.6166492462311558,5.187204300076701
3,250,0.45,0.6,0.9,42,30090042,225,292945,0.5888341708542714,5.335089400061406
3,250,0.45,0.6,0.9,43,30090043,225,305795,0.6146633165829146,5.351786300074309
3,250,0.45,0.6,0.9,44,30090044,225,276963,0.5567095477386935,5.491818599984981
3,250,0.45,0.6,0.9,45,30090045,225,285895,0.5746633165829146,5.523150200024247
3,250,0.45,0.6,0.9,46,30090046,225,311584,0.6262994974874372,5.577774800010957
3,250,0.45,0.6,0.9,47,30090047,225,300814,0.604651256281407,5.4003091000486165
3,250,0.45,0.6,0.9,48,30090048,225,299752,0.6025165829145729,5.252195700071752
3,250,0.45,0.6,0.9,49,30090049,225,371851,0.7474391959798995,5.488339000032283
3,250,0.45,0.6,0.9,50,30090050,225,303542,0.6101346733668341,5.3381561998976395
3,250,0.45,0.6,0.9,51,30090051,225,331766,0.6668663316582915,5.46845150005538
3,250,0.45,0.6,0.9,52,30090052,225,304702,0.6124663316582915,5.444428800023161
3,250,0.45,0.6,0.9,53,30090053,225,293746,0.5904442211055276,5.4032004999462515
3,250,0.45,0.6,0.9,54,30090054,225,293606,0.5901628140703518,5.430299100000411
3,250,0.45,0.6,0.9,55,30090055,225,277939,0.5586713567839195,5.301480900030583
3,250,0.45,0.6,0.9,56,30090056,225,293912,0.5907778894472362,5.399780899984762
3,250,0.45,0.6,0.9,57,30090057,225,317440,0.638070351758794,5.403755299979821
3,250,0.45,0.6,0.9,58,30090058,225,296771,0.5965246231155779,5.458689299994148
3,250,0.45,0.6,0.9,59,30090059,225,286963,0.5768100502512563,5.338330099941231
3,250,0.45,0.6,0.9,60,30090060,225,323548,0.6503477386934673,5.410994700039737
3,250,0.45,0.6,0.9,61,30090061,225,318492,0.6401849246231156,5.458067299914546
3,250,0.45,0.6,0.9,62,30090062,225,291835,0.5866030150753769,5.33233270002529
3,250,0.45,0.6,0.9,63,30090063,225,315309,0.6337869346733669,5.42154330003541
3,250,0.45,0.6,0.9,64,30090064,225,299688,0.6023879396984925,5.381544400006533
3,250,0.45,0.6,0.9,65,30090065,225,293655,0.5902613065326633,5.296392800053582
3,250,0.45,0.6,0.9,66,30090066,225,319650,0.6425125628140703,5.399923900025897
3,250,0.45,0.6,0.9,67,30090067,225,313429,0.630008040201005,5.411250500008464
3,250,0.45,0.6,0.9,68,30090068,225,274946,0.5526552763819096,5.3344091000035405
3,250,0.45,0.6,0.9,69,30090069,225,312748,0.6286391959798995,5.3879338999977335
3,250,0.45,0.6,0.9,70,30090070,225,313488,0.6301266331658292,5.377620599931106
3,250,0.45,0.6,0.9,71,30090071,225,306802,0.6166874371859297,5.285263800062239
3,250,0.45,0.6,0.9,72,30090072,225,306576,0.6162331658291458,5.240658900002018
3,250,0.45,0.6,0.9,73,30090073,225,300707,0.6044361809045227,5.169359399937093
3,250,0.45,0.6,0.9,74,30090074,225,298553,0.6001065326633166,5.282772699953057
3,250,0.45,0.6,0.9,75,30090075,225,292821,0.5885849246231156,5.155811900040135
3,250,0.45,0.6,0.9,76,30090076,225,329357,0.6620241206030151,5.259627599967644
3,250,0.45,0.6,0.9,77,30090077,225,313773,0.6306994974874371,5.054109299904667
3,250,0.45,0.6,0.9,78,30090078,225,296772,0.5965266331658291,5.1883493000641465
3,250,0.45,0.6,0.9,79,30090079,225,306718,0.6165185929648241,5.113701299997047
3,250,0.45,0.6,0.9,80,30090080,225,306371,0.6158211055276382,5.108805699972436
3,250,0.45,0.6,0.9,81,30090081,225,304780,0.6126231155778894,4.972477599978447
3,250,0.45,0.6,0.9,82,30090082,225,316609,0.6364,5.0195212999824435
3,250,0.45,0.6,0.9,83,30090083,225,298838,0.6006793969849247,4.997987799928524
3,250,0.45,0.6,0.9,84,30090084,225,278027,0.5588482412060302,4.9839911999879405
3,250,0.45,0.6,0.9,85,30090085,225,317582,0.6383557788944724,5.1012826999649405
3,250,0.45,0.6,0.9,86,30090086,225,312759,0.6286613065326633,5.07824249996338
3,250,0.45,0.6,0.9,87,30090087,225,303788,0.6106291457286432,5.071400300017558
3,250,0.45,0.6,0.9,88,30090088,225,296877,0.5967376884422111,5.157529200077988
3,250,0.45,0.6,0.9,89,30090089,225,319338,0.6418854271356784,5.234701300039887
3,250,0.45,0.6,0.9,90,30090090,225,301780,0.6065929648241206,5.182783699943684
3,250,0.45,0.6,0.9,91,30090091,225,308601,0.6203035175879397,5.262877500033937
3,250,0.45,0.6,0.9,92,30090092,225,330359,0.6640381909547739,5.288434699992649
3,250,0.45,0.6,0.9,93,30090093,225,315660,0.6344924623115578,5.207079599960707
3,250,0.45,0.6,0.9,94,30090094,225,293896,0.5907457286432161,5.203749699983746
3,250,0.45,0.6,0.9,95,30090095,225,321402,0.6460341708542714,5.26320210006088
3,250,0.45,0.6,0.9,96,30090096,225,337396,0.6781829145728643,5.33245050010737
3,250,0.45,0.6,0.9,97,30090097,225,305936,0.6149467336683417,5.131713900016621
3,250,0.45,0.6,0.9,98,30090098,225,306652,0.6163859296482412,5.118518600007519
3,250,0.45,0.6,0.9,99,30090099,225,283714,0.5702793969849246,5.0247901999391615
3,250,0.45,0.6,0.9500000000000001,0,30095000,238,283942,0.5707376884422111,5.095375099917874
3,250,0.45,0.6,0.9500000000000001,1,30095001,238,287934,0.5787618090452261,5.032214200007729
3,250,0.45,0.6,0.9500000000000001,2,30095002,238,334179,0.6717165829145728,5.2306627000216395
3,250,0.45,0.6,0.9500000000000001,3,30095003,238,349327,0.702164824120603,5.311554700019769
3,250,0.45,0.6,0.9500000000000001,4,30095004,238,312605,0.6283517587939699,5.103530500084162
3,250,0.45,0.6,0.9500000000000001,5,30095005,238,306766,0.6166150753768844,5.115368600003421
3,250,0.45,0.6,0.9500000000000001,6,30095006,238,292942,0.5888281407035176,5.149482099921443
3,250,0.45,0.6,0.9500000000000001,7,30095007,238,319539,0.6422894472361809,5.094724199967459
3,250,0.45,0.6,0.9500000000000001,8,30095008,238,301868,0.6067698492462311,5.104232499958016
3,250,0.45,0.6,0.9500000000000001,9,30095009,238,295872,0.5947175879396985,5.098368600010872
3,250,0.45,0.6,0.9500000000000001,10,30095010,238,327645,0.6585829145728643,5.208036300027743
3,250,0.45,0.6,0.9500000000000001,11,30095011,238,326468,0.6562170854271356,5.102476399973966
3,250,0.45,0.6,0.9500000000000001,12,30095012,238,308747,0.6205969849246231,5.123183300020173
3,250,0.45,0.6,0.9500000000000001,13,30095013,238,299891,0.6027959798994975,5.131262700073421
3,250,0.45,0.6,0.9500000000000001,14,30095014,238,296848,0.5966793969849247,5.090338799986057
3,250,0.45,0.6,0.9500000000000001,15,30095015,238,315561,0.6342934673366835,5.1879596000071615
3,250,0.45,0.6,0.9500000000000001,16,30095016,238,343421,0.6902934673366834,5.184995299903676
3,250,0.45,0.6,0.9500000000000001,17,30095017,238,325549,0.6543698492462312,5.046950299991295
3,250,0.45,0.6,0.9500000000000001,18,30095018,238,311661,0.6264542713567839,4.988615000038408
3,250,0.45,0.6,0.9500000000000001,19,30095019,238,324729,0.652721608040201,5.108668099972419
3,250,0.45,0.6,0.9500000000000001,20,30095020,238,322565,0.6483718592964824,5.135301599977538
3,250,0.45,0.6,0.9500000000000001,21,30095021,238,344377,0.6922150753768844,5.299172800034285
3,250,0.45,0.6,0.9500000000000001,22,30095022,238,303710,0.6104723618090452,5.061937199905515
3,250,0.45,0.6,0.9500000000000001,23,30095023,238,314708,0.6325788944723618,5.132648100028746
3,250,0.45,0.6,0.9500000000000001,24,30095024,238,289947,0.5828080402010051,5.092528999899514
3,250,0.45,0.6,0.9500000000000001,25,30095025,238,310623,0.6243678391959799,5.190033199964091
3,250,0.45,0.6,0.9500000000000001,26,30095026,238,311696,0.6265246231155779,5.042467200080864
3,250,0.45,0.6,0.9500000000000001,27,30095027,238,337454,0.6782994974874372,5.177299299975857
3,250,0.45,0.6,0.9500000000000001,28,30095028,238,301663,0.6063577889447236,5.130739800049923
3,250,0.45,0.6,0.9500000000000001,29,30095029,238,318576,0.6403537688442211,4.991015200037509
3,250,0.45,0.6,0.9500000000000001,30,30095030,238,313295,0.6297386934673367,5.063282600021921
3,250,0.45,0.6,0.9500000000000001,31,30095031,238,321634,0.6465005025125629,5.054040199960582
3,250,0.45,0.6,0.9500000000000001,32,30095032,238,295868,0.5947095477386934,4.990220500039868
3,250,0.45,0.6,0.9500000000000001,33,30095033,238,304809,0.6126814070351759,5.149590200046077
3,250,0.45,0.6,0.9500000000000001,34,30095034,238,310679,0.6244804020100503,5.1102529999334365
3,250,0.45,0.6,0.9500000000000001,35,30095035,238,311639,0.6264100502512563,5.134515200043097
3,250,0.45,0.6,0.9500000000000001,36,30095036,238,326596,0.6564743718592965,5.1032664000522345
3,250,0.45,0.6,0.9500000000000001,37,30095037,238,303691,0.6104341708542713,5.014293799991719
3,250,0.45,0.6,0.9500000000000001,38,30095038,238,320299,0.6438170854271357,5.126282900106162
3,250,0.45,0.6,0.9500000000000001,39,30095039,238,326459,0.6561989949748743,5.0301097999326885
3,250,0.45,0.6,0.9500000000000001,40,30095040,238,296913,0.5968100502512563,5.021413800073788
3,250,0.45,0.6,0.9500000000000001,41,30095041,238,281945,0.5667236180904522,4.982579599949531
3,250,0.45,0.6,0.9500000000000001,42,30095042,238,306618,0.6163175879396985,4.983991399989463
3,250,0.45,0.6,0.9500000000000001,43,30095043,238,325482,0.654235175879397,5.128466599970125
3,250,0.45,0.6,0.9500000000000001,44,30095044,238,322495,0.6482311557788945,5.170524399960414
3,250,0.45,0.6,0.9500000000000001,45,30095045,238,352080,0.7076984924623115,5.223046300001442
3,250,0.45,0.6,0.9500000000000001,46,30095046,238,308429,0.6199577889447236,4.971974499989301
3,250,0.45,0.6,0.9500000000000001,47,30095047,238,317634,0.6384603015075377,5.089125099941157
3,250,0.45,0.6,0.9500000000000001,48,30095048,238,306538,0.6161567839195979,5.089380700024776
3,250,0.45,0.6,0.9500000000000001,49,30095049,238,292716,0.5883738693467336,4.98873540002387
3,250,0.45,0.6,0.9500000000000001,50,30095050,238,353043,0.7096341708542714,5.319898599991575
3,250,0.45,0.6,0.9500000000000001,51,30095051,238,301699,0.6064301507537688,5.012581699993461
3,250,0.45,0.6,0.9500000000000001,52,30095052,238,296857,0.596697487437186,4.960001299972646
3,250,0.45,0.6,0.9500000000000001,53,30095053,238,320348,0.6439155778894472,5.011549799935892
3,250,0.45,0.6,0.9500000000000001,54,30095054,238,339570,0.6825527638190955,5.243888700031675
3,250,0.45,0.6,0.9500000000000001,55,30095055,238,319613,0.6424381909547738,5.075507299974561
3,250,0.45,0.6,0.9500000000000001,56,30095056,238,334303,0.6719658291457287,5.191401000018232
3,250,0.45,0.6,0.9500000000000001,57,30095057,238,333432,0.6702150753768844,5.2436007999349385
3,250,0.45,0.6,0.9500000000000001,58,30095058,238,310750,0.6246231155778894,5.082571199978702
3,250,0.45,0.6,0.9500000000000001,59,30095059,238,335386,0.6741427135678392,5.18759330001194
3,250,0.45,0.6,0.9500000000000001,60,30095060,238,328307,0.659913567839196,5.202648099977523
3,250,0.45,0.6,0.9500000000000001,61,30095061,238,300809,0.6046412060301507,5.092676300089806
3,250,0.45,0.6,0.9500000000000001,62,30095062,238,309835,0.62278391959799,5.122324500000104
3,250,0.45,0.6,0.9500000000000001,63,30095063,238,309740,0.6225929648241206,5.157912599970587
3,250,0.45,0.6,0.9500000000000001,64,30095064,238,297854,0.5987015075376885,5.021725099999458
3,250,0.45,0.6,0.9500000000000001,65,30095065,238,305920,0.6149145728643216,5.097146400017664
3,250,0.45,0.6,0.9500000000000001,66,30095066,238,325458,0.6541869346733669,5.226677100057714
3,250,0.45,0.6,0.9500000000000001,67,30095067,238,304757,0.6125768844221106,5.036824700073339
3,250,0.45,0.6,0.9500000000000001,68,30095068,238,306736,0.6165547738693468,5.225443999981508
3,250,0.45,0.6,0.9500000000000001,69,30095069,238,339528,0.6824683417085428,5.186890700017102
3,250,0.45,0.6,0.9500000000000001,70,30095070,238,303716,0.6104844221105528,5.1561521999537945
3,250,0.45,0.6,0.9500000000000001,71,30095071,238,309654,0.6224201005025125,5.340972100035287
3,250,0.45,0.6,0.9500000000000001,72,30095072,238,331344,0.6660180904522613,5.028540899977088
3,250,0.45,0.6,0.9500000000000001,73,30095073,238,312845,0.6288341708542714,5.245791199966334
3,250,0.45,0.6,0.9500000000000001,74,30095074,238,321403,0.6460361809045226,5.080982799991034
3,250,0.45,0.6,0.9500000000000001,75,30095075,238,318539,0.6402793969849246,5.183458999963477
3,250,0.45,0.6,0.9500000000000001,76,30095076,238,288743,0.5803879396984924,5.599333500023931
3,250,0.45,0.6,0.9500000000000001,77,30095077,238,292894,0.5887316582914572,5.13873380003497
3,250,0.45,0.6,0.9500000000000001,78,30095078,238,328274,0.6598472361809046,5.198259200085886
3,250,0.45,0.6,0.9500000000000001,79,30095079,238,315483,0.6341366834170854,5.78688179992605
3,250,0.45,0.6,0.9500000000000001,80,30095080,238,309771,0.6226552763819095,5.4052852999884635
3,250,0.45,0.6,0.9500000000000001,81,30095081,238,351134,0.7057969849246231,5.32119899999816
3,250,0.45,0.6,0.9500000000000001,82,30095082,238,316695,0.6365728643216081,5.338769400026649
3,250,0.45,0.6,0.9500000000000001,83,30095083,238,334612,0.6725869346733668,5.869342799996957
3,250,0.45,0.6,0.9500000000000001,84,30095084,238,306756,0.6165949748743719,5.633081099949777
3,250,0.45,0.6,0.9500000000000001,85,30095085,238,314693,0.6325487437185929,5.377463699900545
3,250,0.45,0.6,0.9500000000000001,86,30095086,238,303820,0.6106934673366834,4.994922299985774
3,250,0.45,0.6,0.9500000000000001,87,30095087,238,322550,0.6483417085427136,5.729566100053489
3,250,0.45,0.6,0.9500000000000001,88,30095088,238,332384,0.6681085427135678,5.337200399953872
3,250,0.45,0.6,0.9500000000000001,89,30095089,238,331571,0.6664743718592965,5.7827330000000075
3,250,0.45,0.6,0.9500000000000001,90,30095090,238,344381,0.6922231155778894,5.3485775999724865
3,250,0.45,0.6,0.9500000000000001,91,30095091,238,330624,0.6645708542713568,5.325392100028694
3,250,0.45,0.6,0.9500000000000001,92,30095092,238,323684,0.6506211055276382,5.746964100049809
3,250,0.45,0.6,0.9500000000000001,93,30095093,238,310501,0.6241226130653267,5.430861200089566
3,250,0.45,0.6,0.9500000000000001,94,30095094,238,315663,0.6344984924623116,5.655274599906988
3,250,0.45,0.6,0.9500000000000001,95,30095095,238,292831,0.5886050251256282,5.357514500035904
3,250,0.45,0.6,0.9500000000000001,96,30095096,238,344461,0.69238391959799,5.583280500024557
3,250,0.45,0.6,0.9500000000000001,97,30095097,238,290802,0.5845266331658291,5.3329275998985395
3,250,0.45,0.6,0.9500000000000001,98,30095098,238,301746,0.6065246231155779,5.104904100066051
3,250,0.45,0.6,0.9500000000000001,99,30095099,238,328568,0.6604381909547739,5.441977099981159
3,250,0.45,0.6,1.0,0,30100000,250,343383,0.6902170854271357,5.788183799944818
3,250,0.45,0.6,1.0,1,30100001,250,326536,0.6563537688442211,5.232646199990995
3,250,0.45,0.6,1.0,2,30100002,250,334544,0.6724502512562814,5.395523700048216
3,250,0.45,0.6,1.0,3,30100003,250,306649,0.6163798994974874,5.5973066000733525
3,250,0.45,0.6,1.0,4,30100004,250,312634,0.6284100502512563,5.440717300050892
3,250,0.45,0.6,1.0,5,30100005,250,336389,0.6761587939698492,5.269423599936999
3,250,0.45,0.6,1.0,6,30100006,250,350019,0.7035557788944724,5.658826200058684
3,250,0.45,0.6,1.0,7,30100007,250,340420,0.6842613065326634,5.621309299953282
3,250,0.45,0.6,1.0,8,30100008,250,338403,0.6802070351758794,5.543489500065334
3,250,0.45,0.6,1.0,9,30100009,250,318290,0.6397788944723618,5.463899099966511
3,250,0.45,0.6,1.0,10,30100010,250,330242,0.6638030150753769,5.485554200015031
3,250,0.45,0.6,1.0,11,30100011,250,318554,0.6403095477386934,5.535583899938501
3,250,0.45,0.6,1.0,12,30100012,250,328625,0.6605527638190954,5.499590000021271
3,250,0.45,0.6,1.0,13,30100013,250,328642,0.6605869346733668,5.472867500036955
3,250,0.45,0.6,1.0,14,30100014,250,329668,0.6626492462311557,5.5100812000455335
3,250,0.45,0.6,1.0,15,30100015,250,330510,0.6643417085427136,5.5124287999933586
3,250,0.45,0.6,1.0,16,30100016,250,335108,0.6735839195979899,5.489702000049874
3,250,0.45,0.6,1.0,17,30100017,250,334429,0.6722190954773869,5.51880970003549
3,250,0.45,0.6,1.0,18,30100018,250,333509,0.6703698492462311,5.483452399959788
3,250,0.45,0.6,1.0,19,30100019,250,331516,0.6663638190954774,5.482948199962266
3,250,0.45,0.6,1.0,20,30100020,250,316588,0.6363577889447236,5.354818099993281
3,250,0.45,0.6,1.0,21,30100021,250,350243,0.7040060301507538,5.571652099955827
3,250,0.45,0.6,1.0,22,30100022,250,305814,0.6147015075376885,5.479204799979925
3,250,0.45,0.6,1.0,23,30100023,250,311532,0.6261949748743718,5.427358999964781
3,250,0.45,0.6,1.0,24,30100024,250,314773,0.6327095477386935,5.464647099957801
3,250,0.45,0.6,1.0,25,30100025,250,305629,0.6143296482412061,5.500894199940376
3,250,0.45,0.6,1.0,26,30100026,250,334553,0.6724683417085427,5.540280899964273
3,250,0.45,0.6,1.0,27,30100027,250,322652,0.6485467336683417,5.446986799943261
3,250,0.45,0.6,1.0,28,30100028,250,292914,0.5887718592964825,5.21627700002864
3,250,0.45,0.6,1.0,29,30100029,250,349520,0.7025527638190955,5.549891600036062
3,250,0.45,0.6,1.0,30,30100030,250,344431,0.6923236180904523,5.618543399963528
3,250,0.45,0.6,1.0,31,30100031,250,320746,0.6447155778894472,5.214540599961765
3,250,0.45,0.6,1.0,32,30100032,250,338395,0.6801909547738694,5.719593099900521
3,250,0.45,0.6,1.0,33,30100033,250,308768,0.6206391959798995,5.220726000028662
3,250,0.45,0.6,1.0,34,30100034,250,326608,0.6564984924623115,5.579335400019772
3,250,0.45,0.6,1.0,35,30100035,250,360317,0.7242552763819096,5.828902999986894
3,250,0.45,0.6,1.0,36,30100036,250,331738,0.6668100502512563,5.728678500046954
3,250,0.45,0.6,1.0,37,30100037,250,350415,0.7043517587939698,5.630873899906874
3,250,0.45,0.6,1.0,38,30100038,250,317641,0.6384743718592965,5.530941100092605
3,250,0.45,0.6,1.0,39,30100039,250,290981,0.584886432160804,5.210897300043143
3,250,0.45,0.6,1.0,40,30100040,250,331571,0.6664743718592965,5.597748099942692
3,250,0.45,0.6,1.0,41,30100041,250,334585,0.6725326633165829,5.62105870002415
3,250,0.45,0.6,1.0,42,30100042,250,340445,0.6843115577889447,5.456904600025155
3,250,0.45,0.6,1.0,43,30100043,250,360286,0.7241929648241207,5.552429600036703
3,250,0.45,0.6,1.0,44,30100044,250,318733,0.6406693467336684,5.364629499963485
3,250,0.45,0.6,1.0,45,30100045,250,309636,0.62238391959799,5.435401999973692
3,250,0.45,0.6,1.0,46,30100046,250,325731,0.6547356783919598,5.486593600013293
3,250,0.45,0.6,1.0,47,30100047,250,335560,0.6744924623115578,5.47461670008488
3,250,0.45,0.6,1.0,48,30100048,250,318515,0.6402311557788944,5.481901500024833
3,250,0.45,0.6,1.0,49,30100049,250,312744,0.6286311557788945,5.383129899972118
3,250,0.45,0.6,1.0,50,30100050,250,319584,0.6423798994974874,5.430624300031923
3,250,0.45,0.6,1.0,51,30100051,250,341371,0.6861728643216081,5.512319499976002
3,250,0.45,0.6,1.0,52,30100052,250,299780,0.6025728643216081,5.360811799997464
3,250,0.45,0.6,1.0,53,30100053,250,334408,0.6721768844221105,5.437767000054009
3,250,0.45,0.6,1.0,54,30100054,250,319530,0.6422713567839196,5.296465100022033
3,250,0.45,0.6,1.0,55,30100055,250,305795,0.6146633165829146,5.448883699951693
3,250,0.45,0.6,1.0,56,30100056,250,345146,0.6937608040201005,5.583756399923004
3,250,0.45,0.6,1.0,57,30100057,250,337662,0.6787175879396985,5.317590599996038
3,250,0.45,0.6,1.0,58,30100058,250,326695,0.6566733668341709,5.170618500094861
3,250,0.45,0.6,1.0,59,30100059,250,340375,0.6841708542713568,5.46442760003265
3,250,0.45,0.6,1.0,60,30100060,250,310817,0.6247577889447237,5.561362099950202
3,250,0.45,0.6,1.0,61,30100061,250,325515,0.6543015075376885,5.694648000062443
3,250,0.45,0.6,1.0,62,30100062,250,353101,0.7097507537688442,5.528473500045948
3,250,0.45,0.6,1.0,63,30100063,250,309774,0.6226613065326633,5.400213800021447
3,250,0.45,0.6,1.0,64,30100064,250,323687,0.6506271356783919,5.39735230000224
3,250,0.45,0.6,1.0,65,30100065,250,303710,0.6104723618090452,5.202554399962537
3,250,0.45,0.6,1.0,66,30100066,250,308576,0.6202532663316583,5.473578299977817
3,250,0.45,0.6,1.0,67,30100067,250,337245,0.6778793969849246,5.6294313000980765
3,250,0.45,0.6,1.0,68,30100068,250,340326,0.6840723618090452,5.419871399994008
3,250,0.45,0.6,1.0,69,30100069,250,332474,0.6682894472361809,5.51341350004077
3,250,0.45,0.6,1.0,70,30100070,250,330596,0.6645145728643216,5.487937099998817
3,250,0.45,0.6,1.0,71,30100071,250,317687,0.6385668341708542,5.489259699941613
3,250,0.45,0.6,1.0,72,30100072,250,330421,0.6641628140703517,5.4256905999500304
3,250,0.45,0.6,1.0,73,30100073,250,365716,0.7351075376884422,5.587013700045645
3,250,0.45,0.6,1.0,74,30100074,250,318482,0.640164824120603,5.45813319995068
3,250,0.45,0.6,1.0,75,30100075,250,329819,0.6629527638190955,5.486070599989034
3,250,0.45,0.6,1.0,76,30100076,250,294435,0.5918291457286432,5.350697299931198
3,250,0.45,0.6,1.0,77,30100077,250,349336,0.7021829145728643,5.559181799995713
3,250,0.45,0.6,1.0,78,30100078,250,335372,0.6741145728643216,5.474211600027047
3,250,0.45,0.6,1.0,79,30100079,250,334610,0.6725829145728643,5.47140129993204
3,250,0.45,0.6,1.0,80,30100080,250,302359,0.607756783919598,5.3794962000101805
3,250,0.45,0.6,1.0,81,30100081,250,315456,0.6340824120603015,5.469861699966714
3,250,0.45,0.6,1.0,82,30100082,250,321627,0.646486432160804,5.489205699996091
3,250,0.45,0.6,1.0,83,30100083,250,330528,0.6643778894472362,5.452554099960253
3,250,0.45,0.6,1.0,84,30100084,250,345466,0.6944040201005025,5.497538499999791
3,250,0.45,0.6,1.0,85,30100085,250,319656,0.6425246231155779,5.517898999969475
3,250,0.45,0.6,1.0,86,30100086,250,361106,0.7258412060301508,5.539612199994735
3,250,0.45,0.6,1.0,87,30100087,250,366353,0.7363879396984925,5.519661900005303
3,250,0.45,0.6,1.0,88,30100088,250,319546,0.6423035175879397,5.444742999970913
3,250,0.45,0.6,1.0,89,30100089,250,321539,0.6463095477386934,5.404373199911788
3,250,0.45,0.6,1.0,90,30100090,250,325500,0.6542713567839196,5.440744299907237
3,250,0.45,0.6,1.0,91,30100091,250,322697,0.6486371859296483,5.469897000002675
3,250,0.45,0.6,1.0,92,30100092,250,357402,0.7183959798994974,5.608583600027487
3,250,0.45,0.6,1.0,93,30100093,250,336533,0.6764482412060302,5.4759533000178635
3,250,0.45,0.6,1.0,94,30100094,250,311801,0.6267356783919598,5.373190099955536
3,250,0.45,0.6,1.0,95,30100095,250,319674,0.6425608040201005,5.427255499991588
3,250,0.45,0.6,1.0,96,30100096,250,288870,0.580643216080402,5.354809200041927
3,250,0.45,0.6,1.0,97,30100097,250,310655,0.6244321608040201,5.467196800047532
3,250,0.45,0.6,1.0,98,30100098,250,314677,0.6325165829145729,5.442360099987127
3,250,0.45,0.6,1.0,99,30100099,250,321260,0.6457487437185929,5.4616761999204755
4,250,0.25,0.8,0.0,0,40000000,0,241125,0.48467336683417084,5.088573700049892
4,250,0.25,0.8,0.0,1,40000001,0,241125,0.48467336683417084,5.058469999930821
4,250,0.25,0.8,0.0,2,40000002,0,241125,0.48467336683417084,5.089186199940741
4,250,0.25,0.8,0.0,3,40000003,0,241125,0.48467336683417084,5.044669900089502
4,250,0.25,0.8,0.0,4,40000004,0,241125,0.48467336683417084,5.104869099915959
4,250,0.25,0.8,0.0,5,40000005,0,241125,0.48467336683417084,5.104477200075053
4,250,0.25,0.8,0.0,6,40000006,0,241125,0.48467336683417084,5.162700399989262
4,250,0.25,0.8,0.0,7,40000007,0,241125,0.48467336683417084,5.129205500008538
4,250,0.25,0.8,0.0,8,40000008,0,241125,0.48467336683417084,5.029982000007294
4,250,0.25,0.8,0.0,9,40000009,0,241125,0.48467336683417084,4.662095800042152
4,250,0.25,0.8,0.0,10,40000010,0,241125,0.48467336683417084,5.236745300004259
4,250,0.25,0.8,0.0,11,40000011,0,241125,0.48467336683417084,5.074721300043166
4,250,0.25,0.8,0.0,12,40000012,0,241125,0.48467336683417084,4.8393327000085264
4,250,0.25,0.8,0.0,13,40000013,0,241125,0.48467336683417084,5.171225199941546
4,250,0.25,0.8,0.0,14,40000014,0,241125,0.48467336683417084,4.896138499956578
4,250,0.25,0.8,0.0,15,40000015,0,241125,0.48467336683417084,5.235922399908304
4,250,0.25,0.8,0.0,16,40000016,0,241125,0.48467336683417084,5.095872799982317
4,250,0.25,0.8,0.0,17,40000017,0,241125,0.48467336683417084,5.225924899918027
4,250,0.25,0.8,0.0,18,40000018,0,241125,0.48467336683417084,5.227064999984577
4,250,0.25,0.8,0.0,19,40000019,0,241125,0.48467336683417084,5.076519700000063
4,250,0.25,0.8,0.0,20,40000020,0,241125,0.48467336683417084,5.079087399994023
4,250,0.25,0.8,0.0,21,40000021,0,241125,0.48467336683417084,5.011833700002171
4,250,0.25,0.8,0.0,22,40000022,0,241125,0.48467336683417084,5.064379699993879
4,250,0.25,0.8,0.0,23,40000023,0,241125,0.48467336683417084,4.988484299974516
4,250,0.25,0.8,0.0,24,40000024,0,241125,0.48467336683417084,5.431372899911366
4,250,0.25,0.8,0.0,25,40000025,0,241125,0.48467336683417084,5.017748199985363
4,250,0.25,0.8,0.0,26,40000026,0,241125,0.48467336683417084,4.801647299900651
4,250,0.25,0.8,0.0,27,40000027,0,241125,0.48467336683417084,5.35840420005843
4,250,0.25,0.8,0.0,28,40000028,0,241125,0.48467336683417084,5.466132499976084
4,250,0.25,0.8,0.0,29,40000029,0,241125,0.48467336683417084,5.427357600070536
4,250,0.25,0.8,0.0,30,40000030,0,241125,0.48467336683417084,4.68712930008769
4,250,0.25,0.8,0.0,31,40000031,0,241125,0.48467336683417084,4.985532299964689
4,250,0.25,0.8,0.0,32,40000032,0,241125,0.48467336683417084,4.99805870000273
4,250,0.25,0.8,0.0,33,40000033,0,241125,0.48467336683417084,4.9288542999420315
4,250,0.25,0.8,0.0,34,40000034,0,241125,0.48467336683417084,5.041259500081651
4,250,0.25,0.8,0.0,35,40000035,0,241125,0.48467336683417084,5.145572100067511
4,250,0.25,0.8,0.0,36,40000036,0,241125,0.48467336683417084,5.058485500048846
4,250,0.25,0.8,0.0,37,40000037,0,241125,0.48467336683417084,4.989279499975964
4,250,0.25,0.8,0.0,38,40000038,0,241125,0.48467336683417084,5.076046400004998
4,250,0.25,0.8,0.0,39,40000039,0,241125,0.48467336683417084,5.074356999946758
4,250,0.25,0.8,0.0,40,40000040,0,241125,0.48467336683417084,5.083396999980323
4,250,0.25,0.8,0.0,41,40000041,0,241125,0.48467336683417084,5.005987499956973
4,250,0.25,0.8,0.0,42,40000042,0,241125,0.48467336683417084,5.03033239999786
4,250,0.25,0.8,0.0,43,40000043,0,241125,0.48467336683417084,5.06516920006834
4,250,0.25,0.8,0.0,44,40000044,0,241125,0.48467336683417084,5.093934100004844
4,250,0.25,0.8,0.0,45,40000045,0,241125,0.48467336683417084,5.115600700024515
4,250,0.25,0.8,0.0,46,40000046,0,241125,0.48467336683417084,5.236005699960515
4,250,0.25,0.8,0.0,47,40000047,0,241125,0.48467336683417084,5.358013999997638
4,250,0.25,0.8,0.0,48,40000048,0,241125,0.48467336683417084,5.159978899988346
4,250,0.25,0.8,0.0,49,40000049,0,241125,0.48467336683417084,5.178191099897958
4,250,0.25,0.8,0.0,50,40000050,0,241125,0.48467336683417084,5.260959399980493
4,250,0.25,0.8,0.0,51,40000051,0,241125,0.48467336683417084,5.36689349997323
4,250,0.25,0.8,0.0,52,40000052,0,241125,0.48467336683417084,5.2332182000391185
4,250,0.25,0.8,0.0,53,40000053,0,241125,0.48467336683417084,5.235944699961692
4,250,0.25,0.8,0.0,54,40000054,0,241125,0.48467336683417084,5.159627899993211
4,250,0.25,0.8,0.0,55,40000055,0,241125,0.48467336683417084,5.243604899966158
4,250,0.25,0.8,0.0,56,40000056,0,241125,0.48467336683417084,5.250995300011709
4,250,0.25,0.8,0.0,57,40000057,0,241125,0.48467336683417084,5.15259650000371
4,250,0.25,0.8,0.0,58,40000058,0,241125,0.48467336683417084,5.154359799926169
4,250,0.25,0.8,0.0,59,40000059,0,241125,0.48467336683417084,5.269261699984781
4,250,0.25,0.8,0.0,60,40000060,0,241125,0.48467336683417084,5.142187000019476
4,250,0.25,0.8,0.0,61,40000061,0,241125,0.48467336683417084,5.107746499939822
4,250,0.25,0.8,0.0,62,40000062,0,241125,0.48467336683417084,5.1998169999569654
4,250,0.25,0.8,0.0,63,40000063,0,241125,0.48467336683417084,5.212335600052029
4,250,0.25,0.8,0.0,64,40000064,0,241125,0.48467336683417084,5.144158299895935
4,250,0.25,0.8,0.0,65,40000065,0,241125,0.48467336683417084,5.228646400035359
4,250,0.25,0.8,0.0,66,40000066,0,241125,0.48467336683417084,5.2955133999930695
4,250,0.25,0.8,0.0,67,40000067,0,241125,0.48467336683417084,5.128569999942556
4,250,0.25,0.8,0.0,68,40000068,0,241125,0.48467336683417084,5.2010277000954375
4,250,0.25,0.8,0.0,69,40000069,0,241125,0.48467336683417084,5.2237390000373125
4,250,0.25,0.8,0.0,70,40000070,0,241125,0.48467336683417084,5.288043799926527
4,250,0.25,0.8,0.0,71,40000071,0,241125,0.48467336683417084,5.218952199909836
4,250,0.25,0.8,0.0,72,40000072,0,241125,0.48467336683417084,5.217497500008903
4,250,0.25,0.8,0.0,73,40000073,0,241125,0.48467336683417084,5.241369199939072
4,250,0.25,0.8,0.0,74,40000074,0,241125,0.48467336683417084,5.261415999964811
4,250,0.25,0.8,0.0,75,40000075,0,241125,0.48467336683417084,5.324042699998245
4,250,0.25,0.8,0.0,76,40000076,0,241125,0.48467336683417084,5.1913849000120535
4,250,0.25,0.8,0.0,77,40000077,0,241125,0.48467336683417084,5.28128180000931
4,250,0.25,0.8,0.0,78,40000078,0,241125,0.48467336683417084,5.208631000015885
4,250,0.25,0.8,0.0,79,40000079,0,241125,0.48467336683417084,5.24158119992353
4,250,0.25,0.8,0.0,80,40000080,0,241125,0.48467336683417084,5.255164300091565
4,250,0.25,0.8,0.0,81,40000081,0,241125,0.48467336683417084,5.313167699961923
4,250,0.25,0.8,0.0,82,40000082,0,241125,0.48467336683417084,5.310971200000495
4,250,0.25,0.8,0.0,83,40000083,0,241125,0.48467336683417084,5.258851999999024
4,250,0.25,0.8,0.0,84,40000084,0,241125,0.48467336683417084,5.3173910999903455
4,250,0.25,0.8,0.0,85,40000085,0,241125,0.48467336683417084,5.208005100023001
4,250,0.25,0.8,0.0,86,40000086,0,241125,0.48467336683417084,5.238350400002673
4,250,0.25,0.8,0.0,87,40000087,0,241125,0.48467336683417084,5.22116180008743
4,250,0.25,0.8,0.0,88,40000088,0,241125,0.48467336683417084,5.171932399971411
4,250,0.25,0.8,0.0,89,40000089,0,241125,0.48467336683417084,5.172696199966595
4,250,0.25,0.8,0.0,90,40000090,0,241125,0.48467336683417084,5.1443111000116915
4,250,0.25,0.8,0.0,91,40000091,0,241125,0.48467336683417084,5.169698799960315
4,250,0.25,0.8,0.0,92,40000092,0,241125,0.48467336683417084,5.172168100019917
4,250,0.25,0.8,0.0,93,40000093,0,241125,0.48467336683417084,5.189338400028646
4,250,0.25,0.8,0.0,94,40000094,0,241125,0.48467336683417084,5.062248400063254
4,250,0.25,0.8,0.0,95,40000095,0,241125,0.48467336683417084,5.148778700036928
4,250,0.25,0.8,0.0,96,40000096,0,241125,0.48467336683417084,5.112042999942787
4,250,0.25,0.8,0.0,97,40000097,0,241125,0.48467336683417084,5.169491400010884
4,250,0.25,0.8,0.0,98,40000098,0,241125,0.48467336683417084,5.0840032999403775
4,250,0.25,0.8,0.0,99,40000099,0,241125,0.48467336683417084,5.173566799960099
4,250,0.25,0.8,0.05,0,40005000,12,245989,0.4944502512562814,5.062185300048441
4,250,0.25,0.8,0.05,1,40005001,12,245374,0.4932140703517588,5.049346299958415
4,250,0.25,0.8,0.05,2,40005002,12,246735,0.4959497487437186,5.042285099974833
4,250,0.25,0.8,0.05,3,40005003,12,245261,0.49298693467336685,5.1212877000216395
4,250,0.25,0.8,0.05,4,40005004,12,245416,0.49329849246231156,5.012775999959558
4,250,0.25,0.8,0.05,5,40005005,12,246198,0.49487035175879396,4.941316699958406
4,250,0.25,0.8,0.05,6,40005006,12,246067,0.4946070351758794,4.896510599995963
4,250,0.25,0.8,0.05,7,40005007,12,245375,0.49321608040201004,4.921544699929655
4,250,0.25,0.8,0.05,8,40005008,12,244464,0.49138492462311556,4.926540700020269
4,250,0.25,0.8,0.05,9,40005009,12,242901,0.488243216080402,4.862224100041203
4,250,0.25,0.8,0.05,10,40005010,12,245160,0.49278391959798995,4.870969200041145
4,250,0.25,0.8,0.05,11,40005011,12,244492,0.49144120603015073,4.836486599990167
4,250,0.25,0.8,0.05,12,40005012,12,245924,0.49431959798994973,4.882955999928527
4,250,0.25,0.8,0.05,13,40005013,12,245588,0.49364422110552764,4.843658400001004
4,250,0.25,0.8,0.05,14,40005014,12,245006,0.4924743718592965,4.872781299985945
4,250,0.25,0.8,0.05,15,40005015,12,245945,0.49436180904522614,4.913890699972399
4,250,0.25,0.8,0.05,16,40005016,12,245609,0.49368643216080405,4.811809499980882
4,250,0.25,0.8,0.05,17,40005017,12,243339,0.48912361809045224,4.842093500075862
4,250,0.25,0.8,0.05,18,40005018,12,246079,0.4946311557788945,4.856091299909167
4,250,0.25,0.8,0.05,19,40005019,12,243395,0.4892361809045226,4.937014500028454
4,250,0.25,0.8,0.05,20,40005020,12,245789,0.49404824120603014,4.832207800005563
4,250,0.25,0.8,0.05,21,40005021,12,244901,0.49226331658291456,4.9257762000197545
4,250,0.25,0.8,0.05,22,40005022,12,245431,0.4933286432160804,4.771264599985443
4,250,0.25,0.8,0.05,23,40005023,12,245644,0.493756783919598,4.88290749990847
4,250,0.25,0.8,0.05,24,40005024,12,244009,0.49047035175879394,4.8987334000412375
4,250,0.25,0.8,0.05,25,40005025,12,245605,0.493678391959799,4.902778999996372
4,250,0.25,0.8,0.05,26,40005026,12,246295,0.4950653266331658,4.79630599997472
4,250,0.25,0.8,0.05,27,40005027,12,245440,0.4933467336683417,4.790664900094271
4,250,0.25,0.8,0.05,28,40005028,12,246887,0.4962552763819095,4.779523800010793
4,250,0.25,0.8,0.05,29,40005029,12,245084,0.4926311557788945,4.884323399979621
4,250,0.25,0.8,0.05,30,40005030,12,244740,0.49193969849246233,4.796336299972609
4,250,0.25,0.8,0.05,31,40005031,12,244654,0.49176683417085426,4.849780299933627
4,250,0.25,0.8,0.05,32,40005032,12,245309,0.49308341708542713,4.902303999988362
4,250,0.25,0.8,0.05,33,40005033,12,246989,0.49646030150753767,4.77297729998827
4,250,0.25,0.8,0.05,34,40005034,12,246664,0.4958070351758794,4.906548699946143
4,250,0.25,0.8,0.05,35,40005035,12,246992,0.49646633165829146,4.78488659998402
4,250,0.25,0.8,0.05,36,40005036,12,246062,0.4945969849246231,4.817490400047973
4,250,0.25,0.8,0.05,37,40005037,12,245507,0.4934814070351759,4.865326500032097
4,250,0.25,0.8,0.05,38,40005038,12,243679,0.4898070351758794,4.761546200024895
4,250,0.25,0.8,0.05,39,40005039,12,245825,0.4941206030150754,4.779139499994926
4,250,0.25,0.8,0.05,40,40005040,12,245514,0.49349547738693467,4.866195900016464
4,250,0.25,0.8,0.05,41,40005041,12,245611,0.49369045226130653,4.8795809000730515
4,250,0.25,0.8,0.05,42,40005042,12,244325,0.49110552763819093,4.8301292000105605
4,250,0.25,0.8,0.05,43,40005043,12,244838,0.49213668341708544,4.753968199947849
4,250,0.25,0.8,0.05,44,40005044,12,246576,0.4956301507537688,4.9491490999935195
4,250,0.25,0.8,0.05,45,40005045,12,245882,0.49423517587939697,4.950028399936855
4,250,0.25,0.8,0.05,46,40005046,12,245309,0.49308341708542713,4.955306499963626
4,250,0.25,0.8,0.05,47,40005047,12,245648,0.493764824120603,4.927156999940053
4,250,0.25,0.8,0.05,48,40005048,12,245172,0.49280804020100505,4.867208699928597
4,250,0.25,0.8,0.05,49,40005049,12,243947,0.49034572864321607,4.8974019000306726
4,250,0.25,0.8,0.05,50,40005050,12,245332,0.49312964824120603,4.8361493000993505
4,250,0.25,0.8,0.05,51,40005051,12,244803,0.49206633165829144,4.926064500003122
4,250,0.25,0.8,0.05,52,40005052,12,244819,0.4920984924623116,4.805850800010376
4,250,0.25,0.8,0.05,53,40005053,12,246414,0.49530452261306535,4.889825299964286
4,250,0.25,0.8,0.05,54,40005054,12,245580,0.49362814070351757,4.881505700061098
4,250,0.25,0.8,0.05,55,40005055,12,243931,0.490313567839196,4.770382200018503
4,250,0.25,0.8,0.05,56,40005056,12,246933,0.4963477386934673,4.685024100006558
4,250,0.25,0.8,0.05,57,40005057,12,246444,0.495364824120603,4.87979949999135
4,250,0.25,0.8,0.05,58,40005058,12,244343,0.49114170854271355,4.806748799979687
4,250,0.25,0.8,0.05,59,40005059,12,246612,0.49570251256281406,4.760914399987087
4,250,0.25,0.8,0.05,60,40005060,12,241326,0.4850773869346734,4.753928099991754
4,250,0.25,0.8,0.05,61,40005061,12,246537,0.49555175879396984,4.813188300002366
4,250,0.25,0.8,0.05,62,40005062,12,243082,0.4886070351758794,4.761830599978566
4,250,0.25,0.8,0.05,63,40005063,12,245905,0.49428140703517587,4.895943899988197
4,250,0.25,0.8,0.05,64,40005064,12,244683,0.4918251256281407,4.710323299979791
4,250,0.25,0.8,0.05,65,40005065,12,245245,0.4929547738693467,4.763295900076628
4,250,0.25,0.8,0.05,66,40005066,12,246616,0.4957105527638191,5.12143769999966
4,250,0.25,0.8,0.05,67,40005067,12,246124,0.494721608040201,5.206884999992326
4,250,0.25,0.8,0.05,68,40005068,12,243316,0.48907738693467334,5.356887300033122
4,250,0.25,0.8,0.05,69,40005069,12,245999,0.49447035175879395,5.104832099983469
4,250,0.25,0.8,0.05,70,40005070,12,245734,0.49393768844221103,4.995273099979386
4,250,0.25,0.8,0.05,71,40005071,12,243852,0.49015477386934675,5.406849100021645
4,250,0.25,0.8,0.05,72,40005072,12,243873,0.4901969849246231,4.715177200036123
4,250,0.25,0.8,0.05,73,40005073,12,245588,0.49364422110552764,5.055964199942537
4,250,0.25,0.8,0.05,74,40005074,12,245941,0.4943537688442211,5.047351100016385
4,250,0.25,0.8,0.05,75,40005075,12,243186,0.48881608040201,4.672823900007643
4,250,0.25,0.8,0.05,76,40005076,12,243360,0.48916582914572865,4.7368659999920055
4,250,0.25,0.8,0.05,77,40005077,12,245064,0.4925909547738693,5.397302699973807
4,250,0.25,0.8,0.05,78,40005078,12,245571,0.49361005025125626,5.324308199924417
4,250,0.25,0.8,0.05,79,40005079,12,245103,0.49266934673366836,5.284272599965334
4,250,0.25,0.8,0.05,80,40005080,12,246000,0.49447236180904525,4.921087899943814
4,250,0.25,0.8,0.05,81,40005081,12,245525,0.49351758793969847,4.963462600018829
4,250,0.25,0.8,0.05,82,40005082,12,245851,0.49417286432160806,4.746848899987526
4,250,0.25,0.8,0.05,83,40005083,12,245519,0.49350552763819094,5.060972500010394
4,250,0.25,0.8,0.05,84,40005084,12,244383,0.4912221105527638,4.924869899987243
4,250,0.25,0.8,0.05,85,40005085,12,245898,0.4942673366834171,4.795093999942765
4,250,0.25,0.8,0.05,86,40005086,12,243651,0.4897507537688442,4.764409400057048
4,250,0.25,0.8,0.05,87,40005087,12,246055,0.4945829145728643,4.799207100062631
4,250,0.25,0.8,0.05,88,40005088,12,246353,0.4951819095477387,4.9407029000576586
4,250,0.25,0.8,0.05,89,40005089,12,245859,0.4941889447236181,5.1264463000698015
4,250,0.25,0.8,0.05,90,40005090,12,243763,0.48997587939698495,5.241239099996164
4,250,0.25,0.8,0.05,91,40005091,12,243621,0.48969045226130653,4.741102700005285
4,250,0.25,0.8,0.05,92,40005092,12,246650,0.4957788944723618,4.993112799944356
4,250,0.25,0.8,0.05,93,40005093,12,245193,0.4928502512562814,5.138353000045754
4,250,0.25,0.8,0.05,94,40005094,12,246114,0.49470150753768843,5.061362199950963
4,250,0.25,0.8,0.05,95,40005095,12,243502,0.489451256281407,5.020203400054015
4,250,0.25,0.8,0.05,96,40005096,12,243401,0.48924824120603017,4.81698410003446
4,250,0.25,0.8,0.05,97,40005097,12,245423,0.4933125628140704,4.7525909000542015
4,250,0.25,0.8,0.05,98,40005098,12,244817,0.49209447236180903,5.361109900055453
4,250,0.25,0.8,0.05,99,40005099,12,246008,0.49448844221105526,4.729871200048365
4,250,0.25,0.8,0.1,0,40010000,25,245922,0.49431557788944724,5.3998165999073535
4,250,0.25,0.8,0.1,1,40010001,25,246295,0.4950653266331658,5.03719510009978
4,250,0.25,0.8,0.1,2,40010002,25,247506,0.49749949748743716,4.986860399949364
4,250,0.25,0.8,0.1,3,40010003,25,245550,0.4935678391959799,5.174154800013639
4,250,0.25,0.8,0.1,4,40010004,25,246177,0.4948281407035176,4.915176199981943
4,250,0.25,0.8,0.1,5,40010005,25,246520,0.49551758793969847,5.8688176000723615
4,250,0.25,0.8,0.1,6,40010006,25,246782,0.49604422110552765,5.922144399955869
4,250,0.25,0.8,0.1,7,40010007,25,246627,0.4957326633165829,5.002106399973854
4,250,0.25,0.8,0.1,8,40010008,25,245837,0.4941447236180905,4.6248746999772266
4,250,0.25,0.8,0.1,9,40010009,25,247014,0.4965105527638191,4.941614500014111
4,250,0.25,0.8,0.1,10,40010010,25,246895,0.4962713567839196,5.833524000016041
4,250,0.25,0.8,0.1,11,40010011,25,245648,0.493764824120603,4.936814800021239
4,250,0.25,0.8,0.1,12,40010012,25,246657,0.4957929648241206,4.971179199987091
4,250,0.25,0.8,0.1,13,40010013,25,245672,0.49381306532663316,5.472349400050007
4,250,0.25,0.8,0.1,14,40010014,25,246897,0.49627537688442214,4.639170699985698
4,250,0.25,0.8,0.1,15,40010015,25,245680,0.4938291457286432,5.482328000012785
4,250,0.25,0.8,0.1,16,40010016,25,246870,0.4962211055276382,4.789262400008738
4,250,0.25,0.8,0.1,17,40010017,25,246549,0.49557587939698494,5.022791400086135
4,250,0.25,0.8,0.1,18,40010018,25,246887,0.4962552763819095,5.146853799931705
4,250,0.25,0.8,0.1,19,40010019,25,246839,0.49615879396984924,5.148628499940969
4,250,0.25,0.8,0.1,20,40010020,25,246415,0.4953065326633166,5.1176471000071615
4,250,0.25,0.8,0.1,21,40010021,25,246588,0.4956542713567839,5.141749700065702
4,250,0.25,0.8,0.1,22,40010022,25,246405,0.49528643216080404,5.112280000001192
4,250,0.25,0.8,0.1,23,40010023,25,247240,0.496964824120603,5.110643899999559
4,250,0.25,0.8,0.1,24,40010024,25,247636,0.4977608040201005,5.1586300999624655
4,250,0.25,0.8,0.1,25,40010025,25,246526,0.49552964824120604,5.182993000023998
4,250,0.25,0.8,0.1,26,40010026,25,246300,0.4950753768844221,5.1469607999315485
4,250,0.25,0.8,0.1,27,40010027,25,247301,0.4970874371859296,5.290922499960288
4,250,0.25,0.8,0.1,28,40010028,25,246911,0.4963035175879397,5.211846100050025
4,250,0.25,0.8,0.1,29,40010029,25,246366,0.495208040201005,5.102239400031976
4,250,0.25,0.8,0.1,30,40010030,25,246357,0.4951899497487437,5.138374199974351
4,250,0.25,0.8,0.1,31,40010031,25,247951,0.4983939698492462,5.203319799969904
4,250,0.25,0.8,0.1,32,40010032,25,246055,0.4945829145728643,5.159413299988955
4,250,0.25,0.8,0.1,33,40010033,25,247479,0.4974452261306533,5.0253777001053095
4,250,0.25,0.8,0.1,34,40010034,25,247171,0.4968261306532663,5.167622899985872
4,250,0.25,0.8,0.1,35,40010035,25,247080,0.496643216080402,5.282874400028959
4,250,0.25,0.8,0.1,36,40010036,25,246981,0.49644422110552766,5.155269400100224
4,250,0.25,0.8,0.1,37,40010037,25,246420,0.49531658291457287,5.041372300009243
4,250,0.25,0.8,0.1,38,40010038,25,247055,0.49659296482412063,5.163432600093074
4,250,0.25,0.8,0.1,39,40010039,25,246765,0.4960100502512563,5.165856199921109
4,250,0.25,0.8,0.1,40,40010040,25,247048,0.4965788944723618,5.064525300054811
4,250,0.25,0.8,0.1,41,40010041,25,245199,0.4928623115577889,5.128637499990873
4,250,0.25,0.8,0.1,42,40010042,25,246528,0.49553366834170853,5.19470170000568
4,250,0.25,0.8,0.1,43,40010043,25,246738,0.49595577889447234,5.196791700087488
4,250,0.25,0.8,0.1,44,40010044,25,246205,0.4948844221105528,5.19847679999657
4,250,0.25,0.8,0.1,45,40010045,25,246947,0.4963758793969849,5.159314400050789
4,250,0.25,0.8,0.1,46,40010046,25,246606,0.49569045226130654,5.2591942000435665
4,250,0.25,0.8,0.1,47,40010047,25,246439,0.49535477386934673,5.317198600037955
4,250,0.25,0.8,0.1,48,40010048,25,246822,0.49612462311557787,5.131170000066049
4,250,0.25,0.8,0.1,49,40010049,25,246198,0.49487035175879396,5.15508709999267
4,250,0.25,0.8,0.1,50,40010050,25,247732,0.4979537688442211,5.301833700039424
4,250,0.25,0.8,0.1,51,40010051,25,246798,0.4960763819095477,5.175628200056963
4,250,0.25,0.8,0.1,52,40010052,25,247582,0.4976522613065327,5.404881699942052
4,250,0.25,0.8,0.1,53,40010053,25,246250,0.4949748743718593,5.289709600037895
4,250,0.25,0.8,0.1,54,40010054,25,246783,0.4960462311557789,5.0756773999892175
4,250,0.25,0.8,0.1,55,40010055,25,246746,0.4959718592964824,5.309881700086407
4,250,0.25,0.8,0.1,56,40010056,25,247556,0.4976,5.015637699980289
4,250,0.25,0.8,0.1,57,40010057,25,246955,0.496391959798995,5.264981499989517
4,250,0.25,0.8,0.1,58,40010058,25,247319,0.49712361809045225,5.1888669999316335
4,250,0.25,0.8,0.1,59,40010059,25,246094,0.4946613065326633,5.203666800050996
4,250,0.25,0.8,0.1,60,40010060,25,246298,0.4950713567839196,4.981278599938378
4,250,0.25,0.8,0.1,61,40010061,25,246504,0.4954854271356784,5.150376099976711
4,250,0.25,0.8,0.1,62,40010062,25,247435,0.497356783919598,5.147120900102891
4,250,0.25,0.8,0.1,63,40010063,25,246343,0.4951618090452261,5.125985800055787
4,250,0.25,0.8,0.1,64,40010064,25,246895,0.4962713567839196,5.088963899994269
4,250,0.25,0.8,0.1,65,40010065,25,246101,0.4946753768844221,5.14194890006911
4,250,0.25,0.8,0.1,66,40010066,25,247194,0.4968723618090452,5.080015900079161
4,250,0.25,0.8,0.1,67,40010067,25,246931,0.49634371859296483,5.193834099918604
4,250,0.25,0.8,0.1,68,40010068,25,247077,0.49663718592964823,5.340962200076319
4,250,0.25,0.8,0.1,69,40010069,25,248084,0.49866130653266333,5.186249400023371
4,250,0.25,0.8,0.1,70,40010070,25,246014,0.49450050251256283,5.337801399989985
4,250,0.25,0.8,0.1,71,40010071,25,247211,0.4969065326633166,4.864499399904162
4,250,0.25,0.8,0.1,72,40010072,25,246872,0.4962251256281407,5.169735300005414
4,250,0.25,0.8,0.1,73,40010073,25,247195,0.4968743718592965,5.312197000021115
4,250,0.25,0.8,0.1,74,40010074,25,246228,0.4949306532663317,5.404006400029175
4,250,0.25,0.8,0.1,75,40010075,25,246591,0.4956603015075377,4.816677900031209
4,250,0.25,0.8,0.1,76,40010076,25,246863,0.4962070351758794,5.223048499901779
4,250,0.25,0.8,0.1,77,40010077,25,246760,0.496,4.922190000070259
4,250,0.25,0.8,0.1,78,40010078,25,245322,0.4931095477386935,5.154096399899572
4,250,0.25,0.8,0.1,79,40010079,25,245887,0.49424522613065325,5.191935200011358
4,250,0.25,0.8,0.1,80,40010080,25,248060,0.4986130653266332,5.048478199983947
4,250,0.25,0.8,0.1,81,40010081,25,245514,0.49349547738693467,5.133333499892615
4,250,0.25,0.8,0.1,82,40010082,25,246801,0.4960824120603015,5.152072999975644
4,250,0.25,0.8,0.1,83,40010083,25,246913,0.4963075376884422,5.235572899924591
4,250,0.25,0.8,0.1,84,40010084,25,246167,0.49480804020100505,5.172567200032063
4,250,0.25,0.8,0.1,85,40010085,25,247158,0.4968,5.18696690001525
4,250,0.25,0.8,0.1,86,40010086,25,246662,0.4958030150753769,5.109143399982713
4,250,0.25,0.8,0.1,87,40010087,25,245970,0.4944120603015075,5.148759200004861
4,250,0.25,0.8,0.1,88,40010088,25,246872,0.4962251256281407,5.301238199928775
4,250,0.25,0.8,0.1,89,40010089,25,246626,0.49573065326633164,5.159596199984662
4,250,0.25,0.8,0.1,90,40010090,25,246336,0.49514773869346734,5.103406899957918
4,250,0.25,0.8,0.1,91,40010091,25,246903,0.49628743718592966,5.202843499951996
4,250,0.25,0.8,0.1,92,40010092,25,247170,0.49682412060301506,5.199085099971853
4,250,0.25,0.8,0.1,93,40010093,25,246767,0.4960140703517588,5.207437800010666
4,250,0.25,0.8,0.1,94,40010094,25,245639,0.4937467336683417,5.1805723999859765
4,250,0.25,0.8,0.1,95,40010095,25,246461,0.4953989949748744,5.1475416999310255
4,250,0.25,0.8,0.1,96,40010096,25,246413,0.49530251256281405,5.184276800020598
4,250,0.25,0.8,0.1,97,40010097,25,246304,0.49508341708542714,5.548681700020097
4,250,0.25,0.8,0.1,98,40010098,25,246489,0.49545527638190956,5.118324900045991
4,250,0.25,0.8,0.1,99,40010099,25,246794,0.4960683417085427,5.197884399909526
4,250,0.25,0.8,0.15000000000000002,0,40015000,38,247175,0.49683417085427134,5.5857638999586925
4,250,0.25,0.8,0.15000000000000002,1,40015001,38,247060,0.4966030150753769,5.483643400017172
4,250,0.25,0.8,0.15000000000000002,2,40015002,38,248704,0.4999075376884422,5.133358100079931
4,250,0.25,0.8,0.15000000000000002,3,40015003,38,247652,0.4977929648241206,5.216870600008406
4,250,0.25,0.8,0.15000000000000002,4,40015004,38,248361,0.4992180904522613,5.173676400096156
4,250,0.25,0.8,0.15000000000000002,5,40015005,38,247555,0.49759798994974874,5.17769679997582
4,250,0.25,0.8,0.15000000000000002,6,40015006,38,247388,0.49726231155778894,5.17033860005904
4,250,0.25,0.8,0.15000000000000002,7,40015007,38,247667,0.49782311557788944,5.347831399994902
4,250,0.25,0.8,0.15000000000000002,8,40015008,38,247800,0.49809045226130655,5.1977205000584945
4,250,0.25,0.8,0.15000000000000002,9,40015009,38,246082,0.4946371859296482,4.926265900023282
4,250,0.25,0.8,0.15000000000000002,10,40015010,38,246997,0.49647638190954774,5.620019100024365
4,250,0.25,0.8,0.15000000000000002,11,40015011,38,248861,0.5002231155778895,5.2146911000600085
4,250,0.25,0.8,0.15000000000000002,12,40015012,38,246931,0.49634371859296483,5.237129400018603
4,250,0.25,0.8,0.15000000000000002,13,40015013,38,247297,0.49707939698492465,5.79048209998291
4,250,0.25,0.8,0.15000000000000002,14,40015014,38,249357,0.5012201005025125,5.129688400076702
4,250,0.25,0.8,0.15000000000000002,15,40015015,38,247317,0.49711959798994976,5.436843800009228
4,250,0.25,0.8,0.15000000000000002,16,40015016,38,246920,0.496321608040201,5.141228399937972
4,250,0.25,0.8,0.15000000000000002,17,40015017,38,247681,0.49785125628140703,5.305342599982396
4,250,0.25,0.8,0.15000000000000002,18,40015018,38,247169,0.4968221105527638,5.3698482000036165
4,250,0.25,0.8,0.15000000000000002,19,40015019,38,246708,0.4958954773869347,5.78190679999534
4,250,0.25,0.8,0.15000000000000002,20,40015020,38,249040,0.5005829145728643,5.220342599903233
4,250,0.25,0.8,0.15000000000000002,21,40015021,38,247566,0.49762010050251254,5.4734410000965
4,250,0.25,0.8,0.15000000000000002,22,40015022,38,247046,0.4965748743718593,5.369762999936938
4,250,0.25,0.8,0.15000000000000002,23,40015023,38,248149,0.498791959798995,5.334272400010377
4,250,0.25,0.8,0.15000000000000002,24,40015024,38,246745,0.49596984924623116,5.259675299981609
4,250,0.25,0.8,0.15000000000000002,25,40015025,38,246023,0.49451859296482414,5.334404500084929
4,250,0.25,0.8,0.15000000000000002,26,40015026,38,247527,0.49754170854271357,5.4025951999938115
4,250,0.25,0.8,0.15000000000000002,27,40015027,38,247438,0.49736281407035177,5.222000499954447
4,250,0.25,0.8,0.15000000000000002,28,40015028,38,248180,0.4988542713567839,5.226962000015192
4,250,0.25,0.8,0.15000000000000002,29,40015029,38,247464,0.4974150753768844,5.138646999956109
4,250,0.25,0.8,0.15000000000000002,30,40015030,38,247047,0.49657688442211056,5.095686699962243
4,250,0.25,0.8,0.15000000000000002,31,40015031,38,248166,0.4988261306532663,5.168383899959736
4,250,0.25,0.8,0.15000000000000002,32,40015032,38,247201,0.496886432160804,5.18202160007786
4,250,0.25,0.8,0.15000000000000002,33,40015033,38,246437,0.49535075376884424,5.13463079999201
4,250,0.25,0.8,0.15000000000000002,34,40015034,38,247060,0.4966030150753769,5.135656600003131
4,250,0.25,0.8,0.15000000000000002,35,40015035,38,247587,0.49766231155778895,5.177015000022948
4,250,0.25,0.8,0.15000000000000002,36,40015036,38,246958,0.49639798994974876,5.148772200103849
4,250,0.25,0.8,0.15000000000000002,37,40015037,38,248106,0.498705527638191,5.146198999951594
4,250,0.25,0.8,0.15000000000000002,38,40015038,38,247067,0.4966170854271357,5.086842200020328
4,250,0.25,0.8,0.15000000000000002,39,40015039,38,247035,0.49655276381909547,5.162997300038114
4,250,0.25,0.8,0.15000000000000002,40,40015040,38,248741,0.4999819095477387,5.253258499898948
4,250,0.25,0.8,0.15000000000000002,41,40015041,38,247248,0.49698090452261307,5.042125199921429
4,250,0.25,0.8,0.15000000000000002,42,40015042,38,247841,0.49817286432160807,5.194606599980034
4,250,0.25,0.8,0.15000000000000002,43,40015043,38,246404,0.4952844221105528,4.930601199972443
4,250,0.25,0.8,0.15000000000000002,44,40015044,38,246804,0.4960884422110553,5.073980599991046
4,250,0.25,0.8,0.15000000000000002,45,40015045,38,247521,0.49752964824120605,5.071250600041822
4,250,0.25,0.8,0.15000000000000002,46,40015046,38,247002,0.496486432160804,5.1018767999485135
4,250,0.25,0.8,0.15000000000000002,47,40015047,38,247091,0.4966653266331658,5.013452399987727
4,250,0.25,0.8,0.15000000000000002,48,40015048,38,248125,0.49874371859296485,5.00342379999347
4,250,0.25,0.8,0.15000000000000002,49,40015049,38,247336,0.4971577889447236,4.930971199995838
4,250,0.25,0.8,0.15000000000000002,50,40015050,38,246931,0.49634371859296483,4.887933199992403
4,250,0.25,0.8,0.15000000000000002,51,40015051,38,247138,0.49675979899497485,4.825595400063321
4,250,0.25,0.8,0.15000000000000002,52,40015052,38,248644,0.4997869346733668,4.77098869998008
4,250,0.25,0.8,0.15000000000000002,53,40015053,38,246708,0.4958954773869347,4.857664900016971
4,250,0.25,0.8,0.15000000000000002,54,40015054,38,246933,0.4963477386934673,4.734423200017773
4,250,0.25,0.8,0.15000000000000002,55,40015055,38,246450,0.49537688442211053,4.855562199954875
4,250,0.25,0.8,0.15000000000000002,56,40015056,38,247038,0.49655879396984925,4.9825089001096785
4,250,0.25,0.8,0.15000000000000002,57,40015057,38,247958,0.49840804020100504,4.860272999969311
4,250,0.25,0.8,0.15000000000000002,58,40015058,38,245616,0.4937005025125628,4.9864308999385685
4,250,0.25,0.8,0.15000000000000002,59,40015059,38,246233,0.49494070351758795,4.964337900048122
4,250,0.25,0.8,0.15000000000000002,60,40015060,38,247238,0.4969608040201005,5.041614899993874
4,250,0.25,0.8,0.15000000000000002,61,40015061,38,248265,0.4990251256281407,4.951547599979676
4,250,0.25,0.8,0.15000000000000002,62,40015062,38,246830,0.49614070351758793,4.965412199962884
4,250,0.25,0.8,0.15000000000000002,63,40015063,38,248181,0.4988562814070352,4.9386444999836385
4,250,0.25,0.8,0.15000000000000002,64,40015064,38,247241,0.49696683417085424,5.02421449997928
4,250,0.25,0.8,0.15000000000000002,65,40015065,38,247188,0.4968603015075377,5.180456900037825
4,250,0.25,0.8,0.15000000000000002,66,40015066,38,247350,0.4971859296482412,5.209606199990958
4,250,0.25,0.8,0.15000000000000002,67,40015067,38,247228,0.49694070351758796,5.261586099979468
4,250,0.25,0.8,0.15000000000000002,68,40015068,38,247189,0.4968623115577889,5.224030100042
4,250,0.25,0.8,0.15000000000000002,69,40015069,38,247459,0.4974050251256281,5.113569700042717
4,250,0.25,0.8,0.15000000000000002,70,40015070,38,247079,0.4966412060301508,5.16263669996988
4,250,0.25,0.8,0.15000000000000002,71,40015071,38,247063,0.49660904522613064,5.132730300072581
4,250,0.25,0.8,0.15000000000000002,72,40015072,38,247270,0.4970251256281407,5.085650700028054
4,250,0.25,0.8,0.15000000000000002,73,40015073,38,246498,0.49547336683417087,5.031895700027235
4,250,0.25,0.8,0.15000000000000002,74,40015074,38,247281,0.4970472361809045,5.008236299967393
4,250,0.25,0.8,0.15000000000000002,75,40015075,38,247881,0.4982532663316583,4.965750600094907
4,250,0.25,0.8,0.15000000000000002,76,40015076,38,247617,0.4977226130653266,4.890928899985738
4,250,0.25,0.8,0.15000000000000002,77,40015077,38,246793,0.49606633165829145,4.903241999913007
4,250,0.25,0.8,0.15000000000000002,78,40015078,38,248037,0.4985668341708543,4.8968413000693545
4,250,0.25,0.8,0.15000000000000002,79,40015079,38,248050,0.4985929648241206,5.046251500025392
4,250,0.25,0.8,0.15000000000000002,80,40015080,38,247409,0.49730452261306535,4.919637899962254
4,250,0.25,0.8,0.15000000000000002,81,40015081,38,247159,0.49680201005025126,4.876698700012639
4,250,0.25,0.8,0.15000000000000002,82,40015082,38,247179,0.4968422110552764,4.876453000004403
4,250,0.25,0.8,0.15000000000000002,83,40015083,38,246935,0.49635175879396987,4.820873799966648
4,250,0.25,0.8,0.15000000000000002,84,40015084,38,248049,0.49859095477386933,4.927685500006191
4,250,0.25,0.8,0.15000000000000002,85,40015085,38,247974,0.4984402010050251,4.861423399997875
4,250,0.25,0.8,0.15000000000000002,86,40015086,38,248050,0.4985929648241206,4.910669200005941
4,250,0.25,0.8,0.15000000000000002,87,40015087,38,246737,0.4959537688442211,4.92019039997831
4,250,0.25,0.8,0.15000000000000002,88,40015088,38,245824,0.49411859296482413,4.919559600064531
4,250,0.25,0.8,0.15000000000000002,89,40015089,38,247603,0.497694472361809,4.850548299960792
4,250,0.25,0.8,0.15000000000000002,90,40015090,38,246749,0.4959778894472362,4.98871569999028
4,250,0.25,0.8,0.15000000000000002,91,40015091,38,247384,0.4972542713567839,5.0825838999589905
4,250,0.25,0.8,0.15000000000000002,92,40015092,38,247191,0.49686633165829147,5.1282362000783905
4,250,0.25,0.8,0.15000000000000002,93,40015093,38,247647,0.49778291457286433,5.215061099966988
4,250,0.25,0.8,0.15000000000000002,94,40015094,38,247558,0.49760402010050253,5.66929629992228
4,250,0.25,0.8,0.15000000000000002,95,40015095,38,247154,0.496791959798995,5.582922400091775
4,250,0.25,0.8,0.15000000000000002,96,40015096,38,246532,0.49554170854271357,6.211764200008474
4,250,0.25,0.8,0.15000000000000002,97,40015097,38,247220,0.4969246231155779,5.969892899971455
4,250,0.25,0.8,0.15000000000000002,98,40015098,38,246362,0.4952,6.526965499971993
4,250,0.25,0.8,0.15000000000000002,99,40015099,38,247646,0.4977809045226131,5.888806100003421
4,250,0.25,0.8,0.2,0,40020000,50,248284,0.4990633165829146,6.462921199970879
4,250,0.25,0.8,0.2,1,40020001,50,247628,0.49774472361809047,6.0166149999713525
4,250,0.25,0.8,0.2,2,40020002,50,247281,0.4970472361809045,6.057955299969763
4,250,0.25,0.8,0.2,3,40020003,50,248669,0.49983718592964826,5.770250599947758
4,250,0.25,0.8,0.2,4,40020004,50,246774,0.4960281407035176,5.936936800018884
4,250,0.25,0.8,0.2,5,40020005,50,247432,0.49735075376884424,5.691554299904965
4,250,0.25,0.8,0.2,6,40020006,50,251337,0.5052,6.012819400057197
4,250,0.25,0.8,0.2,7,40020007,50,248320,0.4991356783919598,5.167897299979813
4,250,0.25,0.8,0.2,8,40020008,50,248524,0.49954572864321606,5.952811599941924
4,250,0.25,0.8,0.2,9,40020009,50,247860,0.49821105527638193,5.455049899988808
4,250,0.25,0.8,0.2,10,40020010,50,250254,0.5030231155778895,5.62727920000907
4,250,0.25,0.8,0.2,11,40020011,50,247379,0.49724422110552763,5.787369600031525
4,250,0.25,0.8,0.2,12,40020012,50,247670,0.49782914572864323,5.48335130000487
4,250,0.25,0.8,0.2,13,40020013,50,248969,0.5004402010050252,6.012252100044861
4,250,0.25,0.8,0.2,14,40020014,50,248118,0.498729648241206,4.965237900032662
4,250,0.25,0.8,0.2,15,40020015,50,249505,0.5015175879396985,5.164140000008047
4,250,0.25,0.8,0.2,16,40020016,50,249613,0.5017346733668342,4.92985369998496
4,250,0.25,0.8,0.2,17,40020017,50,247368,0.49722211055276383,5.332053199992515
4,250,0.25,0.8,0.2,18,40020018,50,250256,0.503027135678392,5.267950600013137
4,250,0.25,0.8,0.2,19,40020019,50,246693,0.49586532663316585,5.613054100074805
4,250,0.25,0.8,0.2,20,40020020,50,247662,0.49781306532663316,5.101089300005697
4,250,0.25,0.8,0.2,21,40020021,50,247014,0.4965105527638191,5.199478399939835
4,250,0.25,0.8,0.2,22,40020022,50,248347,0.4991899497487437,5.110147599945776
4,250,0.25,0.8,0.2,23,40020023,50,247317,0.49711959798994976,5.15771279996261
4,250,0.25,0.8,0.2,24,40020024,50,247625,0.4977386934673367,5.262787799932994
4,250,0.25,0.8,0.2,25,40020025,50,247067,0.4966170854271357,5.32273710006848
4,250,0.25,0.8,0.2,26,40020026,50,250509,0.5035356783919598,5.185406400007196
4,250,0.25,0.8,0.2,27,40020027,50,247416,0.4973185929648241,5.289285399951041
4,250,0.25,0.8,0.2,28,40020028,50,247445,0.49737688442211053,5.3037773000542074
4,250,0.25,0.8,0.2,29,40020029,50,247909,0.49830954773869346,5.308244400075637
4,250,0.25,0.8,0.2,30,40020030,50,246992,0.49646633165829146,5.06299200002104
4,250,0.25,0.8,0.2,31,40020031,50,247572,0.4976321608040201,5.145410800003447
4,250,0.25,0.8,0.2,32,40020032,50,247095,0.49667336683417085,5.166615800000727
4,250,0.25,0.8,0.2,33,40020033,50,247478,0.497443216080402,5.157881999970414
4,250,0.25,0.8,0.2,34,40020034,50,247438,0.49736281407035177,5.11419799993746
4,250,0.25,0.8,0.2,35,40020035,50,247049,0.49658090452261305,5.253759499988519
4,250,0.25,0.8,0.2,36,40020036,50,249365,0.5012361809045226,5.240280799916945
4,250,0.25,0.8,0.2,37,40020037,50,247354,0.49719396984924624,5.173532399930991
4,250,0.25,0.8,0.2,38,40020038,50,248495,0.49948743718592964,5.0806776999961585
4,250,0.25,0.8,0.2,39,40020039,50,248978,0.5004582914572865,5.1801705999532714
4,250,0.25,0.8,0.2,40,40020040,50,246341,0.4951577889447236,5.130600399919786
4,250,0.25,0.8,0.2,41,40020041,50,247702,0.49789346733668344,5.149395599961281
4,250,0.25,0.8,0.2,42,40020042,50,248350,0.4991959798994975,5.161697500036098
4,250,0.25,0.8,0.2,43,40020043,50,248160,0.4988140703517588,5.205145900021307
4,250,0.25,0.8,0.2,44,40020044,50,247806,0.49810251256281407,5.209659399930388
4,250,0.25,0.8,0.2,45,40020045,50,247414,0.4973145728643216,5.1352095999754965
4,250,0.25,0.8,0.2,46,40020046,50,247351,0.49718793969849245,5.243689100025222
4,250,0.25,0.8,0.2,47,40020047,50,247629,0.4977467336683417,5.276136800064705
4,250,0.25,0.8,0.2,48,40020048,50,247367,0.4972201005025126,5.2259785999776796
4,250,0.25,0.8,0.2,49,40020049,50,247324,0.4971336683417085,5.168236700003035
4,250,0.25,0.8,0.2,50,40020050,50,247604,0.4976964824120603,5.235470799962059
4,250,0.25,0.8,0.2,51,40020051,50,248468,0.4994331658291457,5.245152799994685
4,250,0.25,0.8,0.2,52,40020052,50,247536,0.4975597989949749,5.131317299907096
4,250,0.25,0.8,0.2,53,40020053,50,250358,0.5032321608040201,5.09645479999017
4,250,0.25,0.8,0.2,54,40020054,50,249399,0.5013045226130654,5.075255799922161
4,250,0.25,0.8,0.2,55,40020055,50,248231,0.49895678391959797,5.053835699916817
4,250,0.25,0.8,0.2,56,40020056,50,247349,0.49718391959798997,5.090156799997203
4,250,0.25,0.8,0.2,57,40020057,50,247336,0.4971577889447236,5.118861599941738
4,250,0.25,0.8,0.2,58,40020058,50,247456,0.4973989949748744,5.1017032999079674
4,250,0.25,0.8,0.2,59,40020059,50,248320,0.4991356783919598,5.137464000028558
4,250,0.25,0.8,0.2,60,40020060,50,247118,0.49671959798994975,5.096623399993405
4,250,0.25,0.8,0.2,61,40020061,50,247141,0.49676582914572864,5.10153830004856
4,250,0.25,0.8,0.2,62,40020062,50,247482,0.497451256281407,5.083926899940707
4,250,0.25,0.8,0.2,63,40020063,50,247361,0.497208040201005,5.157661400036886
4,250,0.25,0.8,0.2,64,40020064,50,246971,0.49642412060301505,5.090826199972071
4,250,0.25,0.8,0.2,65,40020065,50,248502,0.49950150753768846,5.128393999999389
4,250,0.25,0.8,0.2,66,40020066,50,247563,0.4976140703517588,5.21218300005421
4,250,0.25,0.8,0.2,67,40020067,50,247377,0.49724020100502514,5.125419700052589
4,250,0.25,0.8,0.2,68,40020068,50,248620,0.4997386934673367,5.060545700020157
4,250,0.25,0.8,0.2,69,40020069,50,248186,0.4988663316582915,5.027590599958785
4,250,0.25,0.8,0.2,70,40020070,50,248589,0.4996763819095477,5.066675100009888
4,250,0.25,0.8,0.2,71,40020071,50,246709,0.4958974874371859,5.299823899986222
4,250,0.25,0.8,0.2,72,40020072,50,248385,0.4992663316582915,5.366106699919328
4,250,0.25,0.8,0.2,73,40020073,50,247478,0.497443216080402,5.014842599979602
4,250,0.25,0.8,0.2,74,40020074,50,248181,0.4988562814070352,5.443501299945638
4,250,0.25,0.8,0.2,75,40020075,50,249710,0.501929648241206,5.089339099940844
4,250,0.25,0.8,0.2,76,40020076,50,247142,0.4967678391959799,4.735253000049852
4,250,0.25,0.8,0.2,77,40020077,50,247479,0.4974452261306533,5.496276200050488
4,250,0.25,0.8,0.2,78,40020078,50,249554,0.50161608040201,4.837750399950892
4,250,0.25,0.8,0.2,79,40020079,50,247028,0.4965386934673367,4.8764463000698015
4,250,0.25,0.8,0.2,80,40020080,50,247632,0.4977527638190955,5.105742699932307
4,250,0.25,0.8,0.2,81,40020081,50,247270,0.4970251256281407,5.042888399912044
4,250,0.25,0.8,0.2,82,40020082,50,246660,0.4957989949748744,5.389252900029533
4,250,0.25,0.8,0.2,83,40020083,50,248677,0.4998532663316583,5.206338500021957
4,250,0.25,0.8,0.2,84,40020084,50,247046,0.4965748743718593,5.434146500076167
4,250,0.25,0.8,0.2,85,40020085,50,249002,0.5005065326633166,5.165231900056824
4,250,0.25,0.8,0.2,86,40020086,50,247679,0.49784723618090454,5.11468719993718
4,250,0.25,0.8,0.2,87,40020087,50,249561,0.5016301507537688,5.197507500066422
4,250,0.25,0.8,0.2,88,40020088,50,246827,0.49613467336683414,4.985671800095588
4,250,0.25,0.8,0.2,89,40020089,50,247496,0.4974793969849246,5.23287869989872
4,250,0.25,0.8,0.2,90,40020090,50,248163,0.4988201005025126,4.848243599990383
4,250,0.25,0.8,0.2,91,40020091,50,247121,0.49672562814070353,5.09882969991304
4,250,0.25,0.8,0.2,92,40020092,50,247862,0.4982150753768844,5.37767720001284
4,250,0.25,0.8,0.2,93,40020093,50,247218,0.4969206030150754,5.123320999904536
4,250,0.25,0.8,0.2,94,40020094,50,247681,0.49785125628140703,5.306077699991874
4,250,0.25,0.8,0.2,95,40020095,50,247091,0.4966653266331658,5.418311899993569
4,250,0.25,0.8,0.2,96,40020096,50,249267,0.5010391959798995,5.111347300000489
4,250,0.25,0.8,0.2,97,40020097,50,249214,0.5009326633165829,5.065241100033745
4,250,0.25,0.8,0.2,98,40020098,50,250340,0.5031959798994975,5.019440000061877
4,250,0.25,0.8,0.2,99,40020099,50,248144,0.4987819095477387,5.181646900018677
4,250,0.25,0.8,0.25,0,40025000,62,250716,0.5039517587939698,4.965487300069071
4,250,0.25,0.8,0.25,1,40025001,62,249165,0.5008341708542714,5.246706000063568
4,250,0.25,0.8,0.25,2,40025002,62,247869,0.49822914572864324,5.102059100056067
4,250,0.25,0.8,0.25,3,40025003,62,247585,0.4976582914572864,5.081916900002398
4,250,0.25,0.8,0.25,4,40025004,62,248602,0.49970251256281406,5.254398799967021
4,250,0.25,0.8,0.25,5,40025005,62,249858,0.502227135678392,5.26312020001933
4,250,0.25,0.8,0.25,6,40025006,62,247690,0.49786934673366834,5.257727100048214
4,250,0.25,0.8,0.25,7,40025007,62,247643,0.4977748743718593,5.21200159995351
4,250,0.25,0.8,0.25,8,40025008,62,248223,0.49894070351758796,5.277157500036992
4,250,0.25,0.8,0.25,9,40025009,62,247681,0.49785125628140703,5.245105800102465
4,250,0.25,0.8,0.25,10,40025010,62,250432,0.5033809045226131,5.3782384999794886
4,250,0.25,0.8,0.25,11,40025011,62,254339,0.5112341708542714,5.26413040002808
4,250,0.25,0.8,0.25,12,40025012,62,247607,0.49770251256281406,5.2748212000587955
4,250,0.25,0.8,0.25,13,40025013,62,248805,0.5001105527638191,5.317130099982023
4,250,0.25,0.8,0.25,14,40025014,62,249410,0.5013266331658291,5.2227401999989524
4,250,0.25,0.8,0.25,15,40025015,62,249841,0.5021929648241206,5.24368139996659
4,250,0.25,0.8,0.25,16,40025016,62,247424,0.4973346733668342,5.243608299992047
4,250,0.25,0.8,0.25,17,40025017,62,249757,0.502024120603015,5.165871499921195
4,250,0.25,0.8,0.25,18,40025018,62,249354,0.5012140703517588,5.094121599919163
4,250,0.25,0.8,0.25,19,40025019,62,247834,0.49815879396984925,5.236110999947414
4,250,0.25,0.8,0.25,20,40025020,62,249091,0.5006854271356784,5.198242500075139
4,250,0.25,0.8,0.25,21,40025021,62,246952,0.4963859296482412,5.220666300039738
4,250,0.25,0.8,0.25,22,40025022,62,250461,0.5034391959798995,5.151241599931382
4,250,0.25,0.8,0.25,23,40025023,62,247652,0.4977929648241206,5.3948312000138685
4,250,0.25,0.8,0.25,24,40025024,62,249610,0.5017286432160803,5.267836099956185
4,250,0.25,0.8,0.25,25,40025025,62,251488,0.5055035175879397,5.163822600035928
4,250,0.25,0.8,0.25,26,40025026,62,247786,0.49806231155778896,4.895807699998841
4,250,0.25,0.8,0.25,27,40025027,62,249708,0.5019256281407035,5.201251899939962
4,250,0.25,0.8,0.25,28,40025028,62,249339,0.5011839195979899,4.954556899960153
4,250,0.25,0.8,0.25,29,40025029,62,248159,0.49881206030150754,4.922884300001897
4,250,0.25,0.8,0.25,30,40025030,62,248291,0.49907738693467335,5.223078700015321
4,250,0.25,0.8,0.25,31,40025031,62,249583,0.5016743718592965,5.264618100016378
4,250,0.25,0.8,0.25,32,40025032,62,251451,0.5054291457286432,5.3005076999543235
4,250,0.25,0.8,0.25,33,40025033,62,249505,0.5015175879396985,5.222776900045574
4,250,0.25,0.8,0.25,34,40025034,62,249842,0.5021949748743718,5.27356569992844
4,250,0.25,0.8,0.25,35,40025035,62,247308,0.49710150753768845,5.245400900021195
4,250,0.25,0.8,0.25,36,40025036,62,248627,0.4997527638190955,5.125338799902238
4,250,0.25,0.8,0.25,37,40025037,62,247277,0.4970391959798995,5.1974862000206485
4,250,0.25,0.8,0.25,38,40025038,62,247775,0.4980402010050251,5.185655399924144
4,250,0.25,0.8,0.25,39,40025039,62,249379,0.5012643216080402,5.106471399893053
4,250,0.25,0.8,0.25,40,40025040,62,249582,0.5016723618090452,5.210772100021131
4,250,0.25,0.8,0.25,41,40025041,62,247921,0.49833366834170856,5.177909200079739
4,250,0.25,0.8,0.25,42,40025042,62,247657,0.4978030150753769,5.1619127000449225
4,250,0.25,0.8,0.25,43,40025043,62,247444,0.4973748743718593,5.155519400024787
4,250,0.25,0.8,0.25,44,40025044,62,248459,0.4994150753768844,5.192466200096533
4,250,0.25,0.8,0.25,45,40025045,62,247672,0.4978331658291457,5.206007599947043
4,250,0.25,0.8,0.25,46,40025046,62,249319,0.5011437185929648,5.1931285000173375
4,250,0.25,0.8,0.25,47,40025047,62,247007,0.4964964824120603,5.271511999890208
4,250,0.25,0.8,0.25,48,40025048,62,247537,0.4975618090452261,5.17953550000675
4,250,0.25,0.8,0.25,49,40025049,62,250164,0.5028422110552764,5.229213999933563
4,250,0.25,0.8,0.25,50,40025050,62,248754,0.500008040201005,5.160713399993256
4,250,0.25,0.8,0.25,51,40025051,62,251345,0.50521608040201,5.147357400041074
4,250,0.25,0.8,0.25,52,40025052,62,247619,0.49772663316582916,5.212942000012845
4,250,0.25,0.8,0.25,53,40025053,62,251735,0.506,5.22449960000813
4,250,0.25,0.8,0.25,54,40025054,62,247561,0.49761005025125626,5.243443500017747
4,250,0.25,0.8,0.25,55,40025055,62,247706,0.4979015075376884,5.154161400045268
4,250,0.25,0.8,0.25,56,40025056,62,252710,0.5079597989949749,5.189180299988948
4,250,0.25,0.8,0.25,57,40025057,62,249466,0.5014391959798995,5.279269300051965
4,250,0.25,0.8,0.25,58,40025058,62,248866,0.5002331658291457,5.212133500026539
4,250,0.25,0.8,0.25,59,40025059,62,248163,0.4988201005025126,5.229562100023031
4,250,0.25,0.8,0.25,60,40025060,62,249644,0.5017969849246231,5.255151599994861
4,250,0.25,0.8,0.25,61,40025061,62,249507,0.501521608040201,5.002124099992216
4,250,0.25,0.8,0.25,62,40025062,62,248271,0.49903718592964824,5.164902199991047
4,250,0.25,0.8,0.25,63,40025063,62,247715,0.4979195979899497,4.915969199966639
4,250,0.25,0.8,0.25,64,40025064,62,249403,0.5013125628140703,5.122979299980216
4,250,0.25,0.8,0.25,65,40025065,62,247599,0.497686432160804,5.472488100058399
4,250,0.25,0.8,0.25,66,40025066,62,248396,0.4992884422110553,5.472020099987276
4,250,0.25,0.8,0.25,67,40025067,62,251430,0.5053869346733668,4.621175199979916
4,250,0.25,0.8,0.25,68,40025068,62,248563,0.4996241206030151,5.5037981000496075
4,250,0.25,0.8,0.25,69,40025069,62,247538,0.49756381909547737,5.395756299956702
4,250,0.25,0.8,0.25,70,40025070,62,249981,0.5024743718592964,5.186439000070095
4,250,0.25,0.8,0.25,71,40025071,62,248520,0.4995376884422111,5.234675899962895
4,250,0.25,0.8,0.25,72,40025072,62,247685,0.49785929648241206,5.278768399963155
4,250,0.25,0.8,0.25,73,40025073,62,247747,0.49798391959798993,5.301920099998824
4,250,0.25,0.8,0.25,74,40025074,62,251454,0.505435175879397,5.11915990000125
4,250,0.25,0.8,0.25,75,40025075,62,247523,0.49753366834170853,5.31329670001287
4,250,0.25,0.8,0.25,76,40025076,62,249627,0.5017628140703517,5.205921099986881
4,250,0.25,0.8,0.25,77,40025077,62,249450,0.5014070351758794,5.336881299968809
4,250,0.25,0.8,0.25,78,40025078,62,247185,0.4968542713567839,5.303057599929161
4,250,0.25,0.8,0.25,79,40025079,62,247392,0.49727035175879397,5.2346628999803215
4,250,0.25,0.8,0.25,80,40025080,62,248240,0.4989748743718593,5.1315618000226095
4,250,0.25,0.8,0.25,81,40025081,62,249368,0.5012422110552763,5.216155300033279
4,250,0.25,0.8,0.25,82,40025082,62,248609,0.4997165829145729,5.178563299938105
4,250,0.25,0.8,0.25,83,40025083,62,250465,0.5034472361809045,5.040051400079392
4,250,0.25,0.8,0.25,84,40025084,62,249036,0.5005748743718593,5.130514600081369
4,250,0.25,0.8,0.25,85,40025085,62,249476,0.501459296482412,5.199791399994865
4,250,0.25,0.8,0.25,86,40025086,62,247576,0.49764020100502515,5.066576100070961
4,250,0.25,0.8,0.25,87,40025087,62,249807,0.5021246231155779,5.205676099983975
4,250,0.25,0.8,0.25,88,40025088,62,247545,0.4975778894472362,5.034522800007835
4,250,0.25,0.8,0.25,89,40025089,62,247122,0.4967276381909548,5.097336699953303
4,250,0.25,0.8,0.25,90,40025090,62,248882,0.5002653266331658,5.181058300076984
4,250,0.25,0.8,0.25,91,40025091,62,249608,0.5017246231155779,5.049812200013548
4,250,0.25,0.8,0.25,92,40025092,62,248062,0.4986170854271357,5.174849799950607
4,250,0.25,0.8,0.25,93,40025093,62,248723,0.49994572864321607,5.093919800012372
4,250,0.25,0.8,0.25,94,40025094,62,247244,0.49697286432160803,5.176496300031431
4,250,0.25,0.8,0.25,95,40025095,62,247550,0.49758793969849247,5.138376999995671
4,250,0.25,0.8,0.25,96,40025096,62,248498,0.4994934673366834,5.173318299930543
4,250,0.25,0.8,0.25,97,40025097,62,249729,0.5019678391959799,5.175515100010671
4,250,0.25,0.8,0.25,98,40025098,62,251392,0.5053105527638191,5.162733800010756
4,250,0.25,0.8,0.25,99,40025099,62,247494,0.4974753768844221,5.218898199964315
4,250,0.25,0.8,0.30000000000000004,0,40030000,75,247846,0.49818291457286434,5.154662400018424
4,250,0.25,0.8,0.30000000000000004,1,40030001,75,247924,0.4983396984924623,5.180939899990335
4,250,0.25,0.8,0.30000000000000004,2,40030002,75,251853,0.5062371859296483,5.182571499957703
4,250,0.25,0.8,0.30000000000000004,3,40030003,75,248950,0.5004020100502513,5.252238299930468
4,250,0.25,0.8,0.30000000000000004,4,40030004,75,249350,0.5012060301507538,5.1446082999464124
4,250,0.25,0.8,0.30000000000000004,5,40030005,75,248631,0.4997608040201005,5.142365799983963
4,250,0.25,0.8,0.30000000000000004,6,40030006,75,248779,0.5000582914572864,5.0800147000700235
4,250,0.25,0.8,0.30000000000000004,7,40030007,75,249082,0.5006673366834171,5.331471199984662
4,250,0.25,0.8,0.30000000000000004,8,40030008,75,248845,0.5001909547738693,5.345552399987355
4,250,0.25,0.8,0.30000000000000004,9,40030009,75,248709,0.4999175879396985,5.190536399953999
4,250,0.25,0.8,0.30000000000000004,10,40030010,75,250741,0.5040020100502512,5.068117900053039
4,250,0.25,0.8,0.30000000000000004,11,40030011,75,247561,0.49761005025125626,5.377422299934551
4,250,0.25,0.8,0.30000000000000004,12,40030012,75,249465,0.5014371859296483,5.157344400067814
4,250,0.25,0.8,0.30000000000000004,13,40030013,75,247847,0.4981849246231156,5.124015600071289
4,250,0.25,0.8,0.30000000000000004,14,40030014,75,250653,0.5038251256281407,5.367621300043538
4,250,0.25,0.8,0.30000000000000004,15,40030015,75,249656,0.5018211055276381,5.125203700037673
4,250,0.25,0.8,0.30000000000000004,16,40030016,75,250133,0.5027798994974875,5.180155600071885
4,250,0.25,0.8,0.30000000000000004,17,40030017,75,248833,0.5001668341708543,5.229653699905612
4,250,0.25,0.8,0.30000000000000004,18,40030018,75,247855,0.49820100502512565,5.203082100022584
4,250,0.25,0.8,0.30000000000000004,19,40030019,75,250598,0.5037145728643216,5.308027600054629
4,250,0.25,0.8,0.30000000000000004,20,40030020,75,249837,0.5021849246231156,5.197846300085075
4,250,0.25,0.8,0.30000000000000004,21,40030021,75,250379,0.5032743718592965,5.2659815000370145
4,250,0.25,0.8,0.30000000000000004,22,40030022,75,249833,0.5021768844221105,5.2257999000139534
4,250,0.25,0.8,0.30000000000000004,23,40030023,75,251628,0.5057849246231155,5.265654299990274
4,250,0.25,0.8,0.30000000000000004,24,40030024,75,248521,0.4995396984924623,5.19478910008911
4,250,0.25,0.8,0.30000000000000004,25,40030025,75,251768,0.5060663316582915,5.215190000017174
4,250,0.25,0.8,0.30000000000000004,26,40030026,75,251195,0.5049145728643216,5.2325485000619665
4,250,0.25,0.8,0.30000000000000004,27,40030027,75,250517,0.5035517587939699,5.254892500001006
4,250,0.25,0.8,0.30000000000000004,28,40030028,75,249447,0.5014010050251256,5.284281599917449
4,250,0.25,0.8,0.30000000000000004,29,40030029,75,247741,0.4979718592964824,5.309510599938221
4,250,0.25,0.8,0.30000000000000004,30,40030030,75,250748,0.5040160804020101,5.38091439998243
4,250,0.25,0.8,0.30000000000000004,31,40030031,75,247789,0.4980683417085427,5.017815300030634
4,250,0.25,0.8,0.30000000000000004,32,40030032,75,250515,0.5035477386934674,5.056230399990454
4,250,0.25,0.8,0.30000000000000004,33,40030033,75,250820,0.5041608040201006,5.281138299964368
4,250,0.25,0.8,0.30000000000000004,34,40030034,75,248679,0.4998572864321608,5.026491400087252
4,250,0.25,0.8,0.30000000000000004,35,40030035,75,247510,0.4975075376884422,5.302261400036514
4,250,0.25,0.8,0.30000000000000004,36,40030036,75,251388,0.5053025125628141,5.335021000006236
4,250,0.25,0.8,0.30000000000000004,37,40030037,75,255228,0.5130211055276382,5.480064500006847
4,250,0.25,0.8,0.30000000000000004,38,40030038,75,247790,0.498070351758794,5.219402800081298
4,250,0.25,0.8,0.30000000000000004,39,40030039,75,248803,0.5001065326633166,5.413255299907178
4,250,0.25,0.8,0.30000000000000004,40,40030040,75,248750,0.5,5.6197574000107124
4,250,0.25,0.8,0.30000000000000004,41,40030041,75,248689,0.4998773869346734,5.474536500056274
4,250,0.25,0.8,0.30000000000000004,42,40030042,75,247568,0.4976241206030151,5.428619900019839
4,250,0.25,0.8,0.30000000000000004,43,40030043,75,248676,0.49985125628140703,5.25844300002791
4,250,0.25,0.8,0.30000000000000004,44,40030044,75,248443,0.4993829145728643,4.907581300009042
4,250,0.25,0.8,0.30000000000000004,45,40030045,75,248496,0.4994894472361809,4.921251000021584
4,250,0.25,0.8,0.30000000000000004,46,40030046,75,251456,0.5054391959798995,4.924492400023155
4,250,0.25,0.8,0.30000000000000004,47,40030047,75,250476,0.5034693467336684,5.280169900041074
4,250,0.25,0.8,0.30000000000000004,48,40030048,75,248476,0.4994492462311558,5.164882800076157
4,250,0.25,0.8,0.30000000000000004,49,40030049,75,250887,0.5042954773869347,5.374188399990089
4,250,0.25,0.8,0.30000000000000004,50,40030050,75,248646,0.49979095477386937,5.232485300046392
4,250,0.25,0.8,0.30000000000000004,51,40030051,75,250739,0.5039979899497488,5.0675206000451
4,250,0.25,0.8,0.30000000000000004,52,40030052,75,250895,0.5043115577889448,5.059240899980068
4,250,0.25,0.8,0.30000000000000004,53,40030053,75,248456,0.49940904522613067,5.0670114000095055
4,250,0.25,0.8,0.30000000000000004,54,40030054,75,248872,0.5002452261306533,5.257798000006005
4,250,0.25,0.8,0.30000000000000004,55,40030055,75,250308,0.5031316582914573,5.338728399947286
4,250,0.25,0.8,0.30000000000000004,56,40030056,75,247309,0.4971035175879397,5.228424899978563
4,250,0.25,0.8,0.30000000000000004,57,40030057,75,247654,0.4977969849246231,5.350558600039221
4,250,0.25,0.8,0.30000000000000004,58,40030058,75,249645,0.5017989949748743,5.3702251999638975
4,250,0.25,0.8,0.30000000000000004,59,40030059,75,255870,0.5143115577889448,5.250089399982244
4,250,0.25,0.8,0.30000000000000004,60,40030060,75,248914,0.5003296482412061,5.207572499988601
4,250,0.25,0.8,0.30000000000000004,61,40030061,75,248822,0.5001447236180905,5.251970199984498
4,250,0.25,0.8,0.30000000000000004,62,40030062,75,248570,0.49963819095477385,5.154206399922259
4,250,0.25,0.8,0.30000000000000004,63,40030063,75,253618,0.5097849246231155,5.210744200041518
4,250,0.25,0.8,0.30000000000000004,64,40030064,75,247490,0.4974673366834171,5.1107446000678465
4,250,0.25,0.8,0.30000000000000004,65,40030065,75,248563,0.4996241206030151,5.129320700070821
4,250,0.25,0.8,0.30000000000000004,66,40030066,75,251794,0.5061185929648241,5.2247230999637395
4,250,0.25,0.8,0.30000000000000004,67,40030067,75,249965,0.5024422110552764,5.234315500012599
4,250,0.25,0.8,0.30000000000000004,68,40030068,75,248620,0.4997386934673367,5.183362300042063
4,250,0.25,0.8,0.30000000000000004,69,40030069,75,250569,0.5036562814070352,5.139775700052269
4,250,0.25,0.8,0.30000000000000004,70,40030070,75,249690,0.5018894472361809,5.132389200036414
4,250,0.25,0.8,0.30000000000000004,71,40030071,75,248447,0.49939095477386936,5.132984600029886
4,250,0.25,0.8,0.30000000000000004,72,40030072,75,249673,0.5018552763819095,5.09659199998714
4,250,0.25,0.8,0.30000000000000004,73,40030073,75,254464,0.5114854271356783,5.0017043999396265
4,250,0.25,0.8,0.30000000000000004,74,40030074,75,248916,0.5003336683417086,5.117054999922402
4,250,0.25,0.8,0.30000000000000004,75,40030075,75,251787,0.5061045226130654,5.180730100022629
4,250,0.25,0.8,0.30000000000000004,76,40030076,75,249021,0.5005447236180904,5.241269599995576
4,250,0.25,0.8,0.30000000000000004,77,40030077,75,250735,0.5039899497487437,4.770463599939831
4,250,0.25,0.8,0.30000000000000004,78,40030078,75,247689,0.4978673366834171,5.218268200056627
4,250,0.25,0.8,0.30000000000000004,79,40030079,75,248459,0.4994150753768844,5.3062481000088155
4,250,0.25,0.8,0.30000000000000004,80,40030080,75,248798,0.5000964824120603,5.347890599980019
4,250,0.25,0.8,0.30000000000000004,81,40030081,75,249817,0.5021447236180905,5.194666400086135
4,250,0.25,0.8,0.30000000000000004,82,40030082,75,249544,0.5015959798994974,4.939417999936268
4,250,0.25,0.8,0.30000000000000004,83,40030083,75,253855,0.5102613065326633,5.174114500056021
4,250,0.25,0.8,0.30000000000000004,84,40030084,75,248592,0.4996824120603015,5.043527500005439
4,250,0.25,0.8,0.30000000000000004,85,40030085,75,247718,0.4979256281407035,5.114694500109181
4,250,0.25,0.8,0.30000000000000004,86,40030086,75,253581,0.509710552763819,5.157114899950102
4,250,0.25,0.8,0.30000000000000004,87,40030087,75,248688,0.49987537688442213,5.098741399939172
4,250,0.25,0.8,0.30000000000000004,88,40030088,75,248803,0.5001065326633166,5.105334599968046
4,250,0.25,0.8,0.30000000000000004,89,40030089,75,248828,0.500156783919598,5.104515299899504
4,250,0.25,0.8,0.30000000000000004,90,40030090,75,248586,0.499670351758794,5.132139599998482
4,250,0.25,0.8,0.30000000000000004,91,40030091,75,249737,0.5019839195979899,5.085905899992213
4,250,0.25,0.8,0.30000000000000004,92,40030092,75,247742,0.49797386934673366,5.0151633999776095
4,250,0.25,0.8,0.30000000000000004,93,40030093,75,249679,0.5018673366834171,5.091858600033447
4,250,0.25,0.8,0.30000000000000004,94,40030094,75,249298,0.5011015075376885,4.921005600015633
4,250,0.25,0.8,0.30000000000000004,95,40030095,75,252652,0.5078432160804021,4.997023000032641
4,250,0.25,0.8,0.30000000000000004,96,40030096,75,248775,0.5000502512562814,5.035909099970013
4,250,0.25,0.8,0.30000000000000004,97,40030097,75,251691,0.5059115577889447,4.957492000074126
4,250,0.25,0.8,0.30000000000000004,98,40030098,75,247085,0.4966532663316583,5.035378300002776
4,250,0.25,0.8,0.30000000000000004,99,40030099,75,248688,0.49987537688442213,4.908334100036882
4,250,0.25,0.8,0.35000000000000003,0,40035000,88,250706,0.5039316582914573,4.996526699978858
4,250,0.25,0.8,0.35000000000000003,1,40035001,88,248733,0.4999658291457286,4.915834599989466
4,250,0.25,0.8,0.35000000000000003,2,40035002,88,254686,0.5119316582914573,5.084455400006846
4,250,0.25,0.8,0.35000000000000003,3,40035003,88,251989,0.5065105527638191,4.955072000040673
4,250,0.25,0.8,0.35000000000000003,4,40035004,88,248777,0.5000542713567839,4.949551000026986
4,250,0.25,0.8,0.35000000000000003,5,40035005,88,251806,0.5061427135678392,4.988919099909253
4,250,0.25,0.8,0.35000000000000003,6,40035006,88,248767,0.5000341708542714,4.9960632000584155
4,250,0.25,0.8,0.35000000000000003,7,40035007,88,247748,0.49798592964824123,4.827375799999572
4,250,0.25,0.8,0.35000000000000003,8,40035008,88,250039,0.5025909547738694,4.959474800038151
4,250,0.25,0.8,0.35000000000000003,9,40035009,88,251616,0.5057608040201005,4.934265600051731
4,250,0.25,0.8,0.35000000000000003,10,40035010,88,248995,0.5004924623115578,4.924701499985531
4,250,0.25,0.8,0.35000000000000003,11,40035011,88,250738,0.5039959798994975,5.01413110003341
4,250,0.25,0.8,0.35000000000000003,12,40035012,88,250821,0.5041628140703518,4.986504100030288
4,250,0.25,0.8,0.35000000000000003,13,40035013,88,248783,0.5000663316582915,4.973378900089301
4,250,0.25,0.8,0.35000000000000003,14,40035014,88,249728,0.5019658291457286,5.004307599971071
4,250,0.25,0.8,0.35000000000000003,15,40035015,88,248034,0.4985608040201005,5.112743899924681
4,250,0.25,0.8,0.35000000000000003,16,40035016,88,248705,0.49990954773869345,5.051305199973285
4,250,0.25,0.8,0.35000000000000003,17,40035017,88,248610,0.4997185929648241,5.168248899979517
4,250,0.25,0.8,0.35000000000000003,18,40035018,88,249650,0.5018090452261307,5.225448000011966
4,250,0.25,0.8,0.35000000000000003,19,40035019,88,247960,0.49841206030150753,5.172760600107722
4,250,0.25,0.8,0.35000000000000003,20,40035020,88,250591,0.5037005025125628,5.134166199946776
4,250,0.25,0.8,0.35000000000000003,21,40035021,88,250754,0.5040281407035175,5.183461199980229
4,250,0.25,0.8,0.35000000000000003,22,40035022,88,248039,0.4985708542713568,5.209473600029014
4,250,0.25,0.8,0.35000000000000003,23,40035023,88,247923,0.49833768844221105,5.3026591000379995
4,250,0.25,0.8,0.35000000000000003,24,40035024,88,248951,0.5004040201005026,5.250068999943323
4,250,0.25,0.8,0.35000000000000003,25,40035025,88,252964,0.508470351758794,5.225415699998848
4,250,0.25,0.8,0.35000000000000003,26,40035026,88,251587,0.5057025125628141,5.1879685000749305
4,250,0.25,0.8,0.35000000000000003,27,40035027,88,253002,0.5085467336683417,5.284770300029777
4,250,0.25,0.8,0.35000000000000003,28,40035028,88,248612,0.4997226130653266,5.224514200002886
4,250,0.25,0.8,0.35000000000000003,29,40035029,88,256734,0.5160482412060301,5.210325599997304
4,250,0.25,0.8,0.35000000000000003,30,40035030,88,251590,0.5057085427135678,5.226884000003338
4,250,0.25,0.8,0.35000000000000003,31,40035031,88,253500,0.5095477386934674,5.220130399917252
4,250,0.25,0.8,0.35000000000000003,32,40035032,88,249352,0.5012100502512563,5.223023600061424
4,250,0.25,0.8,0.35000000000000003,33,40035033,88,248870,0.5002412060301508,5.182991600013338
4,250,0.25,0.8,0.35000000000000003,34,40035034,88,248994,0.5004904522613065,5.130470299976878
4,250,0.25,0.8,0.35000000000000003,35,40035035,88,247487,0.4974613065326633,5.012905800016597
4,250,0.25,0.8,0.35000000000000003,36,40035036,88,253431,0.5094090452261306,5.082133000018075
4,250,0.25,0.8,0.35000000000000003,37,40035037,88,247877,0.49824522613065325,5.010709800058976
4,250,0.25,0.8,0.35000000000000003,38,40035038,88,253471,0.509489447236181,5.003705299925059
4,250,0.25,0.8,0.35000000000000003,39,40035039,88,256797,0.5161748743718593,5.005598600022495
4,250,0.25,0.8,0.35000000000000003,40,40035040,88,247963,0.4984180904522613,4.876173200085759
4,250,0.25,0.8,0.35000000000000003,41,40035041,88,251791,0.5061125628140704,4.95347569999285
4,250,0.25,0.8,0.35000000000000003,42,40035042,88,248957,0.50041608040201,4.82121179997921
4,250,0.25,0.8,0.35000000000000003,43,40035043,88,251404,0.5053346733668341,4.90865009999834
4,250,0.25,0.8,0.35000000000000003,44,40035044,88,250166,0.5028462311557789,4.896131300018169
4,250,0.25,0.8,0.35000000000000003,45,40035045,88,248711,0.499921608040201,5.018371999962255
4,250,0.25,0.8,0.35000000000000003,46,40035046,88,249878,0.502267336683417,4.939856800017878
4,250,0.25,0.8,0.35000000000000003,47,40035047,88,251936,0.5064040201005026,4.9346774000441656
4,250,0.25,0.8,0.35000000000000003,48,40035048,88,247671,0.4978311557788945,4.922661499935202
4,250,0.25,0.8,0.35000000000000003,49,40035049,88,249774,0.5020582914572864,4.876641899929382
4,250,0.25,0.8,0.35000000000000003,50,40035050,88,249746,0.5020020100502512,4.903201500070281
4,250,0.25,0.8,0.35000000000000003,51,40035051,88,248657,0.49981306532663317,4.915483599994332
4,250,0.25,0.8,0.35000000000000003,52,40035052,88,256059,0.5146914572864322,4.902137900004163
4,250,0.25,0.8,0.35000000000000003,53,40035053,88,250782,0.5040844221105527,4.880217100027949
4,250,0.25,0.8,0.35000000000000003,54,40035054,88,253475,0.5094974874371859,4.8135661999695
4,250,0.25,0.8,0.35000000000000003,55,40035055,88,252568,0.5076743718592965,4.965132200042717
4,250,0.25,0.8,0.35000000000000003,56,40035056,88,250586,0.5036904522613065,4.89316430001054
4,250,0.25,0.8,0.35000000000000003,57,40035057,88,249591,0.5016904522613065,4.961183300008997
4,250,0.25,0.8,0.35000000000000003,58,40035058,88,250738,0.5039959798994975,4.8267464999808
4,250,0.25,0.8,0.35000000000000003,59,40035059,88,250889,0.5042994974874372,4.829606399987824
4,250,0.25,0.8,0.35000000000000003,60,40035060,88,252724,0.5079879396984924,4.943435000022873
4,250,0.25,0.8,0.35000000000000003,61,40035061,88,250793,0.5041065326633166,4.846500499988906
4,250,0.25,0.8,0.35000000000000003,62,40035062,88,248637,0.49977286432160806,4.862575300037861
4,250,0.25,0.8,0.35000000000000003,63,40035063,88,247737,0.4979638190954774,5.032722200034186
4,250,0.25,0.8,0.35000000000000003,64,40035064,88,249938,0.5023879396984925,4.806104400078766
4,250,0.25,0.8,0.35000000000000003,65,40035065,88,252701,0.5079417085427136,4.922350600012578
4,250,0.25,0.8,0.35000000000000003,66,40035066,88,249782,0.5020743718592965,5.045506699942052
4,250,0.25,0.8,0.35000000000000003,67,40035067,88,249842,0.5021949748743718,5.008347399998456
4,250,0.25,0.8,0.35000000000000003,68,40035068,88,250860,0.5042412060301508,5.063003699993715
4,250,0.25,0.8,0.35000000000000003,69,40035069,88,255679,0.5139276381909548,5.2145073000574484
4,250,0.25,0.8,0.35000000000000003,70,40035070,88,248586,0.499670351758794,5.122731300070882
4,250,0.25,0.8,0.35000000000000003,71,40035071,88,252550,0.5076381909547739,5.076029099989682
4,250,0.25,0.8,0.35000000000000003,72,40035072,88,253570,0.5096884422110552,5.122229199972935
4,250,0.25,0.8,0.35000000000000003,73,40035073,88,254745,0.5120502512562815,5.1962235000682995
4,250,0.25,0.8,0.35000000000000003,74,40035074,88,249922,0.5023557788944724,5.256218700087629
4,250,0.25,0.8,0.35000000000000003,75,40035075,88,254361,0.511278391959799,5.250872200005688
4,250,0.25,0.8,0.35000000000000003,76,40035076,88,252669,0.5078773869346733,5.192482600104995
4,250,0.25,0.8,0.35000000000000003,77,40035077,88,247699,0.49788743718592965,5.160039499984123
4,250,0.25,0.8,0.35000000000000003,78,40035078,88,251573,0.5056743718592965,5.238167000003159
4,250,0.25,0.8,0.35000000000000003,79,40035079,88,251898,0.5063276381909547,5.275572900078259
4,250,0.25,0.8,0.35000000000000003,80,40035080,88,248519,0.4995356783919598,5.210393400047906
4,250,0.25,0.8,0.35000000000000003,81,40035081,88,250701,0.503921608040201,5.236119200009853
4,250,0.25,0.8,0.35000000000000003,82,40035082,88,251874,0.5062793969849246,5.172763700014912
4,250,0.25,0.8,0.35000000000000003,83,40035083,88,247634,0.497756783919598,5.179893599939533
4,250,0.25,0.8,0.35000000000000003,84,40035084,88,249844,0.5021989949748744,5.19103330001235
4,250,0.25,0.8,0.35000000000000003,85,40035085,88,248989,0.5004804020100503,5.123421599972062
4,250,0.25,0.8,0.35000000000000003,86,40035086,88,251256,0.5050371859296482,5.229185500065796
4,250,0.25,0.8,0.35000000000000003,87,40035087,88,248706,0.49991155778894475,5.098705900018103
4,250,0.25,0.8,0.35000000000000003,88,40035088,88,250692,0.5039035175879397,5.11667960009072
4,250,0.25,0.8,0.35000000000000003,89,40035089,88,250718,0.5039557788944724,5.111625300021842
4,250,0.25,0.8,0.35000000000000003,90,40035090,88,247238,0.4969608040201005,5.017160299932584
4,250,0.25,0.8,0.35000000000000003,91,40035091,88,251730,0.5059899497487437,5.128671700018458
4,250,0.25,0.8,0.35000000000000003,92,40035092,88,251456,0.5054391959798995,4.911352299968712
4,250,0.25,0.8,0.35000000000000003,93,40035093,88,250403,0.5033226130653267,5.074421999976039
4,250,0.25,0.8,0.35000000000000003,94,40035094,88,251670,0.5058693467336683,4.98907569993753
4,250,0.25,0.8,0.35000000000000003,95,40035095,88,251801,0.5061326633165829,5.058766899979673
4,250,0.25,0.8,0.35000000000000003,96,40035096,88,250881,0.5042834170854271,5.040328200091608
4,250,0.25,0.8,0.35000000000000003,97,40035097,88,251904,0.5063396984924623,4.928715999936685
4,250,0.25,0.8,0.35000000000000003,98,40035098,88,248804,0.5001085427135679,5.027198700001463
4,250,0.25,0.8,0.35000000000000003,99,40035099,88,248590,0.499678391959799,4.999696800019592
4,250,0.25,0.8,0.4,0,40040000,100,248932,0.5003658291457287,5.100265100016259
4,250,0.25,0.8,0.4,1,40040001,100,249028,0.5005587939698493,4.87362219998613
4,250,0.25,0.8,0.4,2,40040002,100,250706,0.5039316582914573,5.072543599992059
4,250,0.25,0.8,0.4,3,40040003,100,252871,0.5082834170854271,4.992620200035162
4,250,0.25,0.8,0.4,4,40040004,100,250898,0.5043175879396985,4.960294799995609
4,250,0.25,0.8,0.4,5,40040005,100,253892,0.5103356783919598,4.881339499959722
4,250,0.25,0.8,0.4,6,40040006,100,249831,0.502172864321608,4.841452599968761
4,250,0.25,0.8,0.4,7,40040007,100,249031,0.500564824120603,4.76713860000018
4,250,0.25,0.8,0.4,8,40040008,100,254638,0.511835175879397,4.9746157000772655
4,250,0.25,0.8,0.4,9,40040009,100,255829,0.5142291457286432,5.014386099996045
4,250,0.25,0.8,0.4,10,40040010,100,249628,0.501764824120603,4.914954600040801
4,250,0.25,0.8,0.4,11,40040011,100,254813,0.5121869346733668,4.855086500057951
4,250,0.25,0.8,0.4,12,40040012,100,251755,0.5060402010050251,4.896839000051841
4,250,0.25,0.8,0.4,13,40040013,100,251713,0.5059557788944724,4.896318899933249
4,250,0.25,0.8,0.4,14,40040014,100,253802,0.5101547738693467,4.7704384999815375
4,250,0.25,0.8,0.4,15,40040015,100,252858,0.5082572864321608,4.845986800035462
4,250,0.25,0.8,0.4,16,40040016,100,250862,0.5042452261306533,4.764047699980438
4,250,0.25,0.8,0.4,17,40040017,100,253827,0.5102050251256282,4.88299700000789
4,250,0.25,0.8,0.4,18,40040018,100,255673,0.5139155778894472,4.996302400017157
4,250,0.25,0.8,0.4,19,40040019,100,251708,0.5059457286432161,4.81459470000118
4,250,0.25,0.8,0.4,20,40040020,100,251507,0.5055417085427135,4.982962799957022
4,250,0.25,0.8,0.4,21,40040021,100,249632,0.5017728643216081,4.850310800014995
4,250,0.25,0.8,0.4,22,40040022,100,254900,0.5123618090452261,4.945164400036447
4,250,0.25,0.8,0.4,23,40040023,100,250522,0.5035618090452262,4.994225399917923
4,250,0.25,0.8,0.4,24,40040024,100,250510,0.503537688442211,4.996394200017676
4,250,0.25,0.8,0.4,25,40040025,100,251852,0.506235175879397,5.012535699992441
4,250,0.25,0.8,0.4,26,40040026,100,250192,0.5028984924623116,4.9947088999906555
4,250,0.25,0.8,0.4,27,40040027,100,249697,0.5019035175879397,5.060661400086246
4,250,0.25,0.8,0.4,28,40040028,100,251946,0.5064241206030151,5.136457600048743
4,250,0.25,0.8,0.4,29,40040029,100,250923,0.5043678391959799,5.042331900098361
4,250,0.25,0.8,0.4,30,40040030,100,249905,0.502321608040201,5.078057599952444
4,250,0.25,0.8,0.4,31,40040031,100,252800,0.5081407035175879,5.140002200030722
4,250,0.25,0.8,0.4,32,40040032,100,253682,0.509913567839196,5.005787500063889
4,250,0.25,0.8,0.4,33,40040033,100,251939,0.5064100502512563,5.0016969999996945
4,250,0.25,0.8,0.4,34,40040034,100,249983,0.502478391959799,4.995379599975422
4,250,0.25,0.8,0.4,35,40040035,100,250900,0.504321608040201,4.961183299892582
4,250,0.25,0.8,0.4,36,40040036,100,250999,0.5045206030150754,4.997458899975754
4,250,0.25,0.8,0.4,37,40040037,100,249832,0.5021748743718593,4.9209123000036925
4,250,0.25,0.8,0.4,38,40040038,100,252911,0.5083638190954773,5.043822099920362
4,250,0.25,0.8,0.4,39,40040039,100,253562,0.5096723618090452,4.841841800021939
4,250,0.25,0.8,0.4,40,40040040,100,248505,0.4995075376884422,5.033119399915449
4,250,0.25,0.8,0.4,41,40040041,100,250845,0.5042110552763819,4.878043199889362
4,250,0.25,0.8,0.4,42,40040042,100,249546,0.5016,4.972166299936362
4,250,0.25,0.8,0.4,43,40040043,100,261634,0.5258974874371859,4.881253700004891
4,250,0.25,0.8,0.4,44,40040044,100,254773,0.5121065326633166,5.045166499912739
4,250,0.25,0.8,0.4,45,40040045,100,252020,0.5065728643216081,4.965629399986938
4,250,0.25,0.8,0.4,46,40040046,100,252831,0.5082030150753769,4.8348050999920815
4,250,0.25,0.8,0.4,47,40040047,100,255930,0.5144321608040201,5.028372499975376
4,250,0.25,0.8,0.4,48,40040048,100,250943,0.504408040201005,4.888626600033604
4,250,0.25,0.8,0.4,49,40040049,100,251774,0.506078391959799,4.99712279997766
4,250,0.25,0.8,0.4,50,40040050,100,256540,0.5156582914572865,5.0447688000276685
4,250,0.25,0.8,0.4,51,40040051,100,252998,0.5085386934673367,5.051215199986473
4,250,0.25,0.8,0.4,52,40040052,100,250891,0.5043035175879397,5.04139660007786
4,250,0.25,0.8,0.4,53,40040053,100,253721,0.5099919597989949,4.989448800100945
4,250,0.25,0.8,0.4,54,40040054,100,253849,0.5102492462311558,5.063340199994855
4,250,0.25,0.8,0.4,55,40040055,100,254694,0.5119477386934673,5.2955335000297055
4,250,0.25,0.8,0.4,56,40040056,100,250665,0.5038492462311558,5.1974368999945
4,250,0.25,0.8,0.4,57,40040057,100,254796,0.5121527638190955,5.081029399996623
4,250,0.25,0.8,0.4,58,40040058,100,258867,0.5203356783919598,5.15883979992941
4,250,0.25,0.8,0.4,59,40040059,100,251942,0.50641608040201,5.182220799964853
4,250,0.25,0.8,0.4,60,40040060,100,257253,0.5170914572864321,5.155608200002462
4,250,0.25,0.8,0.4,61,40040061,100,251910,0.5063517587939699,5.195513800019398
4,250,0.25,0.8,0.4,62,40040062,100,248078,0.49864924623115575,5.124838599935174
4,250,0.25,0.8,0.4,63,40040063,100,256643,0.5158653266331659,5.162940099951811
4,250,0.25,0.8,0.4,64,40040064,100,250717,0.503953768844221,5.181971600046381
4,250,0.25,0.8,0.4,65,40040065,100,252450,0.5074371859296483,5.147541900048964
4,250,0.25,0.8,0.4,66,40040066,100,252828,0.5081969849246231,5.152341500041075
4,250,0.25,0.8,0.4,67,40040067,100,250594,0.5037065326633166,5.160990400006995
4,250,0.25,0.8,0.4,68,40040068,100,256700,0.5159798994974875,5.203867999953218
4,250,0.25,0.8,0.4,69,40040069,100,254786,0.5121326633165829,5.164489799994044
4,250,0.25,0.8,0.4,70,40040070,100,249611,0.5017306532663317,5.172926499973983
4,250,0.25,0.8,0.4,71,40040071,100,250594,0.5037065326633166,5.061497200047597
4,250,0.25,0.8,0.4,72,40040072,100,249595,0.5016984924623116,4.995673800003715
4,250,0.25,0.8,0.4,73,40040073,100,250685,0.5038894472361809,5.04828289989382
4,250,0.25,0.8,0.4,74,40040074,100,253940,0.5104321608040201,5.05590600008145
4,250,0.25,0.8,0.4,75,40040075,100,249768,0.5020462311557788,5.039214699994773
4,250,0.25,0.8,0.4,76,40040076,100,250707,0.5039336683417085,4.9842758000595495
4,250,0.25,0.8,0.4,77,40040077,100,249784,0.502078391959799,4.9967726999893785
4,250,0.25,0.8,0.4,78,40040078,100,251878,0.5062874371859296,4.992493300000206
4,250,0.25,0.8,0.4,79,40040079,100,250714,0.5039477386934673,5.05979590001516
4,250,0.25,0.8,0.4,80,40040080,100,251020,0.5045628140703518,4.939497000072151
4,250,0.25,0.8,0.4,81,40040081,100,251891,0.506313567839196,4.931003300007433
4,250,0.25,0.8,0.4,82,40040082,100,249732,0.5019738693467337,4.996798900072463
4,250,0.25,0.8,0.4,83,40040083,100,251951,0.5064341708542713,4.963055000058375
4,250,0.25,0.8,0.4,84,40040084,100,255623,0.5138150753768844,5.00183179997839
4,250,0.25,0.8,0.4,85,40040085,100,253778,0.5101065326633166,5.000289299990982
4,250,0.25,0.8,0.4,86,40040086,100,252059,0.5066512562814071,5.058361800038256
4,250,0.25,0.8,0.4,87,40040087,100,252747,0.5080341708542714,5.043971100007184
4,250,0.25,0.8,0.4,88,40040088,100,255855,0.5142814070351759,5.056908699916676
4,250,0.25,0.8,0.4,89,40040089,100,251960,0.5064522613065326,4.984751199954189
4,250,0.25,0.8,0.4,90,40040090,100,253636,0.5098211055276382,4.968000499997288
4,250,0.25,0.8,0.4,91,40040091,100,254987,0.5125366834170855,5.014236899907701
4,250,0.25,0.8,0.4,92,40040092,100,258752,0.5201045226130653,4.916193599929102
4,250,0.25,0.8,0.4,93,40040093,100,249766,0.5020422110552764,5.013322800048627
4,250,0.25,0.8,0.4,94,40040094,100,251763,0.5060562814070352,5.006200399948284
4,250,0.25,0.8,0.4,95,40040095,100,254931,0.5124241206030151,4.980814500013366
4,250,0.25,0.8,0.4,96,40040096,100,253509,0.5095658291457287,5.027553699910641
4,250,0.25,0.8,0.4,97,40040097,100,252823,0.5081869346733668,5.072274899925105
4,250,0.25,0.8,0.4,98,40040098,100,257617,0.5178231155778894,5.031533299945295
4,250,0.25,0.8,0.4,99,40040099,100,253727,0.5100040201005025,5.238195600104518
4,250,0.25,0.8,0.45,0,40045000,112,249816,0.5021427135678392,5.2054292999673635
4,250,0.25,0.8,0.45,1,40045001,112,256882,0.516345728643216,5.254915299941786
4,250,0.25,0.8,0.45,2,40045002,112,247379,0.49724422110552763,5.180596699938178
4,250,0.25,0.8,0.45,3,40045003,112,251790,0.5061105527638191,5.013335799914785
4,250,0.25,0.8,0.45,4,40045004,112,254913,0.5123879396984925,5.163398499949835
4,250,0.25,0.8,0.45,5,40045005,112,249813,0.5021366834170854,5.6833807999501005
4,250,0.25,0.8,0.45,6,40045006,112,252681,0.5079015075376885,4.995965300011449
4,250,0.25,0.8,0.45,7,40045007,112,256863,0.5163075376884422,5.477195400046185
4,250,0.25,0.8,0.45,8,40045008,112,254941,0.5124442211055277,5.1557288999902084
4,250,0.25,0.8,0.45,9,40045009,112,258731,0.5200623115577889,5.638149800011888
4,250,0.25,0.8,0.45,10,40045010,112,255032,0.5126271356783919,5.240606000064872
4,250,0.25,0.8,0.45,11,40045011,112,257607,0.5178030150753768,5.066075699985959
4,250,0.25,0.8,0.45,12,40045012,112,248924,0.5003497487437186,5.500756700057536
4,250,0.25,0.8,0.45,13,40045013,112,249729,0.5019678391959799,4.9763139999704435
4,250,0.25,0.8,0.45,14,40045014,112,257814,0.518219095477387,5.565002999966964
4,250,0.25,0.8,0.45,15,40045015,112,252995,0.5085326633165829,4.899810599978082
4,250,0.25,0.8,0.45,16,40045016,112,248647,0.4997929648241206,5.076789800077677
4,250,0.25,0.8,0.45,17,40045017,112,254619,0.5117969849246231,5.320519499946386
4,250,0.25,0.8,0.45,18,40045018,112,253977,0.5105065326633166,5.31215729995165
4,250,0.25,0.8,0.45,19,40045019,112,249668,0.5018452261306533,5.2975217999191955
4,250,0.25,0.8,0.45,20,40045020,112,249935,0.5023819095477386,5.319841699907556
4,250,0.25,0.8,0.45,21,40045021,112,252994,0.5085306532663316,5.26002739998512
4,250,0.25,0.8,0.45,22,40045022,112,249831,0.502172864321608,5.254271799931303
4,250,0.25,0.8,0.45,23,40045023,112,251081,0.5046854271356784,5.375774500076659
4,250,0.25,0.8,0.45,24,40045024,112,250040,0.5025929648241206,5.420185399940237
4,250,0.25,0.8,0.45,25,40045025,112,250331,0.5031778894472362,5.476653899997473
4,250,0.25,0.8,0.45,26,40045026,112,250958,0.5044381909547738,5.293090000050142
4,250,0.25,0.8,0.45,27,40045027,112,252712,0.5079638190954774,5.476620899979025
4,250,0.25,0.8,0.45,28,40045028,112,252727,0.5079939698492463,5.35539569996763
4,250,0.25,0.8,0.45,29,40045029,112,254914,0.5123899497487437,5.4065003000432625
4,250,0.25,0.8,0.45,30,40045030,112,262656,0.5279517587939698,5.43978400004562
4,250,0.25,0.8,0.45,31,40045031,112,255912,0.5143959798994975,5.427733700023964
4,250,0.25,0.8,0.45,32,40045032,112,251926,0.5063839195979899,5.441549300099723
4,250,0.25,0.8,0.45,33,40045033,112,252902,0.508345728643216,5.409117600065656
4,250,0.25,0.8,0.45,34,40045034,112,251518,0.5055638190954774,5.91097109997645
4,250,0.25,0.8,0.45,35,40045035,112,251968,0.5064683417085427,5.3659846999216825
4,250,0.25,0.8,0.45,36,40045036,112,264825,0.5323115577889447,5.277247300022282
4,250,0.25,0.8,0.45,37,40045037,112,251039,0.5046010050251256,5.278504000045359
4,250,0.25,0.8,0.45,38,40045038,112,250966,0.5044542713567839,6.073311599902809
4,250,0.25,0.8,0.45,39,40045039,112,251940,0.5064120603015075,5.052844100049697
4,250,0.25,0.8,0.45,40,40045040,112,253027,0.5085969849246231,6.074496499961242
4,250,0.25,0.8,0.45,41,40045041,112,252826,0.5081929648241206,5.249776800046675
4,250,0.25,0.8,0.45,42,40045042,112,251869,0.5062693467336683,6.307270499994047
4,250,0.25,0.8,0.45,43,40045043,112,252074,0.5066814070351758,4.778694700100459
4,250,0.25,0.8,0.45,44,40045044,112,255700,0.5139698492462311,5.4161273000063375
4,250,0.25,0.8,0.45,45,40045045,112,255434,0.513435175879397,5.372737800003961
4,250,0.25,0.8,0.45,46,40045046,112,256768,0.5161165829145729,5.739264799980447
4,250,0.25,0.8,0.45,47,40045047,112,261642,0.525913567839196,5.014182299957611
4,250,0.25,0.8,0.45,48,40045048,112,251857,0.5062452261306533,5.433489500079304
4,250,0.25,0.8,0.45,49,40045049,112,249887,0.5022854271356784,5.113061600015499
4,250,0.25,0.8,0.45,50,40045050,112,252881,0.5083035175879397,5.579330499982461
4,250,0.25,0.8,0.45,51,40045051,112,253685,0.5099195979899498,5.509041900048032
4,250,0.25,0.8,0.45,52,40045052,112,255994,0.5145608040201005,5.681984499911778
4,250,0.25,0.8,0.45,53,40045053,112,258038,0.5186693467336684,5.254186799982563
4,250,0.25,0.8,0.45,54,40045054,112,252611,0.5077608040201005,5.329905400052667
4,250,0.25,0.8,0.45,55,40045055,112,257556,0.5177005025125628,5.468964300001971
4,250,0.25,0.8,0.45,56,40045056,112,253905,0.5103618090452261,5.48055909993127
4,250,0.25,0.8,0.45,57,40045057,112,250894,0.5043095477386935,5.2793689999962226
4,250,0.25,0.8,0.45,58,40045058,112,253850,0.510251256281407,5.559658500016667
4,250,0.25,0.8,0.45,59,40045059,112,252822,0.5081849246231156,5.485728000057861
4,250,0.25,0.8,0.45,60,40045060,112,254836,0.5122331658291457,5.453136599971913
4,250,0.25,0.8,0.45,61,40045061,112,254291,0.5111376884422111,5.345447100000456
4,250,0.25,0.8,0.45,62,40045062,112,254820,0.5122010050251257,5.328084000037052
4,250,0.25,0.8,0.45,63,40045063,112,252877,0.5082954773869347,5.3832922000437975
4,250,0.25,0.8,0.45,64,40045064,112,252667,0.5078733668341708,5.310565899941139
4,250,0.25,0.8,0.45,65,40045065,112,251010,0.5045427135678392,5.216597500024363
4,250,0.25,0.8,0.45,66,40045066,112,252854,0.5082492462311557,5.316028300090693
4,250,0.25,0.8,0.45,67,40045067,112,257949,0.5184904522613065,5.307178299990483
4,250,0.25,0.8,0.45,68,40045068,112,257926,0.5184442211055277,5.259254500037059
4,250,0.25,0.8,0.45,69,40045069,112,252808,0.508156783919598,5.547720000031404
4,250,0.25,0.8,0.45,70,40045070,112,253139,0.5088221105527638,5.319008099962957
4,250,0.25,0.8,0.45,71,40045071,112,253108,0.5087597989949749,5.314649199950509
4,250,0.25,0.8,0.45,72,40045072,112,253994,0.510540703517588,5.509552499977872
4,250,0.25,0.8,0.45,73,40045073,112,254530,0.5116180904522613,5.503294299938716
4,250,0.25,0.8,0.45,74,40045074,112,257759,0.5181085427135679,5.332301499904133
4,250,0.25,0.8,0.45,75,40045075,112,259832,0.5222753768844222,5.4877022000728175
4,250,0.25,0.8,0.45,76,40045076,112,250833,0.5041869346733668,5.221633999957703
4,250,0.25,0.8,0.45,77,40045077,112,249760,0.5020301507537689,5.554075499996543
4,250,0.25,0.8,0.45,78,40045078,112,257620,0.5178291457286432,5.33255279995501
4,250,0.25,0.8,0.45,79,40045079,112,254158,0.5108703517587939,5.244334299932234
4,250,0.25,0.8,0.45,80,40045080,112,253935,0.5104221105527638,5.303847400005907
4,250,0.25,0.8,0.45,81,40045081,112,250852,0.5042251256281407,5.288350700051524
4,250,0.25,0.8,0.45,82,40045082,112,249705,0.5019195979899498,5.308723299996927
4,250,0.25,0.8,0.45,83,40045083,112,250950,0.5044221105527639,5.155097199953161
4,250,0.25,0.8,0.45,84,40045084,112,252922,0.5083859296482413,5.266854500048794
4,250,0.25,0.8,0.45,85,40045085,112,251068,0.504659296482412,5.311509400024079
4,250,0.25,0.8,0.45,86,40045086,112,254678,0.5119155778894472,5.313792600063607
4,250,0.25,0.8,0.45,87,40045087,112,252011,0.5065547738693468,5.331363899982534
4,250,0.25,0.8,0.45,88,40045088,112,253957,0.5104663316582915,5.414081800030544
4,250,0.25,0.8,0.45,89,40045089,112,253982,0.5105165829145729,5.36615969997365
4,250,0.25,0.8,0.45,90,40045090,112,253000,0.5085427135678392,5.157500499975868
4,250,0.25,0.8,0.45,91,40045091,112,249834,0.5021788944723619,5.317270300001837
4,250,0.25,0.8,0.45,92,40045092,112,252629,0.5077969849246231,5.31589199998416
4,250,0.25,0.8,0.45,93,40045093,112,260799,0.524219095477387,5.308281200006604
4,250,0.25,0.8,0.45,94,40045094,112,258022,0.5186371859296482,5.1196319999871776
4,250,0.25,0.8,0.45,95,40045095,112,262584,0.5278070351758793,5.2586045999778435
4,250,0.25,0.8,0.45,96,40045096,112,258687,0.5199738693467336,5.23843449994456
4,250,0.25,0.8,0.45,97,40045097,112,262767,0.5281748743718593,5.365894099930301
4,250,0.25,0.8,0.45,98,40045098,112,252971,0.5084844221105528,5.244260899955407
4,250,0.25,0.8,0.45,99,40045099,112,254693,0.5119457286432161,5.259839399950579
4,250,0.25,0.8,0.5,0,40050000,125,252701,0.5079417085427136,5.285309300059453
4,250,0.25,0.8,0.5,1,40050001,125,254851,0.5122633165829146,5.358174700057134
4,250,0.25,0.8,0.5,2,40050002,125,257920,0.5184321608040201,5.218146000057459
4,250,0.25,0.8,0.5,3,40050003,125,254998,0.5125587939698493,5.211756499949843
4,250,0.25,0.8,0.5,4,40050004,125,248893,0.5002874371859296,5.338834199937992
4,250,0.25,0.8,0.5,5,40050005,125,252027,0.5065869346733668,5.1081616000737995
4,250,0.25,0.8,0.5,6,40050006,125,255982,0.5145366834170855,5.190337299951352
4,250,0.25,0.8,0.5,7,40050007,125,251122,0.5047678391959799,5.247275099973194
4,250,0.25,0.8,0.5,8,40050008,125,252408,0.5073527638190954,5.157819100073539
4,250,0.25,0.8,0.5,9,40050009,125,260740,0.5241005025125628,5.340748199960217
4,250,0.25,0.8,0.5,10,40050010,125,250883,0.5042874371859296,5.232449200004339
4,250,0.25,0.8,0.5,11,40050011,125,251950,0.5064321608040201,5.273850300000049
4,250,0.25,0.8,0.5,12,40050012,125,251034,0.5045909547738694,5.367529699928127
4,250,0.25,0.8,0.5,13,40050013,125,258753,0.5201065326633166,5.2468526000157
4,250,0.25,0.8,0.5,14,40050014,125,259734,0.522078391959799,5.225851999945007
4,250,0.25,0.8,0.5,15,40050015,125,254797,0.5121547738693467,5.339297500089742
4,250,0.25,0.8,0.5,16,40050016,125,255950,0.5144723618090452,5.35748969996348
4,250,0.25,0.8,0.5,17,40050017,125,254863,0.5122874371859296,5.252955200034194
4,250,0.25,0.8,0.5,18,40050018,125,263847,0.530345728643216,5.455026400042698
4,250,0.25,0.8,0.5,19,40050019,125,253148,0.5088402010050251,5.375534099992365
4,250,0.25,0.8,0.5,20,40050020,125,255872,0.5143155778894473,5.443995199981146
4,250,0.25,0.8,0.5,21,40050021,125,255859,0.5142894472361809,5.46666949999053
4,250,0.25,0.8,0.5,22,40050022,125,254605,0.5117688442211056,5.718227299978025
4,250,0.25,0.8,0.5,23,40050023,125,266878,0.5364381909547739,5.590579599956982
4,250,0.25,0.8,0.5,24,40050024,125,252895,0.5083316582914573,5.473892400041223
4,250,0.25,0.8,0.5,25,40050025,125,260920,0.524462311557789,6.167988899978809
4,250,0.25,0.8,0.5,26,40050026,125,262787,0.5282150753768844,5.819354100036435
4,250,0.25,0.8,0.5,27,40050027,125,257904,0.5184,5.663096499978565
4,250,0.25,0.8,0.5,28,40050028,125,255116,0.5127959798994974,5.9260914999758825
4,250,0.25,0.8,0.5,29,40050029,125,263833,0.5303175879396985,5.471844800049439
4,250,0.25,0.8,0.5,30,40050030,125,255849,0.5142693467336683,5.886720099952072
4,250,0.25,0.8,0.5,31,40050031,125,251961,0.5064542713567839,5.519128000014462
4,250,0.25,0.8,0.5,32,40050032,125,253993,0.5105386934673367,5.560676099965349
4,250,0.25,0.8,0.5,33,40050033,125,256041,0.5146552763819096,5.496923699975014
4,250,0.25,0.8,0.5,34,40050034,125,259017,0.5206371859296482,5.377929199952632
4,250,0.25,0.8,0.5,35,40050035,125,265787,0.5342452261306533,6.027067200047895
4,250,0.25,0.8,0.5,36,40050036,125,252766,0.5080723618090452,5.831006900058128
4,250,0.25,0.8,0.5,37,40050037,125,258977,0.520556783919598,5.661977800074965
4,250,0.25,0.8,0.5,38,40050038,125,259022,0.5206472361809045,5.635364199988544
4,250,0.25,0.8,0.5,39,40050039,125,262018,0.5266693467336684,6.82560260000173
4,250,0.25,0.8,0.5,40,40050040,125,256919,0.5164201005025125,6.454322300036438
4,250,0.25,0.8,0.5,41,40050041,125,253758,0.5100663316582914,6.38297210005112
4,250,0.25,0.8,0.5,42,40050042,125,263877,0.5304060301507537,5.701176899950951
4,250,0.25,0.8,0.5,43,40050043,125,257102,0.5167879396984925,5.784400200005621
4,250,0.25,0.8,0.5,44,40050044,125,248042,0.49857688442211057,5.59370129997842
4,250,0.25,0.8,0.5,45,40050045,125,254958,0.5124783919597989,5.606075899908319
4,250,0.25,0.8,0.5,46,40050046,125,250751,0.5040221105527638,5.574242200003937
4,250,0.25,0.8,0.5,47,40050047,125,259882,0.5223758793969849,5.5773183000274
4,250,0.25,0.8,0.5,48,40050048,125,253857,0.5102653266331658,6.269407400046475
4,250,0.25,0.8,0.5,49,40050049,125,251958,0.5064482412060302,6.243121500010602
4,250,0.25,0.8,0.5,50,40050050,125,255106,0.5127758793969849,5.988774699973874
4,250,0.25,0.8,0.5,51,40050051,125,252115,0.5067638190954774,5.516968699987046
4,250,0.25,0.8,0.5,52,40050052,125,251953,0.5064381909547738,5.561012000078335
4,250,0.25,0.8,0.5,53,40050053,125,254109,0.5107718592964824,5.561021500034258
4,250,0.25,0.8,0.5,54,40050054,125,253694,0.5099376884422111,5.577624000026844
4,250,0.25,0.8,0.5,55,40050055,125,252811,0.5081628140703518,5.645722400047816
4,250,0.25,0.8,0.5,56,40050056,125,262852,0.528345728643216,5.648410400026478
4,250,0.25,0.8,0.5,57,40050057,125,252910,0.5083618090452261,5.615030299988575
4,250,0.25,0.8,0.5,58,40050058,125,248962,0.5004261306532664,5.550267499987967
4,250,0.25,0.8,0.5,59,40050059,125,259575,0.5217587939698493,5.833696600049734
4,250,0.25,0.8,0.5,60,40050060,125,249962,0.5024361809045226,5.9589021999854594
4,250,0.25,0.8,0.5,61,40050061,125,253882,0.5103155778894473,5.50255659990944
4,250,0.25,0.8,0.5,62,40050062,125,258494,0.5195859296482412,5.982499099918641
4,250,0.25,0.8,0.5,63,40050063,125,252005,0.5065427135678392,5.709972399985418
4,250,0.25,0.8,0.5,64,40050064,125,262851,0.5283437185929648,5.444627800025046
4,250,0.25,0.8,0.5,65,40050065,125,254313,0.5111819095477387,5.428667899919674
4,250,0.25,0.8,0.5,66,40050066,125,253181,0.5089065326633165,5.531386999995448
4,250,0.25,0.8,0.5,67,40050067,125,256164,0.514902512562814,5.725452500046231
4,250,0.25,0.8,0.5,68,40050068,125,254024,0.5106010050251256,5.719518199912272
4,250,0.25,0.8,0.5,69,40050069,125,251209,0.5049427135678392,5.998149299994111
4,250,0.25,0.8,0.5,70,40050070,125,257053,0.5166894472361809,5.794527999940328
4,250,0.25,0.8,0.5,71,40050071,125,253878,0.5103075376884422,5.793348399922252
4,250,0.25,0.8,0.5,72,40050072,125,264934,0.5325306532663316,5.741302200010978
4,250,0.25,0.8,0.5,73,40050073,125,260099,0.5228120603015075,5.396902599954046
4,250,0.25,0.8,0.5,74,40050074,125,254774,0.5121085427135679,6.40433769999072
4,250,0.25,0.8,0.5,75,40050075,125,255904,0.5143798994974874,5.7033493999624625
4,250,0.25,0.8,0.5,76,40050076,125,252886,0.508313567839196,5.379843100090511
4,250,0.25,0.8,0.5,77,40050077,125,255780,0.5141306532663317,5.492032099980861
4,250,0.25,0.8,0.5,78,40050078,125,252098,0.506729648241206,6.4688822000753134
4,250,0.25,0.8,0.5,79,40050079,125,251852,0.506235175879397,6.214623200008646
4,250,0.25,0.8,0.5,80,40050080,125,258087,0.5187678391959799,5.62963330000639
4,250,0.25,0.8,0.5,81,40050081,125,252598,0.5077346733668342,6.133511399966665
4,250,0.25,0.8,0.5,82,40050082,125,258068,0.518729648241206,5.328511599916965
4,250,0.25,0.8,0.5,83,40050083,125,255977,0.5145266331658291,5.416539600002579
4,250,0.25,0.8,0.5,84,40050084,125,255064,0.5126914572864322,5.3343789000064135
4,250,0.25,0.8,0.5,85,40050085,125,255796,0.5141628140703518,5.213140599895269
4,250,0.25,0.8,0.5,86,40050086,125,258975,0.5205527638190954,5.3836256000213325
4,250,0.25,0.8,0.5,87,40050087,125,252954,0.5084502512562814,5.519866700051352
4,250,0.25,0.8,0.5,88,40050088,125,266097,0.5348683417085427,5.911416899994947
4,250,0.25,0.8,0.5,89,40050089,125,260927,0.5244763819095477,5.588963699992746
4,250,0.25,0.8,0.5,90,40050090,125,253748,0.5100462311557789,5.778475800063461
4,250,0.25,0.8,0.5,91,40050091,125,254949,0.5124603015075377,5.909505199990235
4,250,0.25,0.8,0.5,92,40050092,125,250565,0.5036482412060301,5.609631299972534
4,250,0.25,0.8,0.5,93,40050093,125,258576,0.5197507537688443,5.308868999942206
4,250,0.25,0.8,0.5,94,40050094,125,254621,0.5118010050251256,5.872520900098607
4,250,0.25,0.8,0.5,95,40050095,125,258093,0.5187798994974875,6.48339379997924
4,250,0.25,0.8,0.5,96,40050096,125,256924,0.5164301507537689,5.230164300068282
4,250,0.25,0.8,0.5,97,40050097,125,252893,0.5083276381909547,5.865725500043482
4,250,0.25,0.8,0.5,98,40050098,125,257882,0.5183557788944724,5.837875300087035
4,250,0.25,0.8,0.5,99,40050099,125,257049,0.5166814070351758,6.38764309999533
4,250,0.25,0.8,0.55,0,40055000,138,257968,0.5185286432160804,5.263158299960196
4,250,0.25,0.8,0.55,1,40055001,138,264876,0.5324140703517588,6.296589700039476
4,250,0.25,0.8,0.55,2,40055002,138,259993,0.5225989949748744,5.485052899923176
4,250,0.25,0.8,0.55,3,40055003,138,257952,0.5184964824120603,6.136438100016676
4,250,0.25,0.8,0.55,4,40055004,138,265838,0.5343477386934673,5.227491199970245
4,250,0.25,0.8,0.55,5,40055005,138,261895,0.5264221105527638,5.771114500006661
4,250,0.25,0.8,0.55,6,40055006,138,257759,0.5181085427135679,5.880758399958722
4,250,0.25,0.8,0.55,7,40055007,138,257918,0.5184281407035176,5.859598399954848
4,250,0.25,0.8,0.55,8,40055008,138,257887,0.5183658291457286,5.565111799980514
4,250,0.25,0.8,0.55,9,40055009,138,258044,0.5186814070351758,5.381293899961747
4,250,0.25,0.8,0.55,10,40055010,138,269846,0.5424040201005025,5.441504599992186
4,250,0.25,0.8,0.55,11,40055011,138,259909,0.5224301507537689,5.474784200079739
4,250,0.25,0.8,0.55,12,40055012,138,260094,0.5228020100502513,5.434831700054929
4,250,0.25,0.8,0.55,13,40055013,138,253096,0.5087356783919598,5.525352600030601
4,250,0.25,0.8,0.55,14,40055014,138,258010,0.5186130653266332,5.392092099995352
4,250,0.25,0.8,0.55,15,40055015,138,262892,0.5284261306532664,5.373719500028528
4,250,0.25,0.8,0.55,16,40055016,138,258068,0.518729648241206,5.7513982999371365
4,250,0.25,0.8,0.55,17,40055017,138,257948,0.5184884422110553,5.5959248000290245
4,250,0.25,0.8,0.55,18,40055018,138,258960,0.5205226130653267,5.46521529997699
4,250,0.25,0.8,0.55,19,40055019,138,260870,0.5243618090452261,5.502912500058301
4,250,0.25,0.8,0.55,20,40055020,138,269918,0.542548743718593,5.812751000048593
4,250,0.25,0.8,0.55,21,40055021,138,255898,0.51436783919598,5.68045969994273
4,250,0.25,0.8,0.55,22,40055022,138,260863,0.5243477386934673,5.811021599918604
4,250,0.25,0.8,0.55,23,40055023,138,253842,0.510235175879397,5.322893899981864
4,250,0.25,0.8,0.55,24,40055024,138,253146,0.5088361809045227,5.614464899990708
4,250,0.25,0.8,0.55,25,40055025,138,257149,0.5168824120603015,5.365354200010188
4,250,0.25,0.8,0.55,26,40055026,138,258983,0.5205688442211055,5.606964600039646
4,250,0.25,0.8,0.55,27,40055027,138,255000,0.5125628140703518,5.6363239999627694
4,250,0.25,0.8,0.55,28,40055028,138,261015,0.5246532663316583,5.612338199978694
4,250,0.25,0.8,0.55,29,40055029,138,263904,0.5304603015075376,5.367395399953239
4,250,0.25,0.8,0.55,30,40055030,138,268601,0.5399015075376884,5.396028700051829
4,250,0.25,0.8,0.55,31,40055031,138,268541,0.5397809045226131,5.358526899944991
4,250,0.25,0.8,0.55,32,40055032,138,255663,0.5138954773869346,5.190136700053699
4,250,0.25,0.8,0.55,33,40055033,138,249866,0.502243216080402,5.419077300000936
4,250,0.25,0.8,0.55,34,40055034,138,268533,0.539764824120603,5.490370000014082
4,250,0.25,0.8,0.55,35,40055035,138,255592,0.5137527638190955,5.140878200065345
4,250,0.25,0.8,0.55,36,40055036,138,254743,0.5120462311557789,5.613111499929801
4,250,0.25,0.8,0.55,37,40055037,138,257842,0.5182753768844222,5.615269300062209
4,250,0.25,0.8,0.55,38,40055038,138,254105,0.5107638190954774,5.423328300006688
4,250,0.25,0.8,0.55,39,40055039,138,255966,0.5145045226130653,5.677352599916048
4,250,0.25,0.8,0.55,40,40055040,138,263973,0.5305989949748744,5.255842400016263
4,250,0.25,0.8,0.55,41,40055041,138,252136,0.5068060301507538,5.3371993999462575
4,250,0.25,0.8,0.55,42,40055042,138,251860,0.506251256281407,5.29843800002709
4,250,0.25,0.8,0.55,43,40055043,138,257086,0.5167557788944723,5.3172920000506565
4,250,0.25,0.8,0.55,44,40055044,138,251670,0.5058693467336683,5.227302100043744
4,250,0.25,0.8,0.55,45,40055045,138,267369,0.5374251256281407,5.517439599963836
4,250,0.25,0.8,0.55,46,40055046,138,259814,0.5222391959798995,5.3830965999513865
4,250,0.25,0.8,0.55,47,40055047,138,258844,0.5202894472361809,5.583856799989007
4,250,0.25,0.8,0.55,48,40055048,138,254055,0.5106633165829145,5.3663520000409335
4,250,0.25,0.8,0.55,49,40055049,138,257951,0.518494472361809,5.421008100034669
4,250,0.25,0.8,0.55,50,40055050,138,264111,0.5308763819095478,5.231745999888517
4,250,0.25,0.8,0.55,51,40055051,138,272695,0.5481306532663317,5.5001302000600845
4,250,0.25,0.8,0.55,52,40055052,138,253011,0.508564824120603,5.683256599935703
4,250,0.25,0.8,0.55,53,40055053,138,254008,0.5105688442211055,5.780335300019942
4,250,0.25,0.8,0.55,54,40055054,138,258007,0.5186070351758794,5.6408493999624625
4,250,0.25,0.8,0.55,55,40055055,138,264873,0.5324080402010051,5.238586000050418
4,250,0.25,0.8,0.55,56,40055056,138,258833,0.5202673366834171,5.718906600028276
4,250,0.25,0.8,0.55,57,40055057,138,255841,0.5142532663316582,5.266586099984124
4,250,0.25,0.8,0.55,58,40055058,138,260099,0.5228120603015075,5.700952600105666
4,250,0.25,0.8,0.55,59,40055059,138,270798,0.5443175879396985,5.669679600046948
4,250,0.25,0.8,0.55,60,40055060,138,255834,0.5142391959798995,5.656393799930811
4,250,0.25,0.8,0.55,61,40055061,138,262953,0.528548743718593,5.234433899982832
4,250,0.25,0.8,0.55,62,40055062,138,265925,0.5345226130653267,5.502621300052851
4,250,0.25,0.8,0.55,63,40055063,138,260709,0.5240381909547739,5.4677569000050426
4,250,0.25,0.8,0.55,64,40055064,138,256878,0.5163376884422111,5.381461700075306
4,250,0.25,0.8,0.55,65,40055065,138,265036,0.5327356783919598,5.411276000086218
4,250,0.25,0.8,0.55,66,40055066,138,264076,0.5308060301507538,5.384064199985005
4,250,0.25,0.8,0.55,67,40055067,138,254940,0.5124422110552764,5.349525099969469
4,250,0.25,0.8,0.55,68,40055068,138,257998,0.518588944723618,5.242214699974284
4,250,0.25,0.8,0.55,69,40055069,138,258071,0.5187356783919598,5.435912500019185
4,250,0.25,0.8,0.55,70,40055070,138,264879,0.5324201005025125,5.564098799950443
4,250,0.25,0.8,0.55,71,40055071,138,259889,0.5223899497487438,5.349462300073355
4,250,0.25,0.8,0.55,72,40055072,138,255108,0.5127798994974875,5.569956699968316
4,250,0.25,0.8,0.55,73,40055073,138,253774,0.5100984924623115,5.5473652998916805
4,250,0.25,0.8,0.55,74,40055074,138,267768,0.538227135678392,5.539961899979971
4,250,0.25,0.8,0.55,75,40055075,138,252939,0.5084201005025125,5.323488000081852
4,250,0.25,0.8,0.55,76,40055076,138,254517,0.511591959798995,5.547325999941677
4,250,0.25,0.8,0.55,77,40055077,138,256072,0.5147175879396985,5.670519099920057
4,250,0.25,0.8,0.55,78,40055078,138,263934,0.5305206030150754,5.353348699980415
4,250,0.25,0.8,0.55,79,40055079,138,251057,0.5046371859296482,5.510314199957065
4,250,0.25,0.8,0.55,80,40055080,138,261838,0.5263075376884422,5.532888300018385
4,250,0.25,0.8,0.55,81,40055081,138,253914,0.5103798994974874,5.403639500029385
4,250,0.25,0.8,0.55,82,40055082,138,260030,0.5226733668341709,5.315017199958675
4,250,0.25,0.8,0.55,83,40055083,138,256965,0.5165125628140703,5.499440300045535
4,250,0.25,0.8,0.55,84,40055084,138,260826,0.5242733668341708,5.40797089994885
4,250,0.25,0.8,0.55,85,40055085,138,261901,0.5264341708542714,5.5695982000324875
4,250,0.25,0.8,0.55,86,40055086,138,270867,0.5444562814070352,5.397496700054035
4,250,0.25,0.8,0.55,87,40055087,138,257002,0.5165869346733668,5.5506823000032455
4,250,0.25,0.8,0.55,88,40055088,138,256917,0.51641608040201,5.009400199982338
4,250,0.25,0.8,0.55,89,40055089,138,251341,0.5052080402010051,5.344412700040266
4,250,0.25,0.8,0.55,90,40055090,138,267058,0.5368,5.451256499974988
4,250,0.25,0.8,0.55,91,40055091,138,258880,0.5203618090452261,4.82750519993715
4,250,0.25,0.8,0.55,92,40055092,138,256855,0.5162914572864321,5.571620500064455
4,250,0.25,0.8,0.55,93,40055093,138,263060,0.5287638190954774,4.805491199949756
4,250,0.25,0.8,0.55,94,40055094,138,259395,0.5213969849246232,5.884003999992274
4,250,0.25,0.8,0.55,95,40055095,138,259052,0.5207075376884422,5.794848100049421
4,250,0.25,0.8,0.55,96,40055096,138,260613,0.5238452261306533,5.495780800003558
4,250,0.25,0.8,0.55,97,40055097,138,259987,0.5225869346733668,5.905820999993011
4,250,0.25,0.8,0.55,98,40055098,138,262048,0.526729648241206,5.037571300053969
4,250,0.25,0.8,0.55,99,40055099,138,263002,0.5286472361809045,5.81617250002455
4,250,0.25,0.8,0.6000000000000001,0,40060000,150,255818,0.5142070351758794,5.513649600092322
4,250,0.25,0.8,0.6000000000000001,1,40060001,150,263970,0.5305929648241205,5.4028872000053525
4,250,0.25,0.8,0.6000000000000001,2,40060002,150,262558,0.5277547738693468,5.542378899990581
4,250,0.25,0.8,0.6000000000000001,3,40060003,150,263961,0.5305748743718594,5.442786599975079
4,250,0.25,0.8,0.6000000000000001,4,40060004,150,254748,0.5120562814070352,5.512136900098994
4,250,0.25,0.8,0.6000000000000001,5,40060005,150,258044,0.5186814070351758,5.495755800046027
4,250,0.25,0.8,0.6000000000000001,6,40060006,150,259988,0.522588944723618,5.478244900004938
4,250,0.25,0.8,0.6000000000000001,7,40060007,150,260018,0.5226492462311558,5.48469109996222
4,250,0.25,0.8,0.6000000000000001,8,40060008,150,278692,0.5601849246231155,5.465478099999018
4,250,0.25,0.8,0.6000000000000001,9,40060009,150,258812,0.5202251256281407,5.526355099980719
4,250,0.25,0.8,0.6000000000000001,10,40060010,150,267983,0.5386592964824121,5.46338180010207
4,250,0.25,0.8,0.6000000000000001,11,40060011,150,257910,0.5184120603015075,5.410876999958418
4,250,0.25,0.8,0.6000000000000001,12,40060012,150,258056,0.518705527638191,5.40474439994432
4,250,0.25,0.8,0.6000000000000001,13,40060013,150,252064,0.5066613065326633,5.430994099937379
4,250,0.25,0.8,0.6000000000000001,14,40060014,150,270788,0.544297487437186,5.69823290000204
4,250,0.25,0.8,0.6000000000000001,15,40060015,150,259078,0.5207597989949748,5.614899100037292
4,250,0.25,0.8,0.6000000000000001,16,40060016,150,254218,0.5109909547738694,5.106378700002097
4,250,0.25,0.8,0.6000000000000001,17,40060017,150,267727,0.5381447236180904,5.087428699946031
4,250,0.25,0.8,0.6000000000000001,18,40060018,150,258062,0.5187175879396985,5.52904060005676
4,250,0.25,0.8,0.6000000000000001,19,40060019,150,257869,0.518329648241206,5.849248000071384
4,250,0.25,0.8,0.6000000000000001,20,40060020,150,258663,0.5199256281407035,5.8563397999387234
4,250,0.25,0.8,0.6000000000000001,21,40060021,150,260970,0.5245628140703518,5.369821699918248
4,250,0.25,0.8,0.6000000000000001,22,40060022,150,269882,0.5424763819095477,4.910512599977665
4,250,0.25,0.8,0.6000000000000001,23,40060023,150,261998,0.5266291457286432,5.386891899979673
4,250,0.25,0.8,0.6000000000000001,24,40060024,150,255793,0.514156783919598,5.56475910008885
4,250,0.25,0.8,0.6000000000000001,25,40060025,150,260892,0.5244060301507538,5.744792100042105
4,250,0.25,0.8,0.6000000000000001,26,40060026,150,260963,0.524548743718593,5.917846199939959
4,250,0.25,0.8,0.6000000000000001,27,40060027,150,258012,0.5186170854271357,5.37475469999481
4,250,0.25,0.8,0.6000000000000001,28,40060028,150,264820,0.5323015075376885,5.041472700075246
4,250,0.25,0.8,0.6000000000000001,29,40060029,150,251166,0.5048562814070352,5.136872199946083
4,250,0.25,0.8,0.6000000000000001,30,40060030,150,268843,0.5403879396984924,5.753770800074562
4,250,0.25,0.8,0.6000000000000001,31,40060031,150,258925,0.5204522613065327,5.826111700036563
4,250,0.25,0.8,0.6000000000000001,32,40060032,150,260998,0.5246190954773869,5.578166600083932
4,250,0.25,0.8,0.6000000000000001,33,40060033,150,263716,0.5300824120603015,4.9638893998926505
4,250,0.25,0.8,0.6000000000000001,34,40060034,150,260010,0.5226331658291458,5.862772599910386
4,250,0.25,0.8,0.6000000000000001,35,40060035,150,266925,0.5365326633165829,5.813894400023855
4,250,0.25,0.8,0.6000000000000001,36,40060036,150,262906,0.5284542713567839,5.563868699944578
4,250,0.25,0.8,0.6000000000000001,37,40060037,150,258041,0.5186753768844221,5.94476250000298
4,250,0.25,0.8,0.6000000000000001,38,40060038,150,261015,0.5246532663316583,5.68764890008606
4,250,0.25,0.8,0.6000000000000001,39,40060039,150,258962,0.5205266331658291,5.002176300040446
4,250,0.25,0.8,0.6000000000000001,40,40060040,150,274365,0.5514874371859296,5.933229699963704
4,250,0.25,0.8,0.6000000000000001,41,40060041,150,263980,0.5306130653266332,5.430012300028466
4,250,0.25,0.8,0.6000000000000001,42,40060042,150,265896,0.5344643216080402,5.370222300058231
4,250,0.25,0.8,0.6000000000000001,43,40060043,150,257153,0.5168904522613066,5.601225099992007
4,250,0.25,0.8,0.6000000000000001,44,40060044,150,257932,0.5184562814070351,5.448790799942799
4,250,0.25,0.8,0.6000000000000001,45,40060045,150,278813,0.5604281407035175,5.526318600052036
4,250,0.25,0.8,0.6000000000000001,46,40060046,150,257001,0.5165849246231156,5.243108099908568
4,250,0.25,0.8,0.6000000000000001,47,40060047,150,258049,0.5186914572864322,5.296914099948481
4,250,0.25,0.8,0.6000000000000001,48,40060048,150,254904,0.5123698492462312,5.085201799985953
4,250,0.25,0.8,0.6000000000000001,49,40060049,150,262019,0.5266713567839196,5.155919500044547
4,250,0.25,0.8,0.6000000000000001,50,40060050,150,270096,0.5429065326633166,5.304017699905671
4,250,0.25,0.8,0.6000000000000001,51,40060051,150,262995,0.5286331658291458,5.177863999968395
4,250,0.25,0.8,0.6000000000000001,52,40060052,150,263888,0.5304281407035176,4.9457861999981105
4,250,0.25,0.8,0.6000000000000001,53,40060053,150,255848,0.5142673366834171,5.388113300083205
4,250,0.25,0.8,0.6000000000000001,54,40060054,150,257029,0.5166412060301507,5.171453200047836
4,250,0.25,0.8,0.6000000000000001,55,40060055,150,256762,0.5161045226130653,5.356480999966152
4,250,0.25,0.8,0.6000000000000001,56,40060056,150,261104,0.5248321608040201,5.489951599971391
4,250,0.25,0.8,0.6000000000000001,57,40060057,150,259997,0.5226070351758794,5.388308800058439
4,250,0.25,0.8,0.6000000000000001,58,40060058,150,278708,0.5602170854271357,5.368895899970084
4,250,0.25,0.8,0.6000000000000001,59,40060059,150,267000,0.5366834170854271,5.044734499999322
4,250,0.25,0.8,0.6000000000000001,60,40060060,150,266089,0.5348522613065326,5.09451939992141
4,250,0.25,0.8,0.6000000000000001,61,40060061,150,271508,0.5457447236180905,5.571522200014442
4,250,0.25,0.8,0.6000000000000001,62,40060062,150,255991,0.5145547738693468,5.542598300031386
4,250,0.25,0.8,0.6000000000000001,63,40060063,150,261950,0.5265326633165829,5.086168700014241
4,250,0.25,0.8,0.6000000000000001,64,40060064,150,250107,0.5027276381909548,5.668465099995956
4,250,0.25,0.8,0.6000000000000001,65,40060065,150,264935,0.5325326633165829,5.51253910001833
4,250,0.25,0.8,0.6000000000000001,66,40060066,150,257961,0.5185145728643216,5.507160700042732
4,250,0.25,0.8,0.6000000000000001,67,40060067,150,261051,0.5247256281407036,5.950063899974339
4,250,0.25,0.8,0.6000000000000001,68,40060068,150,267070,0.5368241206030151,5.680046499939635
4,250,0.25,0.8,0.6000000000000001,69,40060069,150,266818,0.5363175879396985,5.29307150002569
4,250,0.25,0.8,0.6000000000000001,70,40060070,150,262963,0.5285688442211055,4.910944600007497
4,250,0.25,0.8,0.6000000000000001,71,40060071,150,271665,0.5460603015075377,6.073745800065808
4,250,0.25,0.8,0.6000000000000001,72,40060072,150,271853,0.5464381909547739,5.828736800001934
4,250,0.25,0.8,0.6000000000000001,73,40060073,150,256867,0.5163155778894473,4.92093909997493
4,250,0.25,0.8,0.6000000000000001,74,40060074,150,256667,0.515913567839196,5.130749200005084
4,250,0.25,0.8,0.6000000000000001,75,40060075,150,262061,0.5267557788944723,5.694898399990052
4,250,0.25,0.8,0.6000000000000001,76,40060076,150,258038,0.5186693467336684,5.631815399974585
4,250,0.25,0.8,0.6000000000000001,77,40060077,150,257955,0.5185025125628141,5.750309599912725
4,250,0.25,0.8,0.6000000000000001,78,40060078,150,267064,0.5368120603015075,5.71879490010906
4,250,0.25,0.8,0.6000000000000001,79,40060079,150,253020,0.5085829145728643,5.738769799936563
4,250,0.25,0.8,0.6000000000000001,80,40060080,150,273761,0.5502733668341708,5.377955500036478
4,250,0.25,0.8,0.6000000000000001,81,40060081,150,261805,0.5262412060301508,5.957987500005402
4,250,0.25,0.8,0.6000000000000001,82,40060082,150,258734,0.5200683417085427,5.580846900003962
4,250,0.25,0.8,0.6000000000000001,83,40060083,150,254760,0.5120804020100502,5.678998299990781
4,250,0.25,0.8,0.6000000000000001,84,40060084,150,256129,0.5148321608040201,6.036099900025874
4,250,0.25,0.8,0.6000000000000001,85,40060085,150,261856,0.5263437185929648,5.754742700024508
4,250,0.25,0.8,0.6000000000000001,86,40060086,150,256755,0.5160904522613066,5.671971899922937
4,250,0.25,0.8,0.6000000000000001,87,40060087,150,271873,0.546478391959799,6.0852929999819025
4,250,0.25,0.8,0.6000000000000001,88,40060088,150,255070,0.5127035175879397,5.675366000039503
4,250,0.25,0.8,0.6000000000000001,89,40060089,150,262922,0.528486432160804,5.55618209997192
4,250,0.25,0.8,0.6000000000000001,90,40060090,150,263863,0.5303778894472362,5.481701800017618
4,250,0.25,0.8,0.6000000000000001,91,40060091,150,263151,0.5289467336683417,5.565288700046949
4,250,0.25,0.8,0.6000000000000001,92,40060092,150,262788,0.5282170854271356,5.8815973999444395
4,250,0.25,0.8,0.6000000000000001,93,40060093,150,262739,0.5281185929648241,5.530114399967715
4,250,0.25,0.8,0.6000000000000001,94,40060094,150,264721,0.532102512562814,5.671608699951321
4,250,0.25,0.8,0.6000000000000001,95,40060095,150,261102,0.5248281407035176,5.657314699958079
4,250,0.25,0.8,0.6000000000000001,96,40060096,150,261851,0.5263336683417086,5.4748424999415874
4,250,0.25,0.8,0.6000000000000001,97,40060097,150,260029,0.5226713567839196,5.385600000037812
4,250,0.25,0.8,0.6000000000000001,98,40060098,150,264911,0.5324844221105528,5.717840300058015
4,250,0.25,0.8,0.6000000000000001,99,40060099,150,259645,0.5218994974874371,5.780818199971691
4,250,0.25,0.8,0.65,0,40065000,162,279758,0.5623276381909548,6.133879699977115
4,250,0.25,0.8,0.65,1,40065001,162,264930,0.5325226130653267,5.603347499971278
4,250,0.25,0.8,0.65,2,40065002,162,278656,0.5601125628140704,6.010510100051761
4,250,0.25,0.8,0.65,3,40065003,162,275885,0.5545427135678392,5.923787900013849
4,250,0.25,0.8,0.65,4,40065004,162,258908,0.5204180904522613,6.138534200028516
4,250,0.25,0.8,0.65,5,40065005,162,261869,0.5263698492462312,5.937130499980412
4,250,0.25,0.8,0.65,6,40065006,162,270764,0.5442492462311558,5.876484400010668
4,250,0.25,0.8,0.65,7,40065007,162,268921,0.5405447236180905,5.980417100014165
4,250,0.25,0.8,0.65,8,40065008,162,260776,0.524172864321608,5.999752499978058
4,250,0.25,0.8,0.65,9,40065009,162,258047,0.5186874371859297,6.490717299981043
4,250,0.25,0.8,0.65,10,40065010,162,269944,0.5426010050251256,6.73362009995617
4,250,0.25,0.8,0.65,11,40065011,162,266117,0.5349085427135678,5.976432899944484
4,250,0.25,0.8,0.65,12,40065012,162,263919,0.5304904522613065,6.407173300045542
4,250,0.25,0.8,0.65,13,40065013,162,276866,0.5565145728643216,5.95007399993483
4,250,0.25,0.8,0.65,14,40065014,162,268603,0.539905527638191,6.0828848000383005
4,250,0.25,0.8,0.65,15,40065015,162,262890,0.5284221105527638,5.893840400036424
4,250,0.25,0.8,0.65,16,40065016,162,268922,0.5405467336683417,5.805446999962442
4,250,0.25,0.8,0.65,17,40065017,162,273882,0.5505165829145728,5.963458699989133
4,250,0.25,0.8,0.65,18,40065018,162,260610,0.5238391959798995,5.993573299958371
4,250,0.25,0.8,0.65,19,40065019,162,268989,0.5406814070351759,5.938481000019237
4,250,0.25,0.8,0.65,20,40065020,162,283795,0.5704422110552764,5.980944599956274
4,250,0.25,0.8,0.65,21,40065021,162,251957,0.5064462311557789,5.941332000074908
4,250,0.25,0.8,0.65,22,40065022,162,276815,0.5564120603015076,6.0585806999588385
4,250,0.25,0.8,0.65,23,40065023,162,267916,0.5385246231155779,5.720050700008869
4,250,0.25,0.8,0.65,24,40065024,162,264054,0.5307618090452262,5.900582700036466
4,250,0.25,0.8,0.65,25,40065025,162,268754,0.5402090452261307,6.045221599983051
4,250,0.25,0.8,0.65,26,40065026,162,273787,0.5503256281407035,5.83906449994538
4,250,0.25,0.8,0.65,27,40065027,162,259964,0.522540703517588,6.084055899991654
4,250,0.25,0.8,0.65,28,40065028,162,262088,0.5268100502512563,6.138660799944773
4,250,0.25,0.8,0.65,29,40065029,162,275832,0.5544361809045226,6.212287800037302
4,250,0.25,0.8,0.65,30,40065030,162,282792,0.5684261306532663,6.102176200016402
4,250,0.25,0.8,0.65,31,40065031,162,263020,0.5286834170854271,6.224107199930586
4,250,0.25,0.8,0.65,32,40065032,162,273821,0.5503939698492463,5.664958899957128
4,250,0.25,0.8,0.65,33,40065033,162,280809,0.5644402010050251,5.950302999932319
4,250,0.25,0.8,0.65,34,40065034,162,271948,0.5466291457286432,6.078489299979992
4,250,0.25,0.8,0.65,35,40065035,162,259054,0.5207115577889447,5.913914300035685
4,250,0.25,0.8,0.65,36,40065036,162,270985,0.5446934673366834,5.706830900046043
4,250,0.25,0.8,0.65,37,40065037,162,260076,0.5227658291457287,5.558540700003505
4,250,0.25,0.8,0.65,38,40065038,162,259175,0.5209547738693467,5.890703700017184
4,250,0.25,0.8,0.65,39,40065039,162,257899,0.5183899497487438,5.849350200034678
4,250,0.25,0.8,0.65,40,40065040,162,255015,0.5125929648241206,5.737531900056638
4,250,0.25,0.8,0.65,41,40065041,162,264057,0.5307678391959799,5.885618999949656
4,250,0.25,0.8,0.65,42,40065042,162,267882,0.5384562814070352,5.700811499962583
4,250,0.25,0.8,0.65,43,40065043,162,270735,0.5441909547738694,5.857683500042185
4,250,0.25,0.8,0.65,44,40065044,162,262898,0.5284381909547738,5.823430399992503
4,250,0.25,0.8,0.65,45,40065045,162,266608,0.5358954773869347,5.856927099986933
4,250,0.25,0.8,0.65,46,40065046,162,279016,0.5608361809045226,5.935250999988057
4,250,0.25,0.8,0.65,47,40065047,162,264079,0.5308120603015075,5.795668600010686
4,250,0.25,0.8,0.65,48,40065048,162,265874,0.5344201005025125,5.810337399947457
4,250,0.25,0.8,0.65,49,40065049,162,258027,0.5186472361809045,5.826400100020692
4,250,0.25,0.8,0.65,50,40065050,162,270997,0.5447175879396985,6.075057800044306
4,250,0.25,0.8,0.65,51,40065051,162,255057,0.5126773869346734,5.976204100064933
4,250,0.25,0.8,0.65,52,40065052,162,271872,0.5464763819095477,6.048817400005646
4,250,0.25,0.8,0.65,53,40065053,162,268063,0.5388201005025126,5.753415799932554
4,250,0.25,0.8,0.65,54,40065054,162,256936,0.5164542713567839,5.731600699946284
4,250,0.25,0.8,0.65,55,40065055,162,264007,0.530667336683417,5.942064299946651
4,250,0.25,0.8,0.65,56,40065056,162,271746,0.5462231155778895,5.880341999931261
4,250,0.25,0.8,0.65,57,40065057,162,266019,0.5347115577889447,5.870688499999233
4,250,0.25,0.8,0.65,58,40065058,162,255105,0.5127738693467336,5.584325800067745
4,250,0.25,0.8,0.65,59,40065059,162,269861,0.5424341708542714,6.668298200005665
4,250,0.25,0.8,0.65,60,40065060,162,259112,0.5208281407035176,6.480167799978517
4,250,0.25,0.8,0.65,61,40065061,162,264973,0.5326090452261306,6.7545020000543445
4,250,0.25,0.8,0.65,62,40065062,162,262035,0.5267035175879397,5.71952320006676
4,250,0.25,0.8,0.65,63,40065063,162,263088,0.5288201005025126,6.896795100066811
4,250,0.25,0.8,0.65,64,40065064,162,267966,0.5386251256281407,5.488574400078505
4,250,0.25,0.8,0.65,65,40065065,162,262030,0.5266934673366834,5.4837101000593975
4,250,0.25,0.8,0.65,66,40065066,162,284680,0.5722211055276382,5.698603100026958
4,250,0.25,0.8,0.65,67,40065067,162,269920,0.5425527638190955,5.61863199993968
4,250,0.25,0.8,0.65,68,40065068,162,268847,0.5403959798994975,5.6263269999763
4,250,0.25,0.8,0.65,69,40065069,162,276823,0.5564281407035175,5.594165900023654
4,250,0.25,0.8,0.65,70,40065070,162,256985,0.5165527638190954,5.539198200101964
4,250,0.25,0.8,0.65,71,40065071,162,272888,0.5485185929648241,6.8542786000762135
4,250,0.25,0.8,0.65,72,40065072,162,257190,0.516964824120603,5.752736199996434
4,250,0.25,0.8,0.65,73,40065073,162,264881,0.532424120603015,6.163127599982545
4,250,0.25,0.8,0.65,74,40065074,162,268965,0.5406331658291458,5.690130400005728
4,250,0.25,0.8,0.65,75,40065075,162,290744,0.5844100502512563,6.210215599974617
4,250,0.25,0.8,0.65,76,40065076,162,272801,0.5483437185929648,5.890947000007145
4,250,0.25,0.8,0.65,77,40065077,162,268862,0.5404261306532663,5.623720600036904
4,250,0.25,0.8,0.65,78,40065078,162,261069,0.5247618090452262,5.654479900025763
4,250,0.25,0.8,0.65,79,40065079,162,263799,0.5302492462311558,6.689925399958156
4,250,0.25,0.8,0.65,80,40065080,162,271737,0.5462050251256282,6.2940132999792695
4,250,0.25,0.8,0.65,81,40065081,162,266916,0.5365145728643216,5.741412800038233
4,250,0.25,0.8,0.65,82,40065082,162,276905,0.5565929648241206,5.6859313999302685
4,250,0.25,0.8,0.65,83,40065083,162,264051,0.5307557788944723,6.403254900011234
4,250,0.25,0.8,0.65,84,40065084,162,271017,0.5447577889447236,5.374976800056174
4,250,0.25,0.8,0.65,85,40065085,162,281793,0.5664180904522613,5.405837700003758
4,250,0.25,0.8,0.65,86,40065086,162,263939,0.5305306532663316,5.614815100096166
4,250,0.25,0.8,0.65,87,40065087,162,265731,0.5341326633165829,5.312966300058179
4,250,0.25,0.8,0.65,88,40065088,162,264089,0.5308321608040201,6.0022061000345275
4,250,0.25,0.8,0.65,89,40065089,162,272030,0.5467939698492462,5.577972099999897
4,250,0.25,0.8,0.65,90,40065090,162,261066,0.5247557788944723,5.8712181999580935
4,250,0.25,0.8,0.65,91,40065091,162,262960,0.5285628140703518,6.2089900999562815
4,250,0.25,0.8,0.65,92,40065092,162,259123,0.5208502512562814,5.560444600065239
4,250,0.25,0.8,0.65,93,40065093,162,266928,0.5365386934673367,5.663765199948102
4,250,0.25,0.8,0.65,94,40065094,162,280027,0.5628683417085427,5.695635900017805
4,250,0.25,0.8,0.65,95,40065095,162,265858,0.5343879396984924,5.670750099932775
4,250,0.25,0.8,0.65,96,40065096,162,265926,0.5345246231155779,6.869268300011754
4,250,0.25,0.8,0.65,97,40065097,162,274978,0.5527195979899497,5.858029900002293
4,250,0.25,0.8,0.65,98,40065098,162,266060,0.5347939698492462,5.805452700005844
4,250,0.25,0.8,0.65,99,40065099,162,256883,0.5163477386934673,7.026279699988663
4,250,0.25,0.8,0.7000000000000001,0,40070000,175,274841,0.5524442211055276,5.779979299986735
4,250,0.25,0.8,0.7000000000000001,1,40070001,175,264620,0.5318994974874371,5.970445900107734
4,250,0.25,0.8,0.7000000000000001,2,40070002,175,275008,0.5527798994974874,5.941346299950965
4,250,0.25,0.8,0.7000000000000001,3,40070003,175,277598,0.5579859296482412,7.641278800088912
4,250,0.25,0.8,0.7000000000000001,4,40070004,175,286668,0.5762170854271357,6.039548400091007
4,250,0.25,0.8,0.7000000000000001,5,40070005,175,270042,0.5427979899497487,6.040758199989796
4,250,0.25,0.8,0.7000000000000001,6,40070006,175,267928,0.538548743718593,6.061252099927515
4,250,0.25,0.8,0.7000000000000001,7,40070007,175,275036,0.5528361809045226,6.379197799949907
4,250,0.25,0.8,0.7000000000000001,8,40070008,175,265945,0.5345628140703518,6.3177922000177205
4,250,0.25,0.8,0.7000000000000001,9,40070009,175,279811,0.5624341708542714,7.215706199989654
4,250,0.25,0.8,0.7000000000000001,10,40070010,175,260806,0.5242331658291457,6.351319000008516
4,250,0.25,0.8,0.7000000000000001,11,40070011,175,266877,0.5364361809045226,7.194782100035809
4,250,0.25,0.8,0.7000000000000001,12,40070012,175,258910,0.5204221105527638,6.267452999949455
4,250,0.25,0.8,0.7000000000000001,13,40070013,175,267027,0.536737688442211,6.305354900076054
4,250,0.25,0.8,0.7000000000000001,14,40070014,175,279643,0.5620964824120603,6.104969100095332
4,250,0.25,0.8,0.7000000000000001,15,40070015,175,272988,0.5487195979899497,6.6321811999659985
4,250,0.25,0.8,0.7000000000000001,16,40070016,175,269961,0.542635175879397,5.839075999916531
4,250,0.25,0.8,0.7000000000000001,17,40070017,175,278798,0.5603979899497488,5.945121499942616
4,250,0.25,0.8,0.7000000000000001,18,40070018,175,271041,0.5448060301507538,6.431242999969982
4,250,0.25,0.8,0.7000000000000001,19,40070019,175,270072,0.5428582914572865,6.006738199968822
4,250,0.25,0.8,0.7000000000000001,20,40070020,175,278765,0.5603316582914573,6.047070399974473
4,250,0.25,0.8,0.7000000000000001,21,40070021,175,268811,0.5403236180904523,6.492947399965487
4,250,0.25,0.8,0.7000000000000001,22,40070022,175,263134,0.5289125628140704,6.125366699998267
4,250,0.25,0.8,0.7000000000000001,23,40070023,175,272925,0.5485929648241206,6.328256899956614
4,250,0.25,0.8,0.7000000000000001,24,40070024,175,261024,0.5246713567839196,6.617120799957775
4,250,0.25,0.8,0.7000000000000001,25,40070025,175,264915,0.5324924623115578,6.240145799936727
4,250,0.25,0.8,0.7000000000000001,26,40070026,175,275888,0.554548743718593,6.328156000003219
4,250,0.25,0.8,0.7000000000000001,27,40070027,175,267037,0.5367577889447236,6.31317959993612
4,250,0.25,0.8,0.7000000000000001,28,40070028,175,285972,0.5748180904522613,6.057420599972829
4,250,0.25,0.8,0.7000000000000001,29,40070029,175,272854,0.5484502512562814,6.609598399954848
4,250,0.25,0.8,0.7000000000000001,30,40070030,175,279015,0.5608341708542713,6.2108821999281645
4,250,0.25,0.8,0.7000000000000001,31,40070031,175,269973,0.5426592964824121,6.3793012999231
4,250,0.25,0.8,0.7000000000000001,32,40070032,175,267927,0.5385467336683417,6.329144999966957
4,250,0.25,0.8,0.7000000000000001,33,40070033,175,264804,0.5322693467336683,6.356699399999343
4,250,0.25,0.8,0.7000000000000001,34,40070034,175,262903,0.5284482412060302,6.338450400042348
4,250,0.25,0.8,0.7000000000000001,35,40070035,175,265053,0.5327698492462312,6.044201700016856
4,250,0.25,0.8,0.7000000000000001,36,40070036,175,265887,0.5344462311557789,6.087508500088006
4,250,0.25,0.8,0.7000000000000001,37,40070037,175,267054,0.536791959798995,5.904381999978796
4,250,0.25,0.8,0.7000000000000001,38,40070038,175,294780,0.5925226130653266,6.5245808000909165
4,250,0.25,0.8,0.7000000000000001,39,40070039,175,271083,0.5448904522613065,6.599541099974886
4,250,0.25,0.8,0.7000000000000001,40,40070040,175,266933,0.536548743718593,6.074078500038013
4,250,0.25,0.8,0.7000000000000001,41,40070041,175,268909,0.5405206030150754,5.785255399998277
4,250,0.25,0.8,0.7000000000000001,42,40070042,175,270912,0.5445467336683417,5.698419499909505
4,250,0.25,0.8,0.7000000000000001,43,40070043,175,282637,0.5681145728643217,6.560844200081192
4,250,0.25,0.8,0.7000000000000001,44,40070044,175,277917,0.558627135678392,6.02949699992314
4,250,0.25,0.8,0.7000000000000001,45,40070045,175,277900,0.5585929648241206,6.558751199976541
4,250,0.25,0.8,0.7000000000000001,46,40070046,175,283891,0.5706351758793969,5.910324899945408
4,250,0.25,0.8,0.7000000000000001,47,40070047,175,288708,0.5803175879396985,6.170383000047877
4,250,0.25,0.8,0.7000000000000001,48,40070048,175,275095,0.5529547738693468,5.8943920999299735
4,250,0.25,0.8,0.7000000000000001,49,40070049,175,271899,0.5465306532663317,5.794185400009155
4,250,0.25,0.8,0.7000000000000001,50,40070050,175,272860,0.5484623115577889,6.224536899942905
4,250,0.25,0.8,0.7000000000000001,51,40070051,175,270951,0.5446251256281407,6.710339599987492
4,250,0.25,0.8,0.7000000000000001,52,40070052,175,264993,0.5326492462311557,6.477038300014101
4,250,0.25,0.8,0.7000000000000001,53,40070053,175,270965,0.5446532663316583,6.007517399964854
4,250,0.25,0.8,0.7000000000000001,54,40070054,175,256949,0.5164804020100503,6.039753900025971
4,250,0.25,0.8,0.7000000000000001,55,40070055,175,278752,0.560305527638191,6.367011000053026
4,250,0.25,0.8,0.7000000000000001,56,40070056,175,279004,0.5608120603015075,5.932646999950521
4,250,0.25,0.8,0.7000000000000001,57,40070057,175,265935,0.5345427135678392,5.99033669999335
4,250,0.25,0.8,0.7000000000000001,58,40070058,175,273022,0.5487879396984925,7.081804999965243
4,250,0.25,0.8,0.7000000000000001,59,40070059,175,281582,0.5659939698492462,6.03783739998471
4,250,0.25,0.8,0.7000000000000001,60,40070060,175,281907,0.5666472361809045,6.031346600037068
4,250,0.25,0.8,0.7000000000000001,61,40070061,175,267929,0.5385507537688442,6.329727799980901
4,250,0.25,0.8,0.7000000000000001,62,40070062,175,272146,0.547027135678392,6.08140469994396
4,250,0.25,0.8,0.7000000000000001,63,40070063,175,270860,0.5444422110552763,6.048074999940582
4,250,0.25,0.8,0.7000000000000001,64,40070064,175,270769,0.5442592964824121,6.369628599961288
4,250,0.25,0.8,0.7000000000000001,65,40070065,175,277806,0.5584040201005025,6.1933568000094965
4,250,0.25,0.8,0.7000000000000001,66,40070066,175,269835,0.5423819095477387,5.99631399998907
4,250,0.25,0.8,0.7000000000000001,67,40070067,175,273907,0.5505668341708543,5.730929199955426
4,250,0.25,0.8,0.7000000000000001,68,40070068,175,268870,0.5404422110552763,5.698149600066245
4,250,0.25,0.8,0.7000000000000001,69,40070069,175,278019,0.5588321608040201,5.728156300028786
4,250,0.25,0.8,0.7000000000000001,70,40070070,175,269118,0.5409407035175879,5.708847700036131
4,250,0.25,0.8,0.7000000000000001,71,40070071,175,278559,0.5599175879396985,5.684690000023693
4,250,0.25,0.8,0.7000000000000001,72,40070072,175,270118,0.5429507537688443,7.024189700023271
4,250,0.25,0.8,0.7000000000000001,73,40070073,175,295300,0.5935678391959799,5.829466399969533
4,250,0.25,0.8,0.7000000000000001,74,40070074,175,257893,0.5183778894472362,5.937893299967982
4,250,0.25,0.8,0.7000000000000001,75,40070075,175,263125,0.5288944723618091,7.339406899991445
4,250,0.25,0.8,0.7000000000000001,76,40070076,175,258064,0.518721608040201,7.067822000011802
4,250,0.25,0.8,0.7000000000000001,77,40070077,175,272915,0.548572864321608,5.693735199980438
4,250,0.25,0.8,0.7000000000000001,78,40070078,175,258912,0.5204261306532664,5.7028189999982715
4,250,0.25,0.8,0.7000000000000001,79,40070079,175,258065,0.5187236180904523,5.781509299995378
4,250,0.25,0.8,0.7000000000000001,80,40070080,175,285932,0.5747376884422111,5.678221500013024
4,250,0.25,0.8,0.7000000000000001,81,40070081,175,273699,0.550148743718593,5.942780900048092
4,250,0.25,0.8,0.7000000000000001,82,40070082,175,262030,0.5266934673366834,5.468112600035965
4,250,0.25,0.8,0.7000000000000001,83,40070083,175,266876,0.5364341708542714,5.373668399988674
4,250,0.25,0.8,0.7000000000000001,84,40070084,175,270784,0.5442894472361809,6.782657600007951
4,250,0.25,0.8,0.7000000000000001,85,40070085,175,271021,0.5447658291457287,6.758308900054544
4,250,0.25,0.8,0.7000000000000001,86,40070086,175,280901,0.5646251256281407,5.647996800020337
4,250,0.25,0.8,0.7000000000000001,87,40070087,175,268100,0.5388944723618091,5.47417930001393
4,250,0.25,0.8,0.7000000000000001,88,40070088,175,269837,0.5423859296482412,5.253437899984419
4,250,0.25,0.8,0.7000000000000001,89,40070089,175,267030,0.5367437185929648,6.408167400048114
4,250,0.25,0.8,0.7000000000000001,90,40070090,175,264104,0.530862311557789,5.239572699996643
4,250,0.25,0.8,0.7000000000000001,91,40070091,175,281892,0.5666170854271356,5.5791927999816835
4,250,0.25,0.8,0.7000000000000001,92,40070092,175,280799,0.5644201005025126,5.320498299901374
4,250,0.25,0.8,0.7000000000000001,93,40070093,175,271834,0.5464,6.144834199920297
4,250,0.25,0.8,0.7000000000000001,94,40070094,175,277987,0.5587678391959799,5.816877000033855
4,250,0.25,0.8,0.7000000000000001,95,40070095,175,276931,0.5566452261306533,5.502631000010297
4,250,0.25,0.8,0.7000000000000001,96,40070096,175,269888,0.5424884422110553,5.579338600044139
4,250,0.25,0.8,0.7000000000000001,97,40070097,175,261927,0.526486432160804,5.469191399984993
4,250,0.25,0.8,0.7000000000000001,98,40070098,175,280711,0.564243216080402,5.519166800077073
4,250,0.25,0.8,0.7000000000000001,99,40070099,175,263754,0.5301587939698492,5.554750799899921
4,250,0.25,0.8,0.75,0,40075000,188,286971,0.5768261306532664,5.575364400050603
4,250,0.25,0.8,0.75,1,40075001,188,281940,0.566713567839196,5.560672100051306
4,250,0.25,0.8,0.75,2,40075002,188,286854,0.5765909547738693,5.853363100090064
4,250,0.25,0.8,0.75,3,40075003,188,287797,0.578486432160804,6.049540700041689
4,250,0.25,0.8,0.75,4,40075004,188,265118,0.5329005025125628,6.027061500004493
4,250,0.25,0.8,0.75,5,40075005,188,272923,0.5485889447236181,5.724939699983224
4,250,0.25,0.8,0.75,6,40075006,188,262113,0.5268603015075377,5.572384500061162
4,250,0.25,0.8,0.75,7,40075007,188,278933,0.5606693467336683,5.555988400010392
4,250,0.25,0.8,0.75,8,40075008,188,279071,0.5609467336683417,5.69348589994479
4,250,0.25,0.8,0.75,9,40075009,188,268883,0.5404683417085427,5.584737899946049
4,250,0.25,0.8,0.75,10,40075010,188,268950,0.5406030150753769,5.586276500020176
4,250,0.25,0.8,0.75,11,40075011,188,275011,0.5527859296482412,6.650397900026292
4,250,0.25,0.8,0.75,12,40075012,188,286916,0.5767155778894473,5.77319669991266
4,250,0.25,0.8,0.75,13,40075013,188,272895,0.5485326633165829,6.830953600001521
4,250,0.25,0.8,0.75,14,40075014,188,293722,0.5903959798994974,5.681441699969582
4,250,0.25,0.8,0.75,15,40075015,188,263839,0.530329648241206,7.102367900079116
4,250,0.25,0.8,0.75,16,40075016,188,270141,0.5429969849246231,5.802083699963987
4,250,0.25,0.8,0.75,17,40075017,188,289815,0.5825427135678392,5.872406999929808
4,250,0.25,0.8,0.75,18,40075018,188,283811,0.5704743718592965,5.8300786999752745
4,250,0.25,0.8,0.75,19,40075019,188,271991,0.5467155778894472,5.868139300029725
4,250,0.25,0.8,0.75,20,40075020,188,284881,0.5726251256281407,5.934134400100447
4,250,0.25,0.8,0.75,21,40075021,188,275919,0.5546110552763819,5.709588500089012
4,250,0.25,0.8,0.75,22,40075022,188,280440,0.5636984924623115,5.681303899968043
4,250,0.25,0.8,0.75,23,40075023,188,295797,0.5945668341708543,5.95932719996199
4,250,0.25,0.8,0.75,24,40075024,188,277039,0.556862311557789,5.639569999999367
4,250,0.25,0.8,0.75,25,40075025,188,269969,0.5426512562814071,6.013986699981615
4,250,0.25,0.8,0.75,26,40075026,188,280577,0.5639738693467337,5.588670800090767
4,250,0.25,0.8,0.75,27,40075027,188,281844,0.5665206030150753,5.580969799892046
4,250,0.25,0.8,0.75,28,40075028,188,271998,0.5467296482412061,6.2752288999035954
4,250,0.25,0.8,0.75,29,40075029,188,280911,0.5646452261306533,5.784048500005156
4,250,0.25,0.8,0.75,30,40075030,188,263028,0.5286994974874372,5.804051200044341
4,250,0.25,0.8,0.75,31,40075031,188,301744,0.6065206030150754,6.094716400024481
4,250,0.25,0.8,0.75,32,40075032,188,275867,0.5545065326633166,6.618978100013919
4,250,0.25,0.8,0.75,33,40075033,188,278919,0.5606412060301508,5.74197849992197
4,250,0.25,0.8,0.75,34,40075034,188,279901,0.5626150753768844,5.999712600023486
4,250,0.25,0.8,0.75,35,40075035,188,273837,0.5504261306532663,6.368437399971299
4,250,0.25,0.8,0.75,36,40075036,188,276742,0.5562653266331659,5.833603400038555
4,250,0.25,0.8,0.75,37,40075037,188,290274,0.5834653266331659,6.559769899933599
4,250,0.25,0.8,0.75,38,40075038,188,293783,0.5905185929648241,6.572457400034182
4,250,0.25,0.8,0.75,39,40075039,188,281817,0.5664663316582914,5.388430900056846
4,250,0.25,0.8,0.75,40,40075040,188,318453,0.6401065326633166,5.812492000055499
4,250,0.25,0.8,0.75,41,40075041,188,271067,0.5448582914572865,5.711661199922673
4,250,0.25,0.8,0.75,42,40075042,188,288788,0.580478391959799,5.996519100037403
4,250,0.25,0.8,0.75,43,40075043,188,290707,0.5843356783919598,6.144799200003035
4,250,0.25,0.8,0.75,44,40075044,188,269979,0.5426713567839196,5.954153399914503
4,250,0.25,0.8,0.75,45,40075045,188,261851,0.5263336683417086,5.73685700003989
4,250,0.25,0.8,0.75,46,40075046,188,273970,0.5506934673366835,5.724850400001742
4,250,0.25,0.8,0.75,47,40075047,188,284945,0.5727537688442211,5.81727460003458
4,250,0.25,0.8,0.75,48,40075048,188,267060,0.5368040201005025,5.674719200003892
4,250,0.25,0.8,0.75,49,40075049,188,270922,0.5445668341708543,5.672007799963467
4,250,0.25,0.8,0.75,50,40075050,188,265106,0.5328763819095478,5.802404499961995
4,250,0.25,0.8,0.75,51,40075051,188,287634,0.5781587939698493,5.720337499980815
4,250,0.25,0.8,0.75,52,40075052,188,290793,0.5845085427135679,6.371578199905343
4,250,0.25,0.8,0.75,53,40075053,188,284876,0.5726150753768844,5.7163245000410825
4,250,0.25,0.8,0.75,54,40075054,188,295842,0.5946572864321608,6.6105923999566585
4,250,0.25,0.8,0.75,55,40075055,188,260951,0.5245246231155779,5.692022700095549
4,250,0.25,0.8,0.75,56,40075056,188,286857,0.5765969849246231,6.643273999914527
4,250,0.25,0.8,0.75,57,40075057,188,264011,0.5306753768844221,5.61850380001124
4,250,0.25,0.8,0.75,58,40075058,188,279846,0.5625045226130653,5.527616800041869
4,250,0.25,0.8,0.75,59,40075059,188,286942,0.5767678391959798,5.487709800014272
4,250,0.25,0.8,0.75,60,40075060,188,287856,0.5786050251256282,5.53851870005019
4,250,0.25,0.8,0.75,61,40075061,188,275871,0.5545145728643216,5.621609999914654
4,250,0.25,0.8,0.75,62,40075062,188,289827,0.5825668341708543,6.16549040004611
4,250,0.25,0.8,0.75,63,40075063,188,284727,0.5723155778894472,5.593694299925119
4,250,0.25,0.8,0.75,64,40075064,188,275050,0.5528643216080402,6.120306299999356
4,250,0.25,0.8,0.75,65,40075065,188,257196,0.5169768844221105,5.56671530008316
4,250,0.25,0.8,0.75,66,40075066,188,297764,0.5985206030150754,5.551964499987662
4,250,0.25,0.8,0.75,67,40075067,188,265929,0.5345306532663316,5.57143809995614
4,250,0.25,0.8,0.75,68,40075068,188,270736,0.5441929648241206,5.763615700067021
4,250,0.25,0.8,0.75,69,40075069,188,281752,0.5663356783919598,5.594640599912964
4,250,0.25,0.8,0.75,70,40075070,188,289595,0.5821005025125628,5.599862099974416
4,250,0.25,0.8,0.75,71,40075071,188,266934,0.5365507537688442,5.6099737000186
4,250,0.25,0.8,0.75,72,40075072,188,288864,0.5806311557788945,5.695863700006157
4,250,0.25,0.8,0.75,73,40075073,188,273983,0.5507195979899497,5.446577799972147
4,250,0.25,0.8,0.75,74,40075074,188,288878,0.5806592964824121,5.6832007999764755
4,250,0.25,0.8,0.75,75,40075075,188,275083,0.5529306532663316,5.742509600007907
4,250,0.25,0.8,0.75,76,40075076,188,278684,0.5601688442211056,5.466627600020729
4,250,0.25,0.8,0.75,77,40075077,188,277912,0.5586170854271357,5.554289899999276
4,250,0.25,0.8,0.75,78,40075078,188,265901,0.5344743718592965,5.367918099975213
4,250,0.25,0.8,0.75,79,40075079,188,275879,0.5545306532663317,5.68103560002055
4,250,0.25,0.8,0.75,80,40075080,188,275953,0.5546793969849246,5.580992600065656
4,250,0.25,0.8,0.75,81,40075081,188,279899,0.5626110552763819,5.471390199963935
4,250,0.25,0.8,0.75,82,40075082,188,266056,0.5347859296482412,5.656714200042188
4,250,0.25,0.8,0.75,83,40075083,188,265999,0.5346713567839196,5.616465699975379
4,250,0.25,0.8,0.75,84,40075084,188,267724,0.5381386934673367,5.50210020004306
4,250,0.25,0.8,0.75,85,40075085,188,275686,0.5541427135678392,5.420981900068
4,250,0.25,0.8,0.75,86,40075086,188,280735,0.5642914572864322,5.401329000014812
4,250,0.25,0.8,0.75,87,40075087,188,290686,0.5842934673366834,5.573519399971701
4,250,0.25,0.8,0.75,88,40075088,188,290816,0.5845547738693467,5.566838099970482
4,250,0.25,0.8,0.75,89,40075089,188,281877,0.5665869346733668,5.415609700023197
4,250,0.25,0.8,0.75,90,40075090,188,274951,0.5526653266331658,5.31509529997129
4,250,0.25,0.8,0.75,91,40075091,188,278863,0.5605286432160804,5.4259195000631735
4,250,0.25,0.8,0.75,92,40075092,188,300510,0.6040402010050251,5.52589769999031
4,250,0.25,0.8,0.75,93,40075093,188,266907,0.5364964824120603,5.481058900011703
4,250,0.25,0.8,0.75,94,40075094,188,267055,0.5367939698492462,5.360235699918121
4,250,0.25,0.8,0.75,95,40075095,188,281729,0.5662894472361809,5.476582800038159
4,250,0.25,0.8,0.75,96,40075096,188,280549,0.5639175879396985,5.500727399950847
4,250,0.25,0.8,0.75,97,40075097,188,281567,0.5659638190954774,5.575327300000936
4,250,0.25,0.8,0.75,98,40075098,188,265099,0.532862311557789,5.574877099948935
4,250,0.25,0.8,0.75,99,40075099,188,280827,0.5644763819095477,5.815756399999373
4,250,0.25,0.8,0.8,0,40080000,200,285877,0.574627135678392,5.532935500028543
4,250,0.25,0.8,0.8,1,40080001,200,276934,0.556651256281407,5.8852256999816746
4,250,0.25,0.8,0.8,2,40080002,200,297421,0.5978311557788945,5.6325518999947235
4,250,0.25,0.8,0.8,3,40080003,200,275893,0.5545587939698492,5.501993300043978
4,250,0.25,0.8,0.8,4,40080004,200,282871,0.5685849246231156,6.0322701000841334
4,250,0.25,0.8,0.8,5,40080005,200,311452,0.6260341708542714,5.6077453000471
4,250,0.25,0.8,0.8,6,40080006,200,285807,0.574486432160804,5.639838799950667
4,250,0.25,0.8,0.8,7,40080007,200,293662,0.5902753768844221,5.696255299961194
4,250,0.25,0.8,0.8,8,40080008,200,304609,0.6122793969849246,5.750039299950004
4,250,0.25,0.8,0.8,9,40080009,200,272766,0.5482733668341708,5.624801300000399
4,250,0.25,0.8,0.8,10,40080010,200,277926,0.5586452261306533,5.630904999910854
4,250,0.25,0.8,0.8,11,40080011,200,267157,0.5369989949748744,6.791471100063063
4,250,0.25,0.8,0.8,12,40080012,200,265065,0.5327939698492462,5.656024799915031
4,250,0.25,0.8,0.8,13,40080013,200,294791,0.5925447236180904,6.8697777999332175
4,250,0.25,0.8,0.8,14,40080014,200,272717,0.5481748743718593,5.7248420000541955
4,250,0.25,0.8,0.8,15,40080015,200,306630,0.6163417085427135,5.826444400008768
4,250,0.25,0.8,0.8,16,40080016,200,296541,0.596062311557789,6.909734399989247
4,250,0.25,0.8,0.8,17,40080017,200,271107,0.5449386934673367,5.662673500017263
4,250,0.25,0.8,0.8,18,40080018,200,272963,0.5486693467336683,5.683192000025883
4,250,0.25,0.8,0.8,19,40080019,200,287677,0.5782452261306532,5.764002799987793
4,250,0.25,0.8,0.8,20,40080020,200,297621,0.5982331658291458,5.769736099988222
4,250,0.25,0.8,0.8,21,40080021,200,285793,0.5744582914572864,5.757453199941665
4,250,0.25,0.8,0.8,22,40080022,200,277813,0.5584180904522613,5.754985700012185
4,250,0.25,0.8,0.8,23,40080023,200,299514,0.6020381909547738,6.503162799985148
4,250,0.25,0.8,0.8,24,40080024,200,280876,0.5645748743718593,5.653280699974857
4,250,0.25,0.8,0.8,25,40080025,200,293922,0.5907979899497487,5.750243099988438
4,250,0.25,0.8,0.8,26,40080026,200,297626,0.598243216080402,7.290993899921887
4,250,0.25,0.8,0.8,27,40080027,200,278948,0.5606994974874372,5.58239350002259
4,250,0.25,0.8,0.8,28,40080028,200,285969,0.5748120603015076,5.611971799982712
4,250,0.25,0.8,0.8,29,40080029,200,322401,0.6480422110552764,7.330644999979995
4,250,0.25,0.8,0.8,30,40080030,200,270917,0.5445567839195979,6.987940300023183
4,250,0.25,0.8,0.8,31,40080031,200,282784,0.5684100502512562,5.658645899966359
4,250,0.25,0.8,0.8,32,40080032,200,277763,0.5583175879396985,5.6479790000012144
4,250,0.25,0.8,0.8,33,40080033,200,290750,0.5844221105527638,5.758935400051996
4,250,0.25,0.8,0.8,34,40080034,200,272040,0.5468140703517588,5.677322400035337
4,250,0.25,0.8,0.8,35,40080035,200,283044,0.5689326633165829,5.706391699961387
4,250,0.25,0.8,0.8,36,40080036,200,283868,0.5705889447236181,5.693054899922572
4,250,0.25,0.8,0.8,37,40080037,200,283927,0.5707075376884422,5.714303400018252
4,250,0.25,0.8,0.8,38,40080038,200,299678,0.6023678391959799,5.822583900066093
4,250,0.25,0.8,0.8,39,40080039,200,289713,0.582337688442211,5.969918299932033
4,250,0.25,0.8,0.8,40,40080040,200,278927,0.5606572864321608,5.694265800062567
4,250,0.25,0.8,0.8,41,40080041,200,287813,0.5785185929648241,5.580221899901517
4,250,0.25,0.8,0.8,42,40080042,200,280676,0.5641728643216081,5.880660400027409
4,250,0.25,0.8,0.8,43,40080043,200,286994,0.5768723618090452,5.790597400045954
4,250,0.25,0.8,0.8,44,40080044,200,310557,0.624235175879397,6.0766238999785855
4,250,0.25,0.8,0.8,45,40080045,200,284813,0.5724884422110553,5.79924469999969
4,250,0.25,0.8,0.8,46,40080046,200,270937,0.5445969849246232,5.495933400001377
4,250,0.25,0.8,0.8,47,40080047,200,269647,0.5420040201005025,5.511053099995479
4,250,0.25,0.8,0.8,48,40080048,200,293789,0.5905306532663317,5.56723249994684
4,250,0.25,0.8,0.8,49,40080049,200,272886,0.5485145728643216,5.690879300003871
4,250,0.25,0.8,0.8,50,40080050,200,286947,0.5767778894472362,5.459293500054628
4,250,0.25,0.8,0.8,51,40080051,200,292723,0.5883879396984925,5.555845299968496
4,250,0.25,0.8,0.8,52,40080052,200,272961,0.5486653266331658,5.40907190006692
4,250,0.25,0.8,0.8,53,40080053,200,316541,0.6362633165829146,5.566346500068903
4,250,0.25,0.8,0.8,54,40080054,200,291800,0.5865326633165829,5.3925491000991315
4,250,0.25,0.8,0.8,55,40080055,200,290809,0.5845407035175879,5.401901499950327
4,250,0.25,0.8,0.8,56,40080056,200,272996,0.5487356783919598,5.34002220002003
4,250,0.25,0.8,0.8,57,40080057,200,297829,0.598651256281407,5.28892259998247
4,250,0.25,0.8,0.8,58,40080058,200,276058,0.5548904522613065,5.391093000071123
4,250,0.25,0.8,0.8,59,40080059,200,288793,0.5804884422110552,5.4024789000395685
4,250,0.25,0.8,0.8,60,40080060,200,270105,0.5429246231155779,5.360684600076638
4,250,0.25,0.8,0.8,61,40080061,200,266070,0.5348140703517588,5.375463700038381
4,250,0.25,0.8,0.8,62,40080062,200,280930,0.5646834170854271,5.400138100027107
4,250,0.25,0.8,0.8,63,40080063,200,300780,0.6045829145728643,5.379751299973577
4,250,0.25,0.8,0.8,64,40080064,200,296634,0.5962492462311558,5.396772200008854
4,250,0.25,0.8,0.8,65,40080065,200,283931,0.5707155778894473,5.396797900088131
4,250,0.25,0.8,0.8,66,40080066,200,282938,0.5687195979899498,5.561767400009558
4,250,0.25,0.8,0.8,67,40080067,200,278892,0.5605869346733668,5.407512699952349
4,250,0.25,0.8,0.8,68,40080068,200,283916,0.5706854271356784,5.462233700091019
4,250,0.25,0.8,0.8,69,40080069,200,286742,0.5763658291457286,5.551277999999002
4,250,0.25,0.8,0.8,70,40080070,200,286798,0.576478391959799,5.593654299969785
4,250,0.25,0.8,0.8,71,40080071,200,279995,0.5628040201005026,5.67559280002024
4,250,0.25,0.8,0.8,72,40080072,200,284781,0.5724241206030151,5.499601799994707
4,250,0.25,0.8,0.8,73,40080073,200,278908,0.560619095477387,5.49200580001343
4,250,0.25,0.8,0.8,74,40080074,200,275851,0.5544743718592965,5.711161499959417
4,250,0.25,0.8,0.8,75,40080075,200,287709,0.5783095477386935,5.647667300072499
4,250,0.25,0.8,0.8,76,40080076,200,289734,0.5823798994974875,5.582191300112754
4,250,0.25,0.8,0.8,77,40080077,200,275887,0.5545467336683417,5.591961600002833
4,250,0.25,0.8,0.8,78,40080078,200,276895,0.556572864321608,5.428185799974017
4,250,0.25,0.8,0.8,79,40080079,200,289834,0.582580904522613,5.482296700007282
4,250,0.25,0.8,0.8,80,40080080,200,275703,0.5541768844221105,5.43608559994027
4,250,0.25,0.8,0.8,81,40080081,200,292768,0.588478391959799,5.527717699995264
4,250,0.25,0.8,0.8,82,40080082,200,279824,0.5624603015075377,5.471909899963066
4,250,0.25,0.8,0.8,83,40080083,200,277089,0.5569628140703518,5.459841100033373
4,250,0.25,0.8,0.8,84,40080084,200,294760,0.5924824120603015,5.489356200094335
4,250,0.25,0.8,0.8,85,40080085,200,292550,0.5880402010050251,5.4271046000067145
4,250,0.25,0.8,0.8,86,40080086,200,296518,0.59601608040201,5.509948100079782
4,250,0.25,0.8,0.8,87,40080087,200,295719,0.5944100502512563,5.430717800045386
4,250,0.25,0.8,0.8,88,40080088,200,279903,0.562619095477387,5.5182199000846595
4,250,0.25,0.8,0.8,89,40080089,200,267939,0.5385708542713568,5.337605300010182
4,250,0.25,0.8,0.8,90,40080090,200,277878,0.558548743718593,5.477781599969603
4,250,0.25,0.8,0.8,91,40080091,200,281939,0.5667115577889448,5.400466299965046
4,250,0.25,0.8,0.8,92,40080092,200,278880,0.5605628140703518,5.442381200031377
4,250,0.25,0.8,0.8,93,40080093,200,286608,0.5760964824120604,5.367161100031808
4,250,0.25,0.8,0.8,94,40080094,200,296682,0.5963457286432161,5.482469000038691
4,250,0.25,0.8,0.8,95,40080095,200,284924,0.5727115577889447,5.448678799904883
4,250,0.25,0.8,0.8,96,40080096,200,274872,0.5525065326633166,5.328106399974786
4,250,0.25,0.8,0.8,97,40080097,200,282813,0.5684683417085428,5.408486200030893
4,250,0.25,0.8,0.8,98,40080098,200,282931,0.5687055276381909,5.302756299963221
4,250,0.25,0.8,0.8,99,40080099,200,286721,0.5763236180904523,5.342262199963443
4,250,0.25,0.8,0.8500000000000001,0,40085000,213,312708,0.6285587939698493,5.36685409990605
4,250,0.25,0.8,0.8500000000000001,1,40085001,213,289762,0.5824361809045226,5.288718500058167
4,250,0.25,0.8,0.8500000000000001,2,40085002,213,272020,0.5467738693467337,5.316163299954496
4,250,0.25,0.8,0.8500000000000001,3,40085003,213,287861,0.5786150753768844,5.346566699910909
4,250,0.25,0.8,0.8500000000000001,4,40085004,213,293946,0.590846231155779,5.312421299982816
4,250,0.25,0.8,0.8500000000000001,5,40085005,213,293895,0.5907437185929648,5.3758918000385165
4,250,0.25,0.8,0.8500000000000001,6,40085006,213,272129,0.5469929648241206,5.389014599961229
4,250,0.25,0.8,0.8500000000000001,7,40085007,213,302715,0.6084723618090452,5.45380389993079
4,250,0.25,0.8,0.8500000000000001,8,40085008,213,286651,0.5761829145728643,5.530324900057167
4,250,0.25,0.8,0.8500000000000001,9,40085009,213,282937,0.5687175879396985,5.550815999973565
4,250,0.25,0.8,0.8500000000000001,10,40085010,213,290930,0.5847839195979899,5.434393499977887
4,250,0.25,0.8,0.8500000000000001,11,40085011,213,303731,0.6105145728643216,5.424004000029527
4,250,0.25,0.8,0.8500000000000001,12,40085012,213,274774,0.5523095477386935,5.398525400087237
4,250,0.25,0.8,0.8500000000000001,13,40085013,213,300698,0.6044180904522614,5.5681213000789285
4,250,0.25,0.8,0.8500000000000001,14,40085014,213,280983,0.5647899497487437,5.4466218999587
4,250,0.25,0.8,0.8500000000000001,15,40085015,213,309701,0.6225145728643217,5.442472400027327
4,250,0.25,0.8,0.8500000000000001,16,40085016,213,283894,0.5706412060301508,5.278528299997561
4,250,0.25,0.8,0.8500000000000001,17,40085017,213,296880,0.5967437185929648,5.382944300072268
4,250,0.25,0.8,0.8500000000000001,18,40085018,213,291845,0.5866231155778895,5.366663099965081
4,250,0.25,0.8,0.8500000000000001,19,40085019,213,306557,0.6161949748743719,5.4816011999500915
4,250,0.25,0.8,0.8500000000000001,20,40085020,213,301713,0.6064582914572865,5.365629600011744
4,250,0.25,0.8,0.8500000000000001,21,40085021,213,282848,0.5685386934673367,5.365606700070202
4,250,0.25,0.8,0.8500000000000001,22,40085022,213,308807,0.6207175879396984,5.3779214000096545
4,250,0.25,0.8,0.8500000000000001,23,40085023,213,301459,0.6059477386934673,5.460923000006005
4,250,0.25,0.8,0.8500000000000001,24,40085024,213,273936,0.5506251256281407,5.261794599937275
4,250,0.25,0.8,0.8500000000000001,25,40085025,213,295693,0.5943577889447236,5.334850199986249
4,250,0.25,0.8,0.8500000000000001,26,40085026,213,294739,0.5924402010050251,5.46460589999333
4,250,0.25,0.8,0.8500000000000001,27,40085027,213,307535,0.6181608040201005,5.544864499941468
4,250,0.25,0.8,0.8500000000000001,28,40085028,213,304795,0.6126532663316583,5.469158999971114
4,250,0.25,0.8,0.8500000000000001,29,40085029,213,291810,0.5865527638190955,5.480873399996199
4,250,0.25,0.8,0.8500000000000001,30,40085030,213,299848,0.6027095477386935,5.39812999998685
4,250,0.25,0.8,0.8500000000000001,31,40085031,213,302794,0.6086311557788945,5.893851800006814
4,250,0.25,0.8,0.8500000000000001,32,40085032,213,290911,0.5847457286432161,5.594593000016175
4,250,0.25,0.8,0.8500000000000001,33,40085033,213,296779,0.5965407035175879,5.615401100018062
4,250,0.25,0.8,0.8500000000000001,34,40085034,213,310738,0.6245989949748744,5.423979100072756
4,250,0.25,0.8,0.8500000000000001,35,40085035,213,305612,0.6142954773869347,5.631181899923831
4,250,0.25,0.8,0.8500000000000001,36,40085036,213,280884,0.5645909547738693,6.064283200073987
4,250,0.25,0.8,0.8500000000000001,37,40085037,213,289795,0.582502512562814,6.229473399929702
4,250,0.25,0.8,0.8500000000000001,38,40085038,213,293776,0.5905045226130653,5.206092500011437
4,250,0.25,0.8,0.8500000000000001,39,40085039,213,277731,0.5582532663316583,5.470587700023316
4,250,0.25,0.8,0.8500000000000001,40,40085040,213,282708,0.5682572864321608,6.169200300006196
4,250,0.25,0.8,0.8500000000000001,41,40085041,213,288765,0.58043216080402,5.177759599988349
4,250,0.25,0.8,0.8500000000000001,42,40085042,213,288878,0.5806592964824121,5.7453642000909895
4,250,0.25,0.8,0.8500000000000001,43,40085043,213,291816,0.5865648241206031,5.74828639999032
4,250,0.25,0.8,0.8500000000000001,44,40085044,213,298778,0.6005587939698492,5.638943500001915
4,250,0.25,0.8,0.8500000000000001,45,40085045,213,307692,0.6184763819095478,6.264617300010286
4,250,0.25,0.8,0.8500000000000001,46,40085046,213,320557,0.6443356783919598,5.6868597998982295
4,250,0.25,0.8,0.8500000000000001,47,40085047,213,280900,0.5646231155778895,6.019100300036371
4,250,0.25,0.8,0.8500000000000001,48,40085048,213,284787,0.5724361809045226,5.763582800049335
4,250,0.25,0.8,0.8500000000000001,49,40085049,213,302678,0.6083979899497487,5.889807099942118
4,250,0.25,0.8,0.8500000000000001,50,40085050,213,304584,0.6122291457286432,6.98859409999568
4,250,0.25,0.8,0.8500000000000001,51,40085051,213,272856,0.5484542713567839,5.757968899910338
4,250,0.25,0.8,0.8500000000000001,52,40085052,213,274975,0.552713567839196,5.942503399914131
4,250,0.25,0.8,0.8500000000000001,53,40085053,213,301775,0.6065829145728643,6.453816800029017
4,250,0.25,0.8,0.8500000000000001,54,40085054,213,277021,0.5568261306532664,6.338464400032535
4,250,0.25,0.8,0.8500000000000001,55,40085055,213,266941,0.536564824120603,6.580470599932596
4,250,0.25,0.8,0.8500000000000001,56,40085056,213,276652,0.5560844221105528,5.8338474000338465
4,250,0.25,0.8,0.8500000000000001,57,40085057,213,297790,0.5985728643216081,5.798950899974443
4,250,0.25,0.8,0.8500000000000001,58,40085058,213,272938,0.548619095477387,6.130177300074138
4,250,0.25,0.8,0.8500000000000001,59,40085059,213,272877,0.5484964824120603,5.6437617999035865
4,250,0.25,0.8,0.8500000000000001,60,40085060,213,276881,0.5565447236180905,5.9640266000060365
4,250,0.25,0.8,0.8500000000000001,61,40085061,213,291950,0.5868341708542714,5.746855100034736
4,250,0.25,0.8,0.8500000000000001,62,40085062,213,282053,0.566940703517588,6.579008199973032
4,250,0.25,0.8,0.8500000000000001,63,40085063,213,286608,0.5760964824120604,5.820831599994563
4,250,0.25,0.8,0.8500000000000001,64,40085064,213,294736,0.5924341708542713,6.809402400045656
4,250,0.25,0.8,0.8500000000000001,65,40085065,213,309618,0.6223477386934674,7.149340600008145
4,250,0.25,0.8,0.8500000000000001,66,40085066,213,304650,0.6123618090452261,6.606253799982369
4,250,0.25,0.8,0.8500000000000001,67,40085067,213,321539,0.6463095477386934,6.755379299982451
4,250,0.25,0.8,0.8500000000000001,68,40085068,213,297667,0.5983256281407036,5.82781510008499
4,250,0.25,0.8,0.8500000000000001,69,40085069,213,291650,0.5862311557788945,6.772541000042111
4,250,0.25,0.8,0.8500000000000001,70,40085070,213,286072,0.5750190954773869,5.812976000015624
4,250,0.25,0.8,0.8500000000000001,71,40085071,213,285814,0.5745005025125628,5.5961349999997765
4,250,0.25,0.8,0.8500000000000001,72,40085072,213,262016,0.5266653266331658,5.4482318999944255
4,250,0.25,0.8,0.8500000000000001,73,40085073,213,321517,0.6462653266331658,5.866573599982075
4,250,0.25,0.8,0.8500000000000001,74,40085074,213,304687,0.6124361809045226,5.794529399950989
4,250,0.25,0.8,0.8500000000000001,75,40085075,213,272909,0.5485608040201005,5.609854399925098
4,250,0.25,0.8,0.8500000000000001,76,40085076,213,287921,0.5787356783919598,5.8046249999897555
4,250,0.25,0.8,0.8500000000000001,77,40085077,213,290888,0.5846994974874372,5.346392399980687
4,250,0.25,0.8,0.8500000000000001,78,40085078,213,278941,0.5606854271356784,5.80875940003898
4,250,0.25,0.8,0.8500000000000001,79,40085079,213,313562,0.6302753768844221,5.282303999993019
4,250,0.25,0.8,0.8500000000000001,80,40085080,213,316585,0.6363517587939699,5.7051947000436485
4,250,0.25,0.8,0.8500000000000001,81,40085081,213,280564,0.5639477386934674,5.4954369000624865
4,250,0.25,0.8,0.8500000000000001,82,40085082,213,289631,0.5821728643216081,5.8154162999708205
4,250,0.25,0.8,0.8500000000000001,83,40085083,213,271841,0.5464140703517588,5.387169900001027
4,250,0.25,0.8,0.8500000000000001,84,40085084,213,292862,0.5886673366834171,6.197412100038491
4,250,0.25,0.8,0.8500000000000001,85,40085085,213,289604,0.5821185929648242,5.544136799988337
4,250,0.25,0.8,0.8500000000000001,86,40085086,213,290899,0.584721608040201,6.239893799996935
4,250,0.25,0.8,0.8500000000000001,87,40085087,213,276982,0.5567477386934674,5.4914014000678435
4,250,0.25,0.8,0.8500000000000001,88,40085088,213,304775,0.6126130653266332,5.8756100999889895
4,250,0.25,0.8,0.8500000000000001,89,40085089,213,312662,0.6284663316582915,5.585122999968007
4,250,0.25,0.8,0.8500000000000001,90,40085090,213,306711,0.6165045226130653,5.545206699986011
4,250,0.25,0.8,0.8500000000000001,91,40085091,213,302535,0.6081105527638191,5.6478969000745565
4,250,0.25,0.8,0.8500000000000001,92,40085092,213,275917,0.5546070351758794,6.1493798000738025
4,250,0.25,0.8,0.8500000000000001,93,40085093,213,304900,0.6128643216080402,5.54849740001373
4,250,0.25,0.8,0.8500000000000001,94,40085094,213,290878,0.5846793969849247,5.608984400052577
4,250,0.25,0.8,0.8500000000000001,95,40085095,213,296834,0.596651256281407,5.5978148999856785
4,250,0.25,0.8,0.8500000000000001,96,40085096,213,307641,0.6183738693467337,5.806085299933329
4,250,0.25,0.8,0.8500000000000001,97,40085097,213,290661,0.584243216080402,5.636030299938284
4,250,0.25,0.8,0.8500000000000001,98,40085098,213,292834,0.5886110552763819,5.760068100062199
4,250,0.25,0.8,0.8500000000000001,99,40085099,213,287860,0.5786130653266331,5.526692799990997
4,250,0.25,0.8,0.9,0,40090000,225,310755,0.6246331658291457,5.609284499892965
4,250,0.25,0.8,0.9,1,40090001,225,305650,0.6143718592964824,5.590930399950594
4,250,0.25,0.8,0.9,2,40090002,225,317608,0.6384080402010051,6.430999899981543
4,250,0.25,0.8,0.9,3,40090003,225,308655,0.6204120603015075,5.552135500009172
4,250,0.25,0.8,0.9,4,40090004,225,298846,0.6006954773869346,6.5224244999699295
4,250,0.25,0.8,0.9,5,40090005,225,290651,0.5842231155778894,6.328761199954897
4,250,0.25,0.8,0.9,6,40090006,225,301769,0.6065708542713568,5.804375699954107
4,250,0.25,0.8,0.9,7,40090007,225,327336,0.6579618090452262,5.837037799996324
4,250,0.25,0.8,0.9,8,40090008,225,293681,0.590313567839196,5.78116640006192
4,250,0.25,0.8,0.9,9,40090009,225,294825,0.5926130653266332,5.721586299943738
4,250,0.25,0.8,0.9,10,40090010,225,295755,0.5944824120603015,6.3144961999496445
4,250,0.25,0.8,0.9,11,40090011,225,285897,0.5746673366834171,5.620354400016367
4,250,0.25,0.8,0.9,12,40090012,225,287778,0.5784482412060301,5.57094959996175
4,250,0.25,0.8,0.9,13,40090013,225,307615,0.618321608040201,5.644723600009456
4,250,0.25,0.8,0.9,14,40090014,225,301634,0.6062994974874372,5.52041520003695
4,250,0.25,0.8,0.9,15,40090015,225,309750,0.6226130653266332,5.692155500059016
4,250,0.25,0.8,0.9,16,40090016,225,294858,0.5926793969849247,5.646269100019708
4,250,0.25,0.8,0.9,17,40090017,225,298826,0.6006552763819095,5.626994099933654
4,250,0.25,0.8,0.9,18,40090018,225,333538,0.6704281407035176,5.679011199972592
4,250,0.25,0.8,0.9,19,40090019,225,277626,0.5580422110552764,5.516017000074498
4,250,0.25,0.8,0.9,20,40090020,225,286854,0.5765909547738693,5.50376479991246
4,250,0.25,0.8,0.9,21,40090021,225,289837,0.5825869346733669,5.490324900019914
4,250,0.25,0.8,0.9,22,40090022,225,315505,0.6341809045226131,5.551867899950594
4,250,0.25,0.8,0.9,23,40090023,225,314556,0.6322733668341709,5.5915964000159875
4,250,0.25,0.8,0.9,24,40090024,225,295784,0.5945407035175879,5.420851100003347
4,250,0.25,0.8,0.9,25,40090025,225,305846,0.6147658291457286,5.677105200011283
4,250,0.25,0.8,0.9,26,40090026,225,286950,0.5767839195979899,5.500368000008166
4,250,0.25,0.8,0.9,27,40090027,225,302906,0.6088562814070352,5.310064400080591
4,250,0.25,0.8,0.9,28,40090028,225,299581,0.602172864321608,5.834466099971905
4,250,0.25,0.8,0.9,29,40090029,225,289754,0.5824201005025126,5.482901899958961
4,250,0.25,0.8,0.9,30,40090030,225,325287,0.653843216080402,5.625104399980046
4,250,0.25,0.8,0.9,31,40090031,225,319687,0.6425869346733668,5.609370699967258
4,250,0.25,0.8,0.9,32,40090032,225,313634,0.6304201005025125,5.328105199965648
4,250,0.25,0.8,0.9,33,40090033,225,315653,0.634478391959799,6.065307799959555
4,250,0.25,0.8,0.9,34,40090034,225,288887,0.5806773869346734,6.09281269996427
4,250,0.25,0.8,0.9,35,40090035,225,293826,0.5906050251256282,5.323418799904175
4,250,0.25,0.8,0.9,36,40090036,225,299700,0.6024120603015075,5.571912199957296
4,250,0.25,0.8,0.9,37,40090037,225,283012,0.5688683417085427,5.515642700018361
4,250,0.25,0.8,0.9,38,40090038,225,290039,0.5829929648241206,6.112741300021298
4,250,0.25,0.8,0.9,39,40090039,225,304782,0.612627135678392,5.882196899969131
4,250,0.25,0.8,0.9,40,40090040,225,295822,0.5946170854271356,5.625646200031042
4,250,0.25,0.8,0.9,41,40090041,225,302723,0.6084884422110552,5.715481800027192
4,250,0.25,0.8,0.9,42,40090042,225,300723,0.6044683417085427,5.677209299989045
4,250,0.25,0.8,0.9,43,40090043,225,294691,0.5923437185929649,5.6068677000002936
4,250,0.25,0.8,0.9,44,40090044,225,312616,0.6283738693467337,5.813234600005671
4,250,0.25,0.8,0.9,45,40090045,225,321461,0.6461527638190955,6.213961499975994
4,250,0.25,0.8,0.9,46,40090046,225,290724,0.5843698492462311,5.687206900096498
4,250,0.25,0.8,0.9,47,40090047,225,291959,0.5868522613065327,5.6158449000213295
4,250,0.25,0.8,0.9,48,40090048,225,316561,0.6363035175879397,6.61862989992369
4,250,0.25,0.8,0.9,49,40090049,225,310646,0.6244140703517588,5.73859339999035
4,250,0.25,0.8,0.9,50,40090050,225,300723,0.6044683417085427,5.739423000020906
4,250,0.25,0.8,0.9,51,40090051,225,295847,0.5946673366834171,5.566266699926928
4,250,0.25,0.8,0.9,52,40090052,225,282781,0.5684040201005025,5.693018799996935
4,250,0.25,0.8,0.9,53,40090053,225,285825,0.5745226130653266,6.336474200012162
4,250,0.25,0.8,0.9,54,40090054,225,286850,0.5765829145728644,5.545475699938834
4,250,0.25,0.8,0.9,55,40090055,225,300362,0.6037427135678392,5.78393239993602
4,250,0.25,0.8,0.9,56,40090056,225,279793,0.5623979899497488,6.672974599990994
4,250,0.25,0.8,0.9,57,40090057,225,299846,0.602705527638191,6.3531192999798805
4,250,0.25,0.8,0.9,58,40090058,225,301858,0.6067497487437186,5.688270700047724
4,250,0.25,0.8,0.9,59,40090059,225,288837,0.5805768844221105,5.925802199984901
4,250,0.25,0.8,0.9,60,40090060,225,333496,0.6703437185929648,5.630375599954277
4,250,0.25,0.8,0.9,61,40090061,225,289987,0.5828884422110553,5.65464730001986
4,250,0.25,0.8,0.9,62,40090062,225,309588,0.6222874371859296,5.559490499901585
4,250,0.25,0.8,0.9,63,40090063,225,300639,0.6042994974874372,5.799572100047953
4,250,0.25,0.8,0.9,64,40090064,225,292779,0.5885005025125628,5.562284699990414
4,250,0.25,0.8,0.9,65,40090065,225,340433,0.6842874371859297,5.791583699989133
4,250,0.25,0.8,0.9,66,40090066,225,302652,0.6083457286432161,5.877268399926834
4,250,0.25,0.8,0.9,67,40090067,225,301746,0.6065246231155779,5.874314300017431
4,250,0.25,0.8,0.9,68,40090068,225,321362,0.6459537688442211,5.884971900028177
4,250,0.25,0.8,0.9,69,40090069,225,299753,0.6025185929648241,5.861025799997151
4,250,0.25,0.8,0.9,70,40090070,225,303640,0.6103316582914573,5.759684999939054
4,250,0.25,0.8,0.9,71,40090071,225,317570,0.6383316582914573,5.826673700008541
4,250,0.25,0.8,0.9,72,40090072,225,313761,0.6306753768844221,5.726607499993406
4,250,0.25,0.8,0.9,73,40090073,225,312724,0.6285909547738694,5.775912999990396
4,250,0.25,0.8,0.9,74,40090074,225,315432,0.6340341708542714,5.604739899979904
4,250,0.25,0.8,0.9,75,40090075,225,298906,0.6008160804020101,5.672848199959844
4,250,0.25,0.8,0.9,76,40090076,225,326387,0.656054271356784,5.681417700019665
4,250,0.25,0.8,0.9,77,40090077,225,280935,0.5646934673366835,6.022196699981578
4,250,0.25,0.8,0.9,78,40090078,225,291769,0.5864703517587939,6.332279300084338
4,250,0.25,0.8,0.9,79,40090079,225,296763,0.5965085427135678,5.682960100006312
4,250,0.25,0.8,0.9,80,40090080,225,308629,0.6203597989949748,6.667693500057794
4,250,0.25,0.8,0.9,81,40090081,225,333381,0.6701125628140704,6.997357100015506
4,250,0.25,0.8,0.9,82,40090082,225,315557,0.6342854271356784,5.991259900038131
4,250,0.25,0.8,0.9,83,40090083,225,300759,0.6045407035175879,5.786212299950421
4,250,0.25,0.8,0.9,84,40090084,225,291672,0.5862753768844221,7.072306500049308
4,250,0.25,0.8,0.9,85,40090085,225,308775,0.6206532663316583,6.153471599915065
4,250,0.25,0.8,0.9,86,40090086,225,304552,0.612164824120603,6.164919100003317
4,250,0.25,0.8,0.9,87,40090087,225,303756,0.610564824120603,5.926380300079472
4,250,0.25,0.8,0.9,88,40090088,225,332547,0.6684361809045226,6.22054859995842
4,250,0.25,0.8,0.9,89,40090089,225,289969,0.5828522613065327,5.953488599974662
4,250,0.25,0.8,0.9,90,40090090,225,308689,0.6204804020100503,6.502004900015891
4,250,0.25,0.8,0.9,91,40090091,225,341309,0.6860482412060301,6.930432599969208
4,250,0.25,0.8,0.9,92,40090092,225,299762,0.6025366834170854,5.853212299989536
4,250,0.25,0.8,0.9,93,40090093,225,313660,0.6304723618090452,5.725571800023317
4,250,0.25,0.8,0.9,94,40090094,225,282907,0.5686572864321608,7.5241578000131994
4,250,0.25,0.8,0.9,95,40090095,225,282896,0.5686351758793969,7.364394600037485
4,250,0.25,0.8,0.9,96,40090096,225,314604,0.6323698492462312,5.847210600040853
4,250,0.25,0.8,0.9,97,40090097,225,293854,0.5906613065326634,5.803409999934956
4,250,0.25,0.8,0.9,98,40090098,225,292818,0.5885788944723618,5.603316100081429
4,250,0.25,0.8,0.9,99,40090099,225,301707,0.6064462311557789,5.648611299926415
4,250,0.25,0.8,0.9500000000000001,0,40095000,238,304847,0.6127577889447237,5.921941600041464
4,250,0.25,0.8,0.9500000000000001,1,40095001,238,304707,0.6124763819095478,11.628692800062709
4,250,0.25,0.8,0.9500000000000001,2,40095002,238,305753,0.6145788944723618,10.821600699913688
4,250,0.25,0.8,0.9500000000000001,3,40095003,238,326666,0.6566150753768845,5.930120799923316
4,250,0.25,0.8,0.9500000000000001,4,40095004,238,277862,0.5585165829145728,5.813792199944146
4,250,0.25,0.8,0.9500000000000001,5,40095005,238,297820,0.5986331658291457,5.903168500051834
4,250,0.25,0.8,0.9500000000000001,6,40095006,238,293761,0.5904743718592965,5.904463499900885
4,250,0.25,0.8,0.9500000000000001,7,40095007,238,295739,0.5944502512562814,5.911414699978195
4,250,0.25,0.8,0.9500000000000001,8,40095008,238,336290,0.6759597989949748,11.657146500074305
4,250,0.25,0.8,0.9500000000000001,9,40095009,238,339450,0.6823115577889447,6.1024728999473155
4,250,0.25,0.8,0.9500000000000001,10,40095010,238,303619,0.610289447236181,5.974878999986686
4,250,0.25,0.8,0.9500000000000001,11,40095011,238,316480,0.6361407035175879,5.9263226999901235
4,250,0.25,0.8,0.9500000000000001,12,40095012,238,318694,0.6405909547738693,5.973052900051698
4,250,0.25,0.8,0.9500000000000001,13,40095013,238,322235,0.6477085427135678,6.2089679999044165
4,250,0.25,0.8,0.9500000000000001,14,40095014,238,294731,0.5924241206030151,5.920760000008158
4,250,0.25,0.8,0.9500000000000001,15,40095015,238,347309,0.6981085427135678,6.066475600004196
4,250,0.25,0.8,0.9500000000000001,16,40095016,238,289715,0.5823417085427136,6.06028440000955
4,250,0.25,0.8,0.9500000000000001,17,40095017,238,335486,0.6743437185929648,6.034400500007905
4,250,0.25,0.8,0.9500000000000001,18,40095018,238,314666,0.632494472361809,5.959030400030315
4,250,0.25,0.8,0.9500000000000001,19,40095019,238,319556,0.6423236180904522,5.817524400074035
4,250,0.25,0.8,0.9500000000000001,20,40095020,238,313802,0.6307577889447236,6.718580499989912
4,250,0.25,0.8,0.9500000000000001,21,40095021,238,299738,0.6024884422110552,6.567447199951857
4,250,0.25,0.8,0.9500000000000001,22,40095022,238,333466,0.6702834170854272,5.774046299979091
4,250,0.25,0.8,0.9500000000000001,23,40095023,238,305668,0.614408040201005,5.5818334999494255
4,250,0.25,0.8,0.9500000000000001,24,40095024,238,315614,0.6344,5.663458000053652
4,250,0.25,0.8,0.9500000000000001,25,40095025,238,318496,0.6401929648241206,5.706747199990787
4,250,0.25,0.8,0.9500000000000001,26,40095026,238,300723,0.6044683417085427,5.464532500016503
4,250,0.25,0.8,0.9500000000000001,27,40095027,238,304682,0.6124261306532663,5.919160100049339
4,250,0.25,0.8,0.9500000000000001,28,40095028,238,307779,0.618651256281407,5.601449399953708
4,250,0.25,0.8,0.9500000000000001,29,40095029,238,313541,0.6302331658291457,5.475039200042374
4,250,0.25,0.8,0.9500000000000001,30,40095030,238,309684,0.6224804020100503,5.697633199975826
4,250,0.25,0.8,0.9500000000000001,31,40095031,238,318532,0.6402653266331658,5.9264054000377655
4,250,0.25,0.8,0.9500000000000001,32,40095032,238,336306,0.675991959798995,6.4476713999174535
4,250,0.25,0.8,0.9500000000000001,33,40095033,238,313809,0.6307718592964824,6.450941500021145
4,250,0.25,0.8,0.9500000000000001,34,40095034,238,330380,0.6640804020100503,5.680843500071205
4,250,0.25,0.8,0.9500000000000001,35,40095035,238,318531,0.6402633165829146,5.819394100108184
4,250,0.25,0.8,0.9500000000000001,36,40095036,238,315513,0.6341969849246231,6.2546981000341475
4,250,0.25,0.8,0.9500000000000001,37,40095037,238,287924,0.5787417085427136,5.811786300037056
4,250,0.25,0.8,0.9500000000000001,38,40095038,238,340416,0.6842532663316583,6.783155299955979
4,250,0.25,0.8,0.9500000000000001,39,40095039,238,334084,0.6715256281407035,5.657555500045419
4,250,0.25,0.8,0.9500000000000001,40,40095040,238,323439,0.6501286432160804,5.844582899939269
4,250,0.25,0.8,0.9500000000000001,41,40095041,238,338984,0.6813748743718593,5.9212649000110105
4,250,0.25,0.8,0.9500000000000001,42,40095042,238,341388,0.6862070351758794,5.634623900055885
4,250,0.25,0.8,0.9500000000000001,43,40095043,238,318438,0.6400763819095477,5.578781499993056
4,250,0.25,0.8,0.9500000000000001,44,40095044,238,299783,0.6025788944723618,6.321708100032993
4,250,0.25,0.8,0.9500000000000001,45,40095045,238,354124,0.7118070351758794,6.403293999959715
4,250,0.25,0.8,0.9500000000000001,46,40095046,238,307757,0.6186070351758794,6.113121900008991
4,250,0.25,0.8,0.9500000000000001,47,40095047,238,310648,0.6244180904522613,5.885956900077872
4,250,0.25,0.8,0.9500000000000001,48,40095048,238,337348,0.678086432160804,6.032429900020361
4,250,0.25,0.8,0.9500000000000001,49,40095049,238,324649,0.6525608040201005,5.726230600033887
4,250,0.25,0.8,0.9500000000000001,50,40095050,238,325384,0.6540381909547739,6.030960500007495
4,250,0.25,0.8,0.9500000000000001,51,40095051,238,307833,0.6187597989949749,5.773610399919562
4,250,0.25,0.8,0.9500000000000001,52,40095052,238,309666,0.6224442211055277,5.989262799965218
4,250,0.25,0.8,0.9500000000000001,53,40095053,238,308672,0.6204462311557789,5.675316300010309
4,250,0.25,0.8,0.9500000000000001,54,40095054,238,354111,0.7117809045226131,5.851963899913244
4,250,0.25,0.8,0.9500000000000001,55,40095055,238,322255,0.6477487437185929,5.635477000032552
4,250,0.25,0.8,0.9500000000000001,56,40095056,238,321516,0.6462633165829146,5.607519999961369
4,250,0.25,0.8,0.9500000000000001,57,40095057,238,289823,0.5825587939698492,5.548933100071736
4,250,0.25,0.8,0.9500000000000001,58,40095058,238,295865,0.5947035175879397,5.530821899999864
4,250,0.25,0.8,0.9500000000000001,59,40095059,238,325479,0.6542291457286432,5.707138799945824
4,250,0.25,0.8,0.9500000000000001,60,40095060,238,310797,0.6247175879396984,5.564928200095892
4,250,0.25,0.8,0.9500000000000001,61,40095061,238,286889,0.5766613065326633,5.385088699986227
4,250,0.25,0.8,0.9500000000000001,62,40095062,238,318681,0.640564824120603,5.690772800007835
4,250,0.25,0.8,0.9500000000000001,63,40095063,238,309742,0.6225969849246231,5.445735500077717
4,250,0.25,0.8,0.9500000000000001,64,40095064,238,322472,0.6481849246231156,5.5894194999709725
4,250,0.25,0.8,0.9500000000000001,65,40095065,238,290899,0.584721608040201,5.442674599937163
4,250,0.25,0.8,0.9500000000000001,66,40095066,238,306628,0.616337688442211,5.644567899988033
4,250,0.25,0.8,0.9500000000000001,67,40095067,238,300655,0.6043316582914573,5.470706099993549
4,250,0.25,0.8,0.9500000000000001,68,40095068,238,306709,0.6165005025125628,5.374740500003099
4,250,0.25,0.8,0.9500000000000001,69,40095069,238,273150,0.5490452261306533,5.536850000033155
4,250,0.25,0.8,0.9500000000000001,70,40095070,238,333383,0.6701165829145729,5.60078550002072
4,250,0.25,0.8,0.9500000000000001,71,40095071,238,335469,0.6743095477386934,5.762246199999936
4,250,0.25,0.8,0.9500000000000001,72,40095072,238,290594,0.5841085427135678,5.327289700042456
4,250,0.25,0.8,0.9500000000000001,73,40095073,238,326489,0.6562592964824121,5.629041299922392
4,250,0.25,0.8,0.9500000000000001,74,40095074,238,331525,0.6663819095477387,5.588298400049098
4,250,0.25,0.8,0.9500000000000001,75,40095075,238,325538,0.6543477386934673,5.559435399947688
4,250,0.25,0.8,0.9500000000000001,76,40095076,238,305404,0.6138773869346734,5.379878400010057
4,250,0.25,0.8,0.9500000000000001,77,40095077,238,296883,0.5967497487437186,5.498066399944946
4,250,0.25,0.8,0.9500000000000001,78,40095078,238,338451,0.6803035175879397,5.6021149000152946
4,250,0.25,0.8,0.9500000000000001,79,40095079,238,286935,0.5767537688442211,5.415977000026032
4,250,0.25,0.8,0.9500000000000001,80,40095080,238,327592,0.6584763819095477,5.586746399989352
4,250,0.25,0.8,0.9500000000000001,81,40095081,238,295880,0.5947336683417085,5.477730300044641
4,250,0.25,0.8,0.9500000000000001,82,40095082,238,304744,0.6125507537688443,5.5858314000070095
4,250,0.25,0.8,0.9500000000000001,83,40095083,238,292989,0.5889226130653267,5.4992405999219045
4,250,0.25,0.8,0.9500000000000001,84,40095084,238,320585,0.644391959798995,5.542341800057329
4,250,0.25,0.8,0.9500000000000001,85,40095085,238,291807,0.5865467336683418,5.482260099961422
4,250,0.25,0.8,0.9500000000000001,86,40095086,238,331601,0.6665346733668341,5.685258000041358
4,250,0.25,0.8,0.9500000000000001,87,40095087,238,295849,0.5946713567839196,5.62764540000353
4,250,0.25,0.8,0.9500000000000001,88,40095088,238,341407,0.6862452261306533,5.741521599935368
4,250,0.25,0.8,0.9500000000000001,89,40095089,238,291801,0.5865346733668342,5.5462443000869825
4,250,0.25,0.8,0.9500000000000001,90,40095090,238,337412,0.6782150753768844,5.727976099937223
4,250,0.25,0.8,0.9500000000000001,91,40095091,238,290923,0.5847698492462312,5.601286899996921
4,250,0.25,0.8,0.9500000000000001,92,40095092,238,330383,0.664086432160804,5.627277199993841
4,250,0.25,0.8,0.9500000000000001,93,40095093,238,295839,0.594651256281407,5.61744349997025
4,250,0.25,0.8,0.9500000000000001,94,40095094,238,307909,0.6189125628140704,5.739863399998285
4,250,0.25,0.8,0.9500000000000001,95,40095095,238,307768,0.6186291457286432,5.518483099993318
4,250,0.25,0.8,0.9500000000000001,96,40095096,238,323487,0.6502251256281407,5.583378199953586
4,250,0.25,0.8,0.9500000000000001,97,40095097,238,335544,0.6744603015075377,5.4873650999506935
4,250,0.25,0.8,0.9500000000000001,98,40095098,238,317649,0.6384904522613065,5.43825560004916
4,250,0.25,0.8,0.9500000000000001,99,40095099,238,297905,0.5988040201005025,5.443509400007315
4,250,0.25,0.8,1.0,0,40100000,250,328411,0.6601226130653266,5.459455200005323
4,250,0.25,0.8,1.0,1,40100001,250,353226,0.7100020100502512,5.620097199920565
4,250,0.25,0.8,1.0,2,40100002,250,340316,0.6840522613065326,5.533747599925846
4,250,0.25,0.8,1.0,3,40100003,250,339241,0.6818914572864322,5.654066499904729
4,250,0.25,0.8,1.0,4,40100004,250,334474,0.6723095477386934,5.49834060005378
4,250,0.25,0.8,1.0,5,40100005,250,313795,0.6307437185929649,5.614141200087033
4,250,0.25,0.8,1.0,6,40100006,250,299654,0.6023195979899497,5.501107599935494
4,250,0.25,0.8,1.0,7,40100007,250,307699,0.6184904522613065,5.443397199967876
4,250,0.25,0.8,1.0,8,40100008,250,319565,0.6423417085427136,5.498329300084151
4,250,0.25,0.8,1.0,9,40100009,250,296923,0.5968301507537689,5.4536076000658795
4,250,0.25,0.8,1.0,10,40100010,250,333349,0.6700482412060301,5.775276500033215
4,250,0.25,0.8,1.0,11,40100011,250,349293,0.7020964824120604,5.8302170999813825
4,250,0.25,0.8,1.0,12,40100012,250,304929,0.6129226130653266,5.5000401000725105
4,250,0.25,0.8,1.0,13,40100013,250,324503,0.6522673366834171,5.499374400009401
4,250,0.25,0.8,1.0,14,40100014,250,337469,0.678329648241206,5.7079868000000715
4,250,0.25,0.8,1.0,15,40100015,250,320339,0.6438974874371859,5.514449500013143
4,250,0.25,0.8,1.0,16,40100016,250,338514,0.6804301507537689,5.593815099913627
4,250,0.25,0.8,1.0,17,40100017,250,317622,0.6384361809045226,5.544068299932405
4,250,0.25,0.8,1.0,18,40100018,250,344573,0.6926090452261306,5.665139899938367
4,250,0.25,0.8,1.0,19,40100019,250,316772,0.6367276381909548,5.522456499980763
4,250,0.25,0.8,1.0,20,40100020,250,346274,0.6960281407035176,5.665513799991459
4,250,0.25,0.8,1.0,21,40100021,250,321623,0.646478391959799,5.592492599971592
4,250,0.25,0.8,1.0,22,40100022,250,361045,0.7257185929648241,5.599329799995758
4,250,0.25,0.8,1.0,23,40100023,250,336466,0.6763135678391959,5.725886899977922
4,250,0.25,0.8,1.0,24,40100024,250,323559,0.6503698492462312,5.649544700048864
4,250,0.25,0.8,1.0,25,40100025,250,314579,0.6323195979899497,5.438726999913342
4,250,0.25,0.8,1.0,26,40100026,250,319649,0.6425105527638191,5.637560199946165
4,250,0.25,0.8,1.0,27,40100027,250,337187,0.6777628140703518,5.587692999979481
4,250,0.25,0.8,1.0,28,40100028,250,316675,0.6365326633165829,5.420079500065185
4,250,0.25,0.8,1.0,29,40100029,250,328469,0.6602391959798996,5.3376648999983445
4,250,0.25,0.8,1.0,30,40100030,250,316675,0.6365326633165829,5.440369800082408
4,250,0.25,0.8,1.0,31,40100031,250,340175,0.6837688442211055,5.944543499965221
4,250,0.25,0.8,1.0,32,40100032,250,313606,0.6303638190954773,5.429061400005594
4,250,0.25,0.8,1.0,33,40100033,250,340253,0.6839256281407036,5.6262213999871165
4,250,0.25,0.8,1.0,34,40100034,250,309737,0.6225869346733668,5.92653940001037
4,250,0.25,0.8,1.0,35,40100035,250,339474,0.6823597989949749,6.000560300075449
4,250,0.25,0.8,1.0,36,40100036,250,341407,0.6862452261306533,5.023902099928819
4,250,0.25,0.8,1.0,37,40100037,250,334438,0.6722371859296482,5.851497799973004
4,250,0.25,0.8,1.0,38,40100038,250,305675,0.6144221105527639,5.476511799963191
4,250,0.25,0.8,1.0,39,40100039,250,333505,0.6703618090452261,5.1579523999243975
4,250,0.25,0.8,1.0,40,40100040,250,354227,0.7120140703517588,5.409321999992244
4,250,0.25,0.8,1.0,41,40100041,250,332435,0.6682110552763819,5.499476399971172
4,250,0.25,0.8,1.0,42,40100042,250,317739,0.6386713567839196,5.352421900024638
4,250,0.25,0.8,1.0,43,40100043,250,321605,0.6464422110552763,5.219052200089209
4,250,0.25,0.8,1.0,44,40100044,250,343411,0.6902733668341708,5.497605500044301
4,250,0.25,0.8,1.0,45,40100045,250,300932,0.6048884422110553,5.269411500077695
4,250,0.25,0.8,1.0,46,40100046,250,304672,0.6124060301507538,5.250306400004774
4,250,0.25,0.8,1.0,47,40100047,250,351206,0.7059417085427135,5.550874500069767
4,250,0.25,0.8,1.0,48,40100048,250,306840,0.6167638190954774,5.205273399944417
4,250,0.25,0.8,1.0,49,40100049,250,325659,0.6545909547738693,5.2347653999459
4,250,0.25,0.8,1.0,50,40100050,250,330567,0.6644562814070352,5.362616800004616
4,250,0.25,0.8,1.0,51,40100051,250,285054,0.572972864321608,5.218622000073083
4,250,0.25,0.8,1.0,52,40100052,250,317290,0.6377688442211056,5.257104299962521
4,250,0.25,0.8,1.0,53,40100053,250,346576,0.6966351758793969,5.327064899960533
4,250,0.25,0.8,1.0,54,40100054,250,348369,0.7002391959798995,5.270563500002027
4,250,0.25,0.8,1.0,55,40100055,250,350364,0.7042492462311558,5.3461441999534145
4,250,0.25,0.8,1.0,56,40100056,250,323533,0.6503175879396985,5.281505899969488
4,250,0.25,0.8,1.0,57,40100057,250,332477,0.6682954773869346,5.309758799965493
4,250,0.25,0.8,1.0,58,40100058,250,342511,0.6884643216080402,5.390557199949399
4,250,0.25,0.8,1.0,59,40100059,250,339500,0.6824120603015076,5.397508400026709
4,250,0.25,0.8,1.0,60,40100060,250,355827,0.7152301507537688,5.37737450003624
4,250,0.25,0.8,1.0,61,40100061,250,337447,0.6782854271356784,5.270202300045639
4,250,0.25,0.8,1.0,62,40100062,250,335573,0.6745185929648241,5.365222499938682
4,250,0.25,0.8,1.0,63,40100063,250,332526,0.6683939698492463,5.352755400002934
4,250,0.25,0.8,1.0,64,40100064,250,308759,0.6206211055276382,5.072705299942754
4,250,0.25,0.8,1.0,65,40100065,250,297635,0.5982613065326633,5.59084270009771
4,250,0.25,0.8,1.0,66,40100066,250,308679,0.6204603015075377,5.240687100100331
4,250,0.25,0.8,1.0,67,40100067,250,313531,0.6302130653266331,5.7068240999942645
4,250,0.25,0.8,1.0,68,40100068,250,314658,0.632478391959799,5.381243800045922
4,250,0.25,0.8,1.0,69,40100069,250,347280,0.6980502512562814,5.547877699951641
4,250,0.25,0.8,1.0,70,40100070,250,314675,0.6325125628140703,5.4536686999490485
4,250,0.25,0.8,1.0,71,40100071,250,337483,0.6783577889447236,5.269867800059728
4,250,0.25,0.8,1.0,72,40100072,250,381189,0.7662090452261306,5.796542800031602
4,250,0.25,0.8,1.0,73,40100073,250,325599,0.654470351758794,5.622359800036065
4,250,0.25,0.8,1.0,74,40100074,250,304722,0.6125065326633166,5.220896100043319
4,250,0.25,0.8,1.0,75,40100075,250,326423,0.6561266331658292,5.261862699990161
4,250,0.25,0.8,1.0,76,40100076,250,300754,0.6045306532663317,5.200834500021301
4,250,0.25,0.8,1.0,77,40100077,250,292741,0.5884241206030151,5.155535400030203
4,250,0.25,0.8,1.0,78,40100078,250,319530,0.6422713567839196,5.1806034001056105
4,250,0.25,0.8,1.0,79,40100079,250,338391,0.6801829145728643,5.319886300014332
4,250,0.25,0.8,1.0,80,40100080,250,335621,0.6746150753768845,5.359963900060393
4,250,0.25,0.8,1.0,81,40100081,250,322698,0.6486391959798995,5.316781900008209
4,250,0.25,0.8,1.0,82,40100082,250,350337,0.7041949748743719,5.2622510000364855
4,250,0.25,0.8,1.0,83,40100083,250,346279,0.6960381909547738,5.322822500020266
4,250,0.25,0.8,1.0,84,40100084,250,339440,0.6822914572864321,5.373249700060114
4,250,0.25,0.8,1.0,85,40100085,250,310886,0.6248964824120603,5.294703399995342
4,250,0.25,0.8,1.0,86,40100086,250,353299,0.7101487437185929,5.889551800093614
4,250,0.25,0.8,1.0,87,40100087,250,342328,0.6880964824120603,5.920876799966209
4,250,0.25,0.8,1.0,88,40100088,250,324604,0.652470351758794,5.489649499999359
4,250,0.25,0.8,1.0,89,40100089,250,291726,0.58638391959799,5.303815100109205
4,250,0.25,0.8,1.0,90,40100090,250,342416,0.6882733668341708,5.429299199953675
4,250,0.25,0.8,1.0,91,40100091,250,323533,0.6503175879396985,5.246421099989675
4,250,0.25,0.8,1.0,92,40100092,250,329492,0.6622954773869347,5.374767099972814
4,250,0.25,0.8,1.0,93,40100093,250,353207,0.7099638190954773,5.386395399924368
4,250,0.25,0.8,1.0,94,40100094,250,312583,0.6283075376884422,5.024636999936774
4,250,0.25,0.8,1.0,95,40100095,250,359331,0.7222733668341709,4.94337670004461
4,250,0.25,0.8,1.0,96,40100096,250,309481,0.6220723618090452,4.442737799952738
4,250,0.25,0.8,1.0,97,40100097,250,304764,0.6125909547738694,3.936315399943851
4,250,0.25,0.8,1.0,98,40100098,250,304813,0.6126894472361809,3.1721542000304908
4,250,0.25,0.8,1.0,99,40100099,250,331474,0.6662793969849247,3.15769999998156
