N,p,seed,number_of_shortcuts,status,total_spikes,last_spike_time,activity_duration,late_spikes,runtime_seconds
2000,0.0,0,0,FAILURE,2000,1010.0,1000.0,0,4.8564515999751166
2000,0.0,1,0,FAILURE,2000,1010.0,1000.0,0,4.3202216000063345
2000,0.0,2,0,FAILURE,2000,1010.0,1000.0,0,4.287320900009945
2000,0.0,3,0,FAILURE,2000,1010.0,1000.0,0,4.173677199985832
2000,0.0,4,0,FAILURE,2000,1010.0,1000.0,0,4.07817510003224
2000,0.0,5,0,FAILURE,2000,1010.0,1000.0,0,4.282452400075272
2000,0.0,6,0,FAILURE,2000,1010.0,1000.0,0,4.264120599953458
2000,0.0,7,0,FAILURE,2000,1010.0,1000.0,0,3.7638538000173867
2000,0.0,8,0,FAILURE,2000,1010.0,1000.0,0,3.7568309000926092
2000,0.0,9,0,FAILURE,2000,1010.0,1000.0,0,3.5872286000521854
2000,0.0,10,0,FAILURE,2000,1010.0,1000.0,0,3.7149162999121472
2000,0.0,11,0,FAILURE,2000,1010.0,1000.0,0,3.846716200001538
2000,0.0,12,0,FAILURE,2000,1010.0,1000.0,0,4.11057040002197
2000,0.0,13,0,FAILURE,2000,1010.0,1000.0,0,3.8357408000156283
2000,0.0,14,0,FAILURE,2000,1010.0,1000.0,0,3.5312870000489056
2000,0.0,15,0,FAILURE,2000,1010.0,1000.0,0,3.554204300045967
2000,0.0,16,0,FAILURE,2000,1010.0,1000.0,0,3.6012669999618083
2000,0.0,17,0,FAILURE,2000,1010.0,1000.0,0,3.519042499945499
2000,0.0,18,0,FAILURE,2000,1010.0,1000.0,0,3.539299099938944
2000,0.0,19,0,FAILURE,2000,1010.0,1000.0,0,3.660548700019717
2000,0.0,20,0,FAILURE,2000,1010.0,1000.0,0,3.620077900006436
2000,0.0,21,0,FAILURE,2000,1010.0,1000.0,0,3.5968433000380173
2000,0.0,22,0,FAILURE,2000,1010.0,1000.0,0,3.5463333999505267
2000,0.0,23,0,FAILURE,2000,1010.0,1000.0,0,3.4548195000970736
2000,0.0,24,0,FAILURE,2000,1010.0,1000.0,0,3.5550679999869317
2000,0.0,25,0,FAILURE,2000,1010.0,1000.0,0,3.579262600047514
2000,0.0,26,0,FAILURE,2000,1010.0,1000.0,0,3.4696230000117794
2000,0.0,27,0,FAILURE,2000,1010.0,1000.0,0,3.558584099984728
2000,0.0,28,0,FAILURE,2000,1010.0,1000.0,0,3.6282655999530107
2000,0.0,29,0,FAILURE,2000,1010.0,1000.0,0,3.50371019996237
2000,0.0,30,0,FAILURE,2000,1010.0,1000.0,0,3.4641261999495327
2000,0.0,31,0,FAILURE,2000,1010.0,1000.0,0,3.5512332000071183
2000,0.0,32,0,FAILURE,2000,1010.0,1000.0,0,3.5487728000152856
2000,0.0,33,0,FAILURE,2000,1010.0,1000.0,0,3.503103299997747
2000,0.0,34,0,FAILURE,2000,1010.0,1000.0,0,3.5513175999512896
2000,0.0,35,0,FAILURE,2000,1010.0,1000.0,0,3.5741184999933466
2000,0.0,36,0,FAILURE,2000,1010.0,1000.0,0,3.5499187000095844
2000,0.0,37,0,FAILURE,2000,1010.0,1000.0,0,3.6134463999187574
2000,0.0,38,0,FAILURE,2000,1010.0,1000.0,0,3.564757499960251
2000,0.0,39,0,FAILURE,2000,1010.0,1000.0,0,3.4961890999693424
2000,0.0,40,0,FAILURE,2000,1010.0,1000.0,0,3.5409398999763653
2000,0.0,41,0,FAILURE,2000,1010.0,1000.0,0,3.5789018999785185
2000,0.0,42,0,FAILURE,2000,1010.0,1000.0,0,3.505363199976273
2000,0.0,43,0,FAILURE,2000,1010.0,1000.0,0,3.5015317000215873
2000,0.0,44,0,FAILURE,2000,1010.0,1000.0,0,3.5741316999774426
2000,0.0,45,0,FAILURE,2000,1010.0,1000.0,0,3.577914800029248
2000,0.0,46,0,FAILURE,2000,1010.0,1000.0,0,3.5815709000453353
2000,0.0,47,0,FAILURE,2000,1010.0,1000.0,0,3.515362499980256
2000,0.0,48,0,FAILURE,2000,1010.0,1000.0,0,3.5103864000411704
2000,0.0,49,0,FAILURE,2000,1010.0,1000.0,0,3.498565600020811
2000,0.0,50,0,FAILURE,2000,1010.0,1000.0,0,3.4952390000689775
2000,0.0,51,0,FAILURE,2000,1010.0,1000.0,0,3.6068854000186548
2000,0.0,52,0,FAILURE,2000,1010.0,1000.0,0,4.252431700006127
2000,0.0,53,0,FAILURE,2000,1010.0,1000.0,0,3.6457258999580517
2000,0.0,54,0,FAILURE,2000,1010.0,1000.0,0,3.5487969999667257
2000,0.0,55,0,FAILURE,2000,1010.0,1000.0,0,3.6031553000211716
2000,0.0,56,0,FAILURE,2000,1010.0,1000.0,0,3.515878599951975
2000,0.0,57,0,FAILURE,2000,1010.0,1000.0,0,3.52134350000415
2000,0.0,58,0,FAILURE,2000,1010.0,1000.0,0,3.4944105999311432
2000,0.0,59,0,FAILURE,2000,1010.0,1000.0,0,3.5436917999759316
2000,0.0,60,0,FAILURE,2000,1010.0,1000.0,0,3.522249599918723
2000,0.0,61,0,FAILURE,2000,1010.0,1000.0,0,3.4804047000361606
2000,0.0,62,0,FAILURE,2000,1010.0,1000.0,0,3.56829279998783
2000,0.0,63,0,FAILURE,2000,1010.0,1000.0,0,3.6937013999558985
2000,0.0,64,0,FAILURE,2000,1010.0,1000.0,0,3.665961099904962
2000,0.0,65,0,FAILURE,2000,1010.0,1000.0,0,3.553365199943073
2000,0.0,66,0,FAILURE,2000,1010.0,1000.0,0,3.5538366000400856
2000,0.0,67,0,FAILURE,2000,1010.0,1000.0,0,3.5023298000451177
2000,0.0,68,0,FAILURE,2000,1010.0,1000.0,0,3.564286599983461
2000,0.0,69,0,FAILURE,2000,1010.0,1000.0,0,3.6154482000274584
2000,0.0,70,0,FAILURE,2000,1010.0,1000.0,0,3.5748885999200866
2000,0.0,71,0,FAILURE,2000,1010.0,1000.0,0,3.6305321999825537
2000,0.0,72,0,FAILURE,2000,1010.0,1000.0,0,3.635658400016837
2000,0.0,73,0,FAILURE,2000,1010.0,1000.0,0,3.548860299983062
2000,0.0,74,0,FAILURE,2000,1010.0,1000.0,0,3.6598263001069427
2000,0.0,75,0,FAILURE,2000,1010.0,1000.0,0,3.5698386000003666
2000,0.0,76,0,FAILURE,2000,1010.0,1000.0,0,3.572327999980189
2000,0.0,77,0,FAILURE,2000,1010.0,1000.0,0,3.550012500025332
2000,0.0,78,0,FAILURE,2000,1010.0,1000.0,0,3.643231000052765
2000,0.0,79,0,FAILURE,2000,1010.0,1000.0,0,3.6075708999997005
2000,0.0,80,0,FAILURE,2000,1010.0,1000.0,0,3.581329600070603
2000,0.0,81,0,FAILURE,2000,1010.0,1000.0,0,3.6960907999891788
2000,0.0,82,0,FAILURE,2000,1010.0,1000.0,0,3.580962000065483
2000,0.0,83,0,FAILURE,2000,1010.0,1000.0,0,3.64576240000315
2000,0.0,84,0,FAILURE,2000,1010.0,1000.0,0,3.5664005000144243
2000,0.0,85,0,FAILURE,2000,1010.0,1000.0,0,3.630471899989061
2000,0.0,86,0,FAILURE,2000,1010.0,1000.0,0,3.5642117999959737
2000,0.0,87,0,FAILURE,2000,1010.0,1000.0,0,3.5882210000418127
2000,0.0,88,0,FAILURE,2000,1010.0,1000.0,0,3.5424373999703676
2000,0.0,89,0,FAILURE,2000,1010.0,1000.0,0,3.639173400006257
2000,0.0,90,0,FAILURE,2000,1010.0,1000.0,0,3.633663999964483
2000,0.0,91,0,FAILURE,2000,1010.0,1000.0,0,3.5814497999381274
2000,0.0,92,0,FAILURE,2000,1010.0,1000.0,0,3.5472500999458134
2000,0.0,93,0,FAILURE,2000,1010.0,1000.0,0,3.596547900000587
2000,0.0,94,0,FAILURE,2000,1010.0,1000.0,0,3.813381199957803
2000,0.0,95,0,FAILURE,2000,1010.0,1000.0,0,3.781227800063789
2000,0.0,96,0,FAILURE,2000,1010.0,1000.0,0,3.6662435000762343
2000,0.0,97,0,FAILURE,2000,1010.0,1000.0,0,3.637876500026323
2000,0.0,98,0,FAILURE,2000,1010.0,1000.0,0,3.6331109000602737
2000,0.0,99,0,FAILURE,2000,1010.0,1000.0,0,3.788246500073001
2000,0.05263157894736842,0,105,SUCCESS,184394,3000.0,2990.0,12561,3.866211000015028
2000,0.05263157894736842,1,105,SUCCESS,203242,3000.0,2990.0,13859,3.8776383000658825
2000,0.05263157894736842,2,105,SUCCESS,211840,3000.0,2990.0,14335,3.8935443999944255
2000,0.05263157894736842,3,105,SUCCESS,197878,3000.0,2990.0,13491,3.835244599962607
2000,0.05263157894736842,4,105,SUCCESS,182435,3000.0,2990.0,12525,3.776075499947183
2000,0.05263157894736842,5,105,SUCCESS,202229,3000.0,2990.0,13651,3.7404404999688268
2000,0.05263157894736842,6,105,SUCCESS,168451,3000.0,2990.0,11417,3.826455599977635
2000,0.05263157894736842,7,105,SUCCESS,214881,3000.0,2990.0,14910,3.7943654000991955
2000,0.05263157894736842,8,105,SUCCESS,178953,3000.0,2990.0,12190,3.8680423001060262
2000,0.05263157894736842,9,105,SUCCESS,197362,3000.0,2990.0,12074,3.7605927999829873
2000,0.05263157894736842,10,105,SUCCESS,232628,3000.0,2990.0,16074,3.8244185999501497
2000,0.05263157894736842,11,105,SUCCESS,184866,3000.0,2990.0,12507,3.741280799964443
2000,0.05263157894736842,12,105,SUCCESS,199490,3000.0,2990.0,13854,3.8132847000379115
2000,0.05263157894736842,13,105,SUCCESS,181089,3000.0,2990.0,12454,3.7858636000892147
2000,0.05263157894736842,14,105,SUCCESS,188856,3000.0,2990.0,13018,3.80651340004988
2000,0.05263157894736842,15,105,SUCCESS,202171,3000.0,2990.0,13877,3.7638208999997005
2000,0.05263157894736842,16,105,SUCCESS,175871,3000.0,2990.0,11909,3.844629400060512
2000,0.05263157894736842,17,105,SUCCESS,188760,3000.0,2990.0,12845,3.9681526999920607
2000,0.05263157894736842,18,105,SUCCESS,185392,3000.0,2990.0,12591,3.7936431999551132
2000,0.05263157894736842,19,105,SUCCESS,178450,3000.0,2990.0,12128,4.018224800005555
2000,0.05263157894736842,20,105,SUCCESS,227536,3000.0,2990.0,15471,3.7805084000574425
2000,0.05263157894736842,21,105,SUCCESS,201905,3000.0,2990.0,13868,3.836697499966249
2000,0.05263157894736842,22,105,SUCCESS,179505,3000.0,2990.0,12156,3.7376530999317765
2000,0.05263157894736842,23,105,SUCCESS,190720,3000.0,2990.0,12788,3.8285942999646068
2000,0.05263157894736842,24,105,SUCCESS,184073,3000.0,2990.0,12590,3.6870398999890313
2000,0.05263157894736842,25,105,SUCCESS,198992,3000.0,2990.0,13527,3.781904200091958
2000,0.05263157894736842,26,105,SUCCESS,225072,3000.0,2990.0,15476,3.897694700048305
2000,0.05263157894736842,27,105,SUCCESS,220940,3000.0,2990.0,15152,3.8960276000434533
2000,0.05263157894736842,28,105,SUCCESS,209618,3000.0,2990.0,14463,3.8024793000658974
2000,0.05263157894736842,29,105,SUCCESS,199728,3000.0,2990.0,13621,3.809574899962172
2000,0.05263157894736842,30,105,SUCCESS,184716,3000.0,2990.0,12608,3.7055167000507936
2000,0.05263157894736842,31,105,SUCCESS,219115,3000.0,2990.0,15183,3.8817621999187395
2000,0.05263157894736842,32,105,SUCCESS,225417,3000.0,2990.0,15754,3.7794282000977546
2000,0.05263157894736842,33,105,SUCCESS,190080,3000.0,2990.0,12976,3.930655099917203
2000,0.05263157894736842,34,105,SUCCESS,210073,3000.0,2990.0,14358,3.8278072000248358
2000,0.05263157894736842,35,105,SUCCESS,190795,3000.0,2990.0,12955,3.8028502000961453
2000,0.05263157894736842,36,105,SUCCESS,214310,3000.0,2990.0,14738,3.818160800030455
2000,0.05263157894736842,37,105,SUCCESS,212384,3000.0,2990.0,14700,3.8276464000809938
2000,0.05263157894736842,38,105,SUCCESS,201557,3000.0,2990.0,13846,3.7591958000557497
2000,0.05263157894736842,39,105,SUCCESS,179391,3000.0,2990.0,12221,3.756713100010529
2000,0.05263157894736842,40,105,SUCCESS,158280,3000.0,2990.0,10846,3.775904900045134
2000,0.05263157894736842,41,105,SUCCESS,226713,3000.0,2990.0,15497,3.8765020999126136
2000,0.05263157894736842,42,105,SUCCESS,198027,3000.0,2990.0,13368,3.8320135000394657
2000,0.05263157894736842,43,105,SUCCESS,191737,3000.0,2990.0,12965,3.747900899965316
2000,0.05263157894736842,44,105,SUCCESS,192186,3000.0,2990.0,13232,3.769956300035119
2000,0.05263157894736842,45,105,SUCCESS,159941,3000.0,2990.0,10793,4.168708999990486
2000,0.05263157894736842,46,105,SUCCESS,205073,3000.0,2990.0,13838,3.9538171999156475
2000,0.05263157894736842,47,105,SUCCESS,179334,3000.0,2990.0,12153,3.7883511999389157
2000,0.05263157894736842,48,105,SUCCESS,192586,3000.0,2990.0,12963,3.7844925000099465
2000,0.05263157894736842,49,105,SUCCESS,225564,3000.0,2990.0,15350,3.988051400054246
2000,0.05263157894736842,50,105,SUCCESS,227240,3000.0,2990.0,15841,3.90667769999709
2000,0.05263157894736842,51,105,SUCCESS,198943,3000.0,2990.0,14252,3.9022917000111192
2000,0.05263157894736842,52,105,SUCCESS,215385,3000.0,2990.0,14884,3.8688583999173716
2000,0.05263157894736842,53,105,SUCCESS,189647,3000.0,2990.0,13044,3.870808899984695
2000,0.05263157894736842,54,105,SUCCESS,193357,3000.0,2990.0,13356,3.7877151999855414
2000,0.05263157894736842,55,105,SUCCESS,194890,3000.0,2990.0,13399,3.8825404999079183
2000,0.05263157894736842,56,105,SUCCESS,200972,3000.0,2990.0,13868,3.8714876999147236
2000,0.05263157894736842,57,105,SUCCESS,225187,3000.0,2990.0,15459,3.9168808000395074
2000,0.05263157894736842,58,105,SUCCESS,180113,3000.0,2990.0,12354,3.729680599994026
2000,0.05263157894736842,59,105,SUCCESS,230826,3000.0,2990.0,16045,3.8554759999969974
2000,0.05263157894736842,60,105,SUCCESS,230186,3000.0,2990.0,16067,3.8486022000433877
2000,0.05263157894736842,61,105,SUCCESS,204593,3000.0,2990.0,14283,3.9144113999791443
2000,0.05263157894736842,62,105,SUCCESS,209120,3000.0,2990.0,14463,3.8551676000934094
2000,0.05263157894736842,63,105,SUCCESS,213844,3000.0,2990.0,14713,3.8291482999920845
2000,0.05263157894736842,64,105,SUCCESS,177232,3000.0,2990.0,11841,3.75557789998129
2000,0.05263157894736842,65,105,SUCCESS,187526,3000.0,2990.0,12806,3.8336653999285772
2000,0.05263157894736842,66,105,SUCCESS,210543,3000.0,2990.0,14348,4.179755499935709
2000,0.05263157894736842,67,105,SUCCESS,184419,3000.0,2990.0,12619,4.050808700034395
2000,0.05263157894736842,68,105,SUCCESS,195879,3000.0,2990.0,13373,4.214076399919577
2000,0.05263157894736842,69,105,SUCCESS,216066,3000.0,2990.0,14831,3.931465500034392
2000,0.05263157894736842,70,105,SUCCESS,194836,3000.0,2990.0,13239,3.853964400012046
2000,0.05263157894736842,71,105,SUCCESS,188963,3000.0,2990.0,12877,3.756511599989608
2000,0.05263157894736842,72,105,SUCCESS,192687,3000.0,2990.0,13389,3.780145699973218
2000,0.05263157894736842,73,105,SUCCESS,204351,3000.0,2990.0,14032,3.8048814000794664
2000,0.05263157894736842,74,105,SUCCESS,232424,3000.0,2990.0,16074,3.9743566000834107
2000,0.05263157894736842,75,105,SUCCESS,183930,3000.0,2990.0,12560,3.929755400051363
2000,0.05263157894736842,76,105,SUCCESS,203890,3000.0,2990.0,13877,4.185414799954742
2000,0.05263157894736842,77,105,SUCCESS,193780,3000.0,2990.0,13256,4.446985500049777
2000,0.05263157894736842,78,105,SUCCESS,228103,3000.0,2990.0,16087,4.121491699945182
2000,0.05263157894736842,79,105,SUCCESS,217892,3000.0,2990.0,15090,4.107841199962422
2000,0.05263157894736842,80,105,SUCCESS,185446,3000.0,2990.0,12755,3.8691331000300124
2000,0.05263157894736842,81,105,SUCCESS,218210,3000.0,2990.0,14882,4.138905799947679
2000,0.05263157894736842,82,105,SUCCESS,229165,3000.0,2990.0,15790,4.236366300028749
2000,0.05263157894736842,83,105,SUCCESS,206292,3000.0,2990.0,14080,4.248115499969572
2000,0.05263157894736842,84,105,SUCCESS,218843,3000.0,2990.0,14949,4.262475199997425
2000,0.05263157894736842,85,105,SUCCESS,196292,3000.0,2990.0,13382,4.009783299989067
2000,0.05263157894736842,86,105,SUCCESS,183926,3000.0,2990.0,12567,3.9560493999160826
2000,0.05263157894736842,87,105,SUCCESS,203118,3000.0,2990.0,14207,4.000857100007124
2000,0.05263157894736842,88,105,SUCCESS,175410,3000.0,2990.0,11944,3.905303700012155
2000,0.05263157894736842,89,105,SUCCESS,218768,3000.0,2990.0,15433,4.0088861000258476
2000,0.05263157894736842,90,105,SUCCESS,195270,3000.0,2990.0,13408,4.312084799981676
2000,0.05263157894736842,91,105,SUCCESS,208085,3000.0,2990.0,14203,4.517392700072378
2000,0.05263157894736842,92,105,SUCCESS,201958,3000.0,2990.0,13734,4.295881199999712
2000,0.05263157894736842,93,105,SUCCESS,226098,3000.0,2990.0,15483,4.0723873999668285
2000,0.05263157894736842,94,105,SUCCESS,196265,3000.0,2990.0,13589,4.128516800003126
2000,0.05263157894736842,95,105,SUCCESS,176913,3000.0,2990.0,12055,3.900391499977559
2000,0.05263157894736842,96,105,SUCCESS,225239,3000.0,2990.0,15436,4.123583700042218
2000,0.05263157894736842,97,105,SUCCESS,201988,3000.0,2990.0,13858,4.095829600002617
2000,0.05263157894736842,98,105,SUCCESS,217539,3000.0,2990.0,14980,3.9989762000041083
2000,0.05263157894736842,99,105,SUCCESS,163704,3000.0,2990.0,11067,4.00052619993221
2000,0.10526315789473684,0,211,SUCCESS,170079,3000.0,2990.0,11653,3.8802052000537515
2000,0.10526315789473684,1,211,SUCCESS,226864,3000.0,2990.0,15600,3.9181667000520974
2000,0.10526315789473684,2,211,SUCCESS,219428,3000.0,2990.0,15075,3.8274062999989837
2000,0.10526315789473684,3,211,SUCCESS,218389,3000.0,2990.0,14871,3.997325100004673
2000,0.10526315789473684,4,211,SUCCESS,197992,3000.0,2990.0,13526,3.817109700059518
2000,0.10526315789473684,5,211,SUCCESS,227699,3000.0,2990.0,15527,4.00614900002256
2000,0.10526315789473684,6,211,SUCCESS,210005,3000.0,2990.0,14313,4.171452400041744
2000,0.10526315789473684,7,211,SUCCESS,211749,3000.0,2990.0,14282,4.519709800020792
2000,0.10526315789473684,8,211,SUCCESS,197894,3000.0,2990.0,13555,4.453808100079186
2000,0.10526315789473684,9,211,SUCCESS,228421,3000.0,2990.0,15445,3.960208800039254
2000,0.10526315789473684,10,211,SUCCESS,185956,3000.0,2990.0,12535,3.8941322999307886
2000,0.10526315789473684,11,211,SUCCESS,227217,3000.0,2990.0,15666,3.8448232000228018
2000,0.10526315789473684,12,211,SUCCESS,223859,3000.0,2990.0,15346,3.8963489999296144
2000,0.10526315789473684,13,211,SUCCESS,198306,3000.0,2990.0,13444,3.797294400050305
2000,0.10526315789473684,14,211,SUCCESS,220022,3000.0,2990.0,14749,3.9298047000775114
2000,0.10526315789473684,15,211,SUCCESS,197739,3000.0,2990.0,13561,3.7999531999230385
2000,0.10526315789473684,16,211,SUCCESS,191929,3000.0,2990.0,12892,3.8034799000015482
2000,0.10526315789473684,17,211,SUCCESS,205823,3000.0,2990.0,13888,3.820818900014274
2000,0.10526315789473684,18,211,SUCCESS,202541,3000.0,2990.0,12794,3.739476199960336
2000,0.10526315789473684,19,211,SUCCESS,212651,3000.0,2990.0,14346,3.766745200031437
2000,0.10526315789473684,20,211,SUCCESS,204880,3000.0,2990.0,13785,3.880821500089951
2000,0.10526315789473684,21,211,SUCCESS,161400,3000.0,2990.0,11124,3.7958401000360027
2000,0.10526315789473684,22,211,SUCCESS,205069,3000.0,2990.0,13815,3.8429270000196993
2000,0.10526315789473684,23,211,SUCCESS,219199,3000.0,2990.0,15469,4.576397800003178
2000,0.10526315789473684,24,211,SUCCESS,185430,3000.0,2990.0,12829,4.098588699940592
2000,0.10526315789473684,25,211,SUCCESS,194442,3000.0,2990.0,13074,3.8697285000234842
2000,0.10526315789473684,26,211,SUCCESS,219619,3000.0,2990.0,15075,3.8930690999841318
2000,0.10526315789473684,27,211,SUCCESS,218122,3000.0,2990.0,14663,3.7891180000733584
2000,0.10526315789473684,28,211,SUCCESS,211545,3000.0,2990.0,14499,3.972495900001377
2000,0.10526315789473684,29,211,SUCCESS,209808,3000.0,2990.0,14240,3.9017958999611437
2000,0.10526315789473684,30,211,SUCCESS,222861,3000.0,2990.0,15211,3.8424572000512853
2000,0.10526315789473684,31,211,SUCCESS,175371,3000.0,2990.0,11785,3.9461538000032306
2000,0.10526315789473684,32,211,SUCCESS,233507,3000.0,2990.0,15843,3.9152984999818727
2000,0.10526315789473684,33,211,SUCCESS,228347,3000.0,2990.0,15491,3.8301262999884784
2000,0.10526315789473684,34,211,SUCCESS,221832,3000.0,2990.0,14834,3.7645985999843106
2000,0.10526315789473684,35,211,SUCCESS,209647,3000.0,2990.0,14254,3.8015554999001324
2000,0.10526315789473684,36,211,SUCCESS,205715,3000.0,2990.0,13883,3.9752860999433324
2000,0.10526315789473684,37,211,SUCCESS,188061,3000.0,2990.0,12733,3.825915200053714
2000,0.10526315789473684,38,211,SUCCESS,228417,3000.0,2990.0,15457,3.836754299933091
2000,0.10526315789473684,39,211,SUCCESS,223016,3000.0,2990.0,15263,3.8657142999581993
2000,0.10526315789473684,40,211,SUCCESS,217771,3000.0,2990.0,14881,3.8143036999972537
2000,0.10526315789473684,41,211,SUCCESS,227749,3000.0,2990.0,15633,3.7295302000129595
2000,0.10526315789473684,42,211,SUCCESS,186034,3000.0,2990.0,12365,3.795289299916476
2000,0.10526315789473684,43,211,SUCCESS,228952,3000.0,2990.0,15361,3.832902899943292
2000,0.10526315789473684,44,211,SUCCESS,185996,3000.0,2990.0,12519,3.91040689998772
2000,0.10526315789473684,45,211,SUCCESS,228442,3000.0,2990.0,15573,3.854224900016561
2000,0.10526315789473684,46,211,SUCCESS,204734,3000.0,2990.0,13893,3.7800634000450373
2000,0.10526315789473684,47,211,SUCCESS,175086,3000.0,2990.0,11762,3.8026446000440046
2000,0.10526315789473684,48,211,SUCCESS,219819,3000.0,2990.0,14962,4.063018599990755
2000,0.10526315789473684,49,211,SUCCESS,228440,3000.0,2990.0,15465,3.9986867998959497
2000,0.10526315789473684,50,211,SUCCESS,205286,3000.0,2990.0,13809,3.8912654999876395
2000,0.10526315789473684,51,211,SUCCESS,194111,3000.0,2990.0,13226,3.9315567000303417
2000,0.10526315789473684,52,211,SUCCESS,219869,3000.0,2990.0,15037,3.936789899948053
2000,0.10526315789473684,53,211,SUCCESS,218219,3000.0,2990.0,14829,3.80610709998291
2000,0.10526315789473684,54,211,SUCCESS,218139,3000.0,2990.0,14873,3.7860134999500588
2000,0.10526315789473684,55,211,SUCCESS,220006,3000.0,2990.0,14925,4.159573899931274
2000,0.10526315789473684,56,211,SUCCESS,217950,3000.0,2990.0,14904,3.9034796999767423
2000,0.10526315789473684,57,211,SUCCESS,219966,3000.0,2990.0,14971,3.8833709999453276
2000,0.10526315789473684,58,211,SUCCESS,220974,3000.0,2990.0,15218,3.7959417999954894
2000,0.10526315789473684,59,211,SUCCESS,185925,3000.0,2990.0,12538,3.8770439999643713
2000,0.10526315789473684,60,211,SUCCESS,230900,3000.0,2990.0,15795,3.872094399994239
2000,0.10526315789473684,61,211,SUCCESS,198461,3000.0,2990.0,13423,3.801298400037922
2000,0.10526315789473684,62,211,SUCCESS,202468,3000.0,2990.0,13698,3.759869600064121
2000,0.10526315789473684,63,211,SUCCESS,180109,3000.0,2990.0,12087,3.7914377000415698
2000,0.10526315789473684,64,211,SUCCESS,212454,3000.0,2990.0,14372,3.841641900013201
2000,0.10526315789473684,65,211,SUCCESS,232342,3000.0,2990.0,16075,3.895314500085078
2000,0.10526315789473684,66,211,SUCCESS,211676,3000.0,2990.0,14372,3.8053279999876395
2000,0.10526315789473684,67,211,SUCCESS,205801,3000.0,2990.0,13904,3.947405999992043
2000,0.10526315789473684,68,211,SUCCESS,204767,3000.0,2990.0,13787,3.8729377000126988
2000,0.10526315789473684,69,211,SUCCESS,217608,3000.0,2990.0,14872,3.925503100035712
2000,0.10526315789473684,70,211,SUCCESS,203475,3000.0,2990.0,13846,3.9663492999970913
2000,0.10526315789473684,71,211,SUCCESS,174941,3000.0,2990.0,11725,4.2389731999719515
2000,0.10526315789473684,72,211,SUCCESS,227485,3000.0,2990.0,15383,4.05814580002334
2000,0.10526315789473684,73,211,SUCCESS,211244,3000.0,2990.0,14224,3.8347563999705017
2000,0.10526315789473684,74,211,SUCCESS,180306,3000.0,2990.0,12130,3.954278599936515
2000,0.10526315789473684,75,211,SUCCESS,222800,3000.0,2990.0,15157,3.8866080000298098
2000,0.10526315789473684,76,211,SUCCESS,204741,3000.0,2990.0,13812,3.7649628000799567
2000,0.10526315789473684,77,211,SUCCESS,204891,3000.0,2990.0,13826,3.8356223000446334
2000,0.10526315789473684,78,211,SUCCESS,192037,3000.0,2990.0,13078,3.836500099976547
2000,0.10526315789473684,79,211,SUCCESS,217889,3000.0,2990.0,14870,3.8398067000089213
2000,0.10526315789473684,80,211,SUCCESS,203014,3000.0,2990.0,13879,3.845983700011857
2000,0.10526315789473684,81,211,SUCCESS,197558,3000.0,2990.0,13531,3.9222615000326186
2000,0.10526315789473684,82,211,SUCCESS,199951,3000.0,2990.0,13584,3.8369144999887794
2000,0.10526315789473684,83,211,SUCCESS,205634,3000.0,2990.0,13855,3.9600682000163943
2000,0.10526315789473684,84,211,SUCCESS,221749,3000.0,2990.0,15002,3.7924091999884695
2000,0.10526315789473684,85,211,SUCCESS,220003,3000.0,2990.0,14879,3.8522335999878123
2000,0.10526315789473684,86,211,SUCCESS,205197,3000.0,2990.0,13817,3.8664721999084577
2000,0.10526315789473684,87,211,SUCCESS,191709,3000.0,2990.0,13322,4.192102700006217
2000,0.10526315789473684,88,211,SUCCESS,228125,3000.0,2990.0,15342,3.8154431999428198
2000,0.10526315789473684,89,211,SUCCESS,212033,3000.0,2990.0,14238,3.9207423999905586
2000,0.10526315789473684,90,211,SUCCESS,222165,3000.0,2990.0,15132,4.013170199934393
2000,0.10526315789473684,91,211,SUCCESS,219629,3000.0,2990.0,15157,4.112732500070706
2000,0.10526315789473684,92,211,SUCCESS,202871,3000.0,2990.0,13763,3.9537762000691146
2000,0.10526315789473684,93,211,SUCCESS,195102,3000.0,2990.0,13158,3.9155557999620214
2000,0.10526315789473684,94,211,SUCCESS,192198,3000.0,2990.0,12718,3.771682500024326
2000,0.10526315789473684,95,211,SUCCESS,218200,3000.0,2990.0,14761,3.8950429999968037
2000,0.10526315789473684,96,211,SUCCESS,198201,3000.0,2990.0,13329,3.761688599945046
2000,0.10526315789473684,97,211,SUCCESS,226230,3000.0,2990.0,15560,4.062054199981503
2000,0.10526315789473684,98,211,SUCCESS,198221,3000.0,2990.0,13497,3.78641850000713
2000,0.10526315789473684,99,211,SUCCESS,200275,3000.0,2990.0,13648,3.8288446000078693
2000,0.15789473684210525,0,316,FAILURE,2004,55.0,45.0,0,3.650752899935469
2000,0.15789473684210525,1,316,SUCCESS,193453,3000.0,2990.0,12910,3.9714316999306902
2000,0.15789473684210525,2,316,SUCCESS,192111,3000.0,2990.0,12450,3.911279799998738
2000,0.15789473684210525,3,316,SUCCESS,186526,3000.0,2990.0,12370,3.8902378000784665
2000,0.15789473684210525,4,316,SUCCESS,228976,3000.0,2990.0,15300,3.82604239997454
2000,0.15789473684210525,5,316,SUCCESS,219821,3000.0,2990.0,15094,4.016037299996242
2000,0.15789473684210525,6,316,SUCCESS,194397,3000.0,2990.0,13002,4.114111099974252
2000,0.15789473684210525,7,316,SUCCESS,224770,3000.0,2990.0,15385,4.091995900031179
2000,0.15789473684210525,8,316,SUCCESS,180468,3000.0,2990.0,12144,3.73268660006579
2000,0.15789473684210525,9,316,FAILURE,2003,44.0,34.0,0,3.6705741999903694
2000,0.15789473684210525,10,316,FAILURE,2008,48.0,38.0,0,3.623723299941048
2000,0.15789473684210525,11,316,SUCCESS,217682,3000.0,2990.0,14598,3.7373449000297114
2000,0.15789473684210525,12,316,SUCCESS,234121,3000.0,2990.0,16081,3.8381727000232786
2000,0.15789473684210525,13,316,SUCCESS,206175,3000.0,2990.0,13959,3.8760097000049427
2000,0.15789473684210525,14,316,SUCCESS,205368,3000.0,2990.0,13774,4.027845700038597
2000,0.15789473684210525,15,316,SUCCESS,228410,3000.0,2990.0,15704,3.8808500999584794
2000,0.15789473684210525,16,316,FAILURE,4005,77.0,67.0,0,3.617566099972464
2000,0.15789473684210525,17,316,FAILURE,2003,46.0,36.0,0,3.6125403000041842
2000,0.15789473684210525,18,316,SUCCESS,212893,3000.0,2990.0,14583,3.8615954000269994
2000,0.15789473684210525,19,316,SUCCESS,223851,3000.0,2990.0,14696,3.8346264000283554
2000,0.15789473684210525,20,316,FAILURE,2002,56.0,46.0,0,3.4992328999796882
2000,0.15789473684210525,21,316,SUCCESS,192895,3000.0,2990.0,12710,3.767020999919623
2000,0.15789473684210525,22,316,SUCCESS,222896,3000.0,2990.0,15357,3.8703079000115395
2000,0.15789473684210525,23,316,SUCCESS,212541,3000.0,2990.0,14375,3.819176599965431
2000,0.15789473684210525,24,316,SUCCESS,208344,3000.0,2990.0,14083,3.7549901000456885
2000,0.15789473684210525,25,316,SUCCESS,180384,3000.0,2990.0,12092,3.7899371000239626
2000,0.15789473684210525,26,316,SUCCESS,208276,3000.0,2990.0,14079,3.8520178999751806
2000,0.15789473684210525,27,316,SUCCESS,198079,3000.0,2990.0,13778,3.852022400009446
2000,0.15789473684210525,28,316,SUCCESS,186141,3000.0,2990.0,12164,3.7941238000057638
2000,0.15789473684210525,29,316,SUCCESS,212599,3000.0,2990.0,14335,3.893594399909489
2000,0.15789473684210525,30,316,FAILURE,2003,56.0,46.0,0,3.5492045000428334
2000,0.15789473684210525,31,316,SUCCESS,205972,3000.0,2990.0,13949,3.9342941000359133
2000,0.15789473684210525,32,316,SUCCESS,202842,3000.0,2990.0,13831,3.8577267000218853
2000,0.15789473684210525,33,316,SUCCESS,176081,3000.0,2990.0,11944,3.7629276000661775
2000,0.15789473684210525,34,316,SUCCESS,228344,3000.0,2990.0,15569,3.8465750999748707
2000,0.15789473684210525,35,316,SUCCESS,206162,3000.0,2990.0,13963,4.144725799909793
2000,0.15789473684210525,36,316,SUCCESS,205723,3000.0,2990.0,13844,3.8106724000535905
2000,0.15789473684210525,37,316,SUCCESS,202140,3000.0,2990.0,13852,3.8488293000264093
2000,0.15789473684210525,38,316,SUCCESS,236641,3000.0,2990.0,16099,3.865666599944234
2000,0.15789473684210525,39,316,SUCCESS,195634,3000.0,2990.0,13441,3.8138559999642894
2000,0.15789473684210525,40,316,SUCCESS,181146,3000.0,2990.0,12364,3.7882630999665707
2000,0.15789473684210525,41,316,SUCCESS,212103,3000.0,2990.0,14233,3.8101285999873653
2000,0.15789473684210525,42,316,SUCCESS,198337,3000.0,2990.0,13007,3.823065200005658
2000,0.15789473684210525,43,316,SUCCESS,207446,3000.0,2990.0,14018,3.8738085000077263
2000,0.15789473684210525,44,316,FAILURE,2007,50.0,40.0,0,3.5697996000526473
2000,0.15789473684210525,45,316,SUCCESS,211741,3000.0,2990.0,14259,3.852235300000757
2000,0.15789473684210525,46,316,SUCCESS,235622,3000.0,2990.0,16069,3.775191600085236
2000,0.15789473684210525,47,316,SUCCESS,212326,3000.0,2990.0,14246,3.9733678000047803
2000,0.15789473684210525,48,316,SUCCESS,209709,3000.0,2990.0,14036,3.9366607000119984
2000,0.15789473684210525,49,316,SUCCESS,202278,3000.0,2990.0,13854,3.817049900069833
2000,0.15789473684210525,50,316,SUCCESS,229162,3000.0,2990.0,15453,3.951191799947992
2000,0.15789473684210525,51,316,SUCCESS,219773,3000.0,2990.0,15201,4.286989000043832
2000,0.15789473684210525,52,316,SUCCESS,220427,3000.0,2990.0,14483,3.9050353999482468
2000,0.15789473684210525,53,316,SUCCESS,204466,3000.0,2990.0,13835,3.7341918000020087
2000,0.15789473684210525,54,316,FAILURE,2005,44.0,34.0,0,3.541866200044751
2000,0.15789473684210525,55,316,SUCCESS,224682,3000.0,2990.0,15218,3.8550739000784233
2000,0.15789473684210525,56,316,SUCCESS,228830,3000.0,2990.0,15581,3.786251200013794
2000,0.15789473684210525,57,316,SUCCESS,221342,3000.0,2990.0,15233,3.85916079999879
2000,0.15789473684210525,58,316,SUCCESS,211559,3000.0,2990.0,14448,3.8641130999894813
2000,0.15789473684210525,59,316,SUCCESS,229169,3000.0,2990.0,15346,3.861990400007926
2000,0.15789473684210525,60,316,FAILURE,2002,54.0,44.0,0,3.527509200037457
2000,0.15789473684210525,61,316,SUCCESS,210735,3000.0,2990.0,14148,3.7913338999496773
2000,0.15789473684210525,62,316,SUCCESS,235530,3000.0,2990.0,16006,3.903783499961719
2000,0.15789473684210525,63,316,SUCCESS,205995,3000.0,2990.0,13973,3.8528836000477895
2000,0.15789473684210525,64,316,SUCCESS,201918,3000.0,2990.0,13533,3.865455099963583
2000,0.15789473684210525,65,316,SUCCESS,144131,3000.0,2990.0,9945,3.7708648999687284
2000,0.15789473684210525,66,316,FAILURE,2001,49.0,39.0,0,3.5304773000534624
2000,0.15789473684210525,67,316,SUCCESS,204012,3000.0,2990.0,13684,4.069786800071597
2000,0.15789473684210525,68,316,SUCCESS,186146,3000.0,2990.0,12669,3.9121619999641553
2000,0.15789473684210525,69,316,SUCCESS,220101,3000.0,2990.0,14503,3.801576300058514
2000,0.15789473684210525,70,316,FAILURE,2005,49.0,39.0,0,3.58701509993989
2000,0.15789473684210525,71,316,FAILURE,2002,49.0,39.0,0,3.506316499901004
2000,0.15789473684210525,72,316,SUCCESS,180825,3000.0,2990.0,12364,3.7263170999940485
2000,0.15789473684210525,73,316,FAILURE,2002,59.0,49.0,0,3.591761599993333
2000,0.15789473684210525,74,316,SUCCESS,224300,3000.0,2990.0,15492,3.854633599985391
2000,0.15789473684210525,75,316,SUCCESS,219238,3000.0,2990.0,15047,3.799318899982609
2000,0.15789473684210525,76,316,SUCCESS,230797,3000.0,2990.0,15821,3.8463762999745086
2000,0.15789473684210525,77,316,SUCCESS,204314,3000.0,2990.0,13892,3.754000199958682
2000,0.15789473684210525,78,316,SUCCESS,235719,3000.0,2990.0,15972,3.8495853999629617
2000,0.15789473684210525,79,316,SUCCESS,199062,3000.0,2990.0,13199,3.9025044000009075
2000,0.15789473684210525,80,316,SUCCESS,229649,3000.0,2990.0,15594,3.7946538999676704
2000,0.15789473684210525,81,316,SUCCESS,196268,3000.0,2990.0,13551,3.9465366000076756
2000,0.15789473684210525,82,316,FAILURE,2006,46.0,36.0,0,3.758521300042048
2000,0.15789473684210525,83,316,SUCCESS,211125,3000.0,2990.0,14513,3.8146622999338433
2000,0.15789473684210525,84,316,SUCCESS,220255,3000.0,2990.0,14565,3.7932370000053197
2000,0.15789473684210525,85,316,SUCCESS,228066,3000.0,2990.0,15672,3.8291770999785513
2000,0.15789473684210525,86,316,SUCCESS,204993,3000.0,2990.0,13829,3.920514600002207
2000,0.15789473684210525,87,316,SUCCESS,212085,3000.0,2990.0,14225,3.9223021999932826
2000,0.15789473684210525,88,316,SUCCESS,220044,3000.0,2990.0,14829,3.825539299985394
2000,0.15789473684210525,89,316,SUCCESS,205577,3000.0,2990.0,13787,3.870016200002283
2000,0.15789473684210525,90,316,SUCCESS,212887,3000.0,2990.0,14170,3.7508833999745548
2000,0.15789473684210525,91,316,FAILURE,2003,53.0,43.0,0,3.536952399997972
2000,0.15789473684210525,92,316,SUCCESS,212803,3000.0,2990.0,14408,3.810514699900523
2000,0.15789473684210525,93,316,SUCCESS,200980,3000.0,2990.0,13509,3.8437552999239415
2000,0.15789473684210525,94,316,SUCCESS,205901,3000.0,2990.0,13938,3.7584350999677554
2000,0.15789473684210525,95,316,SUCCESS,156900,3000.0,2990.0,10707,3.7778449000325054
2000,0.15789473684210525,96,316,SUCCESS,226223,3000.0,2990.0,15560,3.770520000020042
2000,0.15789473684210525,97,316,SUCCESS,205725,3000.0,2990.0,13867,3.786010600044392
2000,0.15789473684210525,98,316,SUCCESS,192596,3000.0,2990.0,12791,4.061631500022486
2000,0.15789473684210525,99,316,SUCCESS,211987,3000.0,2990.0,14335,3.8470812999876216
2000,0.21052631578947367,0,421,FAILURE,2006,48.0,38.0,0,3.5642510999459773
2000,0.21052631578947367,1,421,FAILURE,2011,44.0,34.0,0,3.613737800042145
2000,0.21052631578947367,2,421,FAILURE,2003,46.0,36.0,0,3.543173999991268
2000,0.21052631578947367,3,421,SUCCESS,192855,3000.0,2990.0,12710,3.814414000022225
2000,0.21052631578947367,4,421,SUCCESS,229802,3000.0,2990.0,15615,3.857374000013806
2000,0.21052631578947367,5,421,SUCCESS,223323,3000.0,2990.0,15267,3.7919399000238627
2000,0.21052631578947367,6,421,FAILURE,2004,42.0,32.0,0,3.7132757999934256
2000,0.21052631578947367,7,421,FAILURE,2010,44.0,34.0,0,3.5890957000665367
2000,0.21052631578947367,8,421,SUCCESS,166247,3000.0,2990.0,11897,3.7115111999446526
2000,0.21052631578947367,9,421,FAILURE,2002,40.0,30.0,0,3.6542022000066936
2000,0.21052631578947367,10,421,FAILURE,2008,42.0,32.0,0,3.6270706000505015
2000,0.21052631578947367,11,421,FAILURE,2007,42.0,32.0,0,3.680251399986446
2000,0.21052631578947367,12,421,SUCCESS,199008,3000.0,2990.0,13004,3.797106600017287
2000,0.21052631578947367,13,421,SUCCESS,229450,3000.0,2990.0,15421,3.867236299905926
2000,0.21052631578947367,14,421,SUCCESS,205099,3000.0,2990.0,13753,3.835899299941957
2000,0.21052631578947367,15,421,SUCCESS,233999,3000.0,2990.0,15928,3.9506521999137476
2000,0.21052631578947367,16,421,FAILURE,2003,43.0,33.0,0,3.636790300020948
2000,0.21052631578947367,17,421,FAILURE,2005,40.0,30.0,0,3.58777999994345
2000,0.21052631578947367,18,421,SUCCESS,236667,3000.0,2990.0,16082,3.9333660000702366
2000,0.21052631578947367,19,421,SUCCESS,235912,3000.0,2990.0,15985,3.880684900097549
2000,0.21052631578947367,20,421,FAILURE,2003,46.0,36.0,0,3.6175556000089273
2000,0.21052631578947367,21,421,FAILURE,2005,44.0,34.0,0,3.5367646000813693
2000,0.21052631578947367,22,421,SUCCESS,189540,3000.0,2990.0,13076,3.795472800033167
2000,0.21052631578947367,23,421,FAILURE,2005,42.0,32.0,0,3.625387299922295
2000,0.21052631578947367,24,421,SUCCESS,180159,3000.0,2990.0,12056,3.8075781000079587
2000,0.21052631578947367,25,421,SUCCESS,230675,3000.0,2990.0,15762,4.382608600077219
2000,0.21052631578947367,26,421,FAILURE,2003,44.0,34.0,0,3.552145699970424
2000,0.21052631578947367,27,421,SUCCESS,220237,3000.0,2990.0,14389,4.056966200005263
2000,0.21052631578947367,28,421,SUCCESS,229904,3000.0,2990.0,15749,3.863318300107494
2000,0.21052631578947367,29,421,SUCCESS,212999,3000.0,2990.0,14493,4.092205900000408
2000,0.21052631578947367,30,421,FAILURE,2004,46.0,36.0,0,3.693549200077541
2000,0.21052631578947367,31,421,FAILURE,2005,51.0,41.0,0,3.7572992999339476
2000,0.21052631578947367,32,421,FAILURE,2003,42.0,32.0,0,3.651716399937868
2000,0.21052631578947367,33,421,SUCCESS,189940,3000.0,2990.0,13002,3.9147465000860393
2000,0.21052631578947367,34,421,FAILURE,2010,41.0,31.0,0,3.5148503000382334
2000,0.21052631578947367,35,421,FAILURE,2002,42.0,32.0,0,3.55543409998063
2000,0.21052631578947367,36,421,SUCCESS,198486,3000.0,2990.0,13180,3.857501000049524
2000,0.21052631578947367,37,421,FAILURE,4018,78.0,68.0,0,3.7961821999633685
2000,0.21052631578947367,38,421,FAILURE,2007,41.0,31.0,0,3.7348330999957398
2000,0.21052631578947367,39,421,FAILURE,2006,45.0,35.0,0,3.729016700061038
2000,0.21052631578947367,40,421,FAILURE,2009,42.0,32.0,0,3.5314878000644967
2000,0.21052631578947367,41,421,FAILURE,2004,42.0,32.0,0,3.6622867999831215
2000,0.21052631578947367,42,421,SUCCESS,220560,3000.0,2990.0,14396,3.906611099955626
2000,0.21052631578947367,43,421,FAILURE,6008,107.0,97.0,0,3.743152500013821
2000,0.21052631578947367,44,421,FAILURE,2004,41.0,31.0,0,3.6159732999512926
2000,0.21052631578947367,45,421,SUCCESS,176217,3000.0,2990.0,11986,3.8457832999993116
2000,0.21052631578947367,46,421,SUCCESS,216434,3000.0,2990.0,14221,3.9394686000887305
2000,0.21052631578947367,47,421,FAILURE,2010,50.0,40.0,0,3.6478511000750586
2000,0.21052631578947367,48,421,FAILURE,2008,41.0,31.0,0,3.483784500043839
2000,0.21052631578947367,49,421,SUCCESS,228553,3000.0,2990.0,15108,3.970098300022073
2000,0.21052631578947367,50,421,FAILURE,2010,41.0,31.0,0,3.58951950003393
2000,0.21052631578947367,51,421,FAILURE,2001,43.0,33.0,0,3.647328899940476
2000,0.21052631578947367,52,421,SUCCESS,206085,3000.0,2990.0,13955,3.742035000002943
2000,0.21052631578947367,53,421,SUCCESS,235297,3000.0,2990.0,15958,3.9000528999604285
2000,0.21052631578947367,54,421,FAILURE,2006,40.0,30.0,0,3.496737299952656
2000,0.21052631578947367,55,421,FAILURE,2004,40.0,30.0,0,3.5361764999106526
2000,0.21052631578947367,56,421,FAILURE,2007,47.0,37.0,0,3.521223000017926
2000,0.21052631578947367,57,421,FAILURE,2002,40.0,30.0,0,3.5263135000132024
2000,0.21052631578947367,58,421,FAILURE,2009,47.0,37.0,0,3.6257303000893444
2000,0.21052631578947367,59,421,SUCCESS,213272,3000.0,2990.0,14642,3.7970298000145704
2000,0.21052631578947367,60,421,FAILURE,2005,40.0,30.0,0,3.5854248999385163
2000,0.21052631578947367,61,421,FAILURE,2007,42.0,32.0,0,3.6845906999660656
2000,0.21052631578947367,62,421,FAILURE,2010,49.0,39.0,0,3.582524900091812
2000,0.21052631578947367,63,421,SUCCESS,166099,3000.0,2990.0,10865,3.799695099936798
2000,0.21052631578947367,64,421,SUCCESS,220500,3000.0,2990.0,14493,3.7560940000694245
2000,0.21052631578947367,65,421,SUCCESS,199734,3000.0,2990.0,13459,3.855346900061704
2000,0.21052631578947367,66,421,FAILURE,2000,42.0,32.0,0,3.6228477000258863
2000,0.21052631578947367,67,421,SUCCESS,152227,3000.0,2990.0,10162,3.847021900000982
2000,0.21052631578947367,68,421,SUCCESS,215363,3000.0,2990.0,14255,3.8704628000268713
2000,0.21052631578947367,69,421,FAILURE,2005,41.0,31.0,0,3.584630599943921
2000,0.21052631578947367,70,421,FAILURE,2006,43.0,33.0,0,3.6007317000767216
2000,0.21052631578947367,71,421,FAILURE,2003,41.0,31.0,0,3.523023199988529
2000,0.21052631578947367,72,421,FAILURE,2004,44.0,34.0,0,3.6298602001043037
2000,0.21052631578947367,73,421,SUCCESS,220483,3000.0,2990.0,14412,3.940613300073892
2000,0.21052631578947367,74,421,SUCCESS,237034,3000.0,2990.0,16049,3.8123814000282437
2000,0.21052631578947367,75,421,SUCCESS,220439,3000.0,2990.0,14794,3.823366399970837
2000,0.21052631578947367,76,421,SUCCESS,220224,3000.0,2990.0,14279,3.765055200085044
2000,0.21052631578947367,77,421,FAILURE,2007,42.0,32.0,0,3.6697021999862045
2000,0.21052631578947367,78,421,SUCCESS,234820,3000.0,2990.0,15897,3.8174511999823153
2000,0.21052631578947367,79,421,SUCCESS,228642,3000.0,2990.0,14941,3.823201500112191
2000,0.21052631578947367,80,421,SUCCESS,228419,3000.0,2990.0,14918,3.9022129999939352
2000,0.21052631578947367,81,421,FAILURE,2003,41.0,31.0,0,3.551655700081028
2000,0.21052631578947367,82,421,FAILURE,2001,37.0,27.0,0,3.579073900007643
2000,0.21052631578947367,83,421,SUCCESS,219716,3000.0,2990.0,14824,3.7906226000050083
2000,0.21052631578947367,84,421,FAILURE,2007,45.0,35.0,0,3.5768391999881715
2000,0.21052631578947367,85,421,SUCCESS,192803,3000.0,2990.0,12893,3.883500500000082
2000,0.21052631578947367,86,421,FAILURE,4022,91.0,81.0,0,3.621831800090149
2000,0.21052631578947367,87,421,SUCCESS,206496,3000.0,2990.0,13958,3.8138861999614164
2000,0.21052631578947367,88,421,FAILURE,2004,45.0,35.0,0,3.664524000021629
2000,0.21052631578947367,89,421,SUCCESS,227613,3000.0,2990.0,15399,3.7913036999525502
2000,0.21052631578947367,90,421,FAILURE,2006,42.0,32.0,0,3.604158899979666
2000,0.21052631578947367,91,421,FAILURE,2010,50.0,40.0,0,3.685840699938126
2000,0.21052631578947367,92,421,SUCCESS,232961,3000.0,2990.0,15903,3.820581499952823
2000,0.21052631578947367,93,421,FAILURE,2002,49.0,39.0,0,3.6218254999257624
2000,0.21052631578947367,94,421,SUCCESS,212239,3000.0,2990.0,14738,3.832142199971713
2000,0.21052631578947367,95,421,SUCCESS,176152,3000.0,2990.0,11963,3.788778900052421
2000,0.21052631578947367,96,421,FAILURE,2005,45.0,35.0,0,3.574933800031431
2000,0.21052631578947367,97,421,FAILURE,2004,41.0,31.0,0,3.535776500008069
2000,0.21052631578947367,98,421,FAILURE,6017,111.0,101.0,0,3.534007800044492
2000,0.21052631578947367,99,421,FAILURE,2006,49.0,39.0,0,3.656427099951543
2000,0.2631578947368421,0,526,FAILURE,2003,47.0,37.0,0,3.6114071001065895
2000,0.2631578947368421,1,526,FAILURE,2009,40.0,30.0,0,3.6068538998952135
2000,0.2631578947368421,2,526,FAILURE,2008,39.0,29.0,0,3.601556699955836
2000,0.2631578947368421,3,526,FAILURE,2007,37.0,27.0,0,3.5366218999261037
2000,0.2631578947368421,4,526,SUCCESS,220969,3000.0,2990.0,14891,3.747113800025545
2000,0.2631578947368421,5,526,FAILURE,2002,43.0,33.0,0,3.5516120999818668
2000,0.2631578947368421,6,526,FAILURE,2009,38.0,28.0,0,3.4890493999700993
2000,0.2631578947368421,7,526,FAILURE,2009,41.0,31.0,0,3.4793645000318065
2000,0.2631578947368421,8,526,FAILURE,2008,48.0,38.0,0,3.6828302000649273
2000,0.2631578947368421,9,526,FAILURE,2006,39.0,29.0,0,3.577043400029652
2000,0.2631578947368421,10,526,FAILURE,2008,36.0,26.0,0,3.5599216000409797
2000,0.2631578947368421,11,526,FAILURE,2009,39.0,29.0,0,3.6240114000393078
2000,0.2631578947368421,12,526,FAILURE,2004,45.0,35.0,0,3.542314099962823
2000,0.2631578947368421,13,526,FAILURE,2005,42.0,32.0,0,3.5667274999432266
2000,0.2631578947368421,14,526,FAILURE,2009,37.0,27.0,0,3.525624500005506
2000,0.2631578947368421,15,526,SUCCESS,234035,3000.0,2990.0,15904,3.7726999000879005
2000,0.2631578947368421,16,526,FAILURE,2005,36.0,26.0,0,3.5269350999733433
2000,0.2631578947368421,17,526,FAILURE,2003,35.0,25.0,0,3.518092899932526
2000,0.2631578947368421,18,526,FAILURE,2008,39.0,29.0,0,3.488146899966523
2000,0.2631578947368421,19,526,FAILURE,2013,39.0,29.0,0,3.6144993000198156
2000,0.2631578947368421,20,526,FAILURE,2005,38.0,28.0,0,3.6932206999044865
2000,0.2631578947368421,21,526,FAILURE,2002,37.0,27.0,0,3.5056680000852793
2000,0.2631578947368421,22,526,FAILURE,2006,46.0,36.0,0,3.5967501000268385
2000,0.2631578947368421,23,526,FAILURE,2004,34.0,24.0,0,3.5012955999700353
2000,0.2631578947368421,24,526,SUCCESS,220214,3000.0,2990.0,14254,3.754479099996388
2000,0.2631578947368421,25,526,SUCCESS,192544,3000.0,2990.0,12387,3.90589379996527
2000,0.2631578947368421,26,526,FAILURE,2004,40.0,30.0,0,3.530161099974066
2000,0.2631578947368421,27,526,SUCCESS,186443,3000.0,2990.0,12293,3.800468700006604
2000,0.2631578947368421,28,526,FAILURE,2003,40.0,30.0,0,3.50685240002349
2000,0.2631578947368421,29,526,FAILURE,2010,42.0,32.0,0,3.491681099985726
2000,0.2631578947368421,30,526,FAILURE,2008,41.0,31.0,0,3.4490480000386015
2000,0.2631578947368421,31,526,FAILURE,2011,40.0,30.0,0,3.530341799953021
2000,0.2631578947368421,32,526,SUCCESS,236731,3000.0,2990.0,16067,3.746154199936427
2000,0.2631578947368421,33,526,SUCCESS,237090,3000.0,2990.0,16105,3.777285199961625
2000,0.2631578947368421,34,526,FAILURE,2008,36.0,26.0,0,3.5765045000007376
2000,0.2631578947368421,35,526,FAILURE,2009,38.0,28.0,0,3.5839507000055164
2000,0.2631578947368421,36,526,FAILURE,2002,41.0,31.0,0,3.562093200045638
2000,0.2631578947368421,37,526,FAILURE,2006,37.0,27.0,0,3.5721619999967515
2000,0.2631578947368421,38,526,FAILURE,2008,41.0,31.0,0,3.5736410000827163
2000,0.2631578947368421,39,526,FAILURE,4019,80.0,70.0,0,3.580937199993059
2000,0.2631578947368421,40,526,FAILURE,2012,41.0,31.0,0,3.472165400045924
2000,0.2631578947368421,41,526,FAILURE,2009,36.0,26.0,0,3.566766500007361
2000,0.2631578947368421,42,526,FAILURE,2008,39.0,29.0,0,3.4354703000281006
2000,0.2631578947368421,43,526,FAILURE,2008,38.0,28.0,0,3.5411843999754637
2000,0.2631578947368421,44,526,FAILURE,2007,37.0,27.0,0,3.5658058000262827
2000,0.2631578947368421,45,526,FAILURE,2003,39.0,29.0,0,3.504366899956949
2000,0.2631578947368421,46,526,FAILURE,2007,42.0,32.0,0,3.59554550005123
2000,0.2631578947368421,47,526,FAILURE,2006,45.0,35.0,0,3.511242000036873
2000,0.2631578947368421,48,526,FAILURE,2008,38.0,28.0,0,3.543371199979447
2000,0.2631578947368421,49,526,FAILURE,2010,44.0,34.0,0,3.552089700009674
2000,0.2631578947368421,50,526,FAILURE,2007,37.0,27.0,0,3.5692507000640035
2000,0.2631578947368421,51,526,FAILURE,2006,43.0,33.0,0,3.5636834000470117
2000,0.2631578947368421,52,526,FAILURE,2003,41.0,31.0,0,3.552795800031163
2000,0.2631578947368421,53,526,FAILURE,2012,35.0,25.0,0,3.580521499970928
2000,0.2631578947368421,54,526,FAILURE,2009,37.0,27.0,0,3.4677287000231445
2000,0.2631578947368421,55,526,FAILURE,2010,38.0,28.0,0,3.618731900001876
2000,0.2631578947368421,56,526,FAILURE,2013,45.0,35.0,0,3.547379399999045
2000,0.2631578947368421,57,526,FAILURE,2006,38.0,28.0,0,3.4938768999418244
2000,0.2631578947368421,58,526,FAILURE,2009,42.0,32.0,0,3.5750240999041125
2000,0.2631578947368421,59,526,SUCCESS,200457,3000.0,2990.0,13691,3.7927667000330985
2000,0.2631578947368421,60,526,FAILURE,2007,40.0,30.0,0,3.5080565001117066
2000,0.2631578947368421,61,526,FAILURE,2002,37.0,27.0,0,3.577533899922855
2000,0.2631578947368421,62,526,FAILURE,2009,38.0,28.0,0,3.534485400072299
2000,0.2631578947368421,63,526,FAILURE,4017,78.0,68.0,0,3.5563596000429243
2000,0.2631578947368421,64,526,FAILURE,2008,38.0,28.0,0,3.5094077999237925
2000,0.2631578947368421,65,526,FAILURE,2010,40.0,30.0,0,3.5421940999804065
2000,0.2631578947368421,66,526,FAILURE,2006,39.0,29.0,0,3.4667028000112623
2000,0.2631578947368421,67,526,FAILURE,2011,38.0,28.0,0,3.5195267000235617
2000,0.2631578947368421,68,526,FAILURE,2003,43.0,33.0,0,3.6127031999640167
2000,0.2631578947368421,69,526,FAILURE,2006,40.0,30.0,0,3.5841441999655217
2000,0.2631578947368421,70,526,FAILURE,2006,39.0,29.0,0,3.481227699900046
2000,0.2631578947368421,71,526,FAILURE,2007,39.0,29.0,0,3.5543710999190807
2000,0.2631578947368421,72,526,FAILURE,2010,42.0,32.0,0,3.4767859999556094
2000,0.2631578947368421,73,526,FAILURE,2008,41.0,31.0,0,3.592989300028421
2000,0.2631578947368421,74,526,FAILURE,2015,51.0,41.0,0,3.6547864000312984
2000,0.2631578947368421,75,526,FAILURE,2012,43.0,33.0,0,3.5916520999744534
2000,0.2631578947368421,76,526,SUCCESS,220279,3000.0,2990.0,14249,3.771970900008455
2000,0.2631578947368421,77,526,FAILURE,2009,37.0,27.0,0,3.695496700005606
2000,0.2631578947368421,78,526,SUCCESS,206193,3000.0,2990.0,14005,4.020800799946301
2000,0.2631578947368421,79,526,FAILURE,2006,40.0,30.0,0,3.51827040000353
2000,0.2631578947368421,80,526,FAILURE,2012,38.0,28.0,0,3.466324899927713
2000,0.2631578947368421,81,526,FAILURE,5901,102.0,92.0,0,3.5533571999985725
2000,0.2631578947368421,82,526,FAILURE,2004,36.0,26.0,0,3.4843634999124333
2000,0.2631578947368421,83,526,FAILURE,2002,44.0,34.0,0,3.481153200031258
2000,0.2631578947368421,84,526,FAILURE,2006,40.0,30.0,0,3.515652999980375
2000,0.2631578947368421,85,526,FAILURE,2010,37.0,27.0,0,3.585243000066839
2000,0.2631578947368421,86,526,FAILURE,2008,37.0,27.0,0,3.4822225999087095
2000,0.2631578947368421,87,526,FAILURE,2009,39.0,29.0,0,3.5644355000695214
2000,0.2631578947368421,88,526,FAILURE,2005,42.0,32.0,0,3.5943920999998227
2000,0.2631578947368421,89,526,SUCCESS,220762,3000.0,2990.0,14602,3.7816349000204355
2000,0.2631578947368421,90,526,FAILURE,2008,38.0,28.0,0,3.4805107000283897
2000,0.2631578947368421,91,526,FAILURE,2007,42.0,32.0,0,3.6813220001058653
2000,0.2631578947368421,92,526,FAILURE,2006,41.0,31.0,0,3.6228028999175876
2000,0.2631578947368421,93,526,FAILURE,2006,44.0,34.0,0,3.5663504999829456
2000,0.2631578947368421,94,526,SUCCESS,212877,3000.0,2990.0,14669,3.9215480000711977
2000,0.2631578947368421,95,526,FAILURE,2005,42.0,32.0,0,3.858775500091724
2000,0.2631578947368421,96,526,FAILURE,2009,40.0,30.0,0,3.58331699995324
2000,0.2631578947368421,97,526,FAILURE,2005,38.0,28.0,0,3.585275400080718
2000,0.2631578947368421,98,526,FAILURE,2011,40.0,30.0,0,3.5968202999792993
2000,0.2631578947368421,99,526,FAILURE,2004,44.0,34.0,0,3.535496599972248
2000,0.3157894736842105,0,632,FAILURE,2003,40.0,30.0,0,3.4525034999242052
2000,0.3157894736842105,1,632,FAILURE,2009,35.0,25.0,0,3.5633754999144003
2000,0.3157894736842105,2,632,FAILURE,2011,34.0,24.0,0,3.5270554999588057
2000,0.3157894736842105,3,632,FAILURE,2008,35.0,25.0,0,3.5231018000049517
2000,0.3157894736842105,4,632,FAILURE,2015,37.0,27.0,0,3.4939791000215337
2000,0.3157894736842105,5,632,FAILURE,2009,42.0,32.0,0,3.5016701000276953
2000,0.3157894736842105,6,632,FAILURE,2007,36.0,26.0,0,3.5251599999610335
2000,0.3157894736842105,7,632,FAILURE,2009,40.0,30.0,0,3.4909904999658465
2000,0.3157894736842105,8,632,FAILURE,2011,44.0,34.0,0,3.578565700096078
2000,0.3157894736842105,9,632,FAILURE,2010,35.0,25.0,0,3.6010074999649078
2000,0.3157894736842105,10,632,FAILURE,2011,33.0,23.0,0,3.514230100088753
2000,0.3157894736842105,11,632,FAILURE,2015,40.0,30.0,0,3.5223525000037625
2000,0.3157894736842105,12,632,FAILURE,2003,37.0,27.0,0,3.5913624999811873
2000,0.3157894736842105,13,632,FAILURE,2006,37.0,27.0,0,3.4941212999401614
2000,0.3157894736842105,14,632,FAILURE,2009,37.0,27.0,0,3.4804896001005545
2000,0.3157894736842105,15,632,SUCCESS,235482,3000.0,2990.0,15876,3.7536223999923095
2000,0.3157894736842105,16,632,FAILURE,2007,34.0,24.0,0,3.59503000008408
2000,0.3157894736842105,17,632,FAILURE,2006,34.0,24.0,0,3.556588900042698
2000,0.3157894736842105,18,632,FAILURE,2010,38.0,28.0,0,3.5042448999593034
2000,0.3157894736842105,19,632,FAILURE,2014,38.0,28.0,0,3.5765645999927074
2000,0.3157894736842105,20,632,FAILURE,2005,38.0,28.0,0,3.5713076000101864
2000,0.3157894736842105,21,632,FAILURE,2002,35.0,25.0,0,3.570186399971135
2000,0.3157894736842105,22,632,FAILURE,2007,38.0,28.0,0,3.56830349995289
2000,0.3157894736842105,23,632,FAILURE,2018,40.0,30.0,0,3.4834302000235766
2000,0.3157894736842105,24,632,FAILURE,2012,38.0,28.0,0,3.549613400013186
2000,0.3157894736842105,25,632,FAILURE,2012,42.0,32.0,0,3.5606625999789685
2000,0.3157894736842105,26,632,FAILURE,2013,35.0,25.0,0,3.5912117999978364
2000,0.3157894736842105,27,632,FAILURE,2011,41.0,31.0,0,3.679850999964401
2000,0.3157894736842105,28,632,FAILURE,2012,35.0,25.0,0,3.536398300086148
2000,0.3157894736842105,29,632,FAILURE,2010,42.0,32.0,0,3.5762759000062943
2000,0.3157894736842105,30,632,FAILURE,2009,37.0,27.0,0,3.5722713000141084
2000,0.3157894736842105,31,632,FAILURE,2012,38.0,28.0,0,3.5858286001021042
2000,0.3157894736842105,32,632,FAILURE,2015,35.0,25.0,0,3.5752304999623448
2000,0.3157894736842105,33,632,FAILURE,2009,36.0,26.0,0,3.5379667000379413
2000,0.3157894736842105,34,632,FAILURE,2012,33.0,23.0,0,3.5949371999595314
2000,0.3157894736842105,35,632,FAILURE,2007,34.0,24.0,0,3.6794293000129983
2000,0.3157894736842105,36,632,FAILURE,2007,39.0,29.0,0,3.715247500105761
2000,0.3157894736842105,37,632,FAILURE,2010,38.0,28.0,0,3.63722679996863
2000,0.3157894736842105,38,632,FAILURE,2014,40.0,30.0,0,3.5116392000345513
2000,0.3157894736842105,39,632,FAILURE,2006,37.0,27.0,0,3.571141800028272
2000,0.3157894736842105,40,632,FAILURE,2014,36.0,26.0,0,3.4769175000255927
2000,0.3157894736842105,41,632,FAILURE,2010,34.0,24.0,0,3.5840898000169545
2000,0.3157894736842105,42,632,FAILURE,2009,36.0,26.0,0,3.5577714999672025
2000,0.3157894736842105,43,632,FAILURE,2005,33.0,23.0,0,3.5377583999652416
2000,0.3157894736842105,44,632,FAILURE,2005,33.0,23.0,0,3.5021021999418736
2000,0.3157894736842105,45,632,FAILURE,2004,36.0,26.0,0,3.597630799980834
2000,0.3157894736842105,46,632,FAILURE,2011,39.0,29.0,0,3.6063851000508294
2000,0.3157894736842105,47,632,FAILURE,2009,43.0,33.0,0,3.5683315000496805
2000,0.3157894736842105,48,632,FAILURE,2007,35.0,25.0,0,3.58746800001245
2000,0.3157894736842105,49,632,FAILURE,2011,40.0,30.0,0,3.503492599935271
2000,0.3157894736842105,50,632,FAILURE,2005,36.0,26.0,0,3.566000800114125
2000,0.3157894736842105,51,632,FAILURE,2007,33.0,23.0,0,3.470151799963787
2000,0.3157894736842105,52,632,FAILURE,2008,37.0,27.0,0,3.469391099992208
2000,0.3157894736842105,53,632,FAILURE,2016,35.0,25.0,0,3.546900499961339
2000,0.3157894736842105,54,632,FAILURE,2015,35.0,25.0,0,3.4957183999940753
2000,0.3157894736842105,55,632,FAILURE,2006,34.0,24.0,0,3.568786200019531
2000,0.3157894736842105,56,632,FAILURE,2009,37.0,27.0,0,3.5601306000025943
2000,0.3157894736842105,57,632,FAILURE,2008,33.0,23.0,0,3.4606474000029266
2000,0.3157894736842105,58,632,FAILURE,2018,39.0,29.0,0,3.50015410000924
2000,0.3157894736842105,59,632,FAILURE,2006,37.0,27.0,0,3.6039783000014722
2000,0.3157894736842105,60,632,FAILURE,2008,33.0,23.0,0,3.535315499990247
2000,0.3157894736842105,61,632,FAILURE,2007,34.0,24.0,0,3.4820011000847444
2000,0.3157894736842105,62,632,FAILURE,2011,35.0,25.0,0,3.4984139000298455
2000,0.3157894736842105,63,632,FAILURE,2008,34.0,24.0,0,3.5271175999660045
2000,0.3157894736842105,64,632,FAILURE,2016,36.0,26.0,0,3.7020312999375165
2000,0.3157894736842105,65,632,FAILURE,2008,31.0,21.0,0,3.52734530007001
2000,0.3157894736842105,66,632,FAILURE,2005,39.0,29.0,0,3.55042730004061
2000,0.3157894736842105,67,632,FAILURE,2013,36.0,26.0,0,3.5942288999212906
2000,0.3157894736842105,68,632,FAILURE,2007,42.0,32.0,0,3.5308733000420034
2000,0.3157894736842105,69,632,FAILURE,2011,37.0,27.0,0,3.515878799953498
2000,0.3157894736842105,70,632,FAILURE,2009,36.0,26.0,0,3.5132003999315202
2000,0.3157894736842105,71,632,FAILURE,2010,36.0,26.0,0,3.583626399980858
2000,0.3157894736842105,72,632,FAILURE,2010,39.0,29.0,0,3.4976268000900745
2000,0.3157894736842105,73,632,FAILURE,2013,37.0,27.0,0,3.5247161000734195
2000,0.3157894736842105,74,632,FAILURE,2032,46.0,36.0,0,3.524670399958268
2000,0.3157894736842105,75,632,FAILURE,2012,33.0,23.0,0,3.486410600016825
2000,0.3157894736842105,76,632,FAILURE,2009,43.0,33.0,0,3.5535246999934316
2000,0.3157894736842105,77,632,FAILURE,2015,34.0,24.0,0,3.5196803000289947
2000,0.3157894736842105,78,632,FAILURE,2008,40.0,30.0,0,3.5819649000186473
2000,0.3157894736842105,79,632,FAILURE,2011,36.0,26.0,0,3.583245199988596
2000,0.3157894736842105,80,632,FAILURE,2011,34.0,24.0,0,3.5449803998926654
2000,0.3157894736842105,81,632,FAILURE,2012,34.0,24.0,0,3.5271497999783605
2000,0.3157894736842105,82,632,FAILURE,2004,34.0,24.0,0,3.577361600007862
2000,0.3157894736842105,83,632,FAILURE,2010,38.0,28.0,0,3.468948099995032
2000,0.3157894736842105,84,632,FAILURE,2015,36.0,26.0,0,3.4790642999578267
2000,0.3157894736842105,85,632,FAILURE,2011,36.0,26.0,0,3.495025600073859
2000,0.3157894736842105,86,632,FAILURE,2007,33.0,23.0,0,3.4995551999891177
2000,0.3157894736842105,87,632,FAILURE,2012,36.0,26.0,0,3.4935969000216573
2000,0.3157894736842105,88,632,FAILURE,2006,36.0,26.0,0,3.501216199947521
2000,0.3157894736842105,89,632,SUCCESS,228731,3000.0,2990.0,15605,3.8216347999405116
2000,0.3157894736842105,90,632,FAILURE,2008,38.0,28.0,0,3.5265824999660254
2000,0.3157894736842105,91,632,FAILURE,2007,35.0,25.0,0,3.563805800047703
2000,0.3157894736842105,92,632,FAILURE,2007,35.0,25.0,0,3.559834999963641
2000,0.3157894736842105,93,632,FAILURE,2008,40.0,30.0,0,3.605239599943161
2000,0.3157894736842105,94,632,FAILURE,2011,42.0,32.0,0,3.452178100007586
2000,0.3157894736842105,95,632,FAILURE,2006,34.0,24.0,0,3.5566800999222323
2000,0.3157894736842105,96,632,FAILURE,2010,39.0,29.0,0,3.5840844999765977
2000,0.3157894736842105,97,632,FAILURE,2007,37.0,27.0,0,3.568362500052899
2000,0.3157894736842105,98,632,FAILURE,2014,39.0,29.0,0,3.4925454000476748
2000,0.3157894736842105,99,632,FAILURE,2016,39.0,29.0,0,3.5590276001021266
2000,0.3684210526315789,0,737,FAILURE,2006,38.0,28.0,0,3.6784410000545904
2000,0.3684210526315789,1,737,FAILURE,2013,33.0,23.0,0,3.542293900041841
2000,0.3684210526315789,2,737,FAILURE,2011,33.0,23.0,0,3.6934256000677124
2000,0.3684210526315789,3,737,FAILURE,2011,35.0,25.0,0,3.703727599931881
2000,0.3684210526315789,4,737,FAILURE,2015,34.0,24.0,0,3.6293859001016244
2000,0.3684210526315789,5,737,FAILURE,2008,37.0,27.0,0,3.581973799970001
2000,0.3684210526315789,6,737,FAILURE,2011,35.0,25.0,0,3.524698399938643
2000,0.3684210526315789,7,737,FAILURE,2004,35.0,25.0,0,3.5360825000097975
2000,0.3684210526315789,8,737,FAILURE,2018,36.0,26.0,0,3.5711675999918953
2000,0.3684210526315789,9,737,FAILURE,2012,34.0,24.0,0,3.598607400082983
2000,0.3684210526315789,10,737,FAILURE,2017,33.0,23.0,0,3.5300780000397936
2000,0.3684210526315789,11,737,FAILURE,2019,35.0,25.0,0,3.582770699984394
2000,0.3684210526315789,12,737,FAILURE,2005,36.0,26.0,0,3.4806057000532746
2000,0.3684210526315789,13,737,FAILURE,2009,36.0,26.0,0,3.5614844999508932
2000,0.3684210526315789,14,737,FAILURE,2010,37.0,27.0,0,3.540885099908337
2000,0.3684210526315789,15,737,SUCCESS,176368,3000.0,2990.0,11889,3.7567386999726295
2000,0.3684210526315789,16,737,FAILURE,2012,34.0,24.0,0,3.491160200093873
2000,0.3684210526315789,17,737,FAILURE,2007,34.0,24.0,0,3.6484013999579474
2000,0.3684210526315789,18,737,FAILURE,2014,36.0,26.0,0,3.5352236999897286
2000,0.3684210526315789,19,737,FAILURE,2015,37.0,27.0,0,3.5473287000786513
2000,0.3684210526315789,20,737,FAILURE,2014,36.0,26.0,0,3.562277599936351
2000,0.3684210526315789,21,737,FAILURE,2006,34.0,24.0,0,3.570564499939792
2000,0.3684210526315789,22,737,FAILURE,2016,36.0,26.0,0,3.5241287000244483
2000,0.3684210526315789,23,737,FAILURE,2012,30.0,20.0,0,3.598258599988185
2000,0.3684210526315789,24,737,FAILURE,2016,35.0,25.0,0,3.480071499943733
2000,0.3684210526315789,25,737,FAILURE,2014,38.0,28.0,0,3.661880199913867
2000,0.3684210526315789,26,737,FAILURE,2018,32.0,22.0,0,3.589382400037721
2000,0.3684210526315789,27,737,FAILURE,4035,77.0,67.0,0,3.6129109000321478
2000,0.3684210526315789,28,737,FAILURE,2012,34.0,24.0,0,3.5581519999541342
2000,0.3684210526315789,29,737,FAILURE,2010,39.0,29.0,0,3.4972789000021294
2000,0.3684210526315789,30,737,FAILURE,2010,34.0,24.0,0,3.4799291999079287
2000,0.3684210526315789,31,737,FAILURE,2016,35.0,25.0,0,3.457560799899511
2000,0.3684210526315789,32,737,FAILURE,2015,33.0,23.0,0,3.5829287000233307
2000,0.3684210526315789,33,737,FAILURE,2004,30.0,20.0,0,3.532782500027679
2000,0.3684210526315789,34,737,FAILURE,2012,31.0,21.0,0,3.492191300028935
2000,0.3684210526315789,35,737,FAILURE,2010,31.0,21.0,0,3.577030799933709
2000,0.3684210526315789,36,737,FAILURE,2012,38.0,28.0,0,3.5349750999594107
2000,0.3684210526315789,37,737,FAILURE,2013,37.0,27.0,0,3.671858899993822
2000,0.3684210526315789,38,737,FAILURE,2011,34.0,24.0,0,3.5306827999884263
2000,0.3684210526315789,39,737,FAILURE,2008,33.0,23.0,0,3.4795241000829265
2000,0.3684210526315789,40,737,FAILURE,2013,30.0,20.0,0,3.468244899995625
2000,0.3684210526315789,41,737,FAILURE,2013,34.0,24.0,0,3.5946979000000283
2000,0.3684210526315789,42,737,FAILURE,2010,31.0,21.0,0,3.50332289992366
2000,0.3684210526315789,43,737,FAILURE,2006,30.0,20.0,0,3.5334411000367254
2000,0.3684210526315789,44,737,FAILURE,2006,33.0,23.0,0,3.5369530998868868
2000,0.3684210526315789,45,737,FAILURE,2003,35.0,25.0,0,3.501916700042784
2000,0.3684210526315789,46,737,FAILURE,2013,36.0,26.0,0,3.5118297999724746
2000,0.3684210526315789,47,737,FAILURE,2018,38.0,28.0,0,3.4968929000897333
2000,0.3684210526315789,48,737,FAILURE,2015,33.0,23.0,0,3.471057200105861
2000,0.3684210526315789,49,737,FAILURE,2012,38.0,28.0,0,3.5852536000311375
2000,0.3684210526315789,50,737,FAILURE,2010,36.0,26.0,0,3.556827099993825
2000,0.3684210526315789,51,737,FAILURE,2007,33.0,23.0,0,3.5275871999328956
2000,0.3684210526315789,52,737,FAILURE,2015,34.0,24.0,0,3.5747329000150785
2000,0.3684210526315789,53,737,FAILURE,2019,35.0,25.0,0,3.56139099993743
2000,0.3684210526315789,54,737,FAILURE,2013,33.0,23.0,0,3.562883700011298
2000,0.3684210526315789,55,737,FAILURE,2024,34.0,24.0,0,3.591367399902083
2000,0.3684210526315789,56,737,FAILURE,2014,32.0,22.0,0,3.6327781999716535
2000,0.3684210526315789,57,737,FAILURE,2008,32.0,22.0,0,3.5250669999513775
2000,0.3684210526315789,58,737,FAILURE,2020,37.0,27.0,0,3.5926227000309154
2000,0.3684210526315789,59,737,FAILURE,2009,37.0,27.0,0,3.59003289998509
2000,0.3684210526315789,60,737,FAILURE,2013,31.0,21.0,0,3.8897403998998925
2000,0.3684210526315789,61,737,FAILURE,2014,32.0,22.0,0,3.627306399983354
2000,0.3684210526315789,62,737,FAILURE,2012,33.0,23.0,0,3.6564956000074744
2000,0.3684210526315789,63,737,FAILURE,2013,33.0,23.0,0,3.63093890005257
2000,0.3684210526315789,64,737,FAILURE,2014,36.0,26.0,0,3.5830829999176785
2000,0.3684210526315789,65,737,FAILURE,2016,31.0,21.0,0,3.5689463999588042
2000,0.3684210526315789,66,737,FAILURE,2008,33.0,23.0,0,3.476751900045201
2000,0.3684210526315789,67,737,FAILURE,2014,32.0,22.0,0,3.4814428000245243
2000,0.3684210526315789,68,737,SUCCESS,220594,3000.0,2990.0,14580,3.8212141999974847
2000,0.3684210526315789,69,737,FAILURE,2012,32.0,22.0,0,3.638119100010954
2000,0.3684210526315789,70,737,FAILURE,2010,33.0,23.0,0,3.4998144999844953
2000,0.3684210526315789,71,737,FAILURE,2013,33.0,23.0,0,3.5902675999095663
2000,0.3684210526315789,72,737,FAILURE,2014,35.0,25.0,0,3.6147081999806687
2000,0.3684210526315789,73,737,FAILURE,2016,36.0,26.0,0,3.538865300011821
2000,0.3684210526315789,74,737,FAILURE,2027,40.0,30.0,0,3.535390399978496
2000,0.3684210526315789,75,737,FAILURE,2008,31.0,21.0,0,3.5946264999220148
2000,0.3684210526315789,76,737,FAILURE,2006,40.0,30.0,0,3.58119360008277
2000,0.3684210526315789,77,737,FAILURE,2013,32.0,22.0,0,3.531635299907066
2000,0.3684210526315789,78,737,FAILURE,2022,40.0,30.0,0,3.537871400010772
2000,0.3684210526315789,79,737,FAILURE,2010,33.0,23.0,0,3.4472255000146106
2000,0.3684210526315789,80,737,FAILURE,2018,34.0,24.0,0,3.539123800001107
2000,0.3684210526315789,81,737,FAILURE,2017,33.0,23.0,0,3.5321270000422373
2000,0.3684210526315789,82,737,FAILURE,2006,32.0,22.0,0,3.7641366999596357
2000,0.3684210526315789,83,737,FAILURE,2010,36.0,26.0,0,3.6957365999696776
2000,0.3684210526315789,84,737,FAILURE,2014,33.0,23.0,0,1517.767287399969
2000,0.3684210526315789,85,737,FAILURE,2011,34.0,24.0,0,1708.8608700999757
2000,0.3684210526315789,86,737,FAILURE,2005,31.0,21.0,0,6.913838500040583
2000,0.3684210526315789,87,737,FAILURE,2011,34.0,24.0,0,4.531582299969159
2000,0.3684210526315789,88,737,FAILURE,2006,33.0,23.0,0,3.6297501999652013
2000,0.3684210526315789,89,737,FAILURE,2021,48.0,38.0,0,3.5456120999297127
2000,0.3684210526315789,90,737,FAILURE,2009,36.0,26.0,0,3.544507100014016
2000,0.3684210526315789,91,737,FAILURE,2008,33.0,23.0,0,3.536369499983266
2000,0.3684210526315789,92,737,FAILURE,2019,37.0,27.0,0,3.5436152000911534
2000,0.3684210526315789,93,737,FAILURE,2008,37.0,27.0,0,3.664230199996382
2000,0.3684210526315789,94,737,FAILURE,2014,35.0,25.0,0,3.565391300013289
2000,0.3684210526315789,95,737,FAILURE,2010,34.0,24.0,0,3.608828500029631
2000,0.3684210526315789,96,737,FAILURE,2009,35.0,25.0,0,3.5399733000667766
2000,0.3684210526315789,97,737,FAILURE,2006,32.0,22.0,0,3.5376014999346808
2000,0.3684210526315789,98,737,FAILURE,2017,35.0,25.0,0,3.574880399974063
2000,0.3684210526315789,99,737,FAILURE,2017,38.0,28.0,0,3.5207549000624567
2000,0.42105263157894735,0,842,FAILURE,2010,32.0,22.0,0,3.5884613000089303
2000,0.42105263157894735,1,842,FAILURE,2012,31.0,21.0,0,3.5896162999561056
2000,0.42105263157894735,2,842,FAILURE,2013,32.0,22.0,0,3.6414340999908745
2000,0.42105263157894735,3,842,FAILURE,2018,33.0,23.0,0,3.579335300019011
2000,0.42105263157894735,4,842,FAILURE,2024,32.0,22.0,0,3.5600864000152797
2000,0.42105263157894735,5,842,FAILURE,2010,34.0,24.0,0,3.5019926000386477
2000,0.42105263157894735,6,842,FAILURE,2012,31.0,21.0,0,3.536462499992922
2000,0.42105263157894735,7,842,FAILURE,2007,35.0,25.0,0,3.675937999971211
2000,0.42105263157894735,8,842,FAILURE,2021,36.0,26.0,0,3.624516100040637
2000,0.42105263157894735,9,842,FAILURE,2016,34.0,24.0,0,3.53506349993404
2000,0.42105263157894735,10,842,FAILURE,2020,31.0,21.0,0,3.535650399979204
2000,0.42105263157894735,11,842,FAILURE,2019,35.0,25.0,0,3.7100798999890685
2000,0.42105263157894735,12,842,FAILURE,2012,35.0,25.0,0,3.5312396999215707
2000,0.42105263157894735,13,842,FAILURE,2016,34.0,24.0,0,3.550999600091018
2000,0.42105263157894735,14,842,FAILURE,2011,36.0,26.0,0,3.4691537000471726
2000,0.42105263157894735,15,842,FAILURE,2010,39.0,29.0,0,3.5287941000424325
2000,0.42105263157894735,16,842,FAILURE,2010,29.0,19.0,0,3.534492200007662
2000,0.42105263157894735,17,842,FAILURE,2007,27.0,17.0,0,3.548247499973513
2000,0.42105263157894735,18,842,FAILURE,2019,35.0,25.0,0,3.6183422999456525
2000,0.42105263157894735,19,842,FAILURE,2012,36.0,26.0,0,3.5251405000453815
2000,0.42105263157894735,20,842,FAILURE,2015,34.0,24.0,0,3.6250839999411255
2000,0.42105263157894735,21,842,FAILURE,2009,29.0,19.0,0,3.63121979997959
2000,0.42105263157894735,22,842,FAILURE,2013,36.0,26.0,0,3.526777300052345
2000,0.42105263157894735,23,842,FAILURE,2011,28.0,18.0,0,3.5696024999488145
2000,0.42105263157894735,24,842,FAILURE,2018,34.0,24.0,0,3.5552065999945626
2000,0.42105263157894735,25,842,FAILURE,2012,37.0,27.0,0,3.5614223999436945
2000,0.42105263157894735,26,842,FAILURE,2020,30.0,20.0,0,3.495344400056638
2000,0.42105263157894735,27,842,FAILURE,2015,35.0,25.0,0,3.527064799913205
2000,0.42105263157894735,28,842,FAILURE,2022,34.0,24.0,0,3.5377633000025526
2000,0.42105263157894735,29,842,FAILURE,2017,33.0,23.0,0,3.5508240000344813
2000,0.42105263157894735,30,842,FAILURE,2018,34.0,24.0,0,3.55614510003943
2000,0.42105263157894735,31,842,FAILURE,2019,32.0,22.0,0,3.591149299987592
2000,0.42105263157894735,32,842,FAILURE,2013,29.0,19.0,0,3.4899848999921232
2000,0.42105263157894735,33,842,FAILURE,2009,29.0,19.0,0,3.619746799929999
2000,0.42105263157894735,34,842,FAILURE,2011,30.0,20.0,0,3.5398226999677718
2000,0.42105263157894735,35,842,FAILURE,2010,28.0,18.0,0,3.5359977999469265
2000,0.42105263157894735,36,842,FAILURE,2009,34.0,24.0,0,3.574298999970779
2000,0.42105263157894735,37,842,FAILURE,2020,34.0,24.0,0,3.5291482000611722
2000,0.42105263157894735,38,842,FAILURE,2011,29.0,19.0,0,3.6694680000655353
2000,0.42105263157894735,39,842,FAILURE,2021,32.0,22.0,0,3.6299857000121847
2000,0.42105263157894735,40,842,FAILURE,2015,29.0,19.0,0,3.518308600061573
2000,0.42105263157894735,41,842,FAILURE,2011,29.0,19.0,0,3.5406412000302225
2000,0.42105263157894735,42,842,FAILURE,2009,31.0,21.0,0,3.586161599960178
2000,0.42105263157894735,43,842,FAILURE,2008,29.0,19.0,0,3.4439672000007704
2000,0.42105263157894735,44,842,FAILURE,2008,30.0,20.0,0,3.472592100035399
2000,0.42105263157894735,45,842,FAILURE,2011,30.0,20.0,0,3.538443300058134
2000,0.42105263157894735,46,842,FAILURE,2015,33.0,23.0,0,3.5212883000494912
2000,0.42105263157894735,47,842,FAILURE,2020,35.0,25.0,0,3.5864210999570787
2000,0.42105263157894735,48,842,FAILURE,2016,33.0,23.0,0,3.521720699965954
2000,0.42105263157894735,49,842,FAILURE,2021,37.0,27.0,0,3.5080212999600917
2000,0.42105263157894735,50,842,FAILURE,2010,32.0,22.0,0,3.583210799959488
2000,0.42105263157894735,51,842,FAILURE,2011,32.0,22.0,0,3.5733016999438405
2000,0.42105263157894735,52,842,FAILURE,2009,33.0,23.0,0,3.4924194999039173
2000,0.42105263157894735,53,842,FAILURE,2026,35.0,25.0,0,3.5907425999175757
2000,0.42105263157894735,54,842,FAILURE,2013,31.0,21.0,0,3.547330899978988
2000,0.42105263157894735,55,842,FAILURE,2036,35.0,25.0,0,3.54638439998962
2000,0.42105263157894735,56,842,FAILURE,2014,32.0,22.0,0,3.5724318999564275
2000,0.42105263157894735,57,842,FAILURE,2011,30.0,20.0,0,3.5981746999314055
2000,0.42105263157894735,58,842,FAILURE,2027,35.0,25.0,0,3.5301725000608712
2000,0.42105263157894735,59,842,FAILURE,2012,36.0,26.0,0,3.4978105999762192
2000,0.42105263157894735,60,842,FAILURE,2014,31.0,21.0,0,3.6164065999910235
2000,0.42105263157894735,61,842,FAILURE,2011,31.0,21.0,0,3.489534500055015
2000,0.42105263157894735,62,842,FAILURE,2010,32.0,22.0,0,3.558090699953027
2000,0.42105263157894735,63,842,FAILURE,2015,31.0,21.0,0,3.536023800028488
2000,0.42105263157894735,64,842,FAILURE,2016,36.0,26.0,0,3.470385799999349
2000,0.42105263157894735,65,842,FAILURE,2016,31.0,21.0,0,3.5137352999299765
2000,0.42105263157894735,66,842,FAILURE,2009,30.0,20.0,0,3.4952171999029815
2000,0.42105263157894735,67,842,FAILURE,2011,32.0,22.0,0,3.5665644999826327
2000,0.42105263157894735,68,842,FAILURE,4040,75.0,65.0,0,3.539649699931033
2000,0.42105263157894735,69,842,FAILURE,2011,29.0,19.0,0,3.6117941000266
2000,0.42105263157894735,70,842,FAILURE,2010,31.0,21.0,0,3.487238899921067
2000,0.42105263157894735,71,842,FAILURE,2017,32.0,22.0,0,3.5426491999533027
2000,0.42105263157894735,72,842,FAILURE,2022,32.0,22.0,0,3.4407765000360087
2000,0.42105263157894735,73,842,FAILURE,2017,35.0,25.0,0,3.5121635999530554
2000,0.42105263157894735,74,842,FAILURE,2024,38.0,28.0,0,3.5673240000614896
2000,0.42105263157894735,75,842,FAILURE,2010,30.0,20.0,0,3.625748399994336
2000,0.42105263157894735,76,842,FAILURE,2013,34.0,24.0,0,3.5227766000898555
2000,0.42105263157894735,77,842,FAILURE,2017,32.0,22.0,0,3.5643282000673935
2000,0.42105263157894735,78,842,FAILURE,2028,31.0,21.0,0,3.5303966000210494
2000,0.42105263157894735,79,842,FAILURE,2014,33.0,23.0,0,3.4745147000066936
2000,0.42105263157894735,80,842,FAILURE,2021,32.0,22.0,0,3.544291600002907
2000,0.42105263157894735,81,842,FAILURE,2020,31.0,21.0,0,3.496214500046335
2000,0.42105263157894735,82,842,FAILURE,2007,30.0,20.0,0,3.4861562000587583
2000,0.42105263157894735,83,842,FAILURE,2019,38.0,28.0,0,3.549626099993475
2000,0.42105263157894735,84,842,FAILURE,2020,30.0,20.0,0,3.655430700047873
2000,0.42105263157894735,85,842,FAILURE,2008,32.0,22.0,0,3.5238320000935346
2000,0.42105263157894735,86,842,FAILURE,2014,29.0,19.0,0,3.5094654998974875
2000,0.42105263157894735,87,842,FAILURE,2017,34.0,24.0,0,3.5525584999704733
2000,0.42105263157894735,88,842,FAILURE,2005,32.0,22.0,0,3.4894539000233635
2000,0.42105263157894735,89,842,FAILURE,2027,36.0,26.0,0,3.5831057000905275
2000,0.42105263157894735,90,842,FAILURE,2011,33.0,23.0,0,3.4943127000005916
2000,0.42105263157894735,91,842,FAILURE,2010,32.0,22.0,0,3.505460500018671
2000,0.42105263157894735,92,842,FAILURE,2011,37.0,27.0,0,3.5478314999490976
2000,0.42105263157894735,93,842,FAILURE,2008,33.0,23.0,0,3.635908600059338
2000,0.42105263157894735,94,842,FAILURE,2013,33.0,23.0,0,3.519499099929817
2000,0.42105263157894735,95,842,FAILURE,2019,32.0,22.0,0,3.4582266999641433
2000,0.42105263157894735,96,842,FAILURE,2011,33.0,23.0,0,3.525365800014697
2000,0.42105263157894735,97,842,FAILURE,2013,32.0,22.0,0,3.5582177999895066
2000,0.42105263157894735,98,842,FAILURE,2016,34.0,24.0,0,3.6169009999139234
2000,0.42105263157894735,99,842,FAILURE,2016,35.0,25.0,0,3.682789699989371
2000,0.47368421052631576,0,947,FAILURE,2012,32.0,22.0,0,3.4692464999388903
2000,0.47368421052631576,1,947,FAILURE,2015,30.0,20.0,0,3.5520081999711692
2000,0.47368421052631576,2,947,FAILURE,2023,29.0,19.0,0,3.547815499943681
2000,0.47368421052631576,3,947,FAILURE,2014,32.0,22.0,0,3.553090999950655
2000,0.47368421052631576,4,947,FAILURE,2032,28.0,18.0,0,3.573009399930015
2000,0.47368421052631576,5,947,FAILURE,2015,31.0,21.0,0,3.5735310999443755
2000,0.47368421052631576,6,947,FAILURE,2021,32.0,22.0,0,3.483162199961953
2000,0.47368421052631576,7,947,FAILURE,2009,34.0,24.0,0,3.546018399996683
2000,0.47368421052631576,8,947,FAILURE,2019,31.0,21.0,0,3.5082433000206947
2000,0.47368421052631576,9,947,FAILURE,2020,34.0,24.0,0,3.5036963999737054
2000,0.47368421052631576,10,947,FAILURE,2018,28.0,18.0,0,3.4962369999848306
2000,0.47368421052631576,11,947,FAILURE,2020,34.0,24.0,0,3.6557199999224395
2000,0.47368421052631576,12,947,FAILURE,2022,35.0,25.0,0,3.531791100045666
2000,0.47368421052631576,13,947,FAILURE,2018,32.0,22.0,0,3.5316534000448883
2000,0.47368421052631576,14,947,FAILURE,2007,34.0,24.0,0,3.54180359991733
2000,0.47368421052631576,15,947,FAILURE,2009,32.0,22.0,0,3.5180536000989377
2000,0.47368421052631576,16,947,FAILURE,2013,29.0,19.0,0,3.4885711999377236
2000,0.47368421052631576,17,947,FAILURE,2009,27.0,17.0,0,3.574692099937238
2000,0.47368421052631576,18,947,FAILURE,2022,30.0,20.0,0,3.569347199983895
2000,0.47368421052631576,19,947,FAILURE,2014,33.0,23.0,0,3.5291397999972105
2000,0.47368421052631576,20,947,FAILURE,2011,32.0,22.0,0,3.578708600020036
2000,0.47368421052631576,21,947,FAILURE,2008,29.0,19.0,0,3.6086142000276595
2000,0.47368421052631576,22,947,FAILURE,2018,33.0,23.0,0,3.5744178000604734
2000,0.47368421052631576,23,947,FAILURE,2017,27.0,17.0,0,3.5028111999854445
2000,0.47368421052631576,24,947,FAILURE,2017,30.0,20.0,0,3.511914200033061
2000,0.47368421052631576,25,947,FAILURE,2017,35.0,25.0,0,3.5516312998952344
2000,0.47368421052631576,26,947,FAILURE,2023,28.0,18.0,0,3.4488622000208125
2000,0.47368421052631576,27,947,FAILURE,2025,31.0,21.0,0,3.5572213999694213
2000,0.47368421052631576,28,947,FAILURE,2021,35.0,25.0,0,3.521806800039485
2000,0.47368421052631576,29,947,FAILURE,2025,31.0,21.0,0,3.586151900002733
2000,0.47368421052631576,30,947,FAILURE,2019,32.0,22.0,0,3.5663410000270233
2000,0.47368421052631576,31,947,FAILURE,2020,32.0,22.0,0,3.4925531999906525
2000,0.47368421052631576,32,947,FAILURE,2013,28.0,18.0,0,3.5022427000803873
2000,0.47368421052631576,33,947,FAILURE,2011,29.0,19.0,0,3.5854991000378504
2000,0.47368421052631576,34,947,FAILURE,2011,28.0,18.0,0,3.5108698999974877
2000,0.47368421052631576,35,947,FAILURE,2015,28.0,18.0,0,3.621082599973306
2000,0.47368421052631576,36,947,FAILURE,2011,32.0,22.0,0,3.5568750000093132
2000,0.47368421052631576,37,947,FAILURE,2018,30.0,20.0,0,3.58340749994386
2000,0.47368421052631576,38,947,FAILURE,2011,29.0,19.0,0,3.5394751999992877
2000,0.47368421052631576,39,947,FAILURE,2027,31.0,21.0,0,3.553528600023128
2000,0.47368421052631576,40,947,FAILURE,2021,29.0,19.0,0,3.567988199996762
2000,0.47368421052631576,41,947,FAILURE,2017,29.0,19.0,0,3.5469095999142155
2000,0.47368421052631576,42,947,FAILURE,2012,30.0,20.0,0,3.7108329000184312
2000,0.47368421052631576,43,947,FAILURE,2005,27.0,17.0,0,3.606584799941629
2000,0.47368421052631576,44,947,FAILURE,2011,28.0,18.0,0,3.558301299926825
2000,0.47368421052631576,45,947,FAILURE,2012,29.0,19.0,0,3.5682434999616817
2000,0.47368421052631576,46,947,FAILURE,2024,33.0,23.0,0,3.5324237999739125
2000,0.47368421052631576,47,947,FAILURE,2020,31.0,21.0,0,3.593963999999687
2000,0.47368421052631576,48,947,FAILURE,2018,30.0,20.0,0,3.4647770998999476
2000,0.47368421052631576,49,947,FAILURE,2028,34.0,24.0,0,3.5636644000187516
2000,0.47368421052631576,50,947,FAILURE,2018,30.0,20.0,0,3.532227599993348
2000,0.47368421052631576,51,947,FAILURE,2017,30.0,20.0,0,3.5959270000457764
2000,0.47368421052631576,52,947,FAILURE,2007,32.0,22.0,0,3.576743300072849
2000,0.47368421052631576,53,947,FAILURE,2037,30.0,20.0,0,3.60949729999993
2000,0.47368421052631576,54,947,FAILURE,2022,31.0,21.0,0,3.521637799916789
2000,0.47368421052631576,55,947,FAILURE,2032,33.0,23.0,0,3.5139583999989554
2000,0.47368421052631576,56,947,FAILURE,2015,31.0,21.0,0,3.579152699909173
2000,0.47368421052631576,57,947,FAILURE,2010,29.0,19.0,0,3.5521450999658555
2000,0.47368421052631576,58,947,FAILURE,2020,33.0,23.0,0,3.54034840001259
2000,0.47368421052631576,59,947,FAILURE,2018,32.0,22.0,0,3.5495529000181705
2000,0.47368421052631576,60,947,FAILURE,2016,29.0,19.0,0,3.4782206000527367
2000,0.47368421052631576,61,947,FAILURE,2014,30.0,20.0,0,3.5846071999985725
2000,0.47368421052631576,62,947,FAILURE,2011,31.0,21.0,0,3.5958999999566004
2000,0.47368421052631576,63,947,FAILURE,2019,30.0,20.0,0,3.5680721999378875
2000,0.47368421052631576,64,947,FAILURE,2022,38.0,28.0,0,3.4815420999657363
2000,0.47368421052631576,65,947,FAILURE,2020,30.0,20.0,0,3.638638300006278
2000,0.47368421052631576,66,947,FAILURE,2013,28.0,18.0,0,3.5393598000518978
2000,0.47368421052631576,67,947,FAILURE,2016,28.0,18.0,0,3.5842309000436217
2000,0.47368421052631576,68,947,FAILURE,2023,33.0,23.0,0,3.7276157999876887
2000,0.47368421052631576,69,947,FAILURE,2017,29.0,19.0,0,3.5996338999830186
2000,0.47368421052631576,70,947,FAILURE,2016,30.0,20.0,0,3.5283433999866247
2000,0.47368421052631576,71,947,FAILURE,2018,28.0,18.0,0,3.4810374000808224
2000,0.47368421052631576,72,947,FAILURE,2017,31.0,21.0,0,3.4740748999174684
2000,0.47368421052631576,73,947,FAILURE,2020,32.0,22.0,0,3.5954193000216037
2000,0.47368421052631576,74,947,FAILURE,2026,38.0,28.0,0,3.523515800014138
2000,0.47368421052631576,75,947,FAILURE,2010,30.0,20.0,0,3.534723599907011
2000,0.47368421052631576,76,947,FAILURE,2013,35.0,25.0,0,3.566793799982406
2000,0.47368421052631576,77,947,FAILURE,2021,32.0,22.0,0,3.4877907000482082
2000,0.47368421052631576,78,947,FAILURE,2025,30.0,20.0,0,3.4734011000255123
2000,0.47368421052631576,79,947,FAILURE,2025,32.0,22.0,0,3.5134615000570193
2000,0.47368421052631576,80,947,FAILURE,2025,31.0,21.0,0,3.545334000024013
2000,0.47368421052631576,81,947,FAILURE,2027,31.0,21.0,0,3.539729499956593
2000,0.47368421052631576,82,947,FAILURE,2011,30.0,20.0,0,3.5614914000034332
2000,0.47368421052631576,83,947,FAILURE,2011,32.0,22.0,0,3.6076583000831306
2000,0.47368421052631576,84,947,FAILURE,2026,30.0,20.0,0,3.575647999998182
2000,0.47368421052631576,85,947,FAILURE,2012,30.0,20.0,0,3.570945999934338
2000,0.47368421052631576,86,947,FAILURE,2020,28.0,18.0,0,3.8443607999943197
2000,0.47368421052631576,87,947,FAILURE,2015,31.0,21.0,0,3.5993049000389874
2000,0.47368421052631576,88,947,FAILURE,2009,31.0,21.0,0,3.6629884999711066
2000,0.47368421052631576,89,947,FAILURE,2022,34.0,24.0,0,3.4898925999877974
2000,0.47368421052631576,90,947,FAILURE,2024,33.0,23.0,0,3.518032900057733
2000,0.47368421052631576,91,947,FAILURE,2009,31.0,21.0,0,3.4908325999276713
2000,0.47368421052631576,92,947,FAILURE,2011,33.0,23.0,0,3.5054773000301793
2000,0.47368421052631576,93,947,FAILURE,2027,40.0,30.0,0,3.5831991999875754
2000,0.47368421052631576,94,947,FAILURE,2022,32.0,22.0,0,3.54776290000882
2000,0.47368421052631576,95,947,FAILURE,2024,31.0,21.0,0,3.5331925000064075
2000,0.47368421052631576,96,947,FAILURE,2010,31.0,21.0,0,3.5805529999779537
2000,0.47368421052631576,97,947,FAILURE,2017,32.0,22.0,0,3.5723341000266373
2000,0.47368421052631576,98,947,FAILURE,2026,35.0,25.0,0,3.4840197999728844
2000,0.47368421052631576,99,947,FAILURE,2024,35.0,25.0,0,3.488466399954632
2000,0.5263157894736842,0,1053,FAILURE,2013,31.0,21.0,0,3.5628647999837995
2000,0.5263157894736842,1,1053,FAILURE,2023,30.0,20.0,0,3.5722749000415206
2000,0.5263157894736842,2,1053,FAILURE,2027,29.0,19.0,0,3.634958399925381
2000,0.5263157894736842,3,1053,FAILURE,2018,32.0,22.0,0,3.5434401999227703
2000,0.5263157894736842,4,1053,FAILURE,2032,26.0,16.0,0,3.4487061999971047
2000,0.5263157894736842,5,1053,FAILURE,2020,31.0,21.0,0,3.4749522000784054
2000,0.5263157894736842,6,1053,FAILURE,2021,30.0,20.0,0,3.5207786000100896
2000,0.5263157894736842,7,1053,FAILURE,2015,34.0,24.0,0,3.5349249000428244
2000,0.5263157894736842,8,1053,FAILURE,2027,30.0,20.0,0,3.531821700045839
2000,0.5263157894736842,9,1053,FAILURE,2024,31.0,21.0,0,3.554240999976173
2000,0.5263157894736842,10,1053,FAILURE,2027,27.0,17.0,0,3.5014570999192074
2000,0.5263157894736842,11,1053,FAILURE,2020,34.0,24.0,0,3.5033922999864444
2000,0.5263157894736842,12,1053,FAILURE,2026,30.0,20.0,0,3.5408636999782175
2000,0.5263157894736842,13,1053,FAILURE,2023,29.0,19.0,0,3.5089661999372765
2000,0.5263157894736842,14,1053,FAILURE,2020,34.0,24.0,0,3.571955499937758
2000,0.5263157894736842,15,1053,FAILURE,2011,30.0,20.0,0,3.5721821000333875
2000,0.5263157894736842,16,1053,FAILURE,2018,28.0,18.0,0,3.460716599947773
2000,0.5263157894736842,17,1053,FAILURE,2007,26.0,16.0,0,3.5742197000654414
2000,0.5263157894736842,18,1053,FAILURE,2023,30.0,20.0,0,3.560504600056447
2000,0.5263157894736842,19,1053,FAILURE,2018,29.0,19.0,0,3.6347817999776453
2000,0.5263157894736842,20,1053,FAILURE,2017,31.0,21.0,0,3.6076018000021577
2000,0.5263157894736842,21,1053,FAILURE,2012,29.0,19.0,0,3.66770600003656
2000,0.5263157894736842,22,1053,FAILURE,2024,32.0,22.0,0,3.4835573999444023
2000,0.5263157894736842,23,1053,FAILURE,2024,27.0,17.0,0,3.5652608000673354
2000,0.5263157894736842,24,1053,FAILURE,2018,30.0,20.0,0,3.5349699000362307
2000,0.5263157894736842,25,1053,FAILURE,2021,33.0,23.0,0,3.590878599905409
2000,0.5263157894736842,26,1053,FAILURE,2024,27.0,17.0,0,3.558246699976735
2000,0.5263157894736842,27,1053,FAILURE,2023,30.0,20.0,0,3.5725179000291973
2000,0.5263157894736842,28,1053,FAILURE,2024,30.0,20.0,0,3.514582599978894
2000,0.5263157894736842,29,1053,FAILURE,2025,31.0,21.0,0,3.5723686000565067
2000,0.5263157894736842,30,1053,FAILURE,2025,31.0,21.0,0,3.536317699938081
2000,0.5263157894736842,31,1053,FAILURE,2028,31.0,21.0,0,3.5742797000566497
2000,0.5263157894736842,32,1053,FAILURE,2016,29.0,19.0,0,3.5585142000345513
2000,0.5263157894736842,33,1053,FAILURE,2020,28.0,18.0,0,3.5854007999878377
2000,0.5263157894736842,34,1053,FAILURE,2016,28.0,18.0,0,3.5294980000471696
2000,0.5263157894736842,35,1053,FAILURE,2015,27.0,17.0,0,3.5072159999981523
2000,0.5263157894736842,36,1053,FAILURE,2011,31.0,21.0,0,3.623561799991876
2000,0.5263157894736842,37,1053,FAILURE,2023,29.0,19.0,0,3.7884546000277624
2000,0.5263157894736842,38,1053,FAILURE,2023,28.0,18.0,0,3.9261462000431493
2000,0.5263157894736842,39,1053,FAILURE,2031,29.0,19.0,0,3.6819154999684542
2000,0.5263157894736842,40,1053,FAILURE,2021,28.0,18.0,0,3.45786369999405
2000,0.5263157894736842,41,1053,FAILURE,2023,29.0,19.0,0,3.5595333999954164
2000,0.5263157894736842,42,1053,FAILURE,2010,30.0,20.0,0,3.567349199904129
2000,0.5263157894736842,43,1053,FAILURE,2007,25.0,15.0,0,3.5930379000492394
2000,0.5263157894736842,44,1053,FAILURE,2019,26.0,16.0,0,3.496157099958509
2000,0.5263157894736842,45,1053,FAILURE,2014,28.0,18.0,0,3.593051900039427
2000,0.5263157894736842,46,1053,FAILURE,2019,30.0,20.0,0,3.5532920999685302
2000,0.5263157894736842,47,1053,FAILURE,2024,28.0,18.0,0,3.5640924000181258
2000,0.5263157894736842,48,1053,FAILURE,2016,30.0,20.0,0,3.5228863999946043
2000,0.5263157894736842,49,1053,FAILURE,2022,32.0,22.0,0,3.5639519001124427
2000,0.5263157894736842,50,1053,FAILURE,2024,28.0,18.0,0,3.5228712999960408
2000,0.5263157894736842,51,1053,FAILURE,2023,29.0,19.0,0,3.502211300074123
2000,0.5263157894736842,52,1053,FAILURE,2015,31.0,21.0,0,3.6147986999712884
2000,0.5263157894736842,53,1053,FAILURE,2042,31.0,21.0,0,3.5454031999688596
2000,0.5263157894736842,54,1053,FAILURE,2025,31.0,21.0,0,3.572366099921055
2000,0.5263157894736842,55,1053,FAILURE,2033,31.0,21.0,0,3.6702554000075907
2000,0.5263157894736842,56,1053,FAILURE,2020,31.0,21.0,0,3.884399599977769
2000,0.5263157894736842,57,1053,FAILURE,2018,29.0,19.0,0,3.535269199986942
2000,0.5263157894736842,58,1053,FAILURE,2022,31.0,21.0,0,3.4664040999487042
2000,0.5263157894736842,59,1053,FAILURE,2019,32.0,22.0,0,3.515743200085126
2000,0.5263157894736842,60,1053,FAILURE,2018,27.0,17.0,0,3.533189299982041
2000,0.5263157894736842,61,1053,FAILURE,2011,28.0,18.0,0,3.5653505999362096
2000,0.5263157894736842,62,1053,FAILURE,2015,28.0,18.0,0,3.559571500052698
2000,0.5263157894736842,63,1053,FAILURE,2018,29.0,19.0,0,3.5134063999867067
2000,0.5263157894736842,64,1053,FAILURE,2027,32.0,22.0,0,3.5327348998980597
2000,0.5263157894736842,65,1053,FAILURE,2025,28.0,18.0,0,3.528308199951425
2000,0.5263157894736842,66,1053,FAILURE,2027,27.0,17.0,0,3.4753053999738768
2000,0.5263157894736842,67,1053,FAILURE,2026,28.0,18.0,0,3.563647700008005
2000,0.5263157894736842,68,1053,FAILURE,2023,33.0,23.0,0,3.5211258000927046
2000,0.5263157894736842,69,1053,FAILURE,2019,26.0,16.0,0,3.604927000007592
2000,0.5263157894736842,70,1053,FAILURE,2019,30.0,20.0,0,3.512941800057888
2000,0.5263157894736842,71,1053,FAILURE,2020,27.0,17.0,0,3.6218985999003053
2000,0.5263157894736842,72,1053,FAILURE,2017,30.0,20.0,0,3.5644586000125855
2000,0.5263157894736842,73,1053,FAILURE,2017,30.0,20.0,0,3.59167570003774
2000,0.5263157894736842,74,1053,FAILURE,2048,37.0,27.0,0,3.6326291000004858
2000,0.5263157894736842,75,1053,FAILURE,2017,27.0,17.0,0,3.502009999938309
2000,0.5263157894736842,76,1053,FAILURE,2017,35.0,25.0,0,3.5591613999567926
2000,0.5263157894736842,77,1053,FAILURE,2023,32.0,22.0,0,3.512746599968523
2000,0.5263157894736842,78,1053,FAILURE,2032,30.0,20.0,0,3.4951634999597445
2000,0.5263157894736842,79,1053,FAILURE,2016,30.0,20.0,0,3.58046289999038
2000,0.5263157894736842,80,1053,FAILURE,2023,29.0,19.0,0,3.4603184000588953
2000,0.5263157894736842,81,1053,FAILURE,2030,29.0,19.0,0,3.5503598999930546
2000,0.5263157894736842,82,1053,FAILURE,2016,28.0,18.0,0,3.5964202999603003
2000,0.5263157894736842,83,1053,FAILURE,2024,35.0,25.0,0,3.505021999939345
2000,0.5263157894736842,84,1053,FAILURE,2024,28.0,18.0,0,3.5499726000707597
2000,0.5263157894736842,85,1053,FAILURE,2017,30.0,20.0,0,3.5095953000709414
2000,0.5263157894736842,86,1053,FAILURE,2025,27.0,17.0,0,3.585148800048046
2000,0.5263157894736842,87,1053,FAILURE,2039,30.0,20.0,0,3.5521980999037623
2000,0.5263157894736842,88,1053,FAILURE,2015,31.0,21.0,0,3.5564471000107005
2000,0.5263157894736842,89,1053,FAILURE,2025,33.0,23.0,0,3.5499703999375924
2000,0.5263157894736842,90,1053,FAILURE,2027,29.0,19.0,0,3.5477495999075472
2000,0.5263157894736842,91,1053,FAILURE,2017,29.0,19.0,0,3.518277599941939
2000,0.5263157894736842,92,1053,FAILURE,2019,32.0,22.0,0,3.6435640000272542
2000,0.5263157894736842,93,1053,FAILURE,2018,31.0,21.0,0,3.5098612000001594
2000,0.5263157894736842,94,1053,FAILURE,2020,32.0,22.0,0,3.4846219000173733
2000,0.5263157894736842,95,1053,FAILURE,2028,30.0,20.0,0,3.524331900058314
2000,0.5263157894736842,96,1053,FAILURE,2017,31.0,21.0,0,3.5847163000144064
2000,0.5263157894736842,97,1053,FAILURE,2018,32.0,22.0,0,3.6107737000565976
2000,0.5263157894736842,98,1053,FAILURE,2022,32.0,22.0,0,3.6102167000062764
2000,0.5263157894736842,99,1053,FAILURE,2026,32.0,22.0,0,3.525377800106071
2000,0.5789473684210527,0,1158,FAILURE,2020,28.0,18.0,0,3.5740753000136465
2000,0.5789473684210527,1,1158,FAILURE,2027,28.0,18.0,0,3.6333241999382153
2000,0.5789473684210527,2,1158,FAILURE,2033,29.0,19.0,0,3.5154328999342397
2000,0.5789473684210527,3,1158,FAILURE,2021,28.0,18.0,0,3.5691385000245646
2000,0.5789473684210527,4,1158,FAILURE,2036,25.0,15.0,0,3.5862733999965712
2000,0.5789473684210527,5,1158,FAILURE,2020,31.0,21.0,0,3.617025399929844
2000,0.5789473684210527,6,1158,FAILURE,2039,31.0,21.0,0,3.603415200021118
2000,0.5789473684210527,7,1158,FAILURE,2016,33.0,23.0,0,3.617404200020246
2000,0.5789473684210527,8,1158,FAILURE,2015,28.0,18.0,0,3.5794344999594614
2000,0.5789473684210527,9,1158,FAILURE,2034,32.0,22.0,0,3.586517099989578
2000,0.5789473684210527,10,1158,FAILURE,2029,28.0,18.0,0,3.6297897999174893
2000,0.5789473684210527,11,1158,FAILURE,2024,28.0,18.0,0,3.5729801000561565
2000,0.5789473684210527,12,1158,FAILURE,2037,28.0,18.0,0,3.4789861999452114
2000,0.5789473684210527,13,1158,FAILURE,2022,28.0,18.0,0,3.5862235999666154
2000,0.5789473684210527,14,1158,FAILURE,2019,34.0,24.0,0,3.5683348000748083
2000,0.5789473684210527,15,1158,FAILURE,2019,30.0,20.0,0,3.5237900000065565
2000,0.5789473684210527,16,1158,FAILURE,2028,27.0,17.0,0,3.5215687999734655
2000,0.5789473684210527,17,1158,FAILURE,2007,25.0,15.0,0,3.5922052999958396
2000,0.5789473684210527,18,1158,FAILURE,2026,29.0,19.0,0,3.597905399976298
2000,0.5789473684210527,19,1158,FAILURE,2020,26.0,16.0,0,3.730024700053036
2000,0.5789473684210527,20,1158,FAILURE,2022,28.0,18.0,0,3.623138100025244
2000,0.5789473684210527,21,1158,FAILURE,2018,29.0,19.0,0,3.6638718000613153
2000,0.5789473684210527,22,1158,FAILURE,2025,30.0,20.0,0,3.5490498000290245
2000,0.5789473684210527,23,1158,FAILURE,2026,27.0,17.0,0,3.5738896999973804
2000,0.5789473684210527,24,1158,FAILURE,2020,29.0,19.0,0,3.5330978001002222
2000,0.5789473684210527,25,1158,FAILURE,2034,31.0,21.0,0,3.646305099944584
2000,0.5789473684210527,26,1158,FAILURE,2039,27.0,17.0,0,3.5123945999657735
2000,0.5789473684210527,27,1158,FAILURE,2025,28.0,18.0,0,3.6783125000074506
2000,0.5789473684210527,28,1158,FAILURE,2025,30.0,20.0,0,3.6154698999598622
2000,0.5789473684210527,29,1158,FAILURE,2029,27.0,17.0,0,3.532672100001946
2000,0.5789473684210527,30,1158,FAILURE,2028,31.0,21.0,0,3.548077099956572
2000,0.5789473684210527,31,1158,FAILURE,2034,30.0,20.0,0,3.546425399952568
2000,0.5789473684210527,32,1158,FAILURE,2023,28.0,18.0,0,3.4858622999163345
2000,0.5789473684210527,33,1158,FAILURE,2017,27.0,17.0,0,3.543083900003694
2000,0.5789473684210527,34,1158,FAILURE,2021,27.0,17.0,0,3.571873900014907
2000,0.5789473684210527,35,1158,FAILURE,2021,26.0,16.0,0,3.52917430002708
2000,0.5789473684210527,36,1158,FAILURE,2011,28.0,18.0,0,3.6032841000705957
2000,0.5789473684210527,37,1158,FAILURE,2018,28.0,18.0,0,3.5866390999872237
2000,0.5789473684210527,38,1158,FAILURE,2044,31.0,21.0,0,3.592440800042823
2000,0.5789473684210527,39,1158,FAILURE,2032,28.0,18.0,0,3.5853739000158384
2000,0.5789473684210527,40,1158,FAILURE,2026,27.0,17.0,0,3.498040599981323
2000,0.5789473684210527,41,1158,FAILURE,2024,29.0,19.0,0,3.551829900010489
2000,0.5789473684210527,42,1158,FAILURE,2014,30.0,20.0,0,3.4963997000595555
2000,0.5789473684210527,43,1158,FAILURE,2010,24.0,14.0,0,3.5446024000411853
2000,0.5789473684210527,44,1158,FAILURE,2020,26.0,16.0,0,3.5136312999529764
2000,0.5789473684210527,45,1158,FAILURE,2023,29.0,19.0,0,3.6149232999887317
2000,0.5789473684210527,46,1158,FAILURE,2028,29.0,19.0,0,3.638245999929495
2000,0.5789473684210527,47,1158,FAILURE,2023,28.0,18.0,0,3.5987128000706434
2000,0.5789473684210527,48,1158,FAILURE,2022,28.0,18.0,0,3.54026929999236
2000,0.5789473684210527,49,1158,FAILURE,2031,32.0,22.0,0,3.65504909993615
2000,0.5789473684210527,50,1158,FAILURE,2027,28.0,18.0,0,3.615058899973519
2000,0.5789473684210527,51,1158,FAILURE,2031,29.0,19.0,0,3.5741743000689894
2000,0.5789473684210527,52,1158,FAILURE,2025,27.0,17.0,0,3.488132300088182
2000,0.5789473684210527,53,1158,FAILURE,2050,30.0,20.0,0,3.591321300016716
2000,0.5789473684210527,54,1158,FAILURE,2032,29.0,19.0,0,3.5352277000201866
2000,0.5789473684210527,55,1158,FAILURE,2045,31.0,21.0,0,3.6084279000060633
2000,0.5789473684210527,56,1158,FAILURE,2028,31.0,21.0,0,3.5576905999332666
2000,0.5789473684210527,57,1158,FAILURE,2027,28.0,18.0,0,3.7499195999698713
2000,0.5789473684210527,58,1158,FAILURE,2029,30.0,20.0,0,3.5443475999636576
2000,0.5789473684210527,59,1158,FAILURE,2021,32.0,22.0,0,3.5290603999746963
2000,0.5789473684210527,60,1158,FAILURE,2019,27.0,17.0,0,3.4621978999348357
2000,0.5789473684210527,61,1158,FAILURE,2020,27.0,17.0,0,3.5823773000156507
2000,0.5789473684210527,62,1158,FAILURE,2022,29.0,19.0,0,3.5157821000320837
2000,0.5789473684210527,63,1158,FAILURE,2016,25.0,15.0,0,3.609358699992299
2000,0.5789473684210527,64,1158,FAILURE,2022,28.0,18.0,0,3.5823557999683544
2000,0.5789473684210527,65,1158,FAILURE,2032,27.0,17.0,0,3.4943880999926478
2000,0.5789473684210527,66,1158,FAILURE,2030,26.0,16.0,0,3.516656299936585
2000,0.5789473684210527,67,1158,FAILURE,2025,27.0,17.0,0,3.5319692000048235
2000,0.5789473684210527,68,1158,FAILURE,2022,29.0,19.0,0,3.5261011000256985
2000,0.5789473684210527,69,1158,FAILURE,2023,26.0,16.0,0,3.5311177999246866
2000,0.5789473684210527,70,1158,FAILURE,2027,31.0,21.0,0,3.5818081999896094
2000,0.5789473684210527,71,1158,FAILURE,2024,27.0,17.0,0,3.5194758001016453
2000,0.5789473684210527,72,1158,FAILURE,2022,28.0,18.0,0,3.4779144999338314
2000,0.5789473684210527,73,1158,FAILURE,2027,28.0,18.0,0,3.585914900060743
2000,0.5789473684210527,74,1158,FAILURE,2064,37.0,27.0,0,3.4754286999814212
2000,0.5789473684210527,75,1158,FAILURE,2024,27.0,17.0,0,3.523538300069049
2000,0.5789473684210527,76,1158,FAILURE,2028,34.0,24.0,0,3.5310759000713006
2000,0.5789473684210527,77,1158,FAILURE,2022,32.0,22.0,0,3.520390900084749
2000,0.5789473684210527,78,1158,FAILURE,2036,29.0,19.0,0,3.5107618999900296
2000,0.5789473684210527,79,1158,FAILURE,2025,27.0,17.0,0,3.52273339999374
2000,0.5789473684210527,80,1158,FAILURE,2027,27.0,17.0,0,3.5565937999635935
2000,0.5789473684210527,81,1158,FAILURE,2035,28.0,18.0,0,3.5644844999769703
2000,0.5789473684210527,82,1158,FAILURE,2019,27.0,17.0,0,3.5551169000100344
2000,0.5789473684210527,83,1158,FAILURE,2030,35.0,25.0,0,3.4766506000887603
2000,0.5789473684210527,84,1158,FAILURE,2027,28.0,18.0,0,3.5247872000327334
2000,0.5789473684210527,85,1158,FAILURE,2022,30.0,20.0,0,3.514022900024429
2000,0.5789473684210527,86,1158,FAILURE,2028,26.0,16.0,0,3.508128199959174
2000,0.5789473684210527,87,1158,FAILURE,2035,30.0,20.0,0,3.6206949000479653
2000,0.5789473684210527,88,1158,FAILURE,2018,27.0,17.0,0,3.5318761999951676
2000,0.5789473684210527,89,1158,FAILURE,2028,28.0,18.0,0,3.520551100024022
2000,0.5789473684210527,90,1158,FAILURE,2032,28.0,18.0,0,3.529953600023873
2000,0.5789473684210527,91,1158,FAILURE,2017,28.0,18.0,0,3.546362099936232
2000,0.5789473684210527,92,1158,FAILURE,2027,29.0,19.0,0,3.5145903000375256
2000,0.5789473684210527,93,1158,FAILURE,2020,30.0,20.0,0,3.535630499944091
2000,0.5789473684210527,94,1158,FAILURE,2036,32.0,22.0,0,3.538838899927214
2000,0.5789473684210527,95,1158,FAILURE,2027,29.0,19.0,0,3.519338099984452
2000,0.5789473684210527,96,1158,FAILURE,2011,29.0,19.0,0,3.467598299961537
2000,0.5789473684210527,97,1158,FAILURE,2020,29.0,19.0,0,3.5255218000384048
2000,0.5789473684210527,98,1158,FAILURE,2037,31.0,21.0,0,3.5350007000379264
2000,0.5789473684210527,99,1158,FAILURE,2035,27.0,17.0,0,3.5134953999659047
2000,0.631578947368421,0,1263,FAILURE,2025,27.0,17.0,0,3.600918299984187
2000,0.631578947368421,1,1263,FAILURE,2027,25.0,15.0,0,3.5588411999633536
2000,0.631578947368421,2,1263,FAILURE,2044,30.0,20.0,0,3.5045561000006273
2000,0.631578947368421,3,1263,FAILURE,2042,29.0,19.0,0,3.498852899996564
2000,0.631578947368421,4,1263,FAILURE,2036,25.0,15.0,0,3.561860500019975
2000,0.631578947368421,5,1263,FAILURE,2024,31.0,21.0,0,3.508997999946587
2000,0.631578947368421,6,1263,FAILURE,2033,27.0,17.0,0,3.6938842999516055
2000,0.631578947368421,7,1263,FAILURE,2021,32.0,22.0,0,3.4873776000458747
2000,0.631578947368421,8,1263,FAILURE,2016,27.0,17.0,0,3.513378100004047
2000,0.631578947368421,9,1263,FAILURE,2050,28.0,18.0,0,3.5572017000522465
2000,0.631578947368421,10,1263,FAILURE,2034,27.0,17.0,0,3.5328022999456152
2000,0.631578947368421,11,1263,FAILURE,2029,27.0,17.0,0,3.5353931999998167
2000,0.631578947368421,12,1263,FAILURE,2038,28.0,18.0,0,3.554533199989237
2000,0.631578947368421,13,1263,FAILURE,2024,28.0,18.0,0,3.527334399987012
2000,0.631578947368421,14,1263,FAILURE,2022,30.0,20.0,0,3.531314600026235
2000,0.631578947368421,15,1263,FAILURE,2022,28.0,18.0,0,3.5661505999742076
2000,0.631578947368421,16,1263,FAILURE,2020,25.0,15.0,0,3.4322696999879554
2000,0.631578947368421,17,1263,FAILURE,2011,25.0,15.0,0,3.607692400109954
2000,0.631578947368421,18,1263,FAILURE,2024,29.0,19.0,0,3.577076999936253
2000,0.631578947368421,19,1263,FAILURE,2023,26.0,16.0,0,3.5771193000255153
2000,0.631578947368421,20,1263,FAILURE,2025,27.0,17.0,0,3.5449966000160202
2000,0.631578947368421,21,1263,FAILURE,2036,29.0,19.0,0,3.5223632999695837
2000,0.631578947368421,22,1263,FAILURE,2021,29.0,19.0,0,3.471726299962029
2000,0.631578947368421,23,1263,FAILURE,2027,27.0,17.0,0,3.5819886999670416
2000,0.631578947368421,24,1263,FAILURE,2018,28.0,18.0,0,3.507661600015126
2000,0.631578947368421,25,1263,FAILURE,2040,33.0,23.0,0,3.5637993999989703
2000,0.631578947368421,26,1263,FAILURE,2049,27.0,17.0,0,3.4678451000945643
2000,0.631578947368421,27,1263,FAILURE,2036,28.0,18.0,0,3.5552049999823794
2000,0.631578947368421,28,1263,FAILURE,2031,30.0,20.0,0,3.5363115000072867
2000,0.631578947368421,29,1263,FAILURE,2031,26.0,16.0,0,3.543674199958332
2000,0.631578947368421,30,1263,FAILURE,2030,30.0,20.0,0,3.485775399953127
2000,0.631578947368421,31,1263,FAILURE,2035,29.0,19.0,0,3.5805996999843046
2000,0.631578947368421,32,1263,FAILURE,2028,28.0,18.0,0,3.7654909000266343
2000,0.631578947368421,33,1263,FAILURE,2018,26.0,16.0,0,3.594299599993974
2000,0.631578947368421,34,1263,FAILURE,2022,27.0,17.0,0,3.479732499923557
2000,0.631578947368421,35,1263,FAILURE,2026,26.0,16.0,0,3.536844399990514
2000,0.631578947368421,36,1263,FAILURE,2020,28.0,18.0,0,3.6598900000099093
2000,0.631578947368421,37,1263,FAILURE,2015,27.0,17.0,0,3.5905413000145927
2000,0.631578947368421,38,1263,FAILURE,2047,27.0,17.0,0,3.567642099922523
2000,0.631578947368421,39,1263,FAILURE,2047,29.0,19.0,0,3.581566800014116
2000,0.631578947368421,40,1263,FAILURE,2027,24.0,14.0,0,3.499274899950251
2000,0.631578947368421,41,1263,FAILURE,2028,27.0,17.0,0,3.6024768999777734
2000,0.631578947368421,42,1263,FAILURE,2026,27.0,17.0,0,3.519566300092265
2000,0.631578947368421,43,1263,FAILURE,2010,24.0,14.0,0,3.5339326000539586
2000,0.631578947368421,44,1263,FAILURE,2033,26.0,16.0,0,3.5842586000217125
2000,0.631578947368421,45,1263,FAILURE,2026,29.0,19.0,0,3.5170954999048263
2000,0.631578947368421,46,1263,FAILURE,2030,27.0,17.0,0,3.546268199919723
2000,0.631578947368421,47,1263,FAILURE,2026,28.0,18.0,0,3.497240800061263
2000,0.631578947368421,48,1263,FAILURE,2023,27.0,17.0,0,3.5374004000332206
2000,0.631578947368421,49,1263,FAILURE,2042,31.0,21.0,0,3.5294003000017256
2000,0.631578947368421,50,1263,FAILURE,2030,26.0,16.0,0,3.4836850001011044
2000,0.631578947368421,51,1263,FAILURE,2033,28.0,18.0,0,3.5389970000833273
2000,0.631578947368421,52,1263,FAILURE,2029,27.0,17.0,0,3.5345283000497147
2000,0.631578947368421,53,1263,FAILURE,2049,30.0,20.0,0,3.5563661999767646
2000,0.631578947368421,54,1263,FAILURE,2045,30.0,20.0,0,3.536588400020264
2000,0.631578947368421,55,1263,FAILURE,2052,31.0,21.0,0,3.5946652999846265
2000,0.631578947368421,56,1263,FAILURE,2035,32.0,22.0,0,3.77520709997043
2000,0.631578947368421,57,1263,FAILURE,2032,29.0,19.0,0,3.5102717999834567
2000,0.631578947368421,58,1263,FAILURE,2035,30.0,20.0,0,3.5145243000006303
2000,0.631578947368421,59,1263,FAILURE,2029,31.0,21.0,0,3.55753430002369
2000,0.631578947368421,60,1263,FAILURE,2019,26.0,16.0,0,3.5009914999827743
2000,0.631578947368421,61,1263,FAILURE,2023,27.0,17.0,0,3.525514499982819
2000,0.631578947368421,62,1263,FAILURE,2033,29.0,19.0,0,3.5470900000073016
2000,0.631578947368421,63,1263,FAILURE,2035,25.0,15.0,0,3.527948100003414
2000,0.631578947368421,64,1263,FAILURE,2041,28.0,18.0,0,3.5488836999284104
2000,0.631578947368421,65,1263,FAILURE,2028,27.0,17.0,0,3.5439895999152213
2000,0.631578947368421,66,1263,FAILURE,2031,25.0,15.0,0,3.5078634000383317
2000,0.631578947368421,67,1263,FAILURE,2024,26.0,16.0,0,3.5552468000678346
2000,0.631578947368421,68,1263,FAILURE,2031,31.0,21.0,0,3.4875298999249935
2000,0.631578947368421,69,1263,FAILURE,2023,26.0,16.0,0,3.5800858999136835
2000,0.631578947368421,70,1263,FAILURE,2034,30.0,20.0,0,3.4990949999773875
2000,0.631578947368421,71,1263,FAILURE,2036,27.0,17.0,0,3.55230019998271
2000,0.631578947368421,72,1263,FAILURE,2029,28.0,18.0,0,3.6888401999603957
2000,0.631578947368421,73,1263,FAILURE,2040,27.0,17.0,0,3.5683471000520512
2000,0.631578947368421,74,1263,FAILURE,2051,34.0,24.0,0,3.464198299916461
2000,0.631578947368421,75,1263,FAILURE,2032,25.0,15.0,0,3.4878013000125065
2000,0.631578947368421,76,1263,FAILURE,2032,34.0,24.0,0,3.5423944999929518
2000,0.631578947368421,77,1263,FAILURE,2031,32.0,22.0,0,3.545758099993691
2000,0.631578947368421,78,1263,FAILURE,2040,27.0,17.0,0,3.539032300002873
2000,0.631578947368421,79,1263,FAILURE,2034,29.0,19.0,0,3.5414119999622926
2000,0.631578947368421,80,1263,FAILURE,2046,29.0,19.0,0,3.525679299957119
2000,0.631578947368421,81,1263,FAILURE,2045,27.0,17.0,0,3.472921899985522
2000,0.631578947368421,82,1263,FAILURE,2019,26.0,16.0,0,3.4928805000381544
2000,0.631578947368421,83,1263,FAILURE,2037,29.0,19.0,0,3.4993438000092283
2000,0.631578947368421,84,1263,FAILURE,2033,26.0,16.0,0,3.5404643999645486
2000,0.631578947368421,85,1263,FAILURE,2021,27.0,17.0,0,3.5473684000317007
2000,0.631578947368421,86,1263,FAILURE,2036,25.0,15.0,0,3.551839599967934
2000,0.631578947368421,87,1263,FAILURE,2036,29.0,19.0,0,3.495529899955727
2000,0.631578947368421,88,1263,FAILURE,2025,27.0,17.0,0,3.771513899904676
2000,0.631578947368421,89,1263,FAILURE,2032,28.0,18.0,0,3.5943915999960154
2000,0.631578947368421,90,1263,FAILURE,2030,28.0,18.0,0,3.8951596999540925
2000,0.631578947368421,91,1263,FAILURE,2032,30.0,20.0,0,3.711613000021316
2000,0.631578947368421,92,1263,FAILURE,2049,32.0,22.0,0,3.6308442999143153
2000,0.631578947368421,93,1263,FAILURE,2027,29.0,19.0,0,3.615614900016226
2000,0.631578947368421,94,1263,FAILURE,2040,31.0,21.0,0,3.5192997999256477
2000,0.631578947368421,95,1263,FAILURE,2028,28.0,18.0,0,3.615752999903634
2000,0.631578947368421,96,1263,FAILURE,2026,26.0,16.0,0,3.6314298000652343
2000,0.631578947368421,97,1263,FAILURE,2030,29.0,19.0,0,3.5808279000921175
2000,0.631578947368421,98,1263,FAILURE,2048,29.0,19.0,0,3.602411700063385
2000,0.631578947368421,99,1263,FAILURE,2048,29.0,19.0,0,3.546263700001873
2000,0.6842105263157894,0,1368,FAILURE,2033,26.0,16.0,0,3.532899899990298
2000,0.6842105263157894,1,1368,FAILURE,2029,25.0,15.0,0,3.513666699989699
2000,0.6842105263157894,2,1368,FAILURE,2046,28.0,18.0,0,3.486313599976711
2000,0.6842105263157894,3,1368,FAILURE,2035,27.0,17.0,0,3.576681499951519
2000,0.6842105263157894,4,1368,FAILURE,2039,24.0,14.0,0,3.4762625000439584
2000,0.6842105263157894,5,1368,FAILURE,2024,28.0,18.0,0,3.584754499956034
2000,0.6842105263157894,6,1368,FAILURE,2023,27.0,17.0,0,3.485971000045538
2000,0.6842105263157894,7,1368,FAILURE,2026,27.0,17.0,0,3.5635919999331236
2000,0.6842105263157894,8,1368,FAILURE,2017,27.0,17.0,0,3.6043542999541387
2000,0.6842105263157894,9,1368,FAILURE,2055,27.0,17.0,0,3.560295299976133
2000,0.6842105263157894,10,1368,FAILURE,2041,27.0,17.0,0,3.5542853999650106
2000,0.6842105263157894,11,1368,FAILURE,2042,29.0,19.0,0,3.523615699959919
2000,0.6842105263157894,12,1368,FAILURE,2037,25.0,15.0,0,3.502408300060779
2000,0.6842105263157894,13,1368,FAILURE,2029,28.0,18.0,0,3.531116099911742
2000,0.6842105263157894,14,1368,FAILURE,2042,30.0,20.0,0,3.491559599991888
2000,0.6842105263157894,15,1368,FAILURE,2024,28.0,18.0,0,3.5687956999754533
2000,0.6842105263157894,16,1368,FAILURE,2024,25.0,15.0,0,3.508467399980873
2000,0.6842105263157894,17,1368,FAILURE,2024,25.0,15.0,0,3.554047100013122
2000,0.6842105263157894,18,1368,FAILURE,2046,26.0,16.0,0,3.5166275000665337
2000,0.6842105263157894,19,1368,FAILURE,2034,26.0,16.0,0,3.5652722000377253
2000,0.6842105263157894,20,1368,FAILURE,2027,28.0,18.0,0,3.565184500068426
2000,0.6842105263157894,21,1368,FAILURE,2040,31.0,21.0,0,3.5582577000604942
2000,0.6842105263157894,22,1368,FAILURE,2026,27.0,17.0,0,3.564782000030391
2000,0.6842105263157894,23,1368,FAILURE,2032,25.0,15.0,0,3.59768130001612
2000,0.6842105263157894,24,1368,FAILURE,2044,31.0,21.0,0,3.508519100025296
2000,0.6842105263157894,25,1368,FAILURE,2045,30.0,20.0,0,3.573824299965054
2000,0.6842105263157894,26,1368,FAILURE,2052,27.0,17.0,0,3.6669743000529706
2000,0.6842105263157894,27,1368,FAILURE,2047,27.0,17.0,0,3.5612321000080556
2000,0.6842105263157894,28,1368,FAILURE,2042,28.0,18.0,0,3.631123600061983
2000,0.6842105263157894,29,1368,FAILURE,2039,26.0,16.0,0,3.53319129999727
2000,0.6842105263157894,30,1368,FAILURE,2038,28.0,18.0,0,3.4965793000301346
2000,0.6842105263157894,31,1368,FAILURE,2049,29.0,19.0,0,3.5703709999797866
2000,0.6842105263157894,32,1368,FAILURE,2034,27.0,17.0,0,3.473804199951701
2000,0.6842105263157894,33,1368,FAILURE,2019,25.0,15.0,0,3.525902900029905
2000,0.6842105263157894,34,1368,FAILURE,2034,24.0,14.0,0,3.5382872000336647
2000,0.6842105263157894,35,1368,FAILURE,2034,28.0,18.0,0,3.508631100063212
2000,0.6842105263157894,36,1368,FAILURE,2020,27.0,17.0,0,3.555007899994962
2000,0.6842105263157894,37,1368,FAILURE,2025,27.0,17.0,0,3.523827499942854
2000,0.6842105263157894,38,1368,FAILURE,2049,27.0,17.0,0,3.543181100045331
2000,0.6842105263157894,39,1368,FAILURE,2058,31.0,21.0,0,3.5385563001036644
2000,0.6842105263157894,40,1368,FAILURE,2044,27.0,17.0,0,3.558242299943231
2000,0.6842105263157894,41,1368,FAILURE,2033,29.0,19.0,0,3.565549899940379
2000,0.6842105263157894,42,1368,FAILURE,2022,25.0,15.0,0,3.441728600068018
2000,0.6842105263157894,43,1368,FAILURE,2019,23.0,13.0,0,3.5836425999877974
2000,0.6842105263157894,44,1368,FAILURE,2037,26.0,16.0,0,3.572188900085166
2000,0.6842105263157894,45,1368,FAILURE,2031,29.0,19.0,0,3.6536693999078125
2000,0.6842105263157894,46,1368,FAILURE,2035,25.0,15.0,0,3.482859899988398
2000,0.6842105263157894,47,1368,FAILURE,2035,27.0,17.0,0,3.5510903000831604
2000,0.6842105263157894,48,1368,FAILURE,2037,27.0,17.0,0,3.4650353000033647
2000,0.6842105263157894,49,1368,FAILURE,2033,26.0,16.0,0,3.609300800017081
2000,0.6842105263157894,50,1368,FAILURE,2034,27.0,17.0,0,3.476789699983783
2000,0.6842105263157894,51,1368,FAILURE,2040,28.0,18.0,0,3.551413099979982
2000,0.6842105263157894,52,1368,FAILURE,2034,26.0,16.0,0,3.5675925000105053
2000,0.6842105263157894,53,1368,FAILURE,2042,27.0,17.0,0,3.505348899983801
2000,0.6842105263157894,54,1368,FAILURE,2044,30.0,20.0,0,3.535657799919136
2000,0.6842105263157894,55,1368,FAILURE,2044,27.0,17.0,0,3.522289999993518
2000,0.6842105263157894,56,1368,FAILURE,2029,27.0,17.0,0,3.586765700019896
2000,0.6842105263157894,57,1368,FAILURE,2037,30.0,20.0,0,3.503599200048484
2000,0.6842105263157894,58,1368,FAILURE,2052,29.0,19.0,0,3.510262900032103
2000,0.6842105263157894,59,1368,FAILURE,2029,30.0,20.0,0,3.5678673000074923
2000,0.6842105263157894,60,1368,FAILURE,2025,25.0,15.0,0,3.4955082999076694
2000,0.6842105263157894,61,1368,FAILURE,2022,26.0,16.0,0,3.5831186999566853
2000,0.6842105263157894,62,1368,FAILURE,2036,29.0,19.0,0,3.6233043000102043
2000,0.6842105263157894,63,1368,FAILURE,2039,25.0,15.0,0,3.5577216000529006
2000,0.6842105263157894,64,1368,FAILURE,2046,28.0,18.0,0,3.5359298000112176
2000,0.6842105263157894,65,1368,FAILURE,2026,27.0,17.0,0,3.5531814999412745
2000,0.6842105263157894,66,1368,FAILURE,2038,26.0,16.0,0,3.488701800000854
2000,0.6842105263157894,67,1368,FAILURE,2025,28.0,18.0,0,3.563218199997209
2000,0.6842105263157894,68,1368,FAILURE,2040,32.0,22.0,0,3.512779999990016
2000,0.6842105263157894,69,1368,FAILURE,2028,25.0,15.0,0,3.5817460999824107
2000,0.6842105263157894,70,1368,FAILURE,2035,30.0,20.0,0,3.5466976000461727
2000,0.6842105263157894,71,1368,FAILURE,2044,26.0,16.0,0,3.598712099948898
2000,0.6842105263157894,72,1368,FAILURE,2041,31.0,21.0,0,3.500093700014986
2000,0.6842105263157894,73,1368,FAILURE,2047,27.0,17.0,0,3.6153945999685675
2000,0.6842105263157894,74,1368,FAILURE,2065,34.0,24.0,0,3.6091008000075817
2000,0.6842105263157894,75,1368,FAILURE,2037,25.0,15.0,0,3.571665500057861
2000,0.6842105263157894,76,1368,FAILURE,2032,32.0,22.0,0,3.533334600040689
2000,0.6842105263157894,77,1368,FAILURE,2036,27.0,17.0,0,3.488343399949372
2000,0.6842105263157894,78,1368,FAILURE,2049,27.0,17.0,0,3.4961913999868557
2000,0.6842105263157894,79,1368,FAILURE,2042,27.0,17.0,0,3.6036203999537975
2000,0.6842105263157894,80,1368,FAILURE,2053,28.0,18.0,0,3.549562400090508
2000,0.6842105263157894,81,1368,FAILURE,2051,27.0,17.0,0,3.6691152999410406
2000,0.6842105263157894,82,1368,FAILURE,2021,26.0,16.0,0,3.5298763000173494
2000,0.6842105263157894,83,1368,FAILURE,2037,29.0,19.0,0,3.586546099977568
2000,0.6842105263157894,84,1368,FAILURE,2029,24.0,14.0,0,3.543675300083123
2000,0.6842105263157894,85,1368,FAILURE,2030,27.0,17.0,0,3.4901228999951854
2000,0.6842105263157894,86,1368,FAILURE,2035,25.0,15.0,0,3.52079970005434
2000,0.6842105263157894,87,1368,FAILURE,2028,26.0,16.0,0,3.5968978999881074
2000,0.6842105263157894,88,1368,FAILURE,2033,29.0,19.0,0,3.467942899907939
2000,0.6842105263157894,89,1368,FAILURE,2037,28.0,18.0,0,3.745559300063178
2000,0.6842105263157894,90,1368,FAILURE,2041,28.0,18.0,0,3.5720403000013903
2000,0.6842105263157894,91,1368,FAILURE,2027,30.0,20.0,0,3.517468300065957
2000,0.6842105263157894,92,1368,FAILURE,2050,30.0,20.0,0,3.5685097000095993
2000,0.6842105263157894,93,1368,FAILURE,2036,27.0,17.0,0,3.5312431000638753
2000,0.6842105263157894,94,1368,FAILURE,2059,32.0,22.0,0,3.5730382000328973
2000,0.6842105263157894,95,1368,FAILURE,2036,27.0,17.0,0,3.5907140999333933
2000,0.6842105263157894,96,1368,FAILURE,2026,26.0,16.0,0,3.5690929000265896
2000,0.6842105263157894,97,1368,FAILURE,2037,30.0,20.0,0,3.5859060999937356
2000,0.6842105263157894,98,1368,FAILURE,2050,28.0,18.0,0,3.555281799985096
2000,0.6842105263157894,99,1368,FAILURE,2066,29.0,19.0,0,3.653557899990119
2000,0.7368421052631579,0,1474,FAILURE,2039,26.0,16.0,0,3.5920031999703497
2000,0.7368421052631579,1,1474,FAILURE,2039,24.0,14.0,0,3.5540270999772474
2000,0.7368421052631579,2,1474,FAILURE,2051,25.0,15.0,0,3.5584900000831112
2000,0.7368421052631579,3,1474,FAILURE,2050,30.0,20.0,0,3.514620400033891
2000,0.7368421052631579,4,1474,FAILURE,2043,26.0,16.0,0,3.485548899974674
2000,0.7368421052631579,5,1474,FAILURE,2031,28.0,18.0,0,3.601437699981034
2000,0.7368421052631579,6,1474,FAILURE,2041,27.0,17.0,0,3.534108299994841
2000,0.7368421052631579,7,1474,FAILURE,2022,26.0,16.0,0,3.5422231999691576
2000,0.7368421052631579,8,1474,FAILURE,2024,24.0,14.0,0,3.5817103000590578
2000,0.7368421052631579,9,1474,FAILURE,2063,27.0,17.0,0,3.5490652000298724
2000,0.7368421052631579,10,1474,FAILURE,2052,27.0,17.0,0,3.660130099975504
2000,0.7368421052631579,11,1474,FAILURE,2037,26.0,16.0,0,3.561473899986595
2000,0.7368421052631579,12,1474,FAILURE,2042,25.0,15.0,0,3.5071451000403613
2000,0.7368421052631579,13,1474,FAILURE,2034,26.0,16.0,0,3.6086043999530375
2000,0.7368421052631579,14,1474,FAILURE,2038,29.0,19.0,0,3.493590599973686
2000,0.7368421052631579,15,1474,FAILURE,2040,28.0,18.0,0,3.6010085000889376
2000,0.7368421052631579,16,1474,FAILURE,2026,24.0,14.0,0,3.523610799922608
2000,0.7368421052631579,17,1474,FAILURE,2026,24.0,14.0,0,3.6683091999730095
2000,0.7368421052631579,18,1474,FAILURE,2045,26.0,16.0,0,3.5647938000038266
2000,0.7368421052631579,19,1474,FAILURE,2033,24.0,14.0,0,3.503937599947676
2000,0.7368421052631579,20,1474,FAILURE,2036,30.0,20.0,0,3.4834694999735802
2000,0.7368421052631579,21,1474,FAILURE,2036,26.0,16.0,0,3.884155800100416
2000,0.7368421052631579,22,1474,FAILURE,2022,28.0,18.0,0,3.54113749996759
2000,0.7368421052631579,23,1474,FAILURE,2042,25.0,15.0,0,3.5818985999794677
2000,0.7368421052631579,24,1474,FAILURE,2043,29.0,19.0,0,3.504205200006254
2000,0.7368421052631579,25,1474,FAILURE,2056,35.0,25.0,0,3.5297059000004083
2000,0.7368421052631579,26,1474,FAILURE,2059,26.0,16.0,0,3.562452599988319
2000,0.7368421052631579,27,1474,FAILURE,2050,27.0,17.0,0,3.5589480000780895
2000,0.7368421052631579,28,1474,FAILURE,2051,28.0,18.0,0,3.536595999961719
2000,0.7368421052631579,29,1474,FAILURE,2046,26.0,16.0,0,3.509841399965808
2000,0.7368421052631579,30,1474,FAILURE,2043,28.0,18.0,0,3.55640870006755
2000,0.7368421052631579,31,1474,FAILURE,2052,29.0,19.0,0,3.5387781999306753
2000,0.7368421052631579,32,1474,FAILURE,2036,25.0,15.0,0,3.648119100020267
2000,0.7368421052631579,33,1474,FAILURE,2031,26.0,16.0,0,3.551185699994676
2000,0.7368421052631579,34,1474,FAILURE,2044,24.0,14.0,0,3.586486899992451
2000,0.7368421052631579,35,1474,FAILURE,2038,26.0,16.0,0,3.695424500037916
2000,0.7368421052631579,36,1474,FAILURE,2029,27.0,17.0,0,3.498053800081834
2000,0.7368421052631579,37,1474,FAILURE,2034,26.0,16.0,0,3.521136600058526
2000,0.7368421052631579,38,1474,FAILURE,2052,27.0,17.0,0,3.5268786000087857
2000,0.7368421052631579,39,1474,FAILURE,2062,31.0,21.0,0,3.486406599986367
2000,0.7368421052631579,40,1474,FAILURE,2048,25.0,15.0,0,3.4981203000061214
2000,0.7368421052631579,41,1474,FAILURE,2048,28.0,18.0,0,3.5926849000388756
2000,0.7368421052631579,42,1474,FAILURE,2030,25.0,15.0,0,3.4778569999616593
2000,0.7368421052631579,43,1474,FAILURE,2029,23.0,13.0,0,3.5733689999906346
2000,0.7368421052631579,44,1474,FAILURE,2040,26.0,16.0,0,3.5430043000960723
2000,0.7368421052631579,45,1474,FAILURE,2038,28.0,18.0,0,3.5742957000620663
2000,0.7368421052631579,46,1474,FAILURE,2039,26.0,16.0,0,3.5157286999747157
2000,0.7368421052631579,47,1474,FAILURE,2037,26.0,16.0,0,3.502902299980633
2000,0.7368421052631579,48,1474,FAILURE,2043,26.0,16.0,0,3.5306353999767452
2000,0.7368421052631579,49,1474,FAILURE,2036,26.0,16.0,0,3.5506903999485075
2000,0.7368421052631579,50,1474,FAILURE,2038,26.0,16.0,0,3.799011900089681
2000,0.7368421052631579,51,1474,FAILURE,2040,27.0,17.0,0,3.6364927999675274
2000,0.7368421052631579,52,1474,FAILURE,2068,28.0,18.0,0,3.558387400000356
2000,0.7368421052631579,53,1474,FAILURE,2041,27.0,17.0,0,3.6178344000363722
2000,0.7368421052631579,54,1474,FAILURE,2052,31.0,21.0,0,3.5864723999984562
2000,0.7368421052631579,55,1474,FAILURE,2063,30.0,20.0,0,3.5323443999513984
2000,0.7368421052631579,56,1474,FAILURE,2033,26.0,16.0,0,3.593573599937372
2000,0.7368421052631579,57,1474,FAILURE,2034,26.0,16.0,0,3.598697900073603
2000,0.7368421052631579,58,1474,FAILURE,2052,28.0,18.0,0,3.641818100004457
2000,0.7368421052631579,59,1474,FAILURE,2045,28.0,18.0,0,3.5519396000308916
2000,0.7368421052631579,60,1474,FAILURE,2040,26.0,16.0,0,3.524343100027181
2000,0.7368421052631579,61,1474,FAILURE,2024,24.0,14.0,0,3.532748800003901
2000,0.7368421052631579,62,1474,FAILURE,2051,29.0,19.0,0,3.5154927999246866
2000,0.7368421052631579,63,1474,FAILURE,2039,24.0,14.0,0,3.5563782999524847
2000,0.7368421052631579,64,1474,FAILURE,2045,27.0,17.0,0,3.893235099967569
2000,0.7368421052631579,65,1474,FAILURE,2037,26.0,16.0,0,3.6503118000691757
2000,0.7368421052631579,66,1474,FAILURE,2038,24.0,14.0,0,3.6058671000646427
2000,0.7368421052631579,67,1474,FAILURE,2032,25.0,15.0,0,3.579244100023061
2000,0.7368421052631579,68,1474,FAILURE,2045,28.0,18.0,0,3.5120111000724137
2000,0.7368421052631579,69,1474,FAILURE,2038,25.0,15.0,0,3.5333820999367163
2000,0.7368421052631579,70,1474,FAILURE,2055,37.0,27.0,0,3.5354816999752074
2000,0.7368421052631579,71,1474,FAILURE,2047,26.0,16.0,0,3.6214006000664085
2000,0.7368421052631579,72,1474,FAILURE,2048,31.0,21.0,0,3.55954400007613
2000,0.7368421052631579,73,1474,FAILURE,2069,29.0,19.0,0,3.585008200025186
2000,0.7368421052631579,74,1474,FAILURE,2087,34.0,24.0,0,3.533733099931851
2000,0.7368421052631579,75,1474,FAILURE,2046,25.0,15.0,0,3.5505715999752283
2000,0.7368421052631579,76,1474,FAILURE,2038,31.0,21.0,0,3.5499743000837043
2000,0.7368421052631579,77,1474,FAILURE,2038,28.0,18.0,0,3.5757109998958185
2000,0.7368421052631579,78,1474,FAILURE,2053,27.0,17.0,0,3.5154198999516666
2000,0.7368421052631579,79,1474,FAILURE,2041,25.0,15.0,0,3.595528799924068
2000,0.7368421052631579,80,1474,FAILURE,2061,27.0,17.0,0,3.5485892000142485
2000,0.7368421052631579,81,1474,FAILURE,2046,26.0,16.0,0,3.482073500053957
2000,0.7368421052631579,82,1474,FAILURE,2030,26.0,16.0,0,3.4692762999329716
2000,0.7368421052631579,83,1474,FAILURE,2034,29.0,19.0,0,3.538946899934672
2000,0.7368421052631579,84,1474,FAILURE,2038,24.0,14.0,0,3.5569685000227764
2000,0.7368421052631579,85,1474,FAILURE,2043,27.0,17.0,0,3.4689039000077173
2000,0.7368421052631579,86,1474,FAILURE,2041,24.0,14.0,0,3.546371000004001
2000,0.7368421052631579,87,1474,FAILURE,2031,26.0,16.0,0,3.5615180999739096
2000,0.7368421052631579,88,1474,FAILURE,2039,26.0,16.0,0,3.5096150999888778
2000,0.7368421052631579,89,1474,FAILURE,2044,26.0,16.0,0,3.614405100001022
2000,0.7368421052631579,90,1474,FAILURE,2046,28.0,18.0,0,3.5869229999370873
2000,0.7368421052631579,91,1474,FAILURE,2036,27.0,17.0,0,3.5485847999807447
2000,0.7368421052631579,92,1474,FAILURE,2040,27.0,17.0,0,3.537731199990958
2000,0.7368421052631579,93,1474,FAILURE,2050,28.0,18.0,0,3.5976138999685645
2000,0.7368421052631579,94,1474,FAILURE,2063,32.0,22.0,0,3.445826399954967
2000,0.7368421052631579,95,1474,FAILURE,2044,28.0,18.0,0,3.50794759998098
2000,0.7368421052631579,96,1474,FAILURE,2036,25.0,15.0,0,3.572253299993463
2000,0.7368421052631579,97,1474,FAILURE,2035,28.0,18.0,0,3.548691700096242
2000,0.7368421052631579,98,1474,FAILURE,2052,27.0,17.0,0,3.565970200113952
2000,0.7368421052631579,99,1474,FAILURE,2068,29.0,19.0,0,3.493082999950275
2000,0.7894736842105263,0,1579,FAILURE,2056,29.0,19.0,0,3.500113399932161
2000,0.7894736842105263,1,1579,FAILURE,2035,23.0,13.0,0,3.567307500052266
2000,0.7894736842105263,2,1579,FAILURE,2056,26.0,16.0,0,3.5352427000179887
2000,0.7894736842105263,3,1579,FAILURE,2043,27.0,17.0,0,3.5837507999967784
2000,0.7894736842105263,4,1579,FAILURE,2058,30.0,20.0,0,3.5740211999509484
2000,0.7894736842105263,5,1579,FAILURE,2040,29.0,19.0,0,3.5663403999060392
2000,0.7894736842105263,6,1579,FAILURE,2044,25.0,15.0,0,3.635003300034441
2000,0.7894736842105263,7,1579,FAILURE,2036,33.0,23.0,0,3.7257983000017703
2000,0.7894736842105263,8,1579,FAILURE,2038,24.0,14.0,0,3.6135032000020146
2000,0.7894736842105263,9,1579,FAILURE,2070,26.0,16.0,0,3.573279900010675
2000,0.7894736842105263,10,1579,FAILURE,2053,25.0,15.0,0,3.5598332000663504
2000,0.7894736842105263,11,1579,FAILURE,2048,26.0,16.0,0,3.5267186000710353
2000,0.7894736842105263,12,1579,FAILURE,2049,25.0,15.0,0,3.517777999979444
2000,0.7894736842105263,13,1579,FAILURE,2032,26.0,16.0,0,3.5806325000012293
2000,0.7894736842105263,14,1579,FAILURE,2055,28.0,18.0,0,3.5100588999921456
2000,0.7894736842105263,15,1579,FAILURE,2051,27.0,17.0,0,3.550505500053987
2000,0.7894736842105263,16,1579,FAILURE,2041,26.0,16.0,0,3.5493762999540195
2000,0.7894736842105263,17,1579,FAILURE,2033,25.0,15.0,0,3.4927756000543013
2000,0.7894736842105263,18,1579,FAILURE,2049,27.0,17.0,0,3.5058405000017956
2000,0.7894736842105263,19,1579,FAILURE,2037,24.0,14.0,0,3.579837299999781
2000,0.7894736842105263,20,1579,FAILURE,2049,27.0,17.0,0,3.5217695999890566
2000,0.7894736842105263,21,1579,FAILURE,2041,26.0,16.0,0,3.580161700025201
2000,0.7894736842105263,22,1579,FAILURE,2031,28.0,18.0,0,3.5155967000173405
2000,0.7894736842105263,23,1579,FAILURE,2055,25.0,15.0,0,3.5680086000356823
2000,0.7894736842105263,24,1579,FAILURE,2043,27.0,17.0,0,3.5389221999794245
2000,0.7894736842105263,25,1579,FAILURE,2060,32.0,22.0,0,3.6625255999388173
2000,0.7894736842105263,26,1579,FAILURE,2057,26.0,16.0,0,3.4833017999771982
2000,0.7894736842105263,27,1579,FAILURE,2055,27.0,17.0,0,3.5421073000179604
2000,0.7894736842105263,28,1579,FAILURE,2047,27.0,17.0,0,3.5149559999117628
2000,0.7894736842105263,29,1579,FAILURE,2061,27.0,17.0,0,3.5678033999865875
2000,0.7894736842105263,30,1579,FAILURE,2056,28.0,18.0,0,3.4491368000162765
2000,0.7894736842105263,31,1579,FAILURE,2057,29.0,19.0,0,3.617933899979107
2000,0.7894736842105263,32,1579,FAILURE,2049,25.0,15.0,0,3.5676663999911398
2000,0.7894736842105263,33,1579,FAILURE,2038,26.0,16.0,0,3.511834800010547
2000,0.7894736842105263,34,1579,FAILURE,2050,24.0,14.0,0,3.539152399986051
2000,0.7894736842105263,35,1579,FAILURE,2039,26.0,16.0,0,3.4998568000737578
2000,0.7894736842105263,36,1579,FAILURE,2043,29.0,19.0,0,3.5590500999242067
2000,0.7894736842105263,37,1579,FAILURE,2044,26.0,16.0,0,3.5163296000100672
2000,0.7894736842105263,38,1579,FAILURE,2046,25.0,15.0,0,3.519061000086367
2000,0.7894736842105263,39,1579,FAILURE,2063,28.0,18.0,0,3.5489635999547318
2000,0.7894736842105263,40,1579,FAILURE,2054,25.0,15.0,0,3.483983000041917
2000,0.7894736842105263,41,1579,FAILURE,2051,25.0,15.0,0,3.6761133999098092
2000,0.7894736842105263,42,1579,FAILURE,2048,25.0,15.0,0,3.6279135000659153
2000,0.7894736842105263,43,1579,FAILURE,2040,26.0,16.0,0,3.6829221999505535
2000,0.7894736842105263,44,1579,FAILURE,2037,24.0,14.0,0,3.486074599903077
2000,0.7894736842105263,45,1579,FAILURE,2052,29.0,19.0,0,3.5646911000367254
2000,0.7894736842105263,46,1579,FAILURE,2055,26.0,16.0,0,3.561268199933693
2000,0.7894736842105263,47,1579,FAILURE,2048,25.0,15.0,0,3.510833300068043
2000,0.7894736842105263,48,1579,FAILURE,2042,26.0,16.0,0,3.533194400020875
2000,0.7894736842105263,49,1579,FAILURE,2039,26.0,16.0,0,3.560479799984023
2000,0.7894736842105263,50,1579,FAILURE,2061,27.0,17.0,0,3.5356731000356376
2000,0.7894736842105263,51,1579,FAILURE,2054,26.0,16.0,0,3.482640700065531
2000,0.7894736842105263,52,1579,FAILURE,2056,26.0,16.0,0,3.5364188000094146
2000,0.7894736842105263,53,1579,FAILURE,2052,26.0,16.0,0,3.553465500008315
2000,0.7894736842105263,54,1579,FAILURE,2049,28.0,18.0,0,3.527329899952747
2000,0.7894736842105263,55,1579,FAILURE,2075,30.0,20.0,0,3.5868711000075564
2000,0.7894736842105263,56,1579,FAILURE,2039,26.0,16.0,0,3.5533712999895215
2000,0.7894736842105263,57,1579,FAILURE,2059,29.0,19.0,0,3.504700700053945
2000,0.7894736842105263,58,1579,FAILURE,2070,28.0,18.0,0,3.5997397999744862
2000,0.7894736842105263,59,1579,FAILURE,2068,28.0,18.0,0,3.4734582999954
2000,0.7894736842105263,60,1579,FAILURE,2043,26.0,16.0,0,3.5152320999186486
2000,0.7894736842105263,61,1579,FAILURE,2025,24.0,14.0,0,3.6042645999696106
2000,0.7894736842105263,62,1579,FAILURE,2063,28.0,18.0,0,3.5478170999558643
2000,0.7894736842105263,63,1579,FAILURE,2052,27.0,17.0,0,3.6160695999860764
2000,0.7894736842105263,64,1579,FAILURE,2053,26.0,16.0,0,3.5636858999496326
2000,0.7894736842105263,65,1579,FAILURE,2041,26.0,16.0,0,3.5939627999905497
2000,0.7894736842105263,66,1579,FAILURE,2055,23.0,13.0,0,3.574655200005509
2000,0.7894736842105263,67,1579,FAILURE,2054,24.0,14.0,0,3.6755528000649065
2000,0.7894736842105263,68,1579,FAILURE,2065,29.0,19.0,0,3.55514770001173
2000,0.7894736842105263,69,1579,FAILURE,2037,25.0,15.0,0,3.5460186999989673
2000,0.7894736842105263,70,1579,FAILURE,2042,28.0,18.0,0,3.534847900038585
2000,0.7894736842105263,71,1579,FAILURE,2053,27.0,17.0,0,3.5363721000030637
2000,0.7894736842105263,72,1579,FAILURE,4104,59.0,49.0,0,3.4701458999188617
2000,0.7894736842105263,73,1579,FAILURE,2062,28.0,18.0,0,3.5092988999094814
2000,0.7894736842105263,74,1579,FAILURE,2095,34.0,24.0,0,3.548429299960844
2000,0.7894736842105263,75,1579,FAILURE,2059,27.0,17.0,0,3.5710775000043213
2000,0.7894736842105263,76,1579,FAILURE,2052,31.0,21.0,0,3.5314289999660105
2000,0.7894736842105263,77,1579,FAILURE,2042,28.0,18.0,0,3.4910223999759182
2000,0.7894736842105263,78,1579,FAILURE,2063,27.0,17.0,0,3.601666699978523
2000,0.7894736842105263,79,1579,FAILURE,2042,25.0,15.0,0,3.5788136000046507
2000,0.7894736842105263,80,1579,FAILURE,2065,27.0,17.0,0,3.513481399975717
2000,0.7894736842105263,81,1579,FAILURE,2059,28.0,18.0,0,3.510621599969454
2000,0.7894736842105263,82,1579,FAILURE,2030,26.0,16.0,0,3.515562399988994
2000,0.7894736842105263,83,1579,FAILURE,2042,29.0,19.0,0,3.570547999930568
2000,0.7894736842105263,84,1579,FAILURE,2044,25.0,15.0,0,3.579983599949628
2000,0.7894736842105263,85,1579,FAILURE,2063,27.0,17.0,0,3.5879596999147907
2000,0.7894736842105263,86,1579,FAILURE,2043,24.0,14.0,0,3.522338100010529
2000,0.7894736842105263,87,1579,FAILURE,2041,26.0,16.0,0,3.5090173999778926
2000,0.7894736842105263,88,1579,FAILURE,2043,25.0,15.0,0,3.5385756000177935
2000,0.7894736842105263,89,1579,FAILURE,2053,26.0,16.0,0,3.542814900050871
2000,0.7894736842105263,90,1579,FAILURE,2047,28.0,18.0,0,3.5568848999682814
2000,0.7894736842105263,91,1579,FAILURE,2045,26.0,16.0,0,3.596885099890642
2000,0.7894736842105263,92,1579,FAILURE,2039,26.0,16.0,0,3.571998400031589
2000,0.7894736842105263,93,1579,FAILURE,2060,30.0,20.0,0,3.578365300083533
2000,0.7894736842105263,94,1579,FAILURE,2067,29.0,19.0,0,3.515740800066851
2000,0.7894736842105263,95,1579,FAILURE,2048,28.0,18.0,0,3.5192056000232697
2000,0.7894736842105263,96,1579,FAILURE,2041,25.0,15.0,0,3.5615073000080884
2000,0.7894736842105263,97,1579,FAILURE,2047,27.0,17.0,0,3.600168199976906
2000,0.7894736842105263,98,1579,FAILURE,2056,27.0,17.0,0,3.511080399970524
2000,0.7894736842105263,99,1579,FAILURE,2082,29.0,19.0,0,3.584562400006689
2000,0.8421052631578947,0,1684,FAILURE,2048,26.0,16.0,0,3.530043500009924
2000,0.8421052631578947,1,1684,FAILURE,2037,24.0,14.0,0,3.527093799901195
2000,0.8421052631578947,2,1684,FAILURE,2057,26.0,16.0,0,3.514118899940513
2000,0.8421052631578947,3,1684,FAILURE,2049,27.0,17.0,0,3.487229899968952
2000,0.8421052631578947,4,1684,FAILURE,2066,28.0,18.0,0,3.465517200063914
2000,0.8421052631578947,5,1684,FAILURE,2056,29.0,19.0,0,3.480470099952072
2000,0.8421052631578947,6,1684,FAILURE,2055,26.0,16.0,0,3.5448023000499234
2000,0.8421052631578947,7,1684,FAILURE,2038,33.0,23.0,0,3.5179063000250608
2000,0.8421052631578947,8,1684,FAILURE,2048,24.0,14.0,0,3.53761110000778
2000,0.8421052631578947,9,1684,FAILURE,2076,25.0,15.0,0,3.5088453999487683
2000,0.8421052631578947,10,1684,FAILURE,2072,27.0,17.0,0,3.4793671999359503
2000,0.8421052631578947,11,1684,FAILURE,2050,26.0,16.0,0,3.56404950004071
2000,0.8421052631578947,12,1684,FAILURE,2062,25.0,15.0,0,3.4991711999755353
2000,0.8421052631578947,13,1684,FAILURE,2045,25.0,15.0,0,3.534624599968083
2000,0.8421052631578947,14,1684,FAILURE,2063,27.0,17.0,0,3.5241470000473782
2000,0.8421052631578947,15,1684,FAILURE,2061,27.0,17.0,0,3.6910803000209853
2000,0.8421052631578947,16,1684,FAILURE,2057,26.0,16.0,0,3.742193500045687
2000,0.8421052631578947,17,1684,FAILURE,2043,25.0,15.0,0,3.5846217999933288
2000,0.8421052631578947,18,1684,FAILURE,2058,26.0,16.0,0,3.4730854999506846
2000,0.8421052631578947,19,1684,FAILURE,2045,24.0,14.0,0,3.544388800044544
2000,0.8421052631578947,20,1684,FAILURE,2045,29.0,19.0,0,3.4717760999919847
2000,0.8421052631578947,21,1684,FAILURE,2037,25.0,15.0,0,3.591287099989131
2000,0.8421052631578947,22,1684,FAILURE,2052,26.0,16.0,0,3.519580400083214
2000,0.8421052631578947,23,1684,FAILURE,2069,25.0,15.0,0,3.555108099943027
2000,0.8421052631578947,24,1684,FAILURE,2049,26.0,16.0,0,3.552608300000429
2000,0.8421052631578947,25,1684,FAILURE,2071,39.0,29.0,0,3.6645469000795856
2000,0.8421052631578947,26,1684,FAILURE,2058,24.0,14.0,0,3.5627937999088317
2000,0.8421052631578947,27,1684,FAILURE,2060,26.0,16.0,0,3.632280199904926
2000,0.8421052631578947,28,1684,FAILURE,2059,27.0,17.0,0,3.5009278999641538
2000,0.8421052631578947,29,1684,FAILURE,2062,27.0,17.0,0,3.505591099965386
2000,0.8421052631578947,30,1684,FAILURE,2063,27.0,17.0,0,3.487895799917169
2000,0.8421052631578947,31,1684,FAILURE,2082,31.0,21.0,0,3.5639805999817327
2000,0.8421052631578947,32,1684,FAILURE,2059,25.0,15.0,0,3.512830099905841
2000,0.8421052631578947,33,1684,FAILURE,2042,26.0,16.0,0,3.631775200017728
2000,0.8421052631578947,34,1684,FAILURE,2069,29.0,19.0,0,3.519888099981472
2000,0.8421052631578947,35,1684,FAILURE,2057,25.0,15.0,0,3.5009544999338686
2000,0.8421052631578947,36,1684,FAILURE,2056,27.0,17.0,0,3.4958872999995947
2000,0.8421052631578947,37,1684,FAILURE,2059,26.0,16.0,0,3.531411199946888
2000,0.8421052631578947,38,1684,FAILURE,2056,25.0,15.0,0,3.569041999988258
2000,0.8421052631578947,39,1684,FAILURE,2077,29.0,19.0,0,3.4746421000454575
2000,0.8421052631578947,40,1684,FAILURE,2052,24.0,14.0,0,3.468631500029005
2000,0.8421052631578947,41,1684,FAILURE,2054,24.0,14.0,0,3.5591828000033274
2000,0.8421052631578947,42,1684,FAILURE,2060,25.0,15.0,0,3.5118794000009075
2000,0.8421052631578947,43,1684,FAILURE,2053,27.0,17.0,0,3.546847300021909
2000,0.8421052631578947,44,1684,FAILURE,2045,23.0,13.0,0,3.5466687000589445
2000,0.8421052631578947,45,1684,FAILURE,2049,29.0,19.0,0,3.4858266999945045
2000,0.8421052631578947,46,1684,FAILURE,2056,26.0,16.0,0,3.4530346000101417
2000,0.8421052631578947,47,1684,FAILURE,2059,24.0,14.0,0,3.514457599958405
2000,0.8421052631578947,48,1684,FAILURE,2057,28.0,18.0,0,3.5317476000636816
2000,0.8421052631578947,49,1684,FAILURE,2050,26.0,16.0,0,3.512911800062284
2000,0.8421052631578947,50,1684,FAILURE,2064,26.0,16.0,0,3.5082913000369444
2000,0.8421052631578947,51,1684,FAILURE,2076,27.0,17.0,0,3.6711383999790996
2000,0.8421052631578947,52,1684,FAILURE,2061,25.0,15.0,0,3.525415699928999
2000,0.8421052631578947,53,1684,FAILURE,2056,26.0,16.0,0,3.5381244000745937
2000,0.8421052631578947,54,1684,FAILURE,2058,28.0,18.0,0,3.5536156999878585
2000,0.8421052631578947,55,1684,FAILURE,2085,29.0,19.0,0,3.519572200020775
2000,0.8421052631578947,56,1684,FAILURE,2045,28.0,18.0,0,3.5337389999767765
2000,0.8421052631578947,57,1684,FAILURE,2084,30.0,20.0,0,3.529304899973795
2000,0.8421052631578947,58,1684,FAILURE,2083,31.0,21.0,0,3.4874489000067115
2000,0.8421052631578947,59,1684,FAILURE,2063,28.0,18.0,0,3.6035192999988794
2000,0.8421052631578947,60,1684,FAILURE,2061,23.0,13.0,0,3.551696899929084
2000,0.8421052631578947,61,1684,FAILURE,2051,27.0,17.0,0,3.598702699993737
2000,0.8421052631578947,62,1684,FAILURE,2069,29.0,19.0,0,3.511528000002727
2000,0.8421052631578947,63,1684,FAILURE,2058,25.0,15.0,0,3.5100290999980643
2000,0.8421052631578947,64,1684,FAILURE,2070,26.0,16.0,0,3.5401743999682367
2000,0.8421052631578947,65,1684,FAILURE,2065,25.0,15.0,0,3.5530828000046313
2000,0.8421052631578947,66,1684,FAILURE,2049,22.0,12.0,0,3.5073510999791324
2000,0.8421052631578947,67,1684,FAILURE,2053,25.0,15.0,0,3.533174299984239
2000,0.8421052631578947,68,1684,FAILURE,2086,31.0,21.0,0,3.5098046999191865
2000,0.8421052631578947,69,1684,FAILURE,2041,24.0,14.0,0,3.6226261999690905
2000,0.8421052631578947,70,1684,FAILURE,2050,25.0,15.0,0,3.558525599888526
2000,0.8421052631578947,71,1684,FAILURE,2058,28.0,18.0,0,3.5788714999798685
2000,0.8421052631578947,72,1684,FAILURE,2045,26.0,16.0,0,3.4830424999818206
2000,0.8421052631578947,73,1684,FAILURE,2066,26.0,16.0,0,3.595134799950756
2000,0.8421052631578947,74,1684,FAILURE,2094,34.0,24.0,0,3.4714596000267193
2000,0.8421052631578947,75,1684,FAILURE,2064,27.0,17.0,0,3.54809420008678
2000,0.8421052631578947,76,1684,FAILURE,2049,30.0,20.0,0,3.499214299954474
2000,0.8421052631578947,77,1684,FAILURE,2062,27.0,17.0,0,3.588846799917519
2000,0.8421052631578947,78,1684,FAILURE,2071,27.0,17.0,0,3.545438800007105
2000,0.8421052631578947,79,1684,FAILURE,2059,25.0,15.0,0,3.54839309991803
2000,0.8421052631578947,80,1684,FAILURE,2083,27.0,17.0,0,3.535464199958369
2000,0.8421052631578947,81,1684,FAILURE,2080,29.0,19.0,0,3.5417046999791637
2000,0.8421052631578947,82,1684,FAILURE,2051,26.0,16.0,0,3.478645799914375
2000,0.8421052631578947,83,1684,FAILURE,2047,26.0,16.0,0,3.512652099947445
2000,0.8421052631578947,84,1684,FAILURE,2041,24.0,14.0,0,3.5532667000079527
2000,0.8421052631578947,85,1684,FAILURE,2071,27.0,17.0,0,3.5607636000495404
2000,0.8421052631578947,86,1684,FAILURE,2045,22.0,12.0,0,3.4868277999339625
2000,0.8421052631578947,87,1684,FAILURE,2064,27.0,17.0,0,3.5399089000420645
2000,0.8421052631578947,88,1684,FAILURE,2057,26.0,16.0,0,3.591826200019568
2000,0.8421052631578947,89,1684,FAILURE,2060,26.0,16.0,0,3.514049299992621
2000,0.8421052631578947,90,1684,FAILURE,2049,28.0,18.0,0,3.532160999951884
2000,0.8421052631578947,91,1684,FAILURE,2052,26.0,16.0,0,3.5060975999804214
2000,0.8421052631578947,92,1684,FAILURE,2047,26.0,16.0,0,3.5191810000687838
2000,0.8421052631578947,93,1684,FAILURE,2061,29.0,19.0,0,3.534819799941033
2000,0.8421052631578947,94,1684,FAILURE,2076,29.0,19.0,0,3.483179600094445
2000,0.8421052631578947,95,1684,FAILURE,2048,28.0,18.0,0,3.52932840003632
2000,0.8421052631578947,96,1684,FAILURE,2043,24.0,14.0,0,3.5340750999748707
2000,0.8421052631578947,97,1684,FAILURE,2061,27.0,17.0,0,3.5234848000109196
2000,0.8421052631578947,98,1684,FAILURE,2057,25.0,15.0,0,3.5544224000768736
2000,0.8421052631578947,99,1684,FAILURE,2085,31.0,21.0,0,3.4984566000057384
2000,0.894736842105263,0,1789,FAILURE,2065,29.0,19.0,0,3.575554999988526
2000,0.894736842105263,1,1789,FAILURE,2056,23.0,13.0,0,3.4882816000608727
2000,0.894736842105263,2,1789,FAILURE,2077,25.0,15.0,0,3.5548369999742135
2000,0.894736842105263,3,1789,FAILURE,2068,31.0,21.0,0,3.536508799996227
2000,0.894736842105263,4,1789,FAILURE,2062,25.0,15.0,0,3.5632963000098243
2000,0.894736842105263,5,1789,FAILURE,2060,30.0,20.0,0,3.5097963999724016
2000,0.894736842105263,6,1789,FAILURE,2108,37.0,27.0,0,3.635788799962029
2000,0.894736842105263,7,1789,FAILURE,2043,27.0,17.0,0,3.587714499910362
2000,0.894736842105263,8,1789,FAILURE,2065,25.0,15.0,0,3.5759078999981284
2000,0.894736842105263,9,1789,FAILURE,2092,31.0,21.0,0,3.45288590004202
2000,0.894736842105263,10,1789,FAILURE,2095,32.0,22.0,0,3.630885999999009
2000,0.894736842105263,11,1789,FAILURE,2069,26.0,16.0,0,3.6150141999823973
2000,0.894736842105263,12,1789,FAILURE,2084,29.0,19.0,0,3.557676099939272
2000,0.894736842105263,13,1789,FAILURE,2049,26.0,16.0,0,3.5060889000305906
2000,0.894736842105263,14,1789,FAILURE,2083,30.0,20.0,0,3.5810644000303
2000,0.894736842105263,15,1789,FAILURE,2069,26.0,16.0,0,3.5136053999885917
2000,0.894736842105263,16,1789,FAILURE,2070,28.0,18.0,0,3.5664061000570655
2000,0.894736842105263,17,1789,FAILURE,2056,24.0,14.0,0,3.5369878999190405
2000,0.894736842105263,18,1789,FAILURE,2057,26.0,16.0,0,3.5270637000212446
2000,0.894736842105263,19,1789,FAILURE,2064,28.0,18.0,0,3.499646499985829
2000,0.894736842105263,20,1789,FAILURE,2053,26.0,16.0,0,3.5419277999317273
2000,0.894736842105263,21,1789,FAILURE,2060,25.0,15.0,0,3.595164000056684
2000,0.894736842105263,22,1789,FAILURE,2059,26.0,16.0,0,3.4908670999575406
2000,0.894736842105263,23,1789,FAILURE,2073,23.0,13.0,0,3.565237700007856
2000,0.894736842105263,24,1789,FAILURE,2055,26.0,16.0,0,3.5800391999073327
2000,0.894736842105263,25,1789,FAILURE,2073,30.0,20.0,0,3.532937799929641
2000,0.894736842105263,26,1789,FAILURE,2066,25.0,15.0,0,3.513029500027187
2000,0.894736842105263,27,1789,FAILURE,2068,26.0,16.0,0,3.5705017000436783
2000,0.894736842105263,28,1789,FAILURE,2079,28.0,18.0,0,3.776036800001748
2000,0.894736842105263,29,1789,FAILURE,2068,26.0,16.0,0,3.5383336000377312
2000,0.894736842105263,30,1789,FAILURE,2069,26.0,16.0,0,3.5129050000105053
2000,0.894736842105263,31,1789,FAILURE,2089,31.0,21.0,0,3.4995650000637397
2000,0.894736842105263,32,1789,FAILURE,2071,25.0,15.0,0,3.5828630999894813
2000,0.894736842105263,33,1789,FAILURE,2061,26.0,16.0,0,3.53672839992214
2000,0.894736842105263,34,1789,FAILURE,2082,29.0,19.0,0,3.513701800024137
2000,0.894736842105263,35,1789,FAILURE,2077,28.0,18.0,0,3.5441227999981493
2000,0.894736842105263,36,1789,FAILURE,2071,28.0,18.0,0,3.5109277000883594
2000,0.894736842105263,37,1789,FAILURE,2052,25.0,15.0,0,3.5169192999601364
2000,0.894736842105263,38,1789,FAILURE,2065,25.0,15.0,0,3.5822949000867084
2000,0.894736842105263,39,1789,FAILURE,2097,29.0,19.0,0,3.568602600018494
2000,0.894736842105263,40,1789,FAILURE,4227,63.0,53.0,0,3.5464916999917477
2000,0.894736842105263,41,1789,FAILURE,2060,23.0,13.0,0,3.5429025000194088
2000,0.894736842105263,42,1789,FAILURE,2071,25.0,15.0,0,3.5989556000567973
2000,0.894736842105263,43,1789,FAILURE,2057,26.0,16.0,0,3.529175400035456
2000,0.894736842105263,44,1789,FAILURE,2050,23.0,13.0,0,3.589130699983798
2000,0.894736842105263,45,1789,FAILURE,2059,28.0,18.0,0,3.550942500005476
2000,0.894736842105263,46,1789,FAILURE,2067,26.0,16.0,0,3.5465191999683157
2000,0.894736842105263,47,1789,FAILURE,2072,25.0,15.0,0,3.5205625999951735
2000,0.894736842105263,48,1789,FAILURE,2074,33.0,23.0,0,3.539373999927193
2000,0.894736842105263,49,1789,FAILURE,2063,27.0,17.0,0,3.555063599953428
2000,0.894736842105263,50,1789,FAILURE,4175,59.0,49.0,0,3.5017495999345556
2000,0.894736842105263,51,1789,FAILURE,2096,30.0,20.0,0,3.5715987998992205
2000,0.894736842105263,52,1789,FAILURE,2069,25.0,15.0,0,3.508540700073354
2000,0.894736842105263,53,1789,FAILURE,2080,26.0,16.0,0,3.5742677999660373
2000,0.894736842105263,54,1789,FAILURE,2070,28.0,18.0,0,3.545163100003265
2000,0.894736842105263,55,1789,FAILURE,2087,29.0,19.0,0,3.56501170003321
2000,0.894736842105263,56,1789,FAILURE,2046,26.0,16.0,0,3.491543799987994
2000,0.894736842105263,57,1789,FAILURE,2083,27.0,17.0,0,3.544009399949573
2000,0.894736842105263,58,1789,FAILURE,2097,30.0,20.0,0,3.502262599999085
2000,0.894736842105263,59,1789,FAILURE,2053,28.0,18.0,0,3.5788840000750497
2000,0.894736842105263,60,1789,FAILURE,2072,25.0,15.0,0,3.6073936000466347
2000,0.894736842105263,61,1789,FAILURE,2059,26.0,16.0,0,3.562798700062558
2000,0.894736842105263,62,1789,FAILURE,2075,27.0,17.0,0,3.513688600040041
2000,0.894736842105263,63,1789,FAILURE,2069,25.0,15.0,0,3.564024700084701
2000,0.894736842105263,64,1789,FAILURE,2092,27.0,17.0,0,3.4733126000501215
2000,0.894736842105263,65,1789,FAILURE,2076,25.0,15.0,0,3.536807799944654
2000,0.894736842105263,66,1789,FAILURE,2054,22.0,12.0,0,3.4977960999822244
2000,0.894736842105263,67,1789,FAILURE,2071,25.0,15.0,0,3.5870986999943852
2000,0.894736842105263,68,1789,FAILURE,2092,30.0,20.0,0,3.525679500075057
2000,0.894736842105263,69,1789,FAILURE,2049,23.0,13.0,0,3.556924800039269
2000,0.894736842105263,70,1789,FAILURE,2086,31.0,21.0,0,3.5342485000146553
2000,0.894736842105263,71,1789,FAILURE,2081,27.0,17.0,0,3.5747080000583082
2000,0.894736842105263,72,1789,FAILURE,2051,26.0,16.0,0,3.508634499972686
2000,0.894736842105263,73,1789,FAILURE,2078,26.0,16.0,0,3.6337199999252334
2000,0.894736842105263,74,1789,FAILURE,2086,33.0,23.0,0,3.4717523000435904
2000,0.894736842105263,75,1789,FAILURE,2077,32.0,22.0,0,3.562927299994044
2000,0.894736842105263,76,1789,FAILURE,2058,30.0,20.0,0,3.5104792999336496
2000,0.894736842105263,77,1789,FAILURE,2070,26.0,16.0,0,3.64194820006378
2000,0.894736842105263,78,1789,FAILURE,2100,27.0,17.0,0,3.5856784000061452
2000,0.894736842105263,79,1789,FAILURE,2071,26.0,16.0,0,3.6510443000588566
2000,0.894736842105263,80,1789,FAILURE,2095,27.0,17.0,0,3.4989889999851584
2000,0.894736842105263,81,1789,FAILURE,2096,29.0,19.0,0,3.5872795999748632
2000,0.894736842105263,82,1789,FAILURE,2053,24.0,14.0,0,3.526798600098118
2000,0.894736842105263,83,1789,FAILURE,2067,25.0,15.0,0,3.5611276000272483
2000,0.894736842105263,84,1789,FAILURE,2053,25.0,15.0,0,3.4437696000095457
2000,0.894736842105263,85,1789,FAILURE,2091,29.0,19.0,0,3.5727075999602675
2000,0.894736842105263,86,1789,FAILURE,2057,23.0,13.0,0,3.489659700077027
2000,0.894736842105263,87,1789,FAILURE,2071,27.0,17.0,0,3.614385300083086
2000,0.894736842105263,88,1789,FAILURE,2091,28.0,18.0,0,3.5621291999705136
2000,0.894736842105263,89,1789,FAILURE,2076,26.0,16.0,0,3.5526638000737876
2000,0.894736842105263,90,1789,FAILURE,2080,28.0,18.0,0,3.5100625000195578
2000,0.894736842105263,91,1789,FAILURE,2061,27.0,17.0,0,3.6589442999102175
2000,0.894736842105263,92,1789,FAILURE,2056,26.0,16.0,0,3.529593100072816
2000,0.894736842105263,93,1789,FAILURE,2072,30.0,20.0,0,3.569048700039275
2000,0.894736842105263,94,1789,FAILURE,2101,34.0,24.0,0,3.675834199995734
2000,0.894736842105263,95,1789,FAILURE,2083,26.0,16.0,0,3.650870200013742
2000,0.894736842105263,96,1789,FAILURE,2063,28.0,18.0,0,3.8540954999625683
2000,0.894736842105263,97,1789,FAILURE,2075,27.0,17.0,0,3.768214900046587
2000,0.894736842105263,98,1789,FAILURE,2082,28.0,18.0,0,3.4561430000467226
2000,0.894736842105263,99,1789,FAILURE,2072,26.0,16.0,0,3.6264824999962
2000,0.9473684210526315,0,1895,FAILURE,2057,25.0,15.0,0,3.529134299955331
2000,0.9473684210526315,1,1895,FAILURE,2075,28.0,18.0,0,3.5844578000251204
2000,0.9473684210526315,2,1895,FAILURE,2081,25.0,15.0,0,3.439321499899961
2000,0.9473684210526315,3,1895,FAILURE,2091,31.0,21.0,0,3.667148599983193
2000,0.9473684210526315,4,1895,FAILURE,2085,25.0,15.0,0,3.4978314000181854
2000,0.9473684210526315,5,1895,FAILURE,2086,30.0,20.0,0,3.587640800047666
2000,0.9473684210526315,6,1895,FAILURE,2120,37.0,27.0,0,3.5014868000289425
2000,0.9473684210526315,7,1895,FAILURE,2045,24.0,14.0,0,3.577229200047441
2000,0.9473684210526315,8,1895,FAILURE,2078,25.0,15.0,0,3.4747208999469876
2000,0.9473684210526315,9,1895,FAILURE,2114,29.0,19.0,0,3.5463907999219373
2000,0.9473684210526315,10,1895,FAILURE,2084,23.0,13.0,0,3.4250931999413297
2000,0.9473684210526315,11,1895,FAILURE,2074,25.0,15.0,0,3.619072400033474
2000,0.9473684210526315,12,1895,FAILURE,2090,29.0,19.0,0,3.5016352999955416
2000,0.9473684210526315,13,1895,FAILURE,2063,26.0,16.0,0,3.566016700002365
2000,0.9473684210526315,14,1895,FAILURE,2097,29.0,19.0,0,3.6620601000031456
2000,0.9473684210526315,15,1895,FAILURE,2089,26.0,16.0,0,3.5704559000441805
2000,0.9473684210526315,16,1895,FAILURE,2078,28.0,18.0,0,3.7951625999994576
2000,0.9473684210526315,17,1895,FAILURE,2092,28.0,18.0,0,3.7579501998843625
2000,0.9473684210526315,18,1895,FAILURE,2057,26.0,16.0,0,3.443534800084308
2000,0.9473684210526315,19,1895,FAILURE,2093,29.0,19.0,0,3.553948099957779
2000,0.9473684210526315,20,1895,FAILURE,2058,26.0,16.0,0,3.5527432000963017
2000,0.9473684210526315,21,1895,FAILURE,2080,26.0,16.0,0,3.5619761999696493
2000,0.9473684210526315,22,1895,FAILURE,2056,25.0,15.0,0,3.4964949999703094
2000,0.9473684210526315,23,1895,FAILURE,2089,25.0,15.0,0,3.635890399920754
2000,0.9473684210526315,24,1895,FAILURE,2084,25.0,15.0,0,3.504158499999903
2000,0.9473684210526315,25,1895,FAILURE,2097,29.0,19.0,0,3.5751415999839082
2000,0.9473684210526315,26,1895,FAILURE,2094,27.0,17.0,0,3.4796010999707505
2000,0.9473684210526315,27,1895,FAILURE,2063,26.0,16.0,0,3.586021399940364
2000,0.9473684210526315,28,1895,FAILURE,2077,29.0,19.0,0,3.4826913999859244
2000,0.9473684210526315,29,1895,FAILURE,2092,26.0,16.0,0,3.599702600040473
2000,0.9473684210526315,30,1895,FAILURE,2092,28.0,18.0,0,3.4660411999793723
2000,0.9473684210526315,31,1895,FAILURE,2097,31.0,21.0,0,3.587200100068003
2000,0.9473684210526315,32,1895,FAILURE,2075,25.0,15.0,0,3.6153570999158546
2000,0.9473684210526315,33,1895,FAILURE,2074,25.0,15.0,0,3.554092300008051
2000,0.9473684210526315,34,1895,FAILURE,2092,29.0,19.0,0,3.429145099944435
2000,0.9473684210526315,35,1895,FAILURE,2094,29.0,19.0,0,3.5792066999711096
2000,0.9473684210526315,36,1895,FAILURE,2073,26.0,16.0,0,3.4607292000437155
2000,0.9473684210526315,37,1895,FAILURE,2076,26.0,16.0,0,3.615267299930565
2000,0.9473684210526315,38,1895,FAILURE,2085,24.0,14.0,0,3.523979700054042
2000,0.9473684210526315,39,1895,FAILURE,2089,26.0,16.0,0,3.582778099924326
2000,0.9473684210526315,40,1895,FAILURE,2087,27.0,17.0,0,3.490026600076817
2000,0.9473684210526315,41,1895,FAILURE,2071,30.0,20.0,0,3.6108651999384165
2000,0.9473684210526315,42,1895,FAILURE,2076,24.0,14.0,0,3.4990543999010697
2000,0.9473684210526315,43,1895,FAILURE,2127,35.0,25.0,0,3.6046883000526577
2000,0.9473684210526315,44,1895,FAILURE,2057,24.0,14.0,0,3.5677823999430984
2000,0.9473684210526315,45,1895,FAILURE,2073,27.0,17.0,0,3.58806709991768
2000,0.9473684210526315,46,1895,FAILURE,2074,26.0,16.0,0,3.49759229994379
2000,0.9473684210526315,47,1895,FAILURE,2087,26.0,16.0,0,3.6075212999712676
2000,0.9473684210526315,48,1895,FAILURE,2091,33.0,23.0,0,3.528768799966201
2000,0.9473684210526315,49,1895,FAILURE,2067,26.0,16.0,0,3.6052991000469774
2000,0.9473684210526315,50,1895,FAILURE,2090,26.0,16.0,0,3.6170464999740943
2000,0.9473684210526315,51,1895,FAILURE,2095,30.0,20.0,0,3.5983721000375226
2000,0.9473684210526315,52,1895,FAILURE,2083,24.0,14.0,0,3.6250682999379933
2000,0.9473684210526315,53,1895,FAILURE,2101,29.0,19.0,0,3.7604204000672325
2000,0.9473684210526315,54,1895,FAILURE,2070,30.0,20.0,0,3.737132499925792
2000,0.9473684210526315,55,1895,FAILURE,2080,28.0,18.0,0,3.646099300007336
2000,0.9473684210526315,56,1895,FAILURE,2061,25.0,15.0,0,3.5835030000889674
2000,0.9473684210526315,57,1895,FAILURE,2144,36.0,26.0,0,3.7083316000644118
2000,0.9473684210526315,58,1895,FAILURE,2102,30.0,20.0,0,3.6464149000821635
2000,0.9473684210526315,59,1895,FAILURE,2048,25.0,15.0,0,3.618349299998954
2000,0.9473684210526315,60,1895,FAILURE,2083,24.0,14.0,0,3.581272099982016
2000,0.9473684210526315,61,1895,FAILURE,2076,26.0,16.0,0,4.17780770000536
2000,0.9473684210526315,62,1895,FAILURE,2102,28.0,18.0,0,3.9063668000744656
2000,0.9473684210526315,63,1895,FAILURE,2080,24.0,14.0,0,3.83956649992615
2000,0.9473684210526315,64,1895,FAILURE,2103,27.0,17.0,0,3.6966251000994816
2000,0.9473684210526315,65,1895,FAILURE,2094,25.0,15.0,0,3.884421500028111
2000,0.9473684210526315,66,1895,FAILURE,2066,21.0,11.0,0,4.03184490010608
2000,0.9473684210526315,67,1895,FAILURE,2104,29.0,19.0,0,3.929233600036241
2000,0.9473684210526315,68,1895,FAILURE,2084,27.0,17.0,0,4.120316799962893
2000,0.9473684210526315,69,1895,FAILURE,2075,24.0,14.0,0,3.8479316000593826
2000,0.9473684210526315,70,1895,FAILURE,2105,29.0,19.0,0,3.6400658999336883
2000,0.9473684210526315,71,1895,FAILURE,2085,27.0,17.0,0,3.561072999960743
2000,0.9473684210526315,72,1895,FAILURE,2076,28.0,18.0,0,3.518381900037639
2000,0.9473684210526315,73,1895,FAILURE,2078,27.0,17.0,0,3.6531717000762
2000,0.9473684210526315,74,1895,FAILURE,2095,33.0,23.0,0,3.6066017999546602
2000,0.9473684210526315,75,1895,FAILURE,2084,32.0,22.0,0,3.5678002999629825
2000,0.9473684210526315,76,1895,FAILURE,2076,29.0,19.0,0,3.4907246000366285
2000,0.9473684210526315,77,1895,FAILURE,2075,27.0,17.0,0,3.705393399926834
2000,0.9473684210526315,78,1895,FAILURE,2094,25.0,15.0,0,3.7716280000749975
2000,0.9473684210526315,79,1895,FAILURE,2087,24.0,14.0,0,3.848221799940802
2000,0.9473684210526315,80,1895,FAILURE,2115,27.0,17.0,0,4.304683999973349
2000,0.9473684210526315,81,1895,FAILURE,2147,36.0,26.0,0,4.318563399952836
2000,0.9473684210526315,82,1895,FAILURE,2061,24.0,14.0,0,4.131352299940772
2000,0.9473684210526315,83,1895,FAILURE,2065,24.0,14.0,0,3.7321308000246063
2000,0.9473684210526315,84,1895,FAILURE,2064,24.0,14.0,0,3.75216170004569
2000,0.9473684210526315,85,1895,FAILURE,2101,29.0,19.0,0,3.9523067000554875
2000,0.9473684210526315,86,1895,FAILURE,2067,23.0,13.0,0,3.6383285999763757
2000,0.9473684210526315,87,1895,FAILURE,2081,24.0,14.0,0,3.7425044999690726
2000,0.9473684210526315,88,1895,FAILURE,2094,29.0,19.0,0,3.6320200000191107
2000,0.9473684210526315,89,1895,FAILURE,2101,32.0,22.0,0,3.724716500029899
2000,0.9473684210526315,90,1895,FAILURE,2092,28.0,18.0,0,3.5887314999708906
2000,0.9473684210526315,91,1895,FAILURE,2079,27.0,17.0,0,4.003774599987082
2000,0.9473684210526315,92,1895,FAILURE,2074,27.0,17.0,0,3.7131512999767438
2000,0.9473684210526315,93,1895,FAILURE,2087,29.0,19.0,0,3.635766900028102
2000,0.9473684210526315,94,1895,FAILURE,4267,57.0,47.0,0,3.6113733000820503
2000,0.9473684210526315,95,1895,FAILURE,2100,26.0,16.0,0,3.647234100033529
2000,0.9473684210526315,96,1895,FAILURE,2081,26.0,16.0,0,3.494805800030008
2000,0.9473684210526315,97,1895,FAILURE,2090,26.0,16.0,0,3.5455137999961153
2000,0.9473684210526315,98,1895,FAILURE,2089,26.0,16.0,0,3.509473100071773
2000,0.9473684210526315,99,1895,FAILURE,2086,25.0,15.0,0,3.5966188999591395
2000,1.0,0,2000,FAILURE,2076,24.0,14.0,0,3.4794526998884976
2000,1.0,1,2000,FAILURE,2090,28.0,18.0,0,3.6300655999220908
2000,1.0,2,2000,FAILURE,2090,25.0,15.0,0,3.744546200032346
2000,1.0,3,2000,FAILURE,2091,30.0,20.0,0,3.705751799978316
2000,1.0,4,2000,FAILURE,2091,28.0,18.0,0,3.501412700046785
2000,1.0,5,2000,FAILURE,2087,27.0,17.0,0,3.5782429999671876
2000,1.0,6,2000,FAILURE,4294,59.0,49.0,0,3.7165617999853566
2000,1.0,7,2000,FAILURE,2076,26.0,16.0,0,3.6342583000659943
2000,1.0,8,2000,FAILURE,2099,25.0,15.0,0,3.553950799978338
2000,1.0,9,2000,FAILURE,2123,29.0,19.0,0,3.6825279999757186
2000,1.0,10,2000,FAILURE,2089,23.0,13.0,0,3.611454900004901
2000,1.0,11,2000,FAILURE,2092,25.0,15.0,0,3.674384400015697
2000,1.0,12,2000,FAILURE,2109,28.0,18.0,0,3.5149579000426456
2000,1.0,13,2000,FAILURE,2088,27.0,17.0,0,3.7154355000238866
2000,1.0,14,2000,FAILURE,2108,30.0,20.0,0,3.5527838999405503
2000,1.0,15,2000,FAILURE,2105,29.0,19.0,0,3.585304299951531
2000,1.0,16,2000,FAILURE,2084,25.0,15.0,0,3.52906339999754
2000,1.0,17,2000,FAILURE,2103,22.0,12.0,0,3.579630200052634
2000,1.0,18,2000,FAILURE,2087,26.0,16.0,0,3.551089399959892
2000,1.0,19,2000,FAILURE,2105,28.0,18.0,0,3.629191500018351
2000,1.0,20,2000,FAILURE,2094,28.0,18.0,0,3.553459499962628
2000,1.0,21,2000,FAILURE,2077,24.0,14.0,0,3.5710915999952704
2000,1.0,22,2000,FAILURE,2063,25.0,15.0,0,3.5285995999583974
2000,1.0,23,2000,FAILURE,2103,25.0,15.0,0,3.563106599962339
2000,1.0,24,2000,FAILURE,2099,25.0,15.0,0,3.499595900066197
2000,1.0,25,2000,FAILURE,2105,29.0,19.0,0,3.572452599997632
2000,1.0,26,2000,FAILURE,2111,27.0,17.0,0,3.514662000001408
2000,1.0,27,2000,FAILURE,2087,28.0,18.0,0,3.6340303999604657
2000,1.0,28,2000,FAILURE,2096,31.0,21.0,0,3.498056499985978
2000,1.0,29,2000,FAILURE,2108,29.0,19.0,0,3.656317999935709
2000,1.0,30,2000,FAILURE,2105,30.0,20.0,0,3.487481000018306
2000,1.0,31,2000,FAILURE,2090,27.0,17.0,0,3.660242199897766
2000,1.0,32,2000,FAILURE,2089,25.0,15.0,0,3.4812266000080854
2000,1.0,33,2000,FAILURE,2096,27.0,17.0,0,3.611697999993339
2000,1.0,34,2000,FAILURE,2101,25.0,15.0,0,3.51231869996991
2000,1.0,35,2000,FAILURE,2101,28.0,18.0,0,3.5367295999312773
2000,1.0,36,2000,FAILURE,2084,26.0,16.0,0,3.490729600074701
2000,1.0,37,2000,FAILURE,2091,25.0,15.0,0,3.653061799937859
2000,1.0,38,2000,FAILURE,2102,24.0,14.0,0,3.5020695000421256
2000,1.0,39,2000,FAILURE,2086,25.0,15.0,0,3.6572507999371737
2000,1.0,40,2000,FAILURE,2079,25.0,15.0,0,3.561688799993135
2000,1.0,41,2000,FAILURE,2089,30.0,20.0,0,3.620082499925047
2000,1.0,42,2000,FAILURE,2084,24.0,14.0,0,3.5489259000169113
2000,1.0,43,2000,FAILURE,2125,31.0,21.0,0,3.707301100017503
2000,1.0,44,2000,FAILURE,2081,24.0,14.0,0,3.5658563000615686
2000,1.0,45,2000,FAILURE,2079,25.0,15.0,0,3.757460799999535
2000,1.0,46,2000,FAILURE,2091,25.0,15.0,0,3.7321800000499934
2000,1.0,47,2000,FAILURE,2092,29.0,19.0,0,3.6425603999523446
2000,1.0,48,2000,FAILURE,2105,33.0,23.0,0,3.554857400013134
2000,1.0,49,2000,FAILURE,2077,25.0,15.0,0,3.7187465999741107
2000,1.0,50,2000,FAILURE,2107,26.0,16.0,0,3.536116400035098
2000,1.0,51,2000,FAILURE,2114,29.0,19.0,0,3.5741566999349743
2000,1.0,52,2000,FAILURE,2119,26.0,16.0,0,3.6218952999915928
2000,1.0,53,2000,FAILURE,2124,28.0,18.0,0,3.6123024000553414
2000,1.0,54,2000,FAILURE,2079,27.0,17.0,0,3.5221932000713423
2000,1.0,55,2000,FAILURE,2084,28.0,18.0,0,3.679254300077446
2000,1.0,56,2000,FAILURE,2081,26.0,16.0,0,3.5389852999942377
2000,1.0,57,2000,FAILURE,2146,36.0,26.0,0,3.5603043000446633
2000,1.0,58,2000,FAILURE,2113,30.0,20.0,0,3.5792791000567377
2000,1.0,59,2000,FAILURE,2062,23.0,13.0,0,3.660834699985571
2000,1.0,60,2000,FAILURE,2101,25.0,15.0,0,3.604613400064409
2000,1.0,61,2000,FAILURE,2073,25.0,15.0,0,3.659553900011815
2000,1.0,62,2000,FAILURE,2123,29.0,19.0,0,3.5561545999953523
2000,1.0,63,2000,FAILURE,2103,28.0,18.0,0,3.6677338998997584
2000,1.0,64,2000,FAILURE,2079,26.0,16.0,0,3.523817399982363
2000,1.0,65,2000,FAILURE,2094,25.0,15.0,0,3.580456600058824
2000,1.0,66,2000,FAILURE,2083,22.0,12.0,0,3.5170993000501767
2000,1.0,67,2000,FAILURE,2109,29.0,19.0,0,3.5635416000150144
2000,1.0,68,2000,FAILURE,2089,26.0,16.0,0,3.511779599939473
2000,1.0,69,2000,FAILURE,2098,24.0,14.0,0,3.615972099942155
2000,1.0,70,2000,FAILURE,2093,24.0,14.0,0,3.502792999963276
2000,1.0,71,2000,FAILURE,2101,27.0,17.0,0,3.5861735999351367
2000,1.0,72,2000,FAILURE,2108,28.0,18.0,0,3.4702627999940887
2000,1.0,73,2000,FAILURE,2102,27.0,17.0,0,3.7794470000080764
2000,1.0,74,2000,FAILURE,2102,30.0,20.0,0,3.5165336000500247
2000,1.0,75,2000,FAILURE,2094,26.0,16.0,0,3.5750871000345796
2000,1.0,76,2000,FAILURE,2091,31.0,21.0,0,3.5314019999932498
2000,1.0,77,2000,FAILURE,2088,28.0,18.0,0,3.581088999984786
2000,1.0,78,2000,FAILURE,2105,25.0,15.0,0,3.4985221000388265
2000,1.0,79,2000,FAILURE,2084,24.0,14.0,0,3.5617470999713987
2000,1.0,80,2000,FAILURE,2177,37.0,27.0,0,3.5000758999958634
2000,1.0,81,2000,FAILURE,2134,29.0,19.0,0,3.599055099999532
2000,1.0,82,2000,FAILURE,2076,24.0,14.0,0,3.4969215999590233
2000,1.0,83,2000,FAILURE,2072,24.0,14.0,0,3.622224999940954
2000,1.0,84,2000,FAILURE,2086,26.0,16.0,0,3.5172729999758303
2000,1.0,85,2000,FAILURE,2112,28.0,18.0,0,3.56498680007644
2000,1.0,86,2000,FAILURE,2079,23.0,13.0,0,3.5242608999833465
2000,1.0,87,2000,FAILURE,2099,28.0,18.0,0,3.558578799944371
2000,1.0,88,2000,FAILURE,2108,26.0,16.0,0,3.436608999967575
2000,1.0,89,2000,FAILURE,2095,26.0,16.0,0,3.5836015000240877
2000,1.0,90,2000,FAILURE,2098,27.0,17.0,0,3.4964920000638813
2000,1.0,91,2000,FAILURE,2102,28.0,18.0,0,3.6338632999686524
2000,1.0,92,2000,FAILURE,2075,26.0,16.0,0,3.547532399999909
2000,1.0,93,2000,FAILURE,2104,27.0,17.0,0,3.6552933000493795
2000,1.0,94,2000,FAILURE,2116,29.0,19.0,0,3.554693099926226
2000,1.0,95,2000,FAILURE,2134,34.0,24.0,0,3.5942409000126645
2000,1.0,96,2000,FAILURE,2093,26.0,16.0,0,3.4929577000439167
2000,1.0,97,2000,FAILURE,2107,29.0,19.0,0,3.593673299998045
2000,1.0,98,2000,FAILURE,2095,27.0,17.0,0,3.5562590000918135
2000,1.0,99,2000,FAILURE,2092,25.0,15.0,0,3.604687200044282
